{"loss": [0.0031992709264159203, 0.0023886621929705143, 0.002192659070715308, 0.002131260698661208, 0.0020994392689317465, 0.0020738125313073397, 0.002057434292510152, 0.0020515182986855507, 0.0020444062538444996, 0.0020335884764790535, 0.00203334609977901, 0.0020244379993528128, 0.002020876156166196, 0.0020074846688658, 0.001996552338823676, 0.0019951118156313896, 0.001991487806662917, 0.001980036497116089, 0.0019776951521635056, 0.0019829857628792524, 0.001967694377526641, 0.0019507409306243062], "mse": [0.0031992709264159203, 0.0023886621929705143, 0.002192659070715308, 0.002131260698661208, 0.0020994392689317465, 0.0020738125313073397, 0.002057434292510152, 0.0020515182986855507, 0.0020444062538444996, 0.0020335884764790535, 0.00203334609977901, 0.0020244379993528128, 0.002020876156166196, 0.0020074846688658, 0.001996552338823676, 0.0019951118156313896, 0.001991487806662917, 0.001980036497116089, 0.0019776951521635056, 0.0019829857628792524, 0.001967694377526641, 0.0019507409306243062], "val_loss": [0.002907118294388056, 0.002703216625377536, 0.0024923630990087986, 0.0024686474353075027, 0.0024426535237580538, 0.0024210556875914335, 0.0023930093739181757, 0.0023910810705274343, 0.0023875015322118998, 0.0023860817309468985, 0.0024982921313494444, 0.002378083998337388, 0.0024346134159713984, 0.002399409655481577, 0.00245243264362216, 0.0023891828022897243, 0.0024217816535383463, 0.002397391479462385, 0.0023791855201125145, 0.002424708567559719, 0.002417786745354533, 0.0024648536927998066], "val_mse": [0.002907118294388056, 0.002703216625377536, 0.0024923630990087986, 0.0024686474353075027, 0.0024426535237580538, 0.0024210556875914335, 0.0023930093739181757, 0.0023910810705274343, 0.0023875015322118998, 0.0023860817309468985, 0.0024982921313494444, 0.002378083998337388, 0.0024346134159713984, 0.002399409655481577, 0.00245243264362216, 0.0023891828022897243, 0.0024217816535383463, 0.002397391479462385, 0.0023791855201125145, 0.002424708567559719, 0.002417786745354533, 0.0024648536927998066]}