{"loss": [0.0013906173408031464, 0.00025736168026924133, 9.263490937883034e-05, 6.238617061171681e-05, 4.876052844338119e-05, 4.271046782378107e-05, 3.8613241486018524e-05, 3.4641743695829064e-05, 3.208180351066403e-05, 3.0647304811282083e-05, 2.8400721930665895e-05, 2.944626430689823e-05, 2.6090392566402443e-05, 2.57450265053194e-05, 2.4724824470467865e-05, 2.4365181161556393e-05, 2.4242453946499154e-05, 2.2933088985155337e-05, 2.4213653887272812e-05, 2.1386002117651515e-05, 2.0308692910475656e-05, 1.9909190086764283e-05, 1.8858147086575627e-05, 1.8318229194846936e-05, 2.0730602045659907e-05, 2.1987621948937885e-05, 1.843222889874596e-05, 1.7063726772903465e-05, 2.2109641577117145e-05, 1.7225540432264097e-05, 1.6214098650380038e-05, 1.758295184117742e-05, 1.73020289366832e-05, 1.6795585906947963e-05, 1.6658532331348397e-05, 1.7350863345200196e-05, 1.5283783795894124e-05, 2.124470665876288e-05, 1.68188435054617e-05, 1.4873669897497166e-05, 1.620577313588001e-05, 1.53196815517731e-05, 1.638288813410327e-05, 1.670332858338952e-05, 1.4717177691636607e-05, 1.4751138223800808e-05, 1.4574866327166092e-05, 1.5080349839990959e-05, 1.422368768544402e-05, 1.4216016097634565e-05, 1.4818218915024772e-05, 1.5162680938374251e-05], "mse": [0.0013906173408031464, 0.00025736168026924133, 9.263490937883034e-05, 6.238617061171681e-05, 4.876052844338119e-05, 4.271046782378107e-05, 3.8613241486018524e-05, 3.4641743695829064e-05, 3.208180351066403e-05, 3.064730844926089e-05, 2.8400721930665895e-05, 2.944626430689823e-05, 2.6090392566402443e-05, 2.57450265053194e-05, 2.4724824470467865e-05, 2.4365181161556393e-05, 2.4242453946499154e-05, 2.2933088985155337e-05, 2.4213653887272812e-05, 2.1386002117651515e-05, 2.0308692910475656e-05, 1.9909190086764283e-05, 1.8858147086575627e-05, 1.8318229194846936e-05, 2.0730602045659907e-05, 2.1987621948937885e-05, 1.843222889874596e-05, 1.7063726772903465e-05, 2.2109641577117145e-05, 1.7225540432264097e-05, 1.6214098650380038e-05, 1.758295184117742e-05, 1.73020289366832e-05, 1.6795585906947963e-05, 1.6658532331348397e-05, 1.7350863345200196e-05, 1.5283783795894124e-05, 2.1244708477752283e-05, 1.68188435054617e-05, 1.4873669897497166e-05, 1.620577313588001e-05, 1.5319683370762505e-05, 1.638288813410327e-05, 1.670332858338952e-05, 1.4717177691636607e-05, 1.475113913329551e-05, 1.4574866327166092e-05, 1.5080349839990959e-05, 1.422368768544402e-05, 1.4216016097634565e-05, 1.4818218915024772e-05, 1.5162680938374251e-05], "val_loss": [0.0005514980293810368, 0.00010980445222230628, 6.840580317657441e-05, 6.450166256399825e-05, 4.2357161873951554e-05, 4.0927756344899535e-05, 3.5762299376074225e-05, 3.628072590800002e-05, 2.96263606287539e-05, 3.17913836624939e-05, 3.60628982889466e-05, 2.676478834473528e-05, 2.523548209865112e-05, 3.049588849535212e-05, 2.529093762859702e-05, 2.4777948055998422e-05, 2.5994244424509816e-05, 2.3961134502314962e-05, 2.5064260626095347e-05, 2.2927388272364624e-05, 2.7230045816395432e-05, 2.2693348000757396e-05, 2.237887747469358e-05, 2.3007109120953828e-05, 3.097626904491335e-05, 2.1593672499875538e-05, 2.1145944629097357e-05, 2.2305592210614122e-05, 2.3244580006576143e-05, 2.252560807392001e-05, 2.3510248865932226e-05, 2.1219428163021803e-05, 2.130516804754734e-05, 2.1512438252102584e-05, 2.1784260752610862e-05, 2.0470961317187175e-05, 2.6152059945161454e-05, 2.255909566883929e-05, 2.5271590857300907e-05, 1.9448452803771943e-05, 2.0692892576334998e-05, 1.92244588106405e-05, 2.1705425751861185e-05, 1.982267713174224e-05, 2.0379868146847002e-05, 2.5825058401096612e-05, 1.9561066437745467e-05, 1.9944303858210333e-05, 1.951215381268412e-05, 2.103053338942118e-05, 2.0159677660558373e-05, 2.0026112906634808e-05], "val_mse": [0.0005514980293810368, 0.00010980445222230628, 6.840580317657441e-05, 6.450166256399825e-05, 4.2357161873951554e-05, 4.0927756344899535e-05, 3.576229573809542e-05, 3.628072590800002e-05, 2.96263606287539e-05, 3.17913836624939e-05, 3.60628982889466e-05, 2.676478834473528e-05, 2.523548209865112e-05, 3.049588849535212e-05, 2.529093762859702e-05, 2.4777948055998422e-05, 2.5994249881478027e-05, 2.3961134502314962e-05, 2.5064260626095347e-05, 2.2927388272364624e-05, 2.7230045816395432e-05, 2.2693348000757396e-05, 2.237887747469358e-05, 2.3007109120953828e-05, 3.097626904491335e-05, 2.1593672499875538e-05, 2.1145944629097357e-05, 2.2305592210614122e-05, 2.3244580006576143e-05, 2.252560807392001e-05, 2.3510248865932226e-05, 2.1219428163021803e-05, 2.130516804754734e-05, 2.1512438252102584e-05, 2.1784260752610862e-05, 2.0470961317187175e-05, 2.6152059945161454e-05, 2.255909566883929e-05, 2.5271590857300907e-05, 1.9448452803771943e-05, 2.0692892576334998e-05, 1.92244588106405e-05, 2.1705425751861185e-05, 1.982267713174224e-05, 2.0379868146847002e-05, 2.5825058401096612e-05, 1.9561066437745467e-05, 1.9944303858210333e-05, 1.951215381268412e-05, 2.103053338942118e-05, 2.015968129853718e-05, 2.0026112906634808e-05]}