{"loss": [0.002247584518045187, 0.001896917587146163, 0.0016099760541692376, 0.0013425253564491868, 0.001087568118236959, 0.000858534884173423, 0.0006923803011886775, 0.0005512729985639453, 0.00045380654046311975, 0.0003752216580323875, 0.0003308650339022279, 0.0002891453623306006, 0.00025214144261553884, 0.00022343189630191773, 0.0002281989436596632, 0.00020144970039837062, 0.0001832906564231962, 0.0001780432794475928, 0.00017150996427517384, 0.00016667907766532153, 0.00015402043936774135, 0.00014823817764408886, 0.00014835181355010718, 0.00014579879643861204, 0.000144355115480721, 0.00013938455958850682, 0.0001356519351247698, 0.0001278935233131051, 0.0001228783803526312, 0.00012155110016465187, 0.00012715703633148223, 0.0001259332784684375, 0.00012263073585927486, 0.0001093968894565478, 0.00010393261618446559, 0.00010521290823817253, 0.00010381020547356457, 0.00010664072760846466, 0.00010781055607367307, 0.00010709359776228666, 9.841811697697267e-05, 9.54260685830377e-05, 9.765077265910804e-05, 9.372066415380687e-05, 9.372680506203324e-05, 9.242193482350558e-05, 8.730300760362297e-05, 8.790842548478395e-05, 8.519228140357882e-05, 8.39771528262645e-05, 8.286346565000713e-05, 8.196404814952984e-05, 8.466211147606373e-05, 8.231813262682408e-05, 8.247443474829197e-05, 7.657927926629782e-05, 7.288578490260988e-05, 7.661888957954943e-05, 7.929682760732248e-05, 7.756489503663033e-05, 7.438946340698749e-05, 7.056198955979198e-05, 6.926869536982849e-05, 6.716456118738279e-05, 6.539564492413774e-05, 6.640212086495012e-05, 6.524341006297618e-05, 6.164813385112211e-05], "mse": [0.002247584518045187, 0.0018969174707308412, 0.0016099760541692376, 0.0013425253564491868, 0.001087568118236959, 0.000858534884173423, 0.0006923803011886775, 0.0005512729985639453, 0.00045380654046311975, 0.0003752216580323875, 0.0003308650339022279, 0.0002891453623306006, 0.00025214144261553884, 0.00022343189630191773, 0.0002281989436596632, 0.00020144970039837062, 0.0001832906564231962, 0.0001780432794475928, 0.00017150996427517384, 0.00016667907766532153, 0.00015402043936774135, 0.00014823817764408886, 0.00014835181355010718, 0.00014579879643861204, 0.00014435510092880577, 0.00013938455958850682, 0.0001356519351247698, 0.0001278935233131051, 0.0001228783803526312, 0.00012155110016465187, 0.00012715703633148223, 0.0001259332784684375, 0.00012263073585927486, 0.0001093968894565478, 0.00010393261618446559, 0.00010521292279008776, 0.00010381020547356457, 0.00010664072760846466, 0.00010781055607367307, 0.00010709359776228666, 9.841811697697267e-05, 9.54260685830377e-05, 9.765077265910804e-05, 9.372066415380687e-05, 9.372680506203324e-05, 9.242193482350558e-05, 8.730300760362297e-05, 8.790842548478395e-05, 8.519228140357882e-05, 8.39771528262645e-05, 8.286346565000713e-05, 8.196404814952984e-05, 8.466211147606373e-05, 8.231813262682408e-05, 8.247443474829197e-05, 7.657927926629782e-05, 7.288578490260988e-05, 7.661888957954943e-05, 7.929682760732248e-05, 7.756489503663033e-05, 7.438946340698749e-05, 7.056198955979198e-05, 6.926869536982849e-05, 6.716455391142517e-05, 6.539564492413774e-05, 6.640212086495012e-05, 6.524341006297618e-05, 6.164813385112211e-05], "val_loss": [0.0021821120753884315, 0.0019646051805466413, 0.00170253892429173, 0.0014944055583328009, 0.001318747759796679, 0.0010540036018937826, 0.0009381567360833287, 0.0007770297816023231, 0.0007207338931038976, 0.000566474162042141, 0.0005560860736295581, 0.000505304429680109, 0.00041296257404610515, 0.0003945595526602119, 0.00044537000940181315, 0.00041675521060824394, 0.00036796630593016744, 0.00038018010673113167, 0.000388944084988907, 0.0003500254242680967, 0.0003381204151082784, 0.00034630156005732715, 0.0003452832461334765, 0.00029064930276945233, 0.00031903423951007426, 0.0003585424565244466, 0.0003060245362576097, 0.00030493392841890454, 0.0002931145136244595, 0.0002855843922588974, 0.00031384904286824167, 0.00028771618963219225, 0.0002758139162324369, 0.0002865427522920072, 0.0002704760117921978, 0.0002825697010848671, 0.00028851014212705195, 0.00030124877230264246, 0.00026956864167004824, 0.000263603578787297, 0.000279423373285681, 0.0002572229423094541, 0.0002552082296460867, 0.0002879185485653579, 0.00025373316020704806, 0.00027534589753486216, 0.0002669787500053644, 0.00025365216424688697, 0.00025909169926308095, 0.00027487389161251485, 0.0002476736262906343, 0.00028944137739017606, 0.000247564516030252, 0.00027897441759705544, 0.0002613658725749701, 0.0002508909092284739, 0.00026632973458617926, 0.00024721253430470824, 0.0002754711313173175, 0.00025465263752266765, 0.0002713360299821943, 0.00025372637901455164, 0.0002513534273020923, 0.00025539236958138645, 0.00025722215650603175, 0.0002550543285906315, 0.00024904723977670074, 0.00025563276722095907], "val_mse": [0.002182111842557788, 0.0019646051805466413, 0.00170253892429173, 0.0014944055583328009, 0.001318747759796679, 0.0010540036018937826, 0.0009381567360833287, 0.0007770297816023231, 0.0007207338931038976, 0.000566474162042141, 0.0005560860736295581, 0.000505304429680109, 0.00041296257404610515, 0.0003945595526602119, 0.00044537000940181315, 0.00041675526881590486, 0.00036796630593016744, 0.00038018010673113167, 0.000388944084988907, 0.0003500254242680967, 0.00033812044421210885, 0.0003463015891611576, 0.0003452832461334765, 0.00029064930276945233, 0.00031903423951007426, 0.0003585424565244466, 0.0003060245362576097, 0.00030493392841890454, 0.0002931145136244595, 0.0002855843922588974, 0.00031384904286824167, 0.00028771618963219225, 0.0002758139162324369, 0.0002865427522920072, 0.0002704760117921978, 0.0002825697301886976, 0.00028851014212705195, 0.00030124877230264246, 0.00026956864167004824, 0.000263603578787297, 0.000279423373285681, 0.0002572229423094541, 0.0002552082296460867, 0.0002879185485653579, 0.00025373316020704806, 0.00027534589753486216, 0.0002669787500053644, 0.00025365216424688697, 0.00025909169926308095, 0.00027487389161251485, 0.0002476736262906343, 0.00028944137739017606, 0.000247564516030252, 0.00027897441759705544, 0.00026136584347113967, 0.0002508909092284739, 0.00026632973458617926, 0.00024721253430470824, 0.0002754711313173175, 0.00025465263752266765, 0.0002713360299821943, 0.00025372637901455164, 0.0002513534273020923, 0.0002553923986852169, 0.00025722215650603175, 0.0002550543285906315, 0.0002490472106728703, 0.00025563276722095907]}