{"loss": [0.0024184840731322765, 0.0011007138527929783, 0.0009150773985311389, 0.0008823669631965458, 0.0008524012519046664, 0.00083704455755651, 0.0008051398326642811, 0.0008075856603682041, 0.0007924916571937501, 0.0007681729621253908, 0.0007596405339427292, 0.0007494179881177843, 0.0007383245974779129, 0.0007466476527042687, 0.0007324916659854352, 0.0007305874023586512, 0.0007036777096800506, 0.0006859803106635809, 0.000689874344971031, 0.0006933595286682248, 0.0006905939662829041, 0.0006705567357130349, 0.0006750638131052256, 0.0006537437438964844, 0.0006448950152844191, 0.0006553551065735519, 0.0006587877869606018, 0.0006458788411691785, 0.000650473462883383, 0.0006325217545963824, 0.0006304840790107846, 0.0006317863590084016, 0.000622921681497246, 0.000633769843261689, 0.0006178368348628283], "mse": [0.0024184840731322765, 0.0011007138527929783, 0.0009150773985311389, 0.0008823669631965458, 0.0008524012519046664, 0.00083704455755651, 0.0008051398326642811, 0.0008075856603682041, 0.0007924916571937501, 0.0007681729621253908, 0.0007596405339427292, 0.0007494179881177843, 0.0007383245974779129, 0.0007466476527042687, 0.0007324916659854352, 0.0007305874023586512, 0.0007036777096800506, 0.0006859803106635809, 0.000689874344971031, 0.0006933595286682248, 0.0006905939662829041, 0.0006705567357130349, 0.0006750638131052256, 0.0006537437438964844, 0.0006448950152844191, 0.0006553551065735519, 0.0006587877869606018, 0.0006458788411691785, 0.000650473462883383, 0.0006325217545963824, 0.0006304840790107846, 0.0006317863590084016, 0.000622921681497246, 0.000633769843261689, 0.0006178368348628283], "val_loss": [0.0011671138927340508, 0.0007080610375851393, 0.0007127757417038083, 0.000660374469589442, 0.0006517893634736538, 0.0006363788852468133, 0.000642044935375452, 0.0006305410643108189, 0.000634648953564465, 0.0006225102115422487, 0.0006080105085857213, 0.0006046709604561329, 0.0006397237884812057, 0.0007037529139779508, 0.0006315952632576227, 0.0005991965299472213, 0.0005963264848105609, 0.0006069486262276769, 0.0006377482204698026, 0.0006443521124310791, 0.0005967275355942547, 0.0005946834571659565, 0.0005847606807947159, 0.0005787555128335953, 0.0005732930731028318, 0.0005820387159474194, 0.0005996443214826286, 0.0006049734656699002, 0.0005825073458254337, 0.0005955666420049965, 0.0005927784950472414, 0.0005859356606379151, 0.000711771019268781, 0.0005779414786957204, 0.0006076983991079032], "val_mse": [0.0011671138927340508, 0.0007080610375851393, 0.0007127757417038083, 0.000660374469589442, 0.0006517893634736538, 0.0006363788852468133, 0.000642044935375452, 0.0006305410643108189, 0.000634648953564465, 0.0006225102115422487, 0.0006080105085857213, 0.0006046709604561329, 0.0006397237884812057, 0.0007037529139779508, 0.0006315952632576227, 0.0005991965299472213, 0.0005963264848105609, 0.0006069486262276769, 0.0006377482204698026, 0.0006443521124310791, 0.0005967275355942547, 0.0005946834571659565, 0.0005847606807947159, 0.0005787555128335953, 0.0005732930731028318, 0.0005820386577397585, 0.0005996443214826286, 0.0006049734074622393, 0.0005825073458254337, 0.0005955666420049965, 0.0005927784950472414, 0.0005859356606379151, 0.0007117710774764419, 0.0005779414786957204, 0.0006076983991079032]}