{"loss": [0.002256156178191304, 0.0010439676698297262, 0.0006302577094174922, 0.0005361317307688296, 0.0005083007272332907, 0.0004886284586973488, 0.0004716595867648721, 0.00045310112182050943, 0.0004481820506043732, 0.00043840764556080103, 0.0004312493256293237, 0.0004246779135428369, 0.0004230173653922975, 0.00041432760190218687, 0.0004086991830263287, 0.0004035058373119682, 0.0004078742058482021, 0.00040089921094477177, 0.0003943427000194788, 0.000406792969442904, 0.0003843818558380008, 0.0003864150494337082, 0.0003865140024572611, 0.0003773435892071575, 0.00038117027725093067, 0.0003755893267225474, 0.00037433410761877894, 0.0003778040409088135, 0.00036898255348205566, 0.0003758810053113848, 0.000364842067938298, 0.000372138136299327, 0.00037609878927469254, 0.0003732941986527294, 0.0003698064829222858, 0.0003564561193343252, 0.00035771768307313323, 0.0003562857455108315, 0.0003621313371695578, 0.00035404643858782947, 0.00034965440863743424, 0.0003517299483064562, 0.0003479303850326687, 0.0003459279250819236, 0.0003488419170025736], "mse": [0.002256156178191304, 0.0010439676698297262, 0.0006302577094174922, 0.0005361317307688296, 0.0005083007272332907, 0.0004886284586973488, 0.0004716595867648721, 0.00045310112182050943, 0.0004481820506043732, 0.00043840764556080103, 0.0004312493256293237, 0.0004246779135428369, 0.0004230173653922975, 0.00041432760190218687, 0.0004086991830263287, 0.0004035058373119682, 0.0004078742058482021, 0.00040089921094477177, 0.0003943427000194788, 0.000406792969442904, 0.0003843818558380008, 0.0003864150494337082, 0.0003865140024572611, 0.0003773435892071575, 0.00038117027725093067, 0.0003755893267225474, 0.00037433410761877894, 0.0003778040409088135, 0.00036898255348205566, 0.0003758810053113848, 0.000364842067938298, 0.000372138136299327, 0.00037609878927469254, 0.0003732941986527294, 0.0003698064829222858, 0.0003564561193343252, 0.00035771768307313323, 0.0003562857455108315, 0.0003621313371695578, 0.00035404643858782947, 0.00034965440863743424, 0.0003517299483064562, 0.0003479303850326687, 0.0003459279250819236, 0.0003488419170025736], "val_loss": [0.0018211427377536893, 0.0008434148039668798, 0.0007972787134349346, 0.0008149203495122492, 0.0006947845104150474, 0.0006806385354138911, 0.000669387576635927, 0.0006593936122953892, 0.0006651852745562792, 0.0007097658235579729, 0.0006506394711323082, 0.0006648209528066218, 0.0006529064266942441, 0.0006385667365975678, 0.0006260013324208558, 0.0006312121404334903, 0.0006390648195520043, 0.0006342610577121377, 0.0006645987159572542, 0.0006214462337084115, 0.0006227296544238925, 0.0006275597843341529, 0.0006249022553674877, 0.0006092315306887031, 0.0006232045707292855, 0.0006239315262064338, 0.0006213802262209356, 0.0006280799861997366, 0.0006014113314449787, 0.0006161268684081733, 0.000610632065217942, 0.0006055913399904966, 0.0005967899924144149, 0.0006254113977774978, 0.0005851645255461335, 0.0006127567030489445, 0.0006068921647965908, 0.0005954881198704243, 0.0005960830603726208, 0.0005939691327512264, 0.0006002904265187681, 0.0006193318404257298, 0.0006144016515463591, 0.0006232521845959127, 0.0005941596464253962], "val_mse": [0.0018211427377536893, 0.0008434148039668798, 0.0007972787134349346, 0.0008149203495122492, 0.0006947845104150474, 0.0006806385354138911, 0.000669387576635927, 0.0006593936122953892, 0.0006651852745562792, 0.0007097658235579729, 0.0006506394711323082, 0.0006648209528066218, 0.0006529064266942441, 0.0006385667365975678, 0.0006260013324208558, 0.0006312121404334903, 0.0006390648195520043, 0.0006342610577121377, 0.0006645987159572542, 0.0006214462337084115, 0.0006227296544238925, 0.0006275597843341529, 0.0006249022553674877, 0.0006092315306887031, 0.0006232045707292855, 0.0006239315262064338, 0.0006213802262209356, 0.0006280799861997366, 0.0006014113314449787, 0.0006161268684081733, 0.000610632065217942, 0.0006055913399904966, 0.0005967899924144149, 0.0006254113977774978, 0.0005851645255461335, 0.0006127567030489445, 0.0006068921647965908, 0.0005954881198704243, 0.0005960830603726208, 0.0005939691327512264, 0.0006002904265187681, 0.0006193318404257298, 0.0006144016515463591, 0.0006232521845959127, 0.0005941596464253962]}