{"loss": [0.0030009637121111155, 0.002571284305304289, 0.0022965013049542904, 0.0020803476218134165, 0.0018624269869178534, 0.0016867881640791893, 0.0015349017921835184, 0.001393627026118338, 0.001281366334296763, 0.0011797667248174548, 0.0011150181526318192, 0.0010420535691082478, 0.0010092217708006501, 0.0010309620993211865, 0.00093799305614084, 0.0008669394301250577, 0.000860729836858809, 0.0008217022987082601, 0.0008168139611370862, 0.0007928678533062339, 0.0007631566259078681, 0.0007504112436436117, 0.0007307161577045918, 0.0007266387692652643, 0.0006964165950194001], "mse": [0.0030009637121111155, 0.002571284305304289, 0.0022965013049542904, 0.0020803476218134165, 0.0018624269869178534, 0.0016867881640791893, 0.0015349017921835184, 0.001393627026118338, 0.001281366334296763, 0.0011797667248174548, 0.0011150181526318192, 0.0010420535691082478, 0.0010092217708006501, 0.0010309620993211865, 0.00093799305614084, 0.0008669394301250577, 0.000860729836858809, 0.0008217022987082601, 0.0008168139611370862, 0.0007928678533062339, 0.0007631566259078681, 0.0007504113600589335, 0.0007307161577045918, 0.0007266387692652643, 0.0006964165950194001], "val_loss": [0.002667604014277458, 0.002465220633894205, 0.0017116718227043748, 0.0015162830241024494, 0.0013549862196668983, 0.0011934286449104548, 0.001116524450480938, 0.0011239241575822234, 0.00113206566311419, 0.0011563115986064076, 0.001217943849042058, 0.0014524983707815409, 0.0017507311422377825, 0.0012669742573052645, 0.0010561238741502166, 0.0011979344999417663, 0.0012735481141135097, 0.0013766856864094734, 0.0013615925563499331, 0.001307259895838797, 0.0011034442577511072, 0.0012638951884582639, 0.001180931692942977, 0.0011771649587899446, 0.0011758299078792334], "val_mse": [0.0026676037814468145, 0.002465220633894205, 0.0017116718227043748, 0.0015162830241024494, 0.0013549862196668983, 0.0011934286449104548, 0.001116524450480938, 0.0011239241575822234, 0.00113206566311419, 0.0011563115986064076, 0.001217943849042058, 0.0014524983707815409, 0.0017507311422377825, 0.0012669742573052645, 0.0010561238741502166, 0.0011979344999417663, 0.0012735481141135097, 0.0013766856864094734, 0.0013615925563499331, 0.001307259895838797, 0.0011034442577511072, 0.0012638953048735857, 0.001180931692942977, 0.0011771649587899446, 0.0011758299078792334]}