{"loss": [0.007917260751128197, 0.007638826966285706, 0.0074450792744755745, 0.007321915589272976, 0.007245900575071573, 0.007135698106139898, 0.007043018005788326, 0.006958312354981899, 0.00690639391541481, 0.006818501744419336, 0.006768995430320501, 0.006709118839353323, 0.006585496477782726, 0.006525856908410788, 0.0064520398154854774], "mse": [0.007917260751128197, 0.007638826966285706, 0.0074450792744755745, 0.007321915589272976, 0.007245900575071573, 0.007135698106139898, 0.007043018005788326, 0.006958312354981899, 0.00690639391541481, 0.006818501744419336, 0.006768995430320501, 0.006709118839353323, 0.006585496477782726, 0.006525856908410788, 0.0064520398154854774], "val_loss": [0.0086373221129179, 0.008066228590905666, 0.008187813684344292, 0.008045834489166737, 0.008036931045353413, 0.008179853670299053, 0.008201989345252514, 0.008044876158237457, 0.008118915371596813, 0.008095620200037956, 0.00854016188532114, 0.008446243591606617, 0.008129296824336052, 0.008703221566975117, 0.008476133458316326], "val_mse": [0.0086373221129179, 0.008066228590905666, 0.008187813684344292, 0.008045834489166737, 0.008036931045353413, 0.008179853670299053, 0.008201989345252514, 0.008044876158237457, 0.008118915371596813, 0.008095620200037956, 0.00854016188532114, 0.008446243591606617, 0.008129296824336052, 0.008703221566975117, 0.008476133458316326]}