{"loss": [0.0026929518207907677, 0.0018339508678764105, 0.0013571345480158925, 0.0010473990114405751, 0.0008587973425164819, 0.0006791574996896088, 0.0005537848919630051, 0.0005064907018095255, 0.0005011021858081222, 0.00046455199480988085, 0.0004413275164552033, 0.00042524602031335235, 0.00040454123518429697, 0.00039660558104515076, 0.00039236448355950415, 0.0003840604913420975, 0.0003776195808313787, 0.0003733926569111645, 0.0003848756314255297, 0.00037861737655475736, 0.00036771604209207, 0.0003705719136632979, 0.0003688551369123161, 0.0003658158821053803, 0.000350671645719558, 0.0003418225678615272, 0.0003294548369012773], "mse": [0.0026929518207907677, 0.0018339508678764105, 0.0013571345480158925, 0.0010473990114405751, 0.0008587973425164819, 0.0006791574996896088, 0.0005537848919630051, 0.0005064907018095255, 0.0005011021858081222, 0.00046455193660221994, 0.0004413275164552033, 0.00042524602031335235, 0.00040454123518429697, 0.00039660558104515076, 0.00039236448355950415, 0.0003840604913420975, 0.0003776195808313787, 0.0003733926569111645, 0.0003848756314255297, 0.00037861737655475736, 0.00036771604209207, 0.0003705719136632979, 0.0003688551369123161, 0.0003658158821053803, 0.0003506715875118971, 0.0003418225678615272, 0.0003294548369012773], "val_loss": [0.0020722276531159878, 0.0015923030441626906, 0.0012818081304430962, 0.0011572533985599875, 0.0008516095695085824, 0.0006501160678453743, 0.0005227989749982953, 0.0005064490833319724, 0.000632084789685905, 0.0005180585430935025, 0.000534471997525543, 0.0004991134628653526, 0.0005001826793886721, 0.0005360098439268768, 0.0005091985804028809, 0.0004900841158814728, 0.00045717981993220747, 0.00052636832697317, 0.0005343882367014885, 0.0005580082070082426, 0.0005305294180288911, 0.0005305569502525032, 0.0005248653469607234, 0.0005273264832794666, 0.00054209801601246, 0.00048111233627423644, 0.00047191177145577967], "val_mse": [0.0020722276531159878, 0.0015923030441626906, 0.0012818081304430962, 0.0011572533985599875, 0.0008516095695085824, 0.0006501160678453743, 0.0005227989749982953, 0.0005064490833319724, 0.000632084789685905, 0.0005180585430935025, 0.000534471997525543, 0.0004991134628653526, 0.0005001826793886721, 0.0005360099021345377, 0.0005091985804028809, 0.0004900841158814728, 0.00045717981993220747, 0.00052636832697317, 0.0005343882367014885, 0.0005580082070082426, 0.0005305294180288911, 0.0005305569502525032, 0.0005248653469607234, 0.0005273264832794666, 0.00054209801601246, 0.00048111233627423644, 0.00047191177145577967]}