{"loss": [0.010677123442292213, 0.009984202682971954, 0.009702920913696289, 0.009484797716140747, 0.009321347810328007, 0.009240296669304371, 0.009101856499910355, 0.008987445384263992, 0.008919499814510345, 0.008836353197693825, 0.00875101052224636, 0.008769005537033081, 0.008708927780389786, 0.008616622537374496, 0.008581971749663353, 0.008559747599065304], "mse": [0.010677123442292213, 0.009984202682971954, 0.009702920913696289, 0.009484797716140747, 0.009321347810328007, 0.009240296669304371, 0.009101856499910355, 0.008987445384263992, 0.008919499814510345, 0.008836353197693825, 0.00875101052224636, 0.008769005537033081, 0.008708927780389786, 0.008616622537374496, 0.008581971749663353, 0.008559747599065304], "val_loss": [0.009713131934404373, 0.009093179367482662, 0.00908623542636633, 0.008749560452997684, 0.008860129863023758, 0.008217547088861465, 0.008730687201023102, 0.008378046564757824, 0.008536675944924355, 0.008541243150830269, 0.00868536252528429, 0.008294934406876564, 0.008511368185281754, 0.00866054929792881, 0.008740936405956745, 0.008626630529761314], "val_mse": [0.009713131934404373, 0.009093179367482662, 0.00908623542636633, 0.008749560452997684, 0.008860129863023758, 0.008217547088861465, 0.008730687201023102, 0.008378046564757824, 0.008536675944924355, 0.008541243150830269, 0.00868536252528429, 0.008294934406876564, 0.008511368185281754, 0.00866054929792881, 0.008740936405956745, 0.008626630529761314]}