{"loss": [0.021439388394355774, 0.006766843143850565, 0.0031131221912801266, 0.0015559217426925898, 0.0009785107104107738, 0.0008120954153127968, 0.0005738300969824195, 0.00046431669034063816, 0.0004073635209351778, 0.00035708665382117033, 0.0003112504491582513, 0.00028290203772485256, 0.00024049734929576516, 0.00021330182789824903, 0.00021737173665314913, 0.00020740968466270715, 0.0001706970069790259, 0.00017843865498434752, 0.00014843059761915356, 0.00014226054190658033, 0.00014064536662772298, 0.0001508482964709401, 0.00012674012396018952, 0.0001234500523423776, 0.00011622405872913077, 0.00011745470692403615, 0.00012180737394373864, 0.0001233920338563621, 0.00010359650332247838, 0.0001027109392452985, 0.00010206655861111358, 9.881582809612155e-05, 8.681872714078054e-05, 9.237735503120348e-05, 0.00010639947868185118, 9.817582758842036e-05, 8.887880539987236e-05, 8.129675552481785e-05, 8.533304207958281e-05, 8.861341484589502e-05, 8.162903395714238e-05, 8.428625005763024e-05, 0.0001197872988996096, 9.883441816782579e-05, 7.575989002361894e-05, 8.597691339673474e-05, 7.631628250237554e-05, 7.700265268795192e-05, 6.968746311031282e-05, 8.693886047694832e-05, 0.0001166116344393231, 8.576360414735973e-05, 7.469899719581008e-05], "mse": [0.021439388394355774, 0.006766843143850565, 0.0031131221912801266, 0.0015559217426925898, 0.0009785107104107738, 0.0008120954153127968, 0.0005738300969824195, 0.0004643167194444686, 0.0004073635209351778, 0.00035708665382117033, 0.0003112504491582513, 0.00028290203772485256, 0.00024049734929576516, 0.00021330182789824903, 0.00021737173665314913, 0.00020740968466270715, 0.0001706970069790259, 0.00017843865498434752, 0.00014843059761915356, 0.00014226051280274987, 0.00014064536662772298, 0.0001508482964709401, 0.00012674012396018952, 0.0001234500523423776, 0.00011622405872913077, 0.00011745470692403615, 0.00012180737394373864, 0.0001233920338563621, 0.00010359650332247838, 0.0001027109392452985, 0.00010206655861111358, 9.881582809612155e-05, 8.681872714078054e-05, 9.237735503120348e-05, 0.00010639947868185118, 9.817582758842036e-05, 8.887880539987236e-05, 8.129675552481785e-05, 8.533304207958281e-05, 8.861341484589502e-05, 8.162903395714238e-05, 8.428625005763024e-05, 0.0001197872988996096, 9.883441816782579e-05, 7.575989002361894e-05, 8.597691339673474e-05, 7.631628250237554e-05, 7.700265268795192e-05, 6.968746311031282e-05, 8.693886047694832e-05, 0.0001166116344393231, 8.576360414735973e-05, 7.469899719581008e-05], "val_loss": [0.009348824620246887, 0.005325943231582642, 0.002540129702538252, 0.001379949739202857, 0.0009952620603144169, 0.0007253395742736757, 0.0005776820471510291, 0.0005030890461057425, 0.00044260325375944376, 0.0003539073804859072, 0.000353759533027187, 0.0003061964234802872, 0.00028283195570111275, 0.00027978463913314044, 0.00024304835824295878, 0.00023765527294017375, 0.00030619718017987907, 0.0002283761277794838, 0.00021955076954327524, 0.0002021462714765221, 0.00019530061399564147, 0.00020717176084872335, 0.00016780709847807884, 0.00021323129476513714, 0.00017472168838139623, 0.00021290410950314254, 0.00016036976012401283, 0.00016636186046525836, 0.0001731636730255559, 0.00014872536121401936, 0.00014331629790831357, 0.0001495400647399947, 0.00015358117525465786, 0.00015209174307528883, 0.0001727250637486577, 0.0001367981021758169, 0.00015090592205524445, 0.00013435177970677614, 0.0001379762834403664, 0.00014531437773257494, 0.0001309121580561623, 0.00013453938299790025, 0.00012086769856978208, 0.00014065518917050213, 0.00014439757796935737, 0.00014772241411264986, 0.00017285042849835008, 0.0001255554088857025, 0.00012437929399311543, 0.0001620072143850848, 0.00014870935410726815, 0.00013280099665280432, 0.00014164153253659606], "val_mse": [0.009348824620246887, 0.005325943231582642, 0.002540129702538252, 0.001379949739202857, 0.0009952620603144169, 0.0007253395742736757, 0.0005776820471510291, 0.0005030890461057425, 0.00044260325375944376, 0.0003539073804859072, 0.000353759533027187, 0.0003061964234802872, 0.00028283195570111275, 0.00027978463913314044, 0.00024304835824295878, 0.00023765527294017375, 0.00030619718017987907, 0.0002283761277794838, 0.00021955076954327524, 0.0002021462714765221, 0.00019530061399564147, 0.00020717176084872335, 0.00016780709847807884, 0.00021323129476513714, 0.00017472168838139623, 0.00021290410950314254, 0.00016036976012401283, 0.00016636186046525836, 0.0001731636730255559, 0.00014872536121401936, 0.00014331629790831357, 0.0001495400647399947, 0.00015358117525465786, 0.00015209174307528883, 0.0001727250637486577, 0.0001367981021758169, 0.00015090592205524445, 0.00013435177970677614, 0.0001379762834403664, 0.00014531437773257494, 0.00013091217260807753, 0.00013453938299790025, 0.00012086769856978208, 0.00014065518917050213, 0.00014439757796935737, 0.00014772241411264986, 0.00017285042849835008, 0.0001255554088857025, 0.00012437929399311543, 0.00016200722893700004, 0.00014870935410726815, 0.00013280099665280432, 0.00014164153253659606]}