{"loss": [0.00990293174982071, 0.009013887494802475, 0.00877817627042532, 0.008654325269162655, 0.008662489242851734, 0.008590390905737877, 0.008532768115401268, 0.008518725633621216, 0.00846005417406559, 0.008454876951873302, 0.00839514285326004, 0.00836039986461401], "mse": [0.00990293174982071, 0.009013887494802475, 0.008778175339102745, 0.008654325269162655, 0.008662489242851734, 0.008590390905737877, 0.008532768115401268, 0.008518725633621216, 0.00846005417406559, 0.008454876951873302, 0.00839514285326004, 0.00836039986461401], "val_loss": [0.008043437264859676, 0.007877903990447521, 0.007894325070083141, 0.007884552702307701, 0.007908446714282036, 0.008122377097606659, 0.007893528789281845, 0.00800182856619358, 0.00794113241136074, 0.008068332448601723, 0.007972265593707561, 0.007950649596750736], "val_mse": [0.008043437264859676, 0.007877903990447521, 0.007894325070083141, 0.007884552702307701, 0.007908446714282036, 0.008122377097606659, 0.007893528789281845, 0.00800182856619358, 0.00794113241136074, 0.008068332448601723, 0.007972265593707561, 0.007950649596750736]}