{"loss": [0.0021370567847043276, 0.001772784860804677, 0.0014523824211210012, 0.0012380622792989016, 0.0010923247318714857, 0.000976604875177145, 0.000863744702655822, 0.0007747149211354554, 0.0006730566965416074, 0.000568956951610744, 0.000492833205498755, 0.0004244478768669069, 0.0003643759700935334, 0.00031262781703844666, 0.0002578969579190016, 0.000222532355110161, 0.0002038125676335767, 0.00019647134467959404, 0.00018013667431659997, 0.0001730270014377311, 0.00016537486226297915, 0.00015448257909156382, 0.0001556027855258435, 0.00014890055172145367, 0.00014272876433096826, 0.00013963156379759312, 0.00013552335440181196, 0.0001446238748030737, 0.00012716100900433958, 0.0001235035015270114, 0.00012185187370050699, 0.0001160961837740615], "mse": [0.0021370567847043276, 0.001772784860804677, 0.0014523824211210012, 0.0012380622792989016, 0.0010923247318714857, 0.000976604875177145, 0.000863744702655822, 0.0007747149211354554, 0.0006730566965416074, 0.000568956951610744, 0.000492833205498755, 0.0004244478768669069, 0.0003643759700935334, 0.00031262781703844666, 0.0002578969579190016, 0.000222532355110161, 0.0002038125676335767, 0.00019647134467959404, 0.00018013667431659997, 0.0001730270014377311, 0.00016537486226297915, 0.00015448257909156382, 0.0001556027855258435, 0.00014890055172145367, 0.00014272876433096826, 0.00013963156379759312, 0.00013552335440181196, 0.0001446238748030737, 0.00012716100900433958, 0.0001235035015270114, 0.00012185187370050699, 0.0001160961837740615], "val_loss": [0.0024937097914516926, 0.002301245229318738, 0.001933243707753718, 0.001767345005646348, 0.00163477030582726, 0.0014371516881510615, 0.0014320674818009138, 0.0012790042674168944, 0.001181309693492949, 0.0010901691857725382, 0.00118823756929487, 0.0012071526143699884, 0.001185856992378831, 0.001109585864469409, 0.001095503568649292, 0.0010450663976371288, 0.001073453575372696, 0.0010658327955752611, 0.0010740108555182815, 0.001186699839308858, 0.0010652497876435518, 0.0010046478128060699, 0.0010791468666866422, 0.0011499375104904175, 0.0010805139318108559, 0.0010501635260879993, 0.0011748881079256535, 0.0011501202825456858, 0.0010765197221189737, 0.0010243841679766774, 0.0011010299203917384, 0.0010666794842109084], "val_mse": [0.0024937097914516926, 0.002301245229318738, 0.001933243707753718, 0.0017673447728157043, 0.00163477030582726, 0.0014371516881510615, 0.0014320674818009138, 0.0012790042674168944, 0.001181309693492949, 0.0010901691857725382, 0.00118823756929487, 0.0012071526143699884, 0.001185856992378831, 0.001109585864469409, 0.001095503568649292, 0.0010450663976371288, 0.001073453575372696, 0.0010658327955752611, 0.0010740108555182815, 0.001186699839308858, 0.0010652497876435518, 0.0010046478128060699, 0.0010791468666866422, 0.0011499375104904175, 0.0010805139318108559, 0.0010501635260879993, 0.0011748881079256535, 0.0011501202825456858, 0.0010765197221189737, 0.0010243841679766774, 0.0011010298039764166, 0.0010666794842109084]}