{"loss": [0.00214352342300117, 0.0015507489442825317, 0.0011777299223467708, 0.0008395123295485973, 0.0005422456306405365, 0.0003192076401319355, 0.00018262088997289538, 0.00011769022239604965, 8.986990724224597e-05, 7.331911183428019e-05, 6.091996328905225e-05, 5.2962546760682017e-05, 4.5453954953700304e-05, 4.0461844037054107e-05, 3.853668749798089e-05, 3.4108645195374265e-05, 3.0913557566236705e-05, 3.046348319912795e-05, 2.6490550226299092e-05, 2.7733613023883663e-05, 2.4839735488058068e-05, 2.1505431504920125e-05, 2.1438783733174205e-05, 2.1178148017497733e-05, 1.839935612224508e-05, 1.7278527593589388e-05, 1.6952992154983804e-05, 1.5934769180603325e-05, 1.5004747183411382e-05, 1.4888547411828768e-05, 1.4733777788933367e-05, 1.483689538872568e-05, 1.4769529116165359e-05, 1.3709550330531783e-05, 1.2065633200109005e-05, 1.1419137081247754e-05, 1.1031060239474755e-05, 1.1445294148870744e-05, 1.0357694918639027e-05, 1.0223691788269207e-05, 9.713653525977861e-06, 9.959188901120797e-06, 9.219984349329025e-06, 8.949945367930923e-06, 1.1615802577580325e-05, 1.2210312888782937e-05, 1.0492950423213188e-05, 1.0227575330645777e-05, 8.711114787729457e-06, 8.006065399968065e-06, 7.624155841767788e-06, 7.318262760236394e-06, 7.161935172916856e-06, 7.227984497149009e-06, 6.393716375896474e-06, 6.9445713961613365e-06, 6.545790711243171e-06, 6.646250312769553e-06, 6.109703008405631e-06, 5.469888492370956e-06, 5.409735422290396e-06, 5.478731964103645e-06, 6.122837476141285e-06, 5.922384389123181e-06, 5.504020919033792e-06, 5.6745166148175485e-06, 5.188065642869333e-06, 5.979420166113414e-06, 5.414256520452909e-06, 5.0066942094417755e-06, 4.958772478858009e-06, 4.494447239267174e-06, 4.579328560794238e-06, 4.686832653533202e-06, 5.84431199968094e-06, 5.8252371673006564e-06, 4.807609002455138e-06, 4.516327408055076e-06, 4.307938979764003e-06, 4.147856543568196e-06, 4.160393473284785e-06, 3.7717356917710276e-06, 4.048922619404038e-06, 4.382047791295918e-06], "mse": [0.00214352342300117, 0.0015507489442825317, 0.0011777299223467708, 0.0008395123295485973, 0.0005422456306405365, 0.0003192076401319355, 0.00018262088997289538, 0.00011769022239604965, 8.986990724224597e-05, 7.331911183428019e-05, 6.091996328905225e-05, 5.2962546760682017e-05, 4.5453954953700304e-05, 4.0461844037054107e-05, 3.853668749798089e-05, 3.4108645195374265e-05, 3.0913557566236705e-05, 3.046348319912795e-05, 2.6490550226299092e-05, 2.7733613023883663e-05, 2.4839735488058068e-05, 2.1505431504920125e-05, 2.1438783733174205e-05, 2.1178148017497733e-05, 1.839935612224508e-05, 1.7278527593589388e-05, 1.6952992154983804e-05, 1.5934769180603325e-05, 1.5004747183411382e-05, 1.4888547411828768e-05, 1.4733777788933367e-05, 1.483689538872568e-05, 1.4769529116165359e-05, 1.3709550330531783e-05, 1.2065633200109005e-05, 1.1419137081247754e-05, 1.1031060239474755e-05, 1.1445294148870744e-05, 1.0357694918639027e-05, 1.0223691788269207e-05, 9.713653525977861e-06, 9.959187991626095e-06, 9.219984349329025e-06, 8.949945367930923e-06, 1.1615802577580325e-05, 1.2210312888782937e-05, 1.0492950423213188e-05, 1.0227575330645777e-05, 8.711114787729457e-06, 8.006065399968065e-06, 7.624155841767788e-06, 7.318262760236394e-06, 7.161935172916856e-06, 7.227984497149009e-06, 6.393716375896474e-06, 6.9445713961613365e-06, 6.5457898017484695e-06, 6.646250312769553e-06, 6.109703008405631e-06, 5.469888492370956e-06, 5.409735422290396e-06, 5.478731964103645e-06, 6.122837476141285e-06, 5.922384389123181e-06, 5.504020919033792e-06, 5.6745166148175485e-06, 5.188065642869333e-06, 5.979420166113414e-06, 5.414256520452909e-06, 5.0066942094417755e-06, 4.958772478858009e-06, 4.494447239267174e-06, 4.579328560794238e-06, 4.6868331082805526e-06, 5.84431199968094e-06, 5.8252371673006564e-06, 4.807609002455138e-06, 4.5163269533077255e-06, 4.307938979764003e-06, 4.147856543568196e-06, 4.160393473284785e-06, 3.7717356917710276e-06, 4.048922619404038e-06, 4.382047791295918e-06], "val_loss": [0.002197351772338152, 0.0017048701411113143, 0.0012117322767153382, 0.0007720407447777689, 0.0004534513282123953, 0.0002839668304659426, 0.00021315691992640495, 0.00018296104099135846, 0.00014006752462591976, 0.00013368946383707225, 0.00010291508806403726, 0.00011576640099519864, 9.846912871580571e-05, 7.729265053058043e-05, 7.974046457093209e-05, 6.512270920211449e-05, 8.491367771057412e-05, 6.657968333456665e-05, 7.858265598770231e-05, 5.8159243053523824e-05, 6.258883513510227e-05, 5.8236859331373125e-05, 5.3010007832199335e-05, 5.494655852089636e-05, 5.009367669117637e-05, 5.1526127208489925e-05, 4.6615554310847074e-05, 4.4050753785995767e-05, 4.6700726670678705e-05, 4.363077459856868e-05, 4.796512075699866e-05, 4.786226054420695e-05, 4.069696296937764e-05, 3.937540896004066e-05, 4.3084772187285125e-05, 3.785754961427301e-05, 4.184660065220669e-05, 3.8096066418802366e-05, 3.618587652454153e-05, 3.758725870284252e-05, 4.177287337370217e-05, 3.67558459402062e-05, 4.626080044545233e-05, 4.0758233808446676e-05, 3.655776527011767e-05, 3.459334766375832e-05, 3.491245297482237e-05, 4.02610567107331e-05, 3.960164758609608e-05, 3.634049789980054e-05, 3.815993113676086e-05, 3.579969052225351e-05, 3.5131095501128584e-05, 3.3814045309554785e-05, 3.656905028037727e-05, 3.521674079820514e-05, 3.3330434234812856e-05, 3.289457890787162e-05, 3.420036955503747e-05, 3.4358774428255856e-05, 3.235595067963004e-05, 3.171836942783557e-05, 3.160519554512575e-05, 3.918486982001923e-05, 3.2303458283422515e-05, 3.317631853860803e-05, 4.091592563781887e-05, 3.154936712235212e-05, 3.528649176587351e-05, 3.3453972719144076e-05, 3.2417803595308214e-05, 3.369186379131861e-05, 3.387565811863169e-05, 3.0184295610524714e-05, 3.825658495770767e-05, 3.172993820044212e-05, 3.544166247593239e-05, 3.141945126117207e-05, 3.137449311907403e-05, 3.021499105670955e-05, 3.0656985472887754e-05, 3.1179650250123814e-05, 3.0640687327831984e-05, 3.338646638439968e-05], "val_mse": [0.002197351772338152, 0.0017048700246959925, 0.0012117322767153382, 0.0007720407447777689, 0.0004534513282123953, 0.0002839668304659426, 0.00021315691992640495, 0.00018296104099135846, 0.00014006752462591976, 0.00013368946383707225, 0.00010291508806403726, 0.00011576640099519864, 9.846912871580571e-05, 7.729265053058043e-05, 7.974046457093209e-05, 6.512271647807211e-05, 8.491367771057412e-05, 6.657968333456665e-05, 7.858265598770231e-05, 5.8159243053523824e-05, 6.258883513510227e-05, 5.8236859331373125e-05, 5.3010007832199335e-05, 5.494655852089636e-05, 5.009367669117637e-05, 5.1526127208489925e-05, 4.6615554310847074e-05, 4.4050753785995767e-05, 4.6700726670678705e-05, 4.363077459856868e-05, 4.796512075699866e-05, 4.7862264182185754e-05, 4.069696296937764e-05, 3.937540896004066e-05, 4.3084772187285125e-05, 3.785754961427301e-05, 4.184660065220669e-05, 3.8096066418802366e-05, 3.618587652454153e-05, 3.758725870284252e-05, 4.177287337370217e-05, 3.67558459402062e-05, 4.626080408343114e-05, 4.0758233808446676e-05, 3.655776890809648e-05, 3.4593344025779516e-05, 3.491245297482237e-05, 4.02610567107331e-05, 3.960164758609608e-05, 3.634049789980054e-05, 3.815993113676086e-05, 3.579969052225351e-05, 3.5131095501128584e-05, 3.3814045309554785e-05, 3.6569053918356076e-05, 3.521674079820514e-05, 3.3330434234812856e-05, 3.289457890787162e-05, 3.420036955503747e-05, 3.4358774428255856e-05, 3.235595067963004e-05, 3.171836942783557e-05, 3.160519554512575e-05, 3.918486982001923e-05, 3.2303458283422515e-05, 3.3176322176586837e-05, 4.091592563781887e-05, 3.154936712235212e-05, 3.528649176587351e-05, 3.3453972719144076e-05, 3.2417803595308214e-05, 3.36918601533398e-05, 3.387565811863169e-05, 3.0184295610524714e-05, 3.825658495770767e-05, 3.172993820044212e-05, 3.544166247593239e-05, 3.141945126117207e-05, 3.137449311907403e-05, 3.021499105670955e-05, 3.0656985472887754e-05, 3.1179650250123814e-05, 3.0640687327831984e-05, 3.338646638439968e-05]}