{"loss": [0.0023740404285490513, 0.0016255158698186278, 0.0009998256573453546, 0.0006653094897046685, 0.00046955555444583297, 0.00033772585447877645, 0.000253629288636148, 0.00021950881637167186, 0.0002202985342592001, 0.0001992855395656079, 0.00017495107022114098, 0.00016347470227628946, 0.00016433882410638034, 0.00014957050734665245, 0.00014194275718182325, 0.0001378146989736706, 0.00013371735985856503, 0.00012983183842152357, 0.00012668923591263592, 0.00012418882397469133, 0.00013220444088801742, 0.00011904812708962709, 0.00011339577758917585, 0.00011781843932112679, 0.00011397079651942477, 0.00011029092274839059, 0.00010863216448342428, 0.00010901307541644201, 0.00010330864461138844, 0.00010140575614059344, 0.00010021636262536049, 0.0001012606080621481, 0.00010184713028138503, 9.666840196587145e-05, 9.339793177787215e-05, 9.042837336892262e-05, 9.046168270288035e-05], "mse": [0.0023740404285490513, 0.0016255158698186278, 0.0009998256573453546, 0.0006653094897046685, 0.00046955555444583297, 0.00033772585447877645, 0.000253629288636148, 0.00021950881637167186, 0.0002202985342592001, 0.0001992855395656079, 0.00017495107022114098, 0.00016347470227628946, 0.00016433882410638034, 0.00014957050734665245, 0.00014194277173373848, 0.0001378146989736706, 0.00013371735985856503, 0.00012983183842152357, 0.00012668923591263592, 0.0001241888094227761, 0.00013220444088801742, 0.00011904812708962709, 0.00011339577758917585, 0.00011781843932112679, 0.00011397079651942477, 0.00011029092274839059, 0.00010863216448342428, 0.00010901307541644201, 0.00010330864461138844, 0.00010140575614059344, 0.00010021636262536049, 0.0001012606080621481, 0.00010184713028138503, 9.666838741395622e-05, 9.339793177787215e-05, 9.042837336892262e-05, 9.046168270288035e-05], "val_loss": [0.001684107119217515, 0.0011670332169160247, 0.00090411416022107, 0.0007020480115897954, 0.00042868423042818904, 0.00035448334529064596, 0.00030913317459635437, 0.00033339718356728554, 0.00020926352590322495, 0.00029604212613776326, 0.00024479703279212117, 0.0002292011195095256, 0.000234657694818452, 0.00019030868133995682, 0.00018640761845745146, 0.00018986198119819164, 0.00021591926633846015, 0.0001621821866137907, 0.00020840190700255334, 0.00015936132695060223, 0.00019949511624872684, 0.00016723605222068727, 0.00017049253801815212, 0.00019365728076081723, 0.00017988540639635175, 0.00015180256741587073, 0.00013894056610297412, 0.00018276677292305976, 0.00015979043382685632, 0.00016235237126238644, 0.0001716954429866746, 0.00014813381130807102, 0.0001757071731844917, 0.0001450035924790427, 0.00015954866830725223, 0.0001503600215073675, 0.00014383054804056883], "val_mse": [0.001684107119217515, 0.0011670332169160247, 0.00090411416022107, 0.0007020480115897954, 0.00042868428863584995, 0.00035448334529064596, 0.00030913317459635437, 0.00033339718356728554, 0.00020926352590322495, 0.00029604212613776326, 0.00024479703279212117, 0.00022920109040569514, 0.000234657694818452, 0.00019030868133995682, 0.00018640761845745146, 0.00018986198119819164, 0.00021591926633846015, 0.0001621821866137907, 0.00020840190700255334, 0.00015936132695060223, 0.00019949511624872684, 0.00016723605222068727, 0.00017049253801815212, 0.00019365728076081723, 0.00017988540639635175, 0.00015180256741587073, 0.00013894056610297412, 0.00018276677292305976, 0.00015979043382685632, 0.00016235237126238644, 0.0001716954429866746, 0.00014813381130807102, 0.0001757071731844917, 0.0001450035924790427, 0.00015954866830725223, 0.0001503600215073675, 0.00014383054804056883]}