{"loss": [0.001479691592976451, 0.00020727470109704882, 0.00011953923240071163, 9.74579161265865e-05, 8.194328256649897e-05, 7.409386307699606e-05, 7.30303509044461e-05, 6.703336111968383e-05, 6.363448483170941e-05, 5.96706013311632e-05, 5.831133603351191e-05, 5.5784730648156255e-05, 5.3878320613875985e-05, 5.446492286864668e-05, 5.259061072138138e-05, 5.073777720099315e-05, 4.902002910966985e-05, 4.8737954784883186e-05, 4.734388130600564e-05, 4.5307348045753315e-05, 4.5557477278634906e-05, 4.4933403842151165e-05, 4.378489757073112e-05, 4.3912805267609656e-05, 4.4063053792342544e-05, 4.523506504483521e-05, 4.428749889484607e-05, 4.263426308170892e-05, 4.249816629453562e-05, 4.0478156734025106e-05, 4.6078130253590643e-05, 4.0896786231314763e-05, 4.15473805333022e-05, 3.87594845960848e-05, 3.9120666770031676e-05, 3.714887498063035e-05, 3.863526580971666e-05, 3.8821362977614626e-05, 3.79457778763026e-05, 4.066114706802182e-05, 3.612378714024089e-05, 3.7224901461740956e-05, 3.9021757402224466e-05, 4.135768540436402e-05, 3.712097168317996e-05, 3.717672007041983e-05, 3.50319933204446e-05, 3.429424396017566e-05, 3.6597113648895174e-05, 3.404721792321652e-05, 3.5590612242231146e-05, 3.318819290143438e-05, 3.647066478151828e-05, 3.41776103596203e-05, 3.3964141039177775e-05, 3.329345418023877e-05, 3.1999425118556246e-05, 3.358039612066932e-05, 3.51269482052885e-05, 3.336866939207539e-05, 3.156113962177187e-05, 3.264424958615564e-05, 3.250978988944553e-05, 3.308563827886246e-05, 3.175042002112605e-05, 3.325945363030769e-05, 3.227668639738113e-05, 3.257303251302801e-05, 3.271921741543338e-05, 3.269297303631902e-05, 3.3852898923214525e-05, 3.1800773285795e-05, 3.000502329086885e-05, 3.096001091762446e-05, 3.1896088330540806e-05, 3.1209106964524835e-05, 3.295738861197606e-05, 2.9175331292208284e-05, 2.9065673516015522e-05, 2.9556729714386165e-05, 3.0044971936149523e-05, 2.9346650990191847e-05, 3.02891439787345e-05, 3.155568992951885e-05, 2.9395410820143297e-05, 3.16114783345256e-05, 2.998682248289697e-05, 3.007913073815871e-05, 2.9758877644781023e-05, 2.9549286409746855e-05, 2.8325091989245266e-05, 2.809229954436887e-05, 3.065712735406123e-05, 2.8119920898461714e-05, 2.7721831429516897e-05, 3.065909186261706e-05], "mse": [0.001479691592976451, 0.00020727470109704882, 0.00011953923240071163, 9.74579161265865e-05, 8.194328256649897e-05, 7.409386307699606e-05, 7.30303509044461e-05, 6.703336111968383e-05, 6.363448483170941e-05, 5.96706013311632e-05, 5.831133603351191e-05, 5.5784730648156255e-05, 5.3878320613875985e-05, 5.446492286864668e-05, 5.259061072138138e-05, 5.073777720099315e-05, 4.902002910966985e-05, 4.8737954784883186e-05, 4.734388130600564e-05, 4.5307348045753315e-05, 4.5557477278634906e-05, 4.4933403842151165e-05, 4.378489757073112e-05, 4.3912805267609656e-05, 4.4063053792342544e-05, 4.523506504483521e-05, 4.4287502532824874e-05, 4.263426308170892e-05, 4.249816629453562e-05, 4.0478156734025106e-05, 4.6078130253590643e-05, 4.0896786231314763e-05, 4.15473805333022e-05, 3.87594845960848e-05, 3.9120666770031676e-05, 3.714887498063035e-05, 3.863526580971666e-05, 3.8821362977614626e-05, 3.7945785152260214e-05, 4.066114706802182e-05, 3.612378714024089e-05, 3.7224901461740956e-05, 3.9021757402224466e-05, 4.135768540436402e-05, 3.712097168317996e-05, 3.717672007041983e-05, 3.50319933204446e-05, 3.429424396017566e-05, 3.6597113648895174e-05, 3.404721792321652e-05, 3.5590612242231146e-05, 3.318819290143438e-05, 3.647066478151828e-05, 3.41776103596203e-05, 3.3964141039177775e-05, 3.329345418023877e-05, 3.1999425118556246e-05, 3.358039612066932e-05, 3.51269482052885e-05, 3.336866939207539e-05, 3.156113962177187e-05, 3.264424958615564e-05, 3.250978988944553e-05, 3.308563827886246e-05, 3.175042002112605e-05, 3.325945363030769e-05, 3.227668639738113e-05, 3.257303251302801e-05, 3.271921741543338e-05, 3.269297303631902e-05, 3.3852898923214525e-05, 3.1800773285795e-05, 3.000502329086885e-05, 3.096001091762446e-05, 3.1896088330540806e-05, 3.1209106964524835e-05, 3.295738861197606e-05, 2.9175331292208284e-05, 2.9065673516015522e-05, 2.9556729714386165e-05, 3.0044971936149523e-05, 2.9346650990191847e-05, 3.02891439787345e-05, 3.155568992951885e-05, 2.9395410820143297e-05, 3.16114783345256e-05, 2.998682248289697e-05, 3.007913073815871e-05, 2.9758877644781023e-05, 2.9549286409746855e-05, 2.8325091989245266e-05, 2.809229954436887e-05, 3.065712735406123e-05, 2.811992453644052e-05, 2.7721831429516897e-05, 3.065909186261706e-05], "val_loss": [0.0003815631498582661, 0.00018740470113698393, 0.0001506193948443979, 0.00013892068818677217, 0.00012377627717796713, 0.00011577359691727906, 0.00012391211930662394, 0.00010639833635650575, 0.00010373994882684201, 9.753678023116663e-05, 9.750086610438302e-05, 9.873370436253026e-05, 9.176227467833087e-05, 9.274324111174792e-05, 0.00010257803660351783, 9.454011160414666e-05, 9.122984192799777e-05, 8.488695311825722e-05, 9.075740672415122e-05, 8.364125824300572e-05, 8.541534771211445e-05, 8.196613634936512e-05, 9.11204915610142e-05, 8.097389945760369e-05, 8.207403880078346e-05, 8.23594891699031e-05, 8.618512219982222e-05, 9.108051744988188e-05, 8.05462768767029e-05, 7.856553565943614e-05, 8.793261804385111e-05, 7.822149200364947e-05, 7.907930557848886e-05, 7.76653760112822e-05, 7.650328916497529e-05, 7.760372682241723e-05, 7.938256749184802e-05, 8.17463660496287e-05, 8.342281944351271e-05, 7.602917321491987e-05, 7.662503776373342e-05, 7.597869989695027e-05, 8.074035577010363e-05, 8.637421706225723e-05, 7.887270476203412e-05, 7.983754039742053e-05, 7.398752495646477e-05, 7.738850399618968e-05, 7.368795922957361e-05, 7.830390677554533e-05, 7.501133950427175e-05, 7.625804573763162e-05, 7.633993664057925e-05, 7.992722385097295e-05, 8.136889664456248e-05, 7.301413279492408e-05, 7.594510680064559e-05, 8.719121979083866e-05, 7.571726018795744e-05, 7.934446330182254e-05, 7.264614396262914e-05, 7.84276780905202e-05, 8.067020826274529e-05, 7.174954953370616e-05, 7.265277236001566e-05, 8.119750418700278e-05, 7.45873840060085e-05, 8.022704423638061e-05, 7.325682236114517e-05, 7.464135705959052e-05, 7.364266639342532e-05, 7.147058204282075e-05, 7.044302765280008e-05, 7.155093044275418e-05, 7.486902904929593e-05, 7.314168033190072e-05, 7.298165292013437e-05, 7.201288099167868e-05, 7.390424434561282e-05, 7.166102295741439e-05, 7.189855386968702e-05, 7.005050429143012e-05, 7.427826494676992e-05, 7.162868860177696e-05, 7.30056272004731e-05, 6.977196608204395e-05, 7.646628364454955e-05, 7.027644460322335e-05, 7.434500003000721e-05, 6.990093970671296e-05, 7.419481698889285e-05, 7.405436190310866e-05, 7.709240162512287e-05, 7.435420411638916e-05, 7.96409512986429e-05, 7.272578659467399e-05],