{"loss": [0.001239158445969224, 0.0001890280982479453, 8.379532664548606e-05, 5.6681601563468575e-05, 3.963544440921396e-05, 3.2149182516150177e-05, 2.8512558856164105e-05, 2.337746809644159e-05, 2.101174322888255e-05, 1.9400253222556785e-05, 1.7445667253923602e-05, 1.7448837752453983e-05, 1.5468836863874458e-05, 1.3974965440866072e-05, 1.5615574739058502e-05, 1.3175790627428796e-05, 1.1439165064075496e-05, 1.232918475579936e-05, 1.2850427083321847e-05, 1.073695511877304e-05, 9.679847607912961e-06, 1.1174739483976737e-05, 9.838878213486169e-06, 9.566262633597944e-06, 8.883162081474438e-06, 8.878066182660405e-06, 8.58592648000922e-06, 9.018737728183623e-06, 8.911939403333236e-06, 8.229681043303572e-06, 8.614577382104471e-06, 8.088522918114904e-06, 8.483539204462431e-06, 7.073444521665806e-06, 7.86982309364248e-06, 6.252069852052955e-06, 7.121627731976332e-06, 8.144733328663278e-06, 6.621753072977299e-06, 5.829146630276227e-06, 5.896814400330186e-06, 6.1374316828732844e-06, 6.98742860549828e-06, 5.712576694349991e-06, 8.604100003140047e-06, 5.689231329597533e-06, 6.352930995490169e-06, 6.299176220636582e-06, 5.713514383387519e-06, 5.777555543318158e-06, 4.6997065510367975e-06, 4.9271966418018565e-06, 4.710379471362103e-06, 5.163366950000636e-06, 5.5010023061186075e-06, 4.984713541489327e-06, 4.841984264203347e-06, 5.268324002827285e-06, 6.259167548705591e-06, 6.058995950297685e-06, 4.641857231035829e-06, 5.275548119243467e-06, 4.897567123407498e-06, 4.5244655666465405e-06], "mse": [0.001239158445969224, 0.0001890280982479453, 8.379532664548606e-05, 5.6681601563468575e-05, 3.963544440921396e-05, 3.2149182516150177e-05, 2.8512564313132316e-05, 2.337746809644159e-05, 2.101174322888255e-05, 1.9400253222556785e-05, 1.7445667253923602e-05, 1.7448837752453983e-05, 1.5468836863874458e-05, 1.3974965440866072e-05, 1.5615574739058502e-05, 1.3175790627428796e-05, 1.1439165064075496e-05, 1.232918475579936e-05, 1.2850427083321847e-05, 1.073695511877304e-05, 9.679847607912961e-06, 1.1174739483976737e-05, 9.838878213486169e-06, 9.566262633597944e-06, 8.883162081474438e-06, 8.878066182660405e-06, 8.58592648000922e-06, 9.018737728183623e-06, 8.911939403333236e-06, 8.229681043303572e-06, 8.614577382104471e-06, 8.088522918114904e-06, 8.483539204462431e-06, 7.073444521665806e-06, 7.869822184147779e-06, 6.252069852052955e-06, 7.121627731976332e-06, 8.144733328663278e-06, 6.621753072977299e-06, 5.829146630276227e-06, 5.896814400330186e-06, 6.1374316828732844e-06, 6.987429060245631e-06, 5.712576694349991e-06, 8.604100003140047e-06, 5.68922996535548e-06, 6.352930085995467e-06, 6.299176220636582e-06, 5.713514383387519e-06, 5.777555543318158e-06, 4.6997065510367975e-06, 4.9271966418018565e-06, 4.710379471362103e-06, 5.163366950000636e-06, 5.5010023061186075e-06, 4.984714450984029e-06, 4.841984264203347e-06, 5.268324002827285e-06, 6.259167548705591e-06, 6.058995950297685e-06, 4.641857231035829e-06, 5.275548119243467e-06, 4.897567123407498e-06, 4.5244655666465405e-06], "val_loss": [0.0003675029438454658, 9.931890963343903e-05, 6.319257227005437e-05, 4.5698216126766056e-05, 3.552903945092112e-05, 3.10911527776625e-05, 3.03199230984319e-05, 2.719405347306747e-05, 2.5906434530043043e-05, 2.3993306967895478e-05, 2.3640492145204917e-05, 1.9420116586843506e-05, 1.8968665244756266e-05, 2.545765892136842e-05, 1.6488289475091733e-05, 1.6702739230822772e-05, 1.548921864014119e-05, 1.6864651115611196e-05, 1.4914616258465685e-05, 1.415602946508443e-05, 1.5566876754746772e-05, 1.439220523025142e-05, 1.4129809642327018e-05, 1.391617115586996e-05, 1.2454404895834159e-05, 1.4092657693254296e-05, 1.3141177987563424e-05, 1.508343848399818e-05, 1.3299434613145422e-05, 1.3087278603052255e-05, 1.2816614798794035e-05, 1.2859495654993225e-05, 1.229990812134929e-05, 1.2648644769797102e-05, 1.1569824891921598e-05, 1.2615842024388257e-05, 1.1145981261506677e-05, 1.6817089999676682e-05, 1.12783445729292e-05, 1.0328712050977629e-05, 1.195860022562556e-05, 1.3093384040985256e-05, 1.0274308806401677e-05, 1.0903476322710048e-05, 1.2362322195258457e-05, 1.0606858268147334e-05, 1.1111375897598919e-05, 1.175190664071124e-05, 1.0408060916233808e-05, 9.804148248804267e-06, 9.61688238021452e-06, 9.200402928399853e-06, 9.79425931291189e-06, 8.981750397651922e-06, 1.0764341823232826e-05, 1.0567475328571163e-05, 9.934666195476893e-06, 1.0111950359714683e-05, 1.1387897757231258e-05, 9.115842658502515e-06, 9.516573300061282e-06, 1.0070741154777352e-05, 9.310677342000417e-06, 9.446182957617566e-06], "val_mse": [0.0003675029438454658, 9.931890963343903e-05, 6.319257227005437e-05, 4.5698216126766056e-05, 3.552903945092112e-05, 3.10911527776625e-05, 3.03199230984319e-05, 2.719405347306747e-05, 2.5906434530043043e-05, 2.3993306967895478e-05, 2.3640492145204917e-05, 1.9420116586843506e-05, 1.8968665244756266e-05, 2.545765892136842e-05, 1.6488289475091733e-05, 1.6702739230822772e-05, 1.548921864014119e-05, 1.6864651115611196e-05, 1.4914616258465685e-05, 1.415602946508443e-05, 1.5566876754746772e-05, 1.439220523025142e-05, 1.4129808732832316e-05, 1.391617115586996e-05, 1.2454404895834159e-05, 1.4092657693254296e-05, 1.3141177987563424e-05, 1.508343848399818e-05, 1.3299434613145422e-05, 1.3087278603052255e-05, 1.2816614798794035e-05, 1.2859495654993225e-05, 1.229990812134929e-05, 1.2648644769797102e-05, 1.1569824891921598e-05, 1.2615842024388257e-05, 1.1145983989990782e-05, 1.6817089999676682e-05, 1.12783445729292e-05, 1.0328712050977629e-05, 1.195860022562556e-05, 1.3093384040985256e-05, 1.0274307896906976e-05, 1.0903476322710048e-05, 1.2362322195258457e-05, 1.0606858268147334e-05, 1.1111375897598919e-05, 1.175190664071124e-05, 1.0408060916233808e-05, 9.804148248804267e-06, 9.61688238021452e-06, 9.200402928399853e-06, 9.79425931291189e-06, 8.981750397651922e-06, 1.0764341823232826e-05, 1.0567475328571163e-05, 9.934666195476893e-06, 1.0111950359714683e-05, 1.1387897757231258e-05, 9.115842658502515e-06, 9.516573300061282e-06, 1.0070741154777352e-05, 9.310677342000417e-06, 9.446182957617566e-06]}