{"loss": [0.006318087223917246, 0.004503628704696894, 0.0031106597743928432, 0.0022325862664729357, 0.002054821001365781, 0.0019224926363676786, 0.001745742978528142, 0.0016102322842925787, 0.00149551744107157, 0.0013741852017119527, 0.0012496333802118897, 0.0011669762898236513, 0.0010294027160853148, 0.000944098923355341, 0.0008361065993085504, 0.0007201694534160197, 0.000658065197058022, 0.000551435980014503, 0.0004727779305540025, 0.00043998853652738035, 0.0003840785357169807, 0.00032055217889137566, 0.00027108637732453644, 0.00025924271903932095, 0.0002314052835572511, 0.000218750792555511, 0.00018945004558190703, 0.00018155077123083174, 0.00016644403513055295, 0.00015992097905837, 0.00014419725630432367, 0.00013465722440741956, 0.0001243309525307268, 0.00012809339386876673, 0.0001213810610352084, 0.00012141837214585394, 0.00011313613504171371, 0.0001130091623053886, 0.00010295829270035028, 9.729127486934885e-05, 0.00010339333675801754, 0.00010435839794808999, 9.855067037278786e-05, 9.440605208510533e-05, 8.201128366636112e-05, 8.266721852123737e-05, 8.760175842326134e-05, 0.00010125422704732046, 8.79958679433912e-05, 8.42136432765983e-05, 7.24336932762526e-05, 6.809686601627618e-05, 6.867926276754588e-05], "mse": [0.006318087223917246, 0.004503628704696894, 0.0031106597743928432, 0.0022325862664729357, 0.002054821001365781, 0.0019224926363676786, 0.001745742978528142, 0.0016102322842925787, 0.001495517324656248, 0.0013741852017119527, 0.0012496333802118897, 0.0011669762898236513, 0.0010294027160853148, 0.000944098923355341, 0.0008361065993085504, 0.0007201694534160197, 0.000658065197058022, 0.000551435980014503, 0.0004727779305540025, 0.00043998853652738035, 0.0003840785357169807, 0.00032055217889137566, 0.00027108637732453644, 0.00025924271903932095, 0.0002314052835572511, 0.000218750792555511, 0.00018945004558190703, 0.00018155077123083174, 0.00016644403513055295, 0.00015992097905837, 0.00014419725630432367, 0.00013465722440741956, 0.0001243309525307268, 0.00012809339386876673, 0.0001213810610352084, 0.00012141837214585394, 0.00011313613504171371, 0.0001130091623053886, 0.00010295829270035028, 9.729127486934885e-05, 0.00010339333675801754, 0.00010435838339617476, 9.855067037278786e-05, 9.440605208510533e-05, 8.201128366636112e-05, 8.266721124527976e-05, 8.760175842326134e-05, 0.00010125422704732046, 8.79958679433912e-05, 8.42136432765983e-05, 7.24336932762526e-05, 6.809686601627618e-05, 6.867926276754588e-05], "val_loss": [0.00616812240332365, 0.0044480361975729465, 0.003244639141485095, 0.0027962850872427225, 0.0031618624925613403, 0.0030069034546613693, 0.0026256784331053495, 0.002579027321189642, 0.0024678006302565336, 0.0022755968384444714, 0.0023452069144695997, 0.002108317567035556, 0.0019468195969238877, 0.0016558058559894562, 0.001545033184811473, 0.0013519045896828175, 0.0012978860177099705, 0.0011375282192602754, 0.001176901743747294, 0.0011213571997359395, 0.0007888145628385246, 0.0006990883266553283, 0.0007786512142047286, 0.0007306432235054672, 0.000618305872194469, 0.0006383261061273515, 0.0005370841827243567, 0.0005742386565543711, 0.0005132749211043119, 0.00044654132216237485, 0.00045544924796558917, 0.0004245721211191267, 0.000490898615680635, 0.0004370230308268219, 0.0004661447019316256, 0.0004317709244787693, 0.0004666487220674753, 0.0003553955757524818, 0.00039611136890016496, 0.00036652912967838347, 0.00043495773570612073, 0.0004192069172859192, 0.00032761687180027366, 0.0004084683896508068, 0.00039170068339444697, 0.0003521214530337602, 0.00044724554754793644, 0.00040572331636212766, 0.0003565464576240629, 0.0003928278456442058, 0.00035033104359172285, 0.00036833135527558625, 0.0003898978466168046], "val_mse": [0.00616812240332365, 0.0044480361975729465, 0.003244639141485095, 0.0027962850872427225, 0.0031618624925613403, 0.0030069034546613693, 0.0026256784331053495, 0.002579027321189642, 0.0024678006302565336, 0.0022755968384444714, 0.0023452069144695997, 0.002108317567035556, 0.0019468195969238877, 0.0016558058559894562, 0.001545033184811473, 0.0013519047060981393, 0.0012978860177099705, 0.0011375282192602754, 0.001176901743747294, 0.0011213571997359395, 0.0007888145628385246, 0.0006990883266553283, 0.0007786512142047286, 0.0007306432235054672, 0.000618305872194469, 0.0006383261061273515, 0.0005370841827243567, 0.000574238714762032, 0.0005132749211043119, 0.00044654132216237485, 0.00045544924796558917, 0.0004245721211191267, 0.000490898615680635, 0.0004370230308268219, 0.0004661447019316256, 0.0004317709244787693, 0.0004666487220674753, 0.0003553955757524818, 0.00039611136890016496, 0.00036652912967838347, 0.00043495773570612073, 0.0004192069172859192, 0.00032761687180027366, 0.0004084683896508068, 0.00039170068339444697, 0.0003521214530337602, 0.00044724554754793644, 0.00040572331636212766, 0.0003565464576240629, 0.0003928278456442058, 0.00035033104359172285, 0.0003683313261717558, 0.0003898978466168046]}