{"loss": [0.0029126685112714767, 0.0026871985755860806, 0.002536078216508031, 0.002412713598459959, 0.002308323048055172, 0.0022332477383315563, 0.0021144396159797907, 0.0020700267050415277, 0.0019604526460170746, 0.00190091656986624, 0.0018405088922008872, 0.0017920180689543486, 0.001735255471430719, 0.0016738049453124404, 0.001636882545426488, 0.0016275120433419943, 0.0015848949551582336, 0.0015831179916858673, 0.0015481810551136732, 0.0015257915947586298, 0.0015092159155756235, 0.0014805442187935114, 0.001504282234236598, 0.0014590742066502571, 0.0014592816587537527, 0.0014142078580334783, 0.001433290191926062, 0.0013966179685667157, 0.0014039594680070877, 0.0013797859428450465, 0.0013527724659070373, 0.0013462366769090295, 0.0013418842572718859, 0.001338451518677175, 0.0013178467052057385, 0.0013108736602589488, 0.0013034134171903133, 0.0013196759391576052, 0.0012967076618224382, 0.0012892119120806456, 0.0012513212859630585, 0.0012642384972423315, 0.001238957280293107, 0.0012438753619790077, 0.0012442549923434854, 0.0012044638860970736, 0.0012006929609924555, 0.0011938752140849829, 0.0011663377517834306, 0.0011652624234557152, 0.0011579357087612152, 0.0011653683613985777, 0.0011862734099850059, 0.0011435571359470487, 0.0011183888418599963, 0.0011306272353976965, 0.0011538950493559241, 0.0011306207161396742, 0.0011358350748196244, 0.0011008953442797065, 0.0010945668909698725], "mse": [0.0029126685112714767, 0.0026871985755860806, 0.002536078216508031, 0.002412713598459959, 0.002308323048055172, 0.0022332477383315563, 0.0021144396159797907, 0.0020700267050415277, 0.0019604526460170746, 0.00190091656986624, 0.0018405088922008872, 0.0017920180689543486, 0.001735255471430719, 0.0016738049453124404, 0.001636882545426488, 0.0016275120433419943, 0.0015848949551582336, 0.0015831179916858673, 0.0015481810551136732, 0.0015257915947586298, 0.0015092159155756235, 0.0014805442187935114, 0.001504282234236598, 0.0014590742066502571, 0.0014592816587537527, 0.0014142078580334783, 0.001433290191926062, 0.0013966179685667157, 0.0014039594680070877, 0.0013797861756756902, 0.0013527724659070373, 0.0013462366769090295, 0.0013418842572718859, 0.001338451518677175, 0.0013178467052057385, 0.0013108737766742706, 0.0013034134171903133, 0.0013196759391576052, 0.0012967076618224382, 0.0012892119120806456, 0.0012513212859630585, 0.0012642384972423315, 0.001238957280293107, 0.0012438753619790077, 0.0012442549923434854, 0.0012044638860970736, 0.0012006929609924555, 0.0011938752140849829, 0.0011663377517834306, 0.0011652624234557152, 0.0011579357087612152, 0.0011653683613985777, 0.0011862734099850059, 0.0011435571359470487, 0.0011183888418599963, 0.0011306272353976965, 0.0011538950493559241, 0.0011306207161396742, 0.0011358350748196244, 0.0011008953442797065, 0.0010945667745545506], "val_loss": [0.002643940504640341, 0.0025176634080708027, 0.0024084418546408415, 0.002311769872903824, 0.002236558124423027, 0.0021805916912853718, 0.0021017869003117085, 0.0019808346405625343, 0.001892798813059926, 0.001820016885176301, 0.0017550189513713121, 0.0016831865068525076, 0.0016284262528643012, 0.0015784204006195068, 0.0016155438497662544, 0.001546302461065352, 0.0014938532840460539, 0.001469214679673314, 0.0014603433664888144, 0.0014460537349805236, 0.0014259355375543237, 0.001421360531821847, 0.00149062043055892, 0.0014515637885779142, 0.0014097040984779596, 0.0013773567043244839, 0.0014259506715461612, 0.0014072804478928447, 0.001378646120429039, 0.0014330625999718904, 0.0013602976687252522, 0.0014000029768794775, 0.001383469090797007, 0.001349881524220109, 0.0013723388547077775, 0.0013462164206430316, 0.001384026138111949, 0.0013588725123554468, 0.0014010570012032986, 0.0013657454401254654, 0.001362099777907133, 0.0013623812701553106, 0.0013456667074933648, 0.0013565060216933489, 0.0013600485399365425, 0.0013395252171903849, 0.0013442330528050661, 0.0013571848394349217, 0.0013787724310532212, 0.0013550500152632594, 0.0013328164350241423, 0.001386338146403432, 0.001363883027806878, 0.0013510624412447214, 0.0013586723944172263, 0.0013721048599109054, 0.0013849803945049644, 0.001371846767142415, 0.0013515220489352942, 0.0013702933210879564, 0.0013416815781965852], "val_mse": [0.002643940504640341, 0.0025176634080708027, 0.0024084418546408415, 0.002311769872903824, 0.002236558124423027, 0.0021805916912853718, 0.0021017869003117085, 0.0019808346405625343, 0.001892798813059926, 0.001820016885176301, 0.0017550189513713121, 0.0016831865068525076, 0.0016284262528643012, 0.0015784204006195068, 0.0016155438497662544, 0.001546302461065352, 0.0014938532840460539, 0.001469214679673314, 0.0014603433664888144, 0.0014460537349805236, 0.0014259355375543237, 0.001421360531821847, 0.00149062043055892, 0.0014515637885779142, 0.0014097040984779596, 0.0013773567043244839, 0.0014259506715461612, 0.0014072804478928447, 0.001378646120429039, 0.0014330625999718904, 0.0013602976687252522, 0.0014000029768794775, 0.001383469090797007, 0.001349881524220109, 0.0013723388547077775, 0.0013462164206430316, 0.001384026138111949, 0.0013588725123554468, 0.0014010571176186204, 0.0013657454401254654, 0.001362099777907133, 0.0013623812701553106, 0.0013456667074933648, 0.0013565060216933489, 0.0013600485399365425, 0.0013395252171903849, 0.0013442330528050661, 0.0013571848394349217, 0.0013787724310532212, 0.0013550500152632594, 0.0013328164350241423, 0.001386338146403432, 0.001363883027806878, 0.0013510624412447214, 0.0013586723944172263, 0.0013721048599109054, 0.0013849803945049644, 0.001371846767142415, 0.0013515220489352942, 0.0013702934375032783, 0.0013416815781965852]}