{"loss": [0.006388316862285137, 0.0042768619023263454, 0.002012829529121518, 0.00090094591723755, 0.0005660232855007052, 0.00043936335714533925, 0.0003619589260779321, 0.0003089219972025603, 0.00028528220718726516, 0.00027394224889576435, 0.0002338026388315484, 0.000220863803406246, 0.00021535821724683046, 0.0002041615080088377, 0.00019114193855784833, 0.00019009840616490692, 0.00017226948693860322, 0.00016177726502064615, 0.00015669834101572633, 0.00014999350241851062, 0.00014744212967343628, 0.00014712990378029644, 0.0001410990080330521, 0.0001358697918476537, 0.00013557844795286655, 0.00013640578254126012, 0.0001277303381357342, 0.0001372715923935175, 0.00012731736933346838, 0.00012202826474094763, 0.00012358746607787907, 0.00012209037959109992, 0.00011792548320954666, 0.00011313549475744367, 0.00011171549704158679, 0.00011023490515071899, 0.0001101450325222686, 0.00010979406215483323, 0.00010959243081742898, 0.00010567223944235593, 0.00010722670413088053, 9.732948092278093e-05], "mse": [0.006388316862285137, 0.0042768619023263454, 0.002012829529121518, 0.00090094591723755, 0.0005660232855007052, 0.00043936335714533925, 0.0003619589260779321, 0.0003089219972025603, 0.00028528220718726516, 0.00027394224889576435, 0.0002338026388315484, 0.000220863803406246, 0.00021535821724683046, 0.0002041615080088377, 0.00019114193855784833, 0.00019009840616490692, 0.00017226948693860322, 0.00016177726502064615, 0.00015669834101572633, 0.00014999350241851062, 0.00014744212967343628, 0.00014712990378029644, 0.0001410990080330521, 0.0001358697918476537, 0.00013557844795286655, 0.00013640578254126012, 0.0001277303381357342, 0.0001372715923935175, 0.00012731736933346838, 0.00012202826474094763, 0.00012358746607787907, 0.00012209037959109992, 0.00011792548320954666, 0.00011313549475744367, 0.00011171549704158679, 0.00011023490515071899, 0.0001101450325222686, 0.00010979406215483323, 0.00010959243081742898, 0.00010567223944235593, 0.00010722670413088053, 9.732948092278093e-05], "val_loss": [0.007797405123710632, 0.005293336696922779, 0.0034129037521779537, 0.002360452665016055, 0.0018694273894652724, 0.0014277403242886066, 0.0011948521714657545, 0.001344616524875164, 0.0009719685767777264, 0.001113047474063933, 0.0009723292896524072, 0.0008582925656810403, 0.0009786617010831833, 0.000934772368054837, 0.000999431242235005, 0.0007400058675557375, 0.000832322402857244, 0.0008763635414652526, 0.000772968283854425, 0.0007924697129055858, 0.0007839871686883271, 0.0007704015006311238, 0.0007444372749887407, 0.000670339388307184, 0.0007663179421797395, 0.0007596059003844857, 0.000778824498411268, 0.0007369358791038394, 0.0008072840282693505, 0.0007194707868620753, 0.0007425256771966815, 0.0006118114106357098, 0.0007452014251612127, 0.0007087360718287528, 0.0007739249849691987, 0.0007326084887608886, 0.0007123368559405208, 0.0007160883396863937, 0.0006876856787130237, 0.0006127302767708898, 0.0006436756812036037, 0.0006703048129566014], "val_mse": [0.007797405123710632, 0.005293336696922779, 0.0034129037521779537, 0.002360452665016055, 0.0018694273894652724, 0.0014277403242886066, 0.0011948521714657545, 0.001344616524875164, 0.0009719685767777264, 0.001113047474063933, 0.0009723292896524072, 0.0008582925656810403, 0.0009786617010831833, 0.000934772368054837, 0.000999431242235005, 0.0007400058675557375, 0.000832322402857244, 0.0008763635414652526, 0.000772968283854425, 0.0007924697129055858, 0.0007839871686883271, 0.0007704015006311238, 0.0007444372167810798, 0.000670339388307184, 0.0007663179421797395, 0.0007596059003844857, 0.000778824498411268, 0.0007369358791038394, 0.0008072840282693505, 0.0007194707286544144, 0.0007425256771966815, 0.0006118114106357098, 0.0007452014251612127, 0.0007087360718287528, 0.0007739249849691987, 0.0007326084305532277, 0.0007123368559405208, 0.0007160883396863937, 0.0006876856787130237, 0.0006127302767708898, 0.0006436756812036037, 0.0006703048129566014]}