{"loss": [0.00206108414568007, 0.0014136061072349548, 0.0009001708822324872, 0.0005944657023064792, 0.00041453586891293526, 0.0002749333798419684, 0.00021275765902828425, 0.00017096844385378063, 0.00013332031085155904, 0.00012475144467316568, 0.00011834113684017211, 0.0001047357072820887, 0.00010337944695493206, 9.857236727839336e-05, 9.461670560995117e-05, 8.202296157833189e-05, 7.6823249401059e-05, 7.843312778277323e-05, 8.256470027845353e-05, 8.310487464768812e-05, 7.570766319986433e-05, 6.512573600048199e-05, 5.804199099657126e-05, 5.7591718359617516e-05, 5.375680484576151e-05, 5.7057935919146985e-05, 6.267042044783011e-05, 5.498657628777437e-05, 5.058306851424277e-05, 4.9597088946029544e-05, 4.6881257731001824e-05, 4.4594034989131615e-05, 4.622301639756188e-05, 4.454231384443119e-05, 4.204093784210272e-05, 4.2318657506257296e-05, 3.959367677452974e-05, 4.233391518937424e-05, 4.289536809665151e-05, 4.2066174501087517e-05, 4.046147296321578e-05, 3.9178095903480425e-05, 3.7328652979340404e-05, 3.941810064134188e-05, 4.194068242213689e-05, 3.5686120099853724e-05, 3.521734106470831e-05, 3.5142689739586785e-05, 3.325857687741518e-05, 3.5993351048091426e-05, 3.706895950017497e-05, 4.033488949062303e-05, 3.6491499486146495e-05, 3.1518444302491844e-05, 3.3222393540199846e-05, 3.4125630918424577e-05, 3.1537754693999887e-05, 3.056588684557937e-05, 3.0128881917335093e-05], "mse": [0.00206108414568007, 0.0014136061072349548, 0.0009001708822324872, 0.0005944657023064792, 0.00041453586891293526, 0.0002749333798419684, 0.00021275765902828425, 0.00017096844385378063, 0.00013332031085155904, 0.00012475144467316568, 0.00011834113684017211, 0.0001047357072820887, 0.00010337944695493206, 9.857236727839336e-05, 9.461670560995117e-05, 8.202296157833189e-05, 7.6823249401059e-05, 7.843312778277323e-05, 8.256470027845353e-05, 8.310488192364573e-05, 7.570766319986433e-05, 6.512573600048199e-05, 5.804199099657126e-05, 5.7591718359617516e-05, 5.375680484576151e-05, 5.7057935919146985e-05, 6.267042044783011e-05, 5.498658356373198e-05, 5.058306851424277e-05, 4.9597088946029544e-05, 4.6881257731001824e-05, 4.4594034989131615e-05, 4.622301639756188e-05, 4.454231384443119e-05, 4.204093784210272e-05, 4.2318657506257296e-05, 3.959367677452974e-05, 4.233391518937424e-05, 4.289536809665151e-05, 4.2066174501087517e-05, 4.046147296321578e-05, 3.9178095903480425e-05, 3.7328652979340404e-05, 3.941810064134188e-05, 4.194068242213689e-05, 3.5686120099853724e-05, 3.521734106470831e-05, 3.5142689739586785e-05, 3.325857687741518e-05, 3.5993351048091426e-05, 3.706895950017497e-05, 4.033488949062303e-05, 3.64915031241253e-05, 3.1518444302491844e-05, 3.3222393540199846e-05, 3.4125630918424577e-05, 3.153775105602108e-05, 3.056588684557937e-05, 3.0128881917335093e-05], "val_loss": [0.001606653444468975, 0.0010436055017635226, 0.0006650473223999143, 0.0004531710874289274, 0.0002651868271641433, 0.00020376541942823678, 0.0002185764751629904, 0.0001115387785830535, 0.00011201845336472616, 0.00011664132762234658, 9.75774964899756e-05, 9.43174964049831e-05, 8.744272781768814e-05, 8.782449003774673e-05, 8.180844451999292e-05, 7.7656855864916e-05, 7.868385000620037e-05, 8.735607843846083e-05, 0.00010379574086982757, 7.284329331014305e-05, 8.942744170781225e-05, 7.136489875847474e-05, 6.926381320226938e-05, 6.723721890011802e-05, 6.651771400356665e-05, 7.019644544925541e-05, 7.576887583127245e-05, 6.910318916197866e-05, 6.30892682238482e-05, 6.985838990658522e-05, 6.493735418189317e-05, 6.796969682909548e-05, 6.867195770610124e-05, 6.322183617157862e-05, 6.908506475156173e-05, 6.480580486822873e-05, 6.11802315688692e-05, 6.600344931939617e-05, 6.110213871579617e-05, 6.534520070999861e-05, 6.052049502613954e-05, 5.9893191064475104e-05, 6.452604429796338e-05, 5.968146797385998e-05, 7.112376624718308e-05, 6.066189962439239e-05, 6.856115214759484e-05, 6.411088543245569e-05, 5.635654815705493e-05, 6.367374589899555e-05, 8.468797750538215e-05, 8.489051833748817e-05, 6.31796574452892e-05, 6.0335769376251847e-05, 6.925662455614656e-05, 6.279847730183974e-05, 6.160440534586087e-05, 6.338399543892592e-05, 6.128330278443173e-05], "val_mse": [0.001606653444468975, 0.0010436055017635226, 0.0006650473223999143, 0.0004531710874289274, 0.0002651868271641433, 0.00020376541942823678, 0.0002185764751629904, 0.00011153876403113827, 0.00011201845336472616, 0.00011664132762234658, 9.75774964899756e-05, 9.43174964049831e-05, 8.744272781768814e-05, 8.782449003774673e-05, 8.180844451999292e-05, 7.765684858895838e-05, 7.868385000620037e-05, 8.735607843846083e-05, 0.00010379574086982757, 7.284329331014305e-05, 8.942744170781225e-05, 7.136489875847474e-05, 6.926381320226938e-05, 6.723721890011802e-05, 6.651771400356665e-05, 7.019644544925541e-05, 7.576887583127245e-05, 6.910318916197866e-05, 6.30892682238482e-05, 6.985838990658522e-05, 6.493735418189317e-05, 6.796969682909548e-05, 6.867195770610124e-05, 6.322183617157862e-05, 6.908506475156173e-05, 6.480580486822873e-05, 6.11802315688692e-05, 6.600344931939617e-05, 6.110213871579617e-05, 6.534520070999861e-05, 6.052049502613954e-05, 5.9893191064475104e-05, 6.452604429796338e-05, 5.968146797385998e-05, 7.112376624718308e-05, 6.066189962439239e-05, 6.856115214759484e-05, 6.411088543245569e-05, 5.635654815705493e-05, 6.367374589899555e-05, 8.468797750538215e-05, 8.489051833748817e-05, 6.31796574452892e-05, 6.0335769376251847e-05, 6.925662455614656e-05, 6.279847730183974e-05, 6.160440534586087e-05, 6.338399543892592e-05, 6.128330278443173e-05]}