{"loss": [0.0026538935489952564, 0.0020529211033135653, 0.0016981266671791673, 0.0014094774378463626, 0.001265443628653884, 0.0010962288361042738, 0.0010017870226874948, 0.000942182436119765, 0.0009249040740542114, 0.0008840010268613696, 0.0008563558803871274, 0.0008501661941409111, 0.0008395113982260227, 0.000811489881016314, 0.0007916339673101902, 0.0007757420535199344, 0.000763969961553812, 0.0007673760410398245, 0.0007512938464060426, 0.0007580450619570911, 0.0007453710422851145, 0.0007338596624322236, 0.0007403431227430701, 0.0007019516197033226, 0.0006925746565684676, 0.0006837548571638763, 0.0006802483694627881, 0.0006684410618618131, 0.000670009118039161, 0.0006655732868239284, 0.000671275076456368, 0.000639256730210036], "mse": [0.0026538935489952564, 0.0020529211033135653, 0.0016981266671791673, 0.0014094774378463626, 0.001265443628653884, 0.0010962288361042738, 0.0010017870226874948, 0.000942182436119765, 0.0009249040740542114, 0.0008840010268613696, 0.0008563558803871274, 0.0008501661941409111, 0.0008395113982260227, 0.000811489881016314, 0.0007916339673101902, 0.0007757420535199344, 0.000763969961553812, 0.0007673760410398245, 0.0007512938464060426, 0.000758045120164752, 0.0007453710422851145, 0.0007338596624322236, 0.0007403431227430701, 0.0007019516197033226, 0.0006925746565684676, 0.0006837548571638763, 0.0006802483694627881, 0.0006684410618618131, 0.000670009118039161, 0.0006655732868239284, 0.000671275076456368, 0.000639256788417697], "val_loss": [0.0028292867355048656, 0.002405469538643956, 0.0019907974638044834, 0.001674003666266799, 0.0016662621637806296, 0.0015134667046368122, 0.0014166105538606644, 0.0015454498352482915, 0.0012936684070155025, 0.0013171903556212783, 0.001298755407333374, 0.0013521438231691718, 0.0011968305334448814, 0.0012561999028548598, 0.001218048157170415, 0.0012543427292257547, 0.0011782973306253552, 0.0012253759196028113, 0.001129727577790618, 0.0011938787065446377, 0.001274238689802587, 0.0010907880496233702, 0.0011515163350850344, 0.0012064806651324034, 0.0011502874549478292, 0.00131992029491812, 0.0011744587682187557, 0.0011691742110997438, 0.001141546992585063, 0.001217786455526948, 0.001306929043494165, 0.0011042242404073477], "val_mse": [0.0028292867355048656, 0.002405469538643956, 0.0019907974638044834, 0.001674003666266799, 0.0016662621637806296, 0.0015134667046368122, 0.0014166105538606644, 0.0015454499516636133, 0.0012936684070155025, 0.0013171903556212783, 0.001298755407333374, 0.0013521438231691718, 0.0011968305334448814, 0.0012561999028548598, 0.001218048157170415, 0.0012543427292257547, 0.0011782973306253552, 0.0012253758031874895, 0.001129727577790618, 0.0011938787065446377, 0.001274238689802587, 0.0010907880496233702, 0.0011515163350850344, 0.0012064806651324034, 0.0011502874549478292, 0.00131992029491812, 0.0011744587682187557, 0.0011691742110997438, 0.001141546992585063, 0.001217786455526948, 0.001306929043494165, 0.0011042243568226695]}