{"loss": [0.0017454761546105146, 0.0005612983368337154, 0.0002832439204212278, 0.000172108702827245, 0.00014540235861204565, 0.00011941729462705553, 0.00010516720067244023, 8.74415782163851e-05, 8.00954076112248e-05, 7.648879545740783e-05, 6.875881808809936e-05, 6.19089332758449e-05, 6.124879291746765e-05, 5.680224785464816e-05, 5.2376988605828956e-05, 4.943761814502068e-05, 4.9869719077833e-05, 4.8372730816481635e-05, 4.7154651838354766e-05, 4.6084471250651404e-05, 4.3848347559105605e-05, 5.149563367012888e-05, 5.050829713582061e-05, 4.148606603848748e-05, 4.17205119447317e-05, 3.751811891561374e-05, 3.732684126589447e-05, 3.6873025237582624e-05, 3.6264496884541586e-05, 3.747855225810781e-05, 3.832827496808022e-05, 3.4044649510178715e-05, 3.4082826459780335e-05, 3.6218014429323375e-05, 3.3078878914238885e-05, 3.566954910638742e-05, 3.1724390282761306e-05, 3.28260866808705e-05, 3.22055202559568e-05, 3.0328636057674885e-05, 3.077703877352178e-05, 3.086201104451902e-05, 3.029246181540657e-05, 2.9488348445738666e-05, 2.9281860406626947e-05, 2.848476833605673e-05, 2.8519436455098912e-05, 2.8555830795085058e-05, 2.7525231416802853e-05, 2.627592948556412e-05, 2.878548184526153e-05, 3.106080475845374e-05, 2.6385410819784738e-05, 3.089400343014859e-05, 2.729728839767631e-05, 2.6976789740729146e-05, 2.562461122579407e-05, 2.5603098038118333e-05, 2.7060448701377027e-05, 2.4225679226219654e-05, 2.3541439077234827e-05, 2.877038969018031e-05, 2.4643279175506905e-05, 2.503761788830161e-05, 2.347620829823427e-05, 2.2469894247478805e-05, 2.6860905563808046e-05, 2.323001899640076e-05, 2.3406430045724846e-05, 2.317944381502457e-05, 2.5066679882002063e-05, 2.256354855489917e-05, 2.2717062165611424e-05, 2.6675421395339072e-05, 2.1837084204889834e-05, 2.2563806851394475e-05, 2.458445669617504e-05, 2.5469802494626492e-05, 2.2978289052844048e-05, 2.022276930802036e-05, 2.205298005719669e-05, 2.1022080545662902e-05, 2.0905936253257096e-05, 2.2416203137254342e-05, 2.0838642740272917e-05], "mse": [0.0017454761546105146, 0.0005612983368337154, 0.0002832439204212278, 0.000172108702827245, 0.00014540235861204565, 0.00011941729462705553, 0.00010516720067244023, 8.74415782163851e-05, 8.009540033526719e-05, 7.648879545740783e-05, 6.875881808809936e-05, 6.19089332758449e-05, 6.124879291746765e-05, 5.680224785464816e-05, 5.2376988605828956e-05, 4.943761814502068e-05, 4.9869719077833e-05, 4.8372730816481635e-05, 4.7154651838354766e-05, 4.6084471250651404e-05, 4.3848347559105605e-05, 5.149563367012888e-05, 5.050830077379942e-05, 4.148606603848748e-05, 4.17205119447317e-05, 3.751811891561374e-05, 3.732684126589447e-05, 3.6873025237582624e-05, 3.6264496884541586e-05, 3.747855225810781e-05, 3.832827496808022e-05, 3.4044649510178715e-05, 3.4082826459780335e-05, 3.6218014429323375e-05, 3.3078878914238885e-05, 3.566954910638742e-05, 3.1724390282761306e-05, 3.28260866808705e-05, 3.22055202559568e-05, 3.032863423868548e-05, 3.077703877352178e-05, 3.086201104451902e-05, 3.029246181540657e-05, 2.9488348445738666e-05, 2.9281860406626947e-05, 2.848476833605673e-05, 2.8519436455098912e-05, 2.8555830795085058e-05, 2.7525231416802853e-05, 2.627592948556412e-05, 2.878548184526153e-05, 3.106080475845374e-05, 2.6385410819784738e-05, 3.089400343014859e-05, 2.729728839767631e-05, 2.6976789740729146e-05, 2.562461122579407e-05, 2.5603098038118333e-05, 2.7060448701377027e-05, 2.4225679226219654e-05, 2.3541439077234827e-05, 2.8770386052201502e-05, 2.4643279175506905e-05, 2.503761788830161e-05, 2.347620829823427e-05, 2.246989606646821e-05, 2.6860905563808046e-05, 2.323001899640076e-05, 2.3406430045724846e-05, 2.317944381502457e-05, 2.5066679882002063e-05, 2.256354855489917e-05, 2.2717062165611424e-05, 2.6675421395339072e-05, 2.1837084204889834e-05, 2.2563806851394475e-05, 2.458445669617504e-05, 2.5469802494626492e-05, 2.2978289052844048e-05, 2.022276930802036e-05, 2.205298005719669e-05, 2.1022080545662902e-05, 2.0905936253257096e-05, 2.2416203137254342e-05, 2.0838642740272917e-05], "val_loss": [0.0008054359350353479, 0.000314669799990952, 0.00018253499001730233, 0.00014177239791024476, 0.0001223801082232967, 9.967363439500332e-05, 8.714600699022412e-05, 8.344416710315272e-05, 7.243490108521655e-05, 7.302223093574867e-05, 7.248074689414352e-05, 6.845083407824859e-05, 6.760356336599216e-05, 6.565096555277705e-05, 6.300389213720337e-05, 6.174456211738288e-05, 6.562654743902385e-05, 6.02232976234518e-05, 6.595043669221923e-05, 6.148497777758166e-05, 6.442236190196127e-05, 7.455307058990002e-05, 6.71917077852413e-05, 6.716219650115818e-05, 5.9455313021317124e-05, 6.0283095081103966e-05, 6.103794294176623e-05, 6.102153565734625e-05, 6.161460623843595e-05, 6.610780110349879e-05, 6.101227336330339e-05, 6.307795410975814e-05, 5.901164695387706e-05, 6.221065268618986e-05, 6.210598803590983e-05, 6.599770131288096e-05, 6.432089867303148e-05, 5.9302714362274855e-05, 5.957113899057731e-05, 5.98758488195017e-05, 5.8324108977103606e-05, 6.962010957067832e-05, 6.573573045898229e-05, 6.1887847550679e-05, 6.0014150221832097e-05, 5.9789126680698246e-05, 5.911172411288135e-05, 5.793896343675442e-05, 5.7411427405895665e-05, 5.901078839087859e-05, 6.153329013613984e-05, 5.865362618351355e-05, 5.768836126662791e-05, 6.0811238654423505e-05, 5.9441590565256774e-05, 5.902424163650721e-05, 5.792071533505805e-05, 6.457657582359388e-05, 5.721655543311499e-05, 6.0929698520340025e-05, 6.336955993901938e-05, 5.643831900670193e-05, 5.775898534920998e-05, 5.888915984542109e-05, 5.600467920885421e-05, 5.842575410497375e-05, 6.589087570318952e-05, 5.692619743058458e-05, 6.084212145651691e-05, 6.131447298685089e-05, 5.925428922637366e-05, 5.8796926168724895e-05, 6.523471529362723e-05, 6.353625212796032e-05, 5.58330757485237e-05, 6.186975224409252e-05, 6.114154530223459e-05, 6.011970981489867e-05, 5.729283657274209e-05, 5.818671706947498e-05, 5.591565422946587e-05, 5.741523273172788e-05, 5.8746212744154036e-05, 5.795837932964787e-05, 5.746731403633021e-05], "val_mse": [0.0008054359350353479, 0.000314669799990952, 0.00018253499001730233, 0.00014177239791024476, 0.0001223801082232967, 9.967363439500332e-05, 8.714600699022412e-05, 8.344416710315272e-05, 7.243490108521655e-05, 7.302223093574867e-05, 7.248074689414352e-05, 6.845083407824859e-05, 6.760356336599216e-05, 6.565096555277705e-05, 6.300389213720337e-05, 6.174456211738288e-05, 6.562654743902385e-05, 6.02232976234518e-05, 6.595043669221923e-05, 6.148497777758166e-05, 6.442235462600365e-05, 7.455307058990002e-05, 6.71917077852413e-05, 6.716219650115818e-05, 5.9455313021317124e-05, 6.0283095081103966e-05, 6.103794294176623e-05, 6.102153565734625e-05, 6.161460623843595e-05, 6.610780110349879e-05, 6.101227336330339e-05, 6.307795410975814e-05, 5.9011643315898255e-05, 6.221065268618986e-05, 6.210598803590983e-05, 6.599770131288096e-05, 6.432089867303148e-05, 5.9302714362274855e-05, 5.957113899057731e-05, 5.98758488195017e-05, 5.8324108977103606e-05, 6.962010957067832e-05, 6.573572318302467e-05, 6.1887847550679e-05, 6.0014150221832097e-05, 5.9789126680698246e-05, 5.911172411288135e-05, 5.793896343675442e-05, 5.7411427405895665e-05, 5.901078839087859e-05, 6.153329013613984e-05, 5.865362618351355e-05, 5.768836126662791e-05, 6.0811238654423505e-05, 5.9441590565256774e-05, 5.902424163650721e-05, 5.792071533505805e-05, 6.457657582359388e-05, 5.721655543311499e-05, 6.0929698520340025e-05, 6.336955993901938e-05, 5.643831900670193e-05, 5.775898534920998e-05, 5.888915984542109e-05, 5.600467920885421e-05, 5.842575410497375e-05, 6.589087570318952e-05, 5.692619743058458e-05, 6.084212145651691e-05, 6.131447298685089e-05, 5.925428922637366e-05, 5.8796926168724895e-05, 6.523471529362723e-05, 6.353625212796032e-05, 5.58330757485237e-05, 6.186975224409252e-05, 6.114154530223459e-05, 6.011970981489867e-05, 5.729283657274209e-05, 5.818671706947498e-05, 5.591565422946587e-05, 5.741523273172788e-05, 5.8746212744154036e-05, 5.795837932964787e-05, 5.7467306760372594e-05]}