{"loss": [0.001292141037993133, 0.00025947042740881443, 0.00018699288193602115, 0.00015114835696294904, 0.0001419868931407109, 0.00012812291970476508, 0.00012067993520759046, 0.00011604806059040129, 0.00010941598884528503, 0.00010771557572297752, 0.00010794288391480222, 0.00010489829583093524, 0.00010172597103519365, 0.00010133069736184552, 9.80494951363653e-05, 9.46059517445974e-05, 9.529782255413011e-05, 9.431500075152144e-05, 0.00010061370267067105, 9.509835217613727e-05, 9.232747106580064e-05, 8.900075044948608e-05, 9.140415204456076e-05, 9.008570486912504e-05, 9.092472464544699e-05, 8.631875971332192e-05, 8.542997966287658e-05, 9.006012260215357e-05, 8.72563396114856e-05, 8.547105244360864e-05, 8.236529538407922e-05, 8.720618643565103e-05, 8.457349031232297e-05, 8.936641097534448e-05, 8.531913044862449e-05, 8.373206219403073e-05, 8.228378283092752e-05, 8.222201722674072e-05, 8.146822801791131e-05, 8.232205436797813e-05, 8.141597936628386e-05, 8.080417319433764e-05, 7.931372965686023e-05, 7.904294761829078e-05, 8.082579734036699e-05, 7.812777766957879e-05, 7.811914110789075e-05, 8.288316166726872e-05, 8.379475912079215e-05, 7.659669790882617e-05, 7.679125701542944e-05, 7.752340025035664e-05, 7.728285709163174e-05, 7.66851007938385e-05], "mse": [0.001292141037993133, 0.00025947042740881443, 0.00018699288193602115, 0.00015114835696294904, 0.0001419868931407109, 0.00012812291970476508, 0.00012067993520759046, 0.00011604806059040129, 0.00010941598884528503, 0.00010771557572297752, 0.00010794288391480222, 0.00010489829583093524, 0.00010172597103519365, 0.00010133069736184552, 9.80494951363653e-05, 9.46059517445974e-05, 9.529782255413011e-05, 9.431500075152144e-05, 0.00010061370267067105, 9.509835217613727e-05, 9.232748561771587e-05, 8.900075044948608e-05, 9.140415204456076e-05, 9.008570486912504e-05, 9.092472464544699e-05, 8.631875971332192e-05, 8.542997966287658e-05, 9.006012260215357e-05, 8.72563396114856e-05, 8.547105244360864e-05, 8.236529538407922e-05, 8.720618643565103e-05, 8.457349031232297e-05, 8.936641097534448e-05, 8.531913044862449e-05, 8.373206219403073e-05, 8.228378283092752e-05, 8.222201722674072e-05, 8.146822801791131e-05, 8.232205436797813e-05, 8.141597936628386e-05, 8.080417319433764e-05, 7.931372965686023e-05, 7.904294761829078e-05, 8.08258046163246e-05, 7.812777766957879e-05, 7.811914110789075e-05, 8.288316166726872e-05, 8.379475912079215e-05, 7.659669790882617e-05, 7.679125701542944e-05, 7.752340025035664e-05, 7.728285709163174e-05, 7.668510806979612e-05], "val_loss": [0.0005631124367937446, 0.00038049701834097505, 0.00037355866516008973, 0.00032548795570619404, 0.00029741437174379826, 0.00034160795621573925, 0.00028214685153216124, 0.0002962244034279138, 0.00027794166817329824, 0.00027251653955318034, 0.00027520619914866984, 0.0002796487824525684, 0.0002635197597555816, 0.0002653432311490178, 0.0002713260182645172, 0.0002563519519753754, 0.00027141321334056556, 0.0002661591861397028, 0.00029350246768444777, 0.0002433779154671356, 0.00024557000142522156, 0.0002561297733336687, 0.00025945116067305207, 0.0002484639408066869, 0.00024676418979652226, 0.00025554027524776757, 0.00023982982384040952, 0.00024012029462028295, 0.00025141634978353977, 0.0002467604645062238, 0.0002348089765291661, 0.00023435433104168624, 0.00025340088177472353, 0.00023795012384653091, 0.00023187822080217302, 0.00024189338728319854, 0.0002307665563421324, 0.00023165027960203588, 0.0002306178939761594, 0.00025211021420545876, 0.0002721105993259698, 0.00024759225198067725, 0.0002589783107396215, 0.0002209504455095157, 0.00022189186711329967, 0.00022899148461874574, 0.00023175541718956083, 0.0002338496269658208, 0.00022140848159324378, 0.0002552590158302337, 0.00022392842220142484, 0.0002306292881257832, 0.00022779811115469784, 0.00022663896379526705], "val_mse": [0.0005631124367937446, 0.00038049701834097505, 0.00037355866516008973, 0.00032548795570619404, 0.00029741437174379826, 0.00034160795621573925, 0.00028214685153216124, 0.0002962244034279138, 0.00027794166817329824, 0.00027251653955318034, 0.00027520619914866984, 0.0002796487824525684, 0.0002635197597555816, 0.0002653432311490178, 0.0002713260182645172, 0.0002563519519753754, 0.00027141321334056556, 0.0002661591861397028, 0.00029350246768444777, 0.0002433779154671356, 0.00024557000142522156, 0.0002561297733336687, 0.00025945116067305207, 0.0002484639408066869, 0.00024676418979652226, 0.00025554027524776757, 0.00023982982384040952, 0.00024012029462028295, 0.00025141634978353977, 0.0002467604645062238, 0.0002348089765291661, 0.00023435433104168624, 0.00025340088177472353, 0.00023795012384653091, 0.00023187817714642733, 0.00024189338728319854, 0.0002307665563421324, 0.00023165027960203588, 0.0002306178939761594, 0.00025211021420545876, 0.0002721105993259698, 0.00024759225198067725, 0.0002589783107396215, 0.0002209504455095157, 0.00022189186711329967, 0.00022899148461874574, 0.00023175541718956083, 0.0002338496269658208, 0.00022140848159324378, 0.0002552590158302337, 0.00022392842220142484, 0.0002306292881257832, 0.00022779811115469784, 0.00022663896379526705]}