{"loss": [0.0017829148564487696, 0.0006167725659906864, 0.00024863495491445065, 0.00018019908748101443, 0.0001555031049065292, 0.00012812763452529907, 0.00011487292795209214, 0.00010509595449548215, 9.660513023845851e-05, 9.280964877689257e-05, 8.321226778207347e-05, 7.943007949506864e-05, 7.765051850583404e-05, 7.524350803578272e-05, 7.412757986458018e-05, 8.000459638424218e-05, 6.872769154142588e-05, 6.592517456738278e-05, 6.337789091048762e-05, 6.28392372163944e-05, 6.050479714758694e-05, 6.060505620553158e-05, 6.006620969856158e-05, 5.797759513370693e-05, 6.275637133512646e-05, 6.038204810465686e-05, 5.770722418674268e-05, 6.028630741639063e-05, 5.596628398052417e-05, 5.7223041949328035e-05, 5.193072502152063e-05, 5.352618973120116e-05, 5.368497659219429e-05, 5.756131940870546e-05, 5.270593464956619e-05, 5.1462568080751225e-05, 5.204417175264098e-05, 5.1901348342653364e-05, 5.0524842663435265e-05, 5.008548032492399e-05, 4.627554153557867e-05, 4.877728861174546e-05, 4.570288729155436e-05, 4.725469625554979e-05, 4.767296195495874e-05, 4.732345769298263e-05, 4.988107320968993e-05, 4.6999630285426974e-05, 4.8380024963989854e-05, 4.776930290972814e-05, 4.518829155131243e-05, 4.506867844611406e-05, 4.354638440418057e-05, 4.318192441132851e-05, 4.524174073594622e-05, 4.943962630932219e-05, 5.0595219363458455e-05, 4.2392512114020064e-05, 4.432538480614312e-05, 4.370267561171204e-05, 4.180996984359808e-05, 4.096393604413606e-05, 4.003225694759749e-05, 4.059576531290077e-05, 4.094622636330314e-05, 4.126738349441439e-05, 4.036238897242583e-05, 4.1646235331427306e-05, 3.959072637371719e-05, 3.971037585870363e-05, 4.0351693314732984e-05, 3.941021714126691e-05, 4.265082679921761e-05, 4.634144715964794e-05, 3.965281939599663e-05], "mse": [0.0017829148564487696, 0.0006167725659906864, 0.00024863495491445065, 0.00018019908748101443, 0.0001555031049065292, 0.00012812763452529907, 0.00011487292795209214, 0.00010509595449548215, 9.660513023845851e-05, 9.280964877689257e-05, 8.321226778207347e-05, 7.943007949506864e-05, 7.765051850583404e-05, 7.524350803578272e-05, 7.412757986458018e-05, 8.000459638424218e-05, 6.87276988173835e-05, 6.592517456738278e-05, 6.337789091048762e-05, 6.28392372163944e-05, 6.050479714758694e-05, 6.060505620553158e-05, 6.006620969856158e-05, 5.797759513370693e-05, 6.275637133512646e-05, 6.038204810465686e-05, 5.770722418674268e-05, 6.028631833032705e-05, 5.596628398052417e-05, 5.7223041949328035e-05, 5.193072502152063e-05, 5.352618973120116e-05, 5.368497659219429e-05, 5.756131940870546e-05, 5.270593464956619e-05, 5.1462568080751225e-05, 5.204417175264098e-05, 5.190135561861098e-05, 5.0524842663435265e-05, 5.008548032492399e-05, 4.627554153557867e-05, 4.877728861174546e-05, 4.570288729155436e-05, 4.725469625554979e-05, 4.767296195495874e-05, 4.732345769298263e-05, 4.988107320968993e-05, 4.6999630285426974e-05, 4.838002860196866e-05, 4.776930290972814e-05, 4.518829155131243e-05, 4.506867844611406e-05, 4.354638440418057e-05, 4.318192441132851e-05, 4.524174073594622e-05, 4.943962630932219e-05, 5.0595219363458455e-05, 4.2392512114020064e-05, 4.432538480614312e-05, 4.3702679249690846e-05, 4.180996984359808e-05, 4.096393604413606e-05, 4.003225694759749e-05, 4.059576531290077e-05, 4.094622636330314e-05, 4.126738349441439e-05, 4.036238897242583e-05, 4.1646235331427306e-05, 3.959072637371719e-05, 3.971037585870363e-05, 4.0351693314732984e-05, 3.941021714126691e-05, 4.265082679921761e-05, 4.634144715964794e-05, 3.965281939599663e-05], "val_loss": [0.001039733993820846, 0.0003785630688071251, 0.00024865911109372973, 0.00022775206889491528, 0.00018235815514344722, 0.00017183551972266287, 0.000155073736095801, 0.00014618149725720286, 0.00014929048484191298, 0.00012488984793890268, 0.00011892919428646564, 0.00014491031470242888, 0.00012031590449623764, 0.00011235525016672909, 0.00010577448847470805, 0.0001292117958655581, 0.00010805837519001216, 0.00010982595995301381, 9.407381730852649e-05, 9.623536607250571e-05, 9.498353756498545e-05, 0.00011290129623375833, 0.00010563866817392409, 0.00011998377158306539, 0.00010550541628617793, 0.0001150345997302793, 0.00010048291005659848, 9.27617002162151e-05, 9.42813785513863e-05, 9.629896521801129e-05, 0.00010360029409639537, 8.77750208019279e-05, 8.997850818559527e-05, 9.25842032302171e-05, 9.615209273761138e-05, 0.00010875824955292046, 9.18049190659076e-05, 8.813846216071397e-05, 8.612078818259761e-05, 9.129825048148632e-05, 8.422083919867873e-05, 9.292025060858577e-05, 8.823077223496512e-05, 8.647101640235633e-05, 0.00010018397733801976, 9.876994590740651e-05, 0.00010489938722457737, 9.657716145738959e-05, 8.351464930456132e-05, 9.548182424623519e-05, 8.424124825978652e-05, 8.899658860173076e-05, 9.085601050173864e-05, 8.916069782571867e-05, 8.551344944862649e-05, 8.690377580933273e-05, 8.336796599905938e-05, 8.718382741790265e-05, 8.371309377253056e-05, 8.361737855011597e-05, 8.480786345899105e-05, 8.88877984834835e-05, 9.37144723138772e-05, 8.447745494777337e-05, 8.223820623243228e-05, 8.922207052819431e-05, 8.411928865825757e-05, 8.40817010612227e-05, 9.300965029979125e-05, 8.428063301835209e-05, 9.376802336191759e-05, 9.610215056454763e-05, 9.664341632742435e-05, 8.46870316308923e-05, 8.570108911953866e-05], "val_mse": [0.001039733993820846, 0.0003785630688071251, 0.00024865911109372973, 0.00022775206889491528, 0.00018235815514344722, 0.0001718354906188324, 0.000155073736095801, 0.00014618149725720286, 0.00014929048484191298, 0.00012488984793890268, 0.00011892919428646564, 0.00014491031470242888, 0.00012031590449623764, 0.00011235525016672909, 0.00010577449575066566, 0.0001292117958655581, 0.00010805837519001216, 0.00010982595995301381, 9.407381730852649e-05, 9.623536607250571e-05, 9.498353756498545e-05, 0.00011290129623375833, 0.00010563866817392409, 0.00011998377158306539, 0.00010550541628617793, 0.0001150345997302793, 0.00010048291005659848, 9.27617002162151e-05, 9.42813785513863e-05, 9.629896521801129e-05, 0.00010360029409639537, 8.77750208019279e-05, 8.997850818559527e-05, 9.25842032302171e-05, 9.615209273761138e-05, 0.00010875824955292046, 9.18049190659076e-05, 8.813846216071397e-05, 8.612078818259761e-05, 9.129825048148632e-05, 8.422083919867873e-05, 9.292025060858577e-05, 8.823077223496512e-05, 8.647101640235633e-05, 0.00010018397733801976, 9.876994590740651e-05, 0.00010489938722457737, 9.657716145738959e-05, 8.351464930456132e-05, 9.548182424623519e-05, 8.424124825978652e-05, 8.899658860173076e-05, 9.085601050173864e-05, 8.916069782571867e-05, 8.551344944862649e-05, 8.690377580933273e-05, 8.336796599905938e-05, 8.718382741790265e-05, 8.371309377253056e-05, 8.361737855011597e-05, 8.480786345899105e-05, 8.88877984834835e-05, 9.37144723138772e-05, 8.447745494777337e-05, 8.223820623243228e-05, 8.922207052819431e-05, 8.411928865825757e-05, 8.40817010612227e-05, 9.300965029979125e-05, 8.428063301835209e-05, 9.376802336191759e-05, 9.610215056454763e-05, 9.664341632742435e-05, 8.46870316308923e-05, 8.570108911953866e-05]}