{"loss": [0.0013098686467856169, 0.00021448657207656652, 8.66247428348288e-05, 6.0221715102670714e-05, 4.271578654879704e-05, 3.72147151210811e-05, 3.135091537842527e-05, 2.730305823206436e-05, 2.4028830011957325e-05, 2.2260303012444638e-05, 2.0451991076697595e-05, 1.767793764884118e-05, 1.944359246408567e-05, 1.696277286100667e-05, 1.6026231605792418e-05, 1.4683550944027957e-05, 1.4161727449391037e-05, 1.2773462913173717e-05, 1.281928507523844e-05, 1.1906775398529135e-05, 1.2107206202927046e-05, 1.0740594007074833e-05, 1.1856834134960081e-05, 1.1437532521085814e-05, 1.045490807882743e-05, 1.139703545049997e-05, 1.0097664926433936e-05, 8.935018740885425e-06, 9.718673027236946e-06, 9.957484508049674e-06, 1.0238806680717971e-05, 1.107182470150292e-05, 8.146641448547598e-06, 8.578909728385042e-06, 7.345596259256126e-06, 7.454458227584837e-06, 8.554107807867695e-06, 6.9286902544263285e-06, 6.9691477619926445e-06, 7.211958745756419e-06, 7.383634965663077e-06, 6.987322649365524e-06, 7.604113761772169e-06, 6.3463166952715255e-06, 7.1304298217000905e-06, 8.005704330571461e-06, 6.0535762713698205e-06, 5.875772785657318e-06, 5.929022336204071e-06, 1.0205585567746311e-05, 5.603256340691587e-06, 7.204314897535369e-06, 7.543592801084742e-06, 6.678839781670831e-06, 5.826684173371177e-06, 5.490605872182641e-06, 5.496605808730237e-06, 6.164435944810975e-06, 5.357286227081204e-06, 5.24143570146407e-06, 5.729271379095735e-06, 4.7270186769310385e-06, 4.740811164083425e-06, 6.251044851524057e-06, 4.889751380687812e-06, 4.909185008727945e-06, 6.304055204964243e-06, 5.659867383656092e-06, 4.435110440681456e-06, 4.244081992510473e-06, 4.528560566541273e-06, 4.364695087133441e-06, 5.679321020579664e-06, 4.269741566531593e-06, 3.810789849012508e-06, 4.623360382538522e-06, 4.510517555900151e-06, 5.084287295176182e-06, 4.870058546657674e-06, 6.037157163518714e-06, 4.433928552316502e-06, 6.021670287736924e-06, 4.115570391149959e-06, 4.163113317190437e-06, 3.7413346944958903e-06, 3.6983221889386186e-06, 3.8052903619245626e-06, 4.055058070662199e-06, 3.842090336547699e-06, 4.277164862287464e-06, 3.996379291493213e-06, 3.509968792059226e-06, 3.364543772477191e-06, 4.252629423717735e-06, 3.399588649699581e-06, 4.201884621579666e-06, 3.946505330532091e-06, 4.308501956984401e-06, 3.863296569761587e-06, 3.7138775041967165e-06, 4.50968082077452e-06, 3.723659574461635e-06], "mse": [0.0013098686467856169, 0.00021448657207656652, 8.66247428348288e-05, 6.022171146469191e-05, 4.271578654879704e-05, 3.72147151210811e-05, 3.135091537842527e-05, 2.730305823206436e-05, 2.4028830011957325e-05, 2.2260303012444638e-05, 2.0451991076697595e-05, 1.767793764884118e-05, 1.944359246408567e-05, 1.696277286100667e-05, 1.6026231605792418e-05, 1.4683550944027957e-05, 1.4161727449391037e-05, 1.2773462913173717e-05, 1.281928507523844e-05, 1.1906775398529135e-05, 1.2107205293432344e-05, 1.0740594916569535e-05, 1.1856834134960081e-05, 1.1437532521085814e-05, 1.045490807882743e-05, 1.1397036359994672e-05, 1.0097664926433936e-05, 8.935018740885425e-06, 9.718673027236946e-06, 9.957484508049674e-06, 1.0238806680717971e-05, 1.107182470150292e-05, 8.146641448547598e-06, 8.578909728385042e-06, 7.345596259256126e-06, 7.454458227584837e-06, 8.554107807867695e-06, 6.9286902544263285e-06, 6.9691477619926445e-06, 7.211958745756419e-06, 7.383634965663077e-06, 6.987322649365524e-06, 7.604113761772169e-06, 6.3463166952715255e-06, 7.1304298217000905e-06, 8.005704330571461e-06, 6.0535762713698205e-06, 5.875772785657318e-06, 5.929022336204071e-06, 1.0205583748756908e-05, 5.603256340691587e-06, 7.204314897535369e-06, 7.543592801084742e-06, 6.678839781670831e-06, 5.826684173371177e-06, 5.490605872182641e-06, 5.496605808730237e-06, 6.164435944810975e-06, 5.357286227081204e-06, 5.24143570146407e-06, 5.729271379095735e-06, 4.7270186769310385e-06, 4.740811164083425e-06, 6.251044851524057e-06, 4.889751380687812e-06, 4.909185008727945e-06, 6.304055204964243e-06, 5.659867383656092e-06, 4.435110440681456e-06, 4.244081992510473e-06, 4.528560566541273e-06, 4.364695087133441e-06, 5.679321020579664e-06, 4.269741566531593e-06, 3.810789849012508e-06, 4.623360382538522e-06, 4.510517555900151e-06, 5.084287295176182e-06, 4.870058546657674e-06, 6.037157163518714e-06, 4.433928552316502e-06, 6.021670287736924e-06, 4.115570391149959e-06, 4.163113317190437e-06, 3.7413346944958903e-06, 3.6983221889386186e-06, 3.8052903619245626e-06, 4.055058070662199e-06, 3.842090336547699e-06, 4.277164862287464e-06, 3.996379291493213e-06, 3.509968792059226e-06, 3.364543772477191e-06, 4.252629423717735e-06, 3.39958819495223e-06, 4.201884621579666e-06, 3.946505330532091e-06, 4.308501956984401e-06, 3.863296569761587e-06, 3.7138775041967165e-06, 4.50968082077452e-06, 3.723659574461635e-06], "val_loss": [0.00045637242146767676, 0.00012596233864314854, 7.293425733223557e-05, 4.821200855076313e-05, 4.176357833785005e-05, 3.1644995033275336e-05, 3.153472061967477e-05, 2.635689452290535e-05, 2.55785598710645e-05, 2.7518954084371217e-05, 2.1730458684032783e-05, 2.1909212591708638e-05, 2.069961919914931e-05, 1.9409657397773117e-05, 1.80870065378258e-05, 2.0186253095744178e-05, 1.8400578483124264e-05, 1.596670517756138e-05, 1.741841151670087e-05, 1.732273267407436e-05, 1.8455279132467695e-05, 1.7434689652873203e-05, 1.4838874449196737e-05, 1.5537103536189534e-05, 1.9280976630398072e-05, 1.597790833329782e-05, 1.4253247172746342e-05, 1.3461677554005291e-05, 1.958721077244263e-05, 1.5107419130799826e-05, 1.3761671652900986e-05, 1.3631262845592573e-05, 1.2393133147270419e-05, 1.3296429642650764e-05, 1.2467971828300506e-05, 1.2147378583904356e-05, 1.2593849533004686e-05, 1.157498081738595e-05, 1.158282975666225e-05, 1.2956265891261864e-05, 1.7023010514094494e-05, 1.2683791283052415e-05, 1.5757894288981333e-05, 1.1529544281074777e-05, 1.0466351341165137e-05, 1.528155007690657e-05, 1.0354330697737169e-05, 1.1305837688269094e-05, 1.2772511581715662e-05, 1.1761379028030206e-05, 1.019920364342397e-05, 1.171560234070057e-05, 1.2102408618375193e-05, 1.036176490742946e-05, 1.083111510524759e-05, 9.694314940134063e-06, 1.032050477078883e-05, 1.067969515133882e-05, 9.46221553022042e-06, 1.406576393492287e-05, 9.989715181291103e-06, 9.735212188388687e-06, 1.262700061488431e-05, 9.659269380790647e-06, 9.073016371985432e-06, 9.143347597273532e-06, 1.1986448953393847e-05, 1.0397883670520969e-05, 9.325687642558478e-06, 9.24593405216001e-06, 9.70821020018775e-06, 1.0437022865517065e-05, 1.0663521607057191e-05, 8.707141205377411e-06, 8.587816409999505e-06, 1.0902243957389146e-05, 9.21952050703112e-06, 8.640357918920927e-06, 1.1382237062207423e-05, 8.925695510697551e-06, 1.0057159670395777e-05, 8.700875696376897e-06, 8.43938050820725e-06, 9.026955012814142e-06, 8.591731784690637e-06, 8.318060281453654e-06, 8.16975807538256e-06, 8.307648386107758e-06, 8.590803190600127e-06, 9.576496267982293e-06, 8.12188045529183e-06, 7.651455234736204e-06, 8.223568329412956e-06, 9.078806215256918e-06, 8.818330570647959e-06, 8.496458576701116e-06, 8.490334948874079e-06, 9.298045370087493e-06, 1.0929248674074188e-05, 7.677077519474551e-06, 9.829959708440583e-06, 8.193089342967141e-06],