{"loss": [0.0014385416870936751, 0.00033979880390688777, 0.00023340329062193632, 0.0002041086700046435, 0.00018670811550691724, 0.000177911133505404, 0.0001619151298655197, 0.0001603577984496951, 0.00014876603381708264, 0.00014401471707969904, 0.00013641573605127633, 0.0001366010692436248, 0.00012914671970065683, 0.00012671755393967032, 0.0001243385049747303, 0.0001259096316061914, 0.00012163532664999366, 0.00012066279305145144, 0.0001230410416610539, 0.00012193350994493812, 0.00011739000910893083, 0.00011579878628253937, 0.00011625574552454054, 0.00011789165728259832, 0.000115058763185516, 0.00011233164696022868, 0.0001123245237977244], "mse": [0.0014385416870936751, 0.00033979880390688777, 0.00023340329062193632, 0.0002041086700046435, 0.00018670811550691724, 0.000177911133505404, 0.0001619151298655197, 0.0001603577984496951, 0.00014876603381708264, 0.00014401471707969904, 0.00013641573605127633, 0.0001366010692436248, 0.00012914671970065683, 0.00012671755393967032, 0.0001243385049747303, 0.0001259096316061914, 0.00012163532664999366, 0.00012066279305145144, 0.0001230410416610539, 0.00012193350994493812, 0.00011739000910893083, 0.00011579879355849698, 0.00011625573824858293, 0.00011789165728259832, 0.000115058763185516, 0.00011233164696022868, 0.0001123245237977244], "val_loss": [0.0005077663226984441, 0.00022297191026154906, 0.0001838781317928806, 0.0001718469720799476, 0.00016750156646594405, 0.00015334591444116086, 0.00015198663459159434, 0.0001396411535097286, 0.0001471348514314741, 0.0001288179773837328, 0.0001383419003104791, 0.00012878069537691772, 0.00012590285041369498, 0.00012487173080444336, 0.0001267164625460282, 0.00012558989692479372, 0.00012132289703004062, 0.0001377584267174825, 0.00013197267253417522, 0.00012459754361771047, 0.00012667007104028016, 0.00012908405915368348, 0.00012427862384356558, 0.0001260082353837788, 0.00012161347694927827, 0.00012385779700707644, 0.00013381490134634078], "val_mse": [0.0005077663226984441, 0.00022297191026154906, 0.0001838781317928806, 0.0001718469720799476, 0.00016750156646594405, 0.00015334591444116086, 0.00015198663459159434, 0.0001396411535097286, 0.0001471348514314741, 0.0001288179773837328, 0.0001383419003104791, 0.00012878069537691772, 0.00012590285041369498, 0.00012487173080444336, 0.0001267164625460282, 0.0001255898823728785, 0.00012132289703004062, 0.0001377584267174825, 0.00013197267253417522, 0.0001245975581696257, 0.00012667007104028016, 0.00012908405915368348, 0.00012427862384356558, 0.0001260082353837788, 0.00012161347694927827, 0.00012385779700707644, 0.00013381490134634078]}