{"loss": [0.0007776775164529681, 7.190503674792126e-05, 4.029053161502816e-05, 2.9972241463838145e-05, 2.38031007029349e-05, 2.159929135814309e-05, 1.7820639186538756e-05, 1.6610018064966425e-05, 1.5450748833245598e-05, 1.3091442269796971e-05, 1.3301196304382756e-05, 1.171645362774143e-05, 1.1260599421802908e-05, 1.1215550330234692e-05, 1.0204996215179563e-05, 9.900835721055046e-06, 8.915693797462154e-06, 9.060746378963813e-06, 8.501358934154268e-06, 8.773769877734594e-06, 9.004960702441167e-06, 8.809971404843964e-06, 7.317264135053847e-06, 7.361615644185804e-06, 8.88953945832327e-06, 8.370061550522223e-06, 6.359209237416508e-06, 6.22553534412873e-06, 6.777223916287767e-06, 6.1280948102648836e-06, 6.38833807897754e-06, 5.707558102585608e-06, 5.463101388158975e-06, 5.8016216826217715e-06, 6.045853297109716e-06, 5.308619620336685e-06, 5.343325483408989e-06, 5.358215275919065e-06, 5.334115485311486e-06, 5.05766229252913e-06, 5.029333806305658e-06, 5.440877430373803e-06, 4.742831151816063e-06, 4.689055913331686e-06, 5.0569565246405546e-06, 5.288589363772189e-06, 3.968581040680874e-06, 4.468992756301304e-06, 4.4621228880714625e-06, 4.918670583720086e-06, 4.812737643078435e-06, 4.247509423294105e-06, 3.9705741983198095e-06, 4.027901923109312e-06, 3.588629169826163e-06, 3.986474439443555e-06, 4.075288416061085e-06, 3.7750633055111393e-06, 4.11789505960769e-06, 3.7886002246523276e-06, 3.6176979847368784e-06, 3.800001195486402e-06, 3.733682206075173e-06, 4.117123353353236e-06, 3.382065415280522e-06, 3.7593947581626708e-06, 3.7723086734331446e-06, 3.1659399155614665e-06, 3.8014900383132044e-06, 3.715100774570601e-06, 4.114402599952882e-06, 3.4190939004474785e-06], "mse": [0.0007776775164529681, 7.190503674792126e-05, 4.029053161502816e-05, 2.9972241463838145e-05, 2.38031007029349e-05, 2.159929135814309e-05, 1.7820639186538756e-05, 1.6610018064966425e-05, 1.5450748833245598e-05, 1.3091442269796971e-05, 1.3301196304382756e-05, 1.171645362774143e-05, 1.1260599421802908e-05, 1.1215550330234692e-05, 1.0204996215179563e-05, 9.900835721055046e-06, 8.915693797462154e-06, 9.060746378963813e-06, 8.501358024659567e-06, 8.773768968239892e-06, 9.004960702441167e-06, 8.809971404843964e-06, 7.317264135053847e-06, 7.361615644185804e-06, 8.88953945832327e-06, 8.370061550522223e-06, 6.359209237416508e-06, 6.22553534412873e-06, 6.777223916287767e-06, 6.1280948102648836e-06, 6.38833807897754e-06, 5.707558102585608e-06, 5.463101388158975e-06, 5.8016216826217715e-06, 6.045853297109716e-06, 5.308619620336685e-06, 5.343325483408989e-06, 5.358216185413767e-06, 5.334115485311486e-06, 5.05766229252913e-06, 5.029333806305658e-06, 5.440877885121154e-06, 4.742831151816063e-06, 4.689055913331686e-06, 5.0569565246405546e-06, 5.288589363772189e-06, 3.968581040680874e-06, 4.468993211048655e-06, 4.4621228880714625e-06, 4.918670583720086e-06, 4.812737643078435e-06, 4.247509423294105e-06, 3.9705741983198095e-06, 4.027901923109312e-06, 3.588629169826163e-06, 3.986474439443555e-06, 4.075288416061085e-06, 3.7750633055111393e-06, 4.11789505960769e-06, 3.7886002246523276e-06, 3.6176979847368784e-06, 3.800001195486402e-06, 3.733682206075173e-06, 4.117123353353236e-06, 3.382065415280522e-06, 3.7593947581626708e-06, 3.7723086734331446e-06, 3.1659399155614665e-06, 3.8014900383132044e-06, 3.715100774570601e-06, 4.114402599952882e-06, 3.4190939004474785e-06], "val_loss": [0.00012778177915606648, 6.073185068089515e-05, 3.710456803673878e-05, 2.86642989522079e-05, 2.479824615875259e-05, 2.371800110267941e-05, 1.915203029057011e-05, 2.301845779584255e-05, 1.620627153897658e-05, 1.611910374776926e-05, 1.4963180547056254e-05, 1.4097817256697454e-05, 1.579645868332591e-05, 1.2529190826171543e-05, 1.2743120350933168e-05, 1.1597210686886683e-05, 1.1890852874785196e-05, 1.0308299351891037e-05, 1.0365670277678873e-05, 1.1295018339296803e-05, 1.4383382222149521e-05, 1.0640654181770515e-05, 1.0657548955350649e-05, 9.661427611717954e-06, 1.0641119843057822e-05, 8.30735734780319e-06, 8.621494089311454e-06, 8.972547220764682e-06, 7.946180630824529e-06, 1.005318608804373e-05, 7.91586353443563e-06, 7.990332960616797e-06, 8.447570507996716e-06, 9.199363375955727e-06, 7.303458005480934e-06, 9.096355825022329e-06, 1.0883180948439986e-05, 7.4351346484036185e-06, 8.804574463283643e-06, 7.337721854128176e-06, 9.036220035341103e-06, 1.2402084394125268e-05, 9.779294487088919e-06, 6.586805284314323e-06, 6.882884918013588e-06, 6.975053111091256e-06, 6.067569302103948e-06, 6.7622208916873205e-06, 6.755554750270676e-06, 7.135317446227418e-06, 7.219461167551344e-06, 6.365496119542513e-06, 6.5657682171149645e-06, 5.982050879538292e-06, 6.3819443312240764e-06, 6.5787171479314566e-06, 8.123000952764414e-06, 6.253484571061563e-06, 6.355831374094123e-06, 5.983862592984224e-06, 6.527499863295816e-06, 5.517516001418699e-06, 6.126902462710859e-06, 5.774623332399642e-06, 7.63592470320873e-06, 6.693313935102196e-06, 5.824761046824278e-06, 5.6810331443557516e-06, 5.598146344709676e-06, 6.476419457612792e-06, 5.576210696744965e-06, 6.3402485466212966e-06], "val_mse": [0.00012778177915606648, 6.073185068089515e-05, 3.710456803673878e-05, 2.86642989522079e-05, 2.479824615875259e-05, 2.371800110267941e-05, 1.9152028471580707e-05, 2.301845779584255e-05, 1.620627153897658e-05, 1.611910374776926e-05, 1.4963180547056254e-05, 1.4097817256697454e-05, 1.579645868332591e-05, 1.2529190826171543e-05, 1.2743120350933168e-05, 1.1597210686886683e-05, 1.1890852874785196e-05, 1.0308298442396335e-05, 1.0365670277678873e-05, 1.1295018339296803e-05, 1.4383382222149521e-05, 1.0640654181770515e-05, 1.0657548955350649e-05, 9.661427611717954e-06, 1.0641118024068419e-05, 8.30735734780319e-06, 8.621494089311454e-06, 8.972547220764682e-06, 7.946180630824529e-06, 1.005318608804373e-05, 7.915864443930332e-06, 7.990332960616797e-06, 8.447570507996716e-06, 9.199363375955727e-06, 7.303458005480934e-06, 9.096355825022329e-06, 1.0883180948439986e-05, 7.4351346484036185e-06, 8.804574463283643e-06, 7.337721854128176e-06, 9.036220035341103e-06, 1.2402084394125268e-05, 9.779294487088919e-06, 6.586805739061674e-06, 6.882884918013588e-06, 6.975053111091256e-06, 6.067569302103948e-06, 6.7622208916873205e-06, 6.755554750270676e-06, 7.135317446227418e-06, 7.219461167551344e-06, 6.365496119542513e-06, 6.5657682171149645e-06, 5.982050879538292e-06, 6.3819443312240764e-06, 6.5787171479314566e-06, 8.123000952764414e-06, 6.253484571061563e-06, 6.355831374094123e-06, 5.983862592984224e-06, 6.527499863295816e-06, 5.517516001418699e-06, 6.126902462710859e-06, 5.774623332399642e-06, 7.63592470320873e-06, 6.693313935102196e-06, 5.824761046824278e-06, 5.6810331443557516e-06, 5.598146344709676e-06, 6.476419457612792e-06, 5.576210696744965e-06, 6.3402485466212966e-06]}