{"loss": [0.0019651262555271387, 0.0013217515079304576, 0.0008724004728719592, 0.0005788429407402873, 0.00037139025516808033, 0.00023443384270649403, 0.00015771841572131962, 0.0001146584763773717, 8.667901420267299e-05, 7.929932326078415e-05, 6.653124728472903e-05, 6.187189865158871e-05, 5.446293653221801e-05, 4.73576583317481e-05, 4.554690167424269e-05, 3.924707561964169e-05, 3.6328718124423176e-05, 3.264552651671693e-05, 2.9461923986673355e-05, 2.821441739797592e-05, 2.5153160095214844e-05, 2.4370856408495456e-05, 2.248081364086829e-05, 2.157355993404053e-05, 2.1297315470292233e-05, 1.9696113668032922e-05, 2.006698377954308e-05, 1.801042162696831e-05, 1.7244930859305896e-05, 1.6451194824185222e-05, 1.4963220564823132e-05, 1.4257879229262471e-05, 1.4805496903136373e-05, 1.674662416917272e-05, 1.4684027519251686e-05, 1.2625086128537077e-05, 1.2598841749422718e-05, 1.2803114259440918e-05, 1.1706102668540552e-05, 1.1282272680546157e-05, 1.1178276508871932e-05, 1.1281141269137152e-05, 1.046352099365322e-05, 1.1065701983170584e-05, 1.1359610653016716e-05, 9.99229905573884e-06, 9.641238648327999e-06, 9.13116309675388e-06, 1.1391291991458274e-05, 1.035973855323391e-05, 9.362338460050523e-06, 8.622486348031089e-06, 9.580083315086085e-06, 9.04634998732945e-06, 8.323517249664292e-06, 9.817566933634225e-06, 9.629673513700254e-06, 8.745908417040482e-06, 8.403918400290422e-06, 8.030046956264414e-06, 7.046582140901592e-06, 6.772829692636151e-06, 6.85827308188891e-06, 6.234119155124063e-06, 6.101067810959648e-06, 6.237375600903761e-06, 6.05469949732651e-06, 5.914784651395166e-06, 5.950925697106868e-06, 7.19977560947882e-06, 6.494128228951013e-06, 6.214612767507788e-06, 5.795113793283235e-06, 5.367771336750593e-06, 5.220039838604862e-06, 5.20725507158204e-06, 4.970350346411578e-06, 4.889977844868554e-06, 5.6812696129782125e-06, 6.518281679745996e-06, 6.272019618336344e-06, 4.949130016029812e-06, 4.80364997201832e-06, 4.840646397497039e-06, 4.206285666441545e-06, 4.794444976141676e-06, 5.217367288423702e-06, 4.657038061850471e-06, 4.242614522809163e-06, 4.763928245665738e-06, 5.715225597668905e-06, 5.305520062393043e-06], "mse": [0.0019651262555271387, 0.0013217515079304576, 0.0008724004728719592, 0.0005788429407402873, 0.00037139025516808033, 0.00023443384270649403, 0.00015771841572131962, 0.0001146584763773717, 8.667901420267299e-05, 7.929932326078415e-05, 6.653124728472903e-05, 6.187189865158871e-05, 5.446293653221801e-05, 4.73576583317481e-05, 4.554690167424269e-05, 3.924707561964169e-05, 3.6328718124423176e-05, 3.264552651671693e-05, 2.9461923986673355e-05, 2.821441739797592e-05, 2.5153160095214844e-05, 2.4370856408495456e-05, 2.248081364086829e-05, 2.157355993404053e-05, 2.1297315470292233e-05, 1.9696113668032922e-05, 2.0066981960553676e-05, 1.801042162696831e-05, 1.7244930859305896e-05, 1.6451191186206415e-05, 1.4963220564823132e-05, 1.4257879229262471e-05, 1.4805496903136373e-05, 1.674662416917272e-05, 1.4684027519251686e-05, 1.2625086128537077e-05, 1.2598841749422718e-05, 1.2803114259440918e-05, 1.1706102668540552e-05, 1.1282272680546157e-05, 1.1178276508871932e-05, 1.1281141269137152e-05, 1.0463520084158517e-05, 1.1065701983170584e-05, 1.1359610653016716e-05, 9.99229905573884e-06, 9.641238648327999e-06, 9.13116309675388e-06, 1.1391291991458274e-05, 1.035973855323391e-05, 9.362338460050523e-06, 8.622486348031089e-06, 9.580083315086085e-06, 9.04634998732945e-06, 8.323517249664292e-06, 9.817566933634225e-06, 9.629673513700254e-06, 8.745908417040482e-06, 8.403918400290422e-06, 8.030046956264414e-06, 7.046582140901592e-06, 6.772829692636151e-06, 6.85827308188891e-06, 6.234119155124063e-06, 6.101067810959648e-06, 6.237375600903761e-06, 6.05469949732651e-06, 5.914784651395166e-06, 5.950925697106868e-06, 7.19977560947882e-06, 6.494128228951013e-06, 6.214612767507788e-06, 5.795113793283235e-06, 5.367771336750593e-06, 5.220039838604862e-06, 5.20725507158204e-06, 4.970350346411578e-06, 4.889978299615905e-06, 5.6812696129782125e-06, 6.518280770251295e-06, 6.272019618336344e-06, 4.9491295612824615e-06, 4.80364997201832e-06, 4.840646397497039e-06, 4.206285666441545e-06, 4.794444976141676e-06, 5.217367288423702e-06, 4.657038061850471e-06, 4.242614522809163e-06, 4.763928245665738e-06, 5.715225597668905e-06, 5.305520062393043e-06], "val_loss": [0.0016801819438114762, 0.001292698783800006, 0.0009538854355923831, 0.0006450923974625766, 0.00040886769420467317, 0.00022463619825430214, 0.0001379575696773827, 0.00010625829600030556, 9.919673902913928e-05, 8.554421219741926e-05, 7.593041664222255e-05, 7.582602120237425e-05, 6.6020802478306e-05, 6.721887621097267e-05, 5.4280459153233096e-05, 5.7911500334739685e-05, 5.009139567846432e-05, 4.712379814009182e-05, 4.7537956561427563e-05, 4.163702396908775e-05, 4.662921855924651e-05, 4.232687206240371e-05, 3.7221623642835766e-05, 3.815584204858169e-05, 3.788961475947872e-05, 3.8529415178345516e-05, 3.5417237086221576e-05, 4.006271410617046e-05, 3.5714263503905386e-05, 3.521684993756935e-05, 4.1867344407364726e-05, 3.819917401415296e-05, 4.348393849795684e-05, 4.0217444620793685e-05, 3.586525053833611e-05, 3.4354896342847496e-05, 3.3511139918118715e-05, 3.364050280652009e-05, 3.5655470128403977e-05, 3.280438977526501e-05, 3.364832446095534e-05, 3.3725245884852484e-05, 4.061314757564105e-05, 3.128285243292339e-05, 3.248836219427176e-05, 3.141050547128543e-05, 3.249365181545727e-05, 3.1228631996782497e-05, 3.379006375325844e-05, 3.267081410740502e-05, 2.980243334604893e-05, 3.420175926294178e-05, 3.689392906380817e-05, 3.0706858524354175e-05, 3.085513526457362e-05, 3.316962829558179e-05, 2.9364600777626038e-05, 3.0272145522758365e-05, 2.848488475137856e-05, 2.7445677915238775e-05, 3.090866812271997e-05, 3.1236188078764826e-05, 2.8107582693337463e-05, 2.9414737582555972e-05, 2.735368070716504e-05, 3.0712100851815194e-05, 2.952746035589371e-05, 2.8169388315291144e-05, 2.721566124819219e-05, 2.869628406187985e-05, 3.1167801353149116e-05, 2.6726218493422493e-05, 2.6818679543794133e-05, 2.6085745048476383e-05, 2.769003367575351e-05, 2.637951729411725e-05, 2.673066956049297e-05, 2.9073324185446836e-05, 2.7020068955607712e-05, 2.8871407266706228e-05, 2.5197889044648036e-05, 2.5077166355913505e-05, 2.5531058781780303e-05, 2.689098437258508e-05, 2.5768717023311183e-05, 2.794045394693967e-05, 2.6927189537673257e-05, 2.6625924874679185e-05, 2.525051786506083e-05, 2.5809091312112287e-05, 2.715268601605203e-05, 2.705303268157877e-05],