{"loss": [0.010011818259954453, 0.008960927836596966, 0.00876952987164259, 0.008682774379849434, 0.008575724437832832, 0.008589099161326885, 0.008541231043636799, 0.008575460873544216, 0.008440414443612099, 0.008437562733888626, 0.008427521213889122], "mse": [0.010011818259954453, 0.008960927836596966, 0.008769530802965164, 0.008682774379849434, 0.008575724437832832, 0.008589099161326885, 0.008541231974959373, 0.008575460873544216, 0.008440414443612099, 0.008437562733888626, 0.008427521213889122], "val_loss": [0.00785301998257637, 0.007916194386780262, 0.007859052158892155, 0.007974332198500633, 0.00823394488543272, 0.008150615729391575, 0.007905758917331696, 0.00794239155948162, 0.007993987761437893, 0.007989530451595783, 0.00817188248038292], "val_mse": [0.00785301998257637, 0.007916194386780262, 0.007859052158892155, 0.007974332198500633, 0.00823394488543272, 0.008150615729391575, 0.007905758917331696, 0.00794239155948162, 0.007993987761437893, 0.007989529520273209, 0.00817188248038292]}