{"loss": [0.002338807564228773, 0.002002535853534937, 0.0017016216879710555, 0.0013778583379462361, 0.0010569009464234114, 0.0008008123259060085, 0.0006414909148588777, 0.0005416253698058426, 0.00045505090383812785, 0.00036840204847976565, 0.0003053146356251091, 0.0002715107402764261, 0.00022003873891662806, 0.00019257466192357242, 0.00017157060210593045, 0.00016209670866373926, 0.00015365467697847635, 0.0001541098317829892, 0.00014240456221159548, 0.00013374912668950856, 0.00012838674592785537, 0.0001224687584908679, 0.00011896613432327285, 0.00011517258826643229, 0.00011078731768066064, 0.00010599626693874598, 0.00010923700028797612, 0.00010442918573971838, 0.00010597993241390213, 0.0001040478382492438, 9.568925452185795e-05, 9.335848881164566e-05, 9.122053597820923e-05, 8.835385960992426e-05, 8.716050069779158e-05, 8.393673488171771e-05, 8.445609273621812e-05, 8.219159644795582e-05, 8.650992822367698e-05, 8.2702114013955e-05, 7.931072468636557e-05, 7.536423072451726e-05, 7.329892832785845e-05, 7.234119402710348e-05, 7.588115113321692e-05, 7.54306820454076e-05, 6.940432649571449e-05, 6.990758265601471e-05, 6.798307731514797e-05, 6.623758235946298e-05, 6.703661347273737e-05, 6.541372567880899e-05, 6.406911415979266e-05, 6.31428774795495e-05, 6.192545697558671e-05, 6.95358103257604e-05, 6.732995097991079e-05, 6.466713966801763e-05, 6.556114385602996e-05, 6.369046604959294e-05, 6.286559801083058e-05], "mse": [0.002338807564228773, 0.002002535853534937, 0.0017016216879710555, 0.0013778583379462361, 0.0010569009464234114, 0.0008008123259060085, 0.0006414909148588777, 0.0005416253698058426, 0.00045505090383812785, 0.00036840204847976565, 0.0003053146356251091, 0.0002715107402764261, 0.00022003873891662806, 0.00019257466192357242, 0.00017157060210593045, 0.00016209670866373926, 0.00015365466242656112, 0.0001541098317829892, 0.00014240456221159548, 0.00013374912668950856, 0.00012838674592785537, 0.0001224687584908679, 0.00011896613432327285, 0.00011517258826643229, 0.00011078731768066064, 0.00010599626693874598, 0.00010923700028797612, 0.00010442918573971838, 0.00010597993241390213, 0.0001040478382492438, 9.568925452185795e-05, 9.335848881164566e-05, 9.122053597820923e-05, 8.835385960992426e-05, 8.716050069779158e-05, 8.393673488171771e-05, 8.445609273621812e-05, 8.219159644795582e-05, 8.650992822367698e-05, 8.2702114013955e-05, 7.931072468636557e-05, 7.536423072451726e-05, 7.329892832785845e-05, 7.234119402710348e-05, 7.588115113321692e-05, 7.54306820454076e-05, 6.940432649571449e-05, 6.990758265601471e-05, 6.798307731514797e-05, 6.623758235946298e-05, 6.703661347273737e-05, 6.541372567880899e-05, 6.406911415979266e-05, 6.31428774795495e-05, 6.192545697558671e-05, 6.95358103257604e-05, 6.732995097991079e-05, 6.466713966801763e-05, 6.556114385602996e-05, 6.369046604959294e-05, 6.286559801083058e-05], "val_loss": [0.0019602286629378796, 0.001688014017418027, 0.001402731635607779, 0.001107878633774817, 0.0008262980845756829, 0.0006164413644000888, 0.0004952998133376241, 0.00043897246359847486, 0.00033496934338472784, 0.00026712226099334657, 0.0002436720533296466, 0.00020190895884297788, 0.0001596015936229378, 0.00011834609176730737, 0.00010624816786730662, 0.0001025572419166565, 0.00011060434917453676, 9.918016439769417e-05, 9.30272726691328e-05, 7.919137715362012e-05, 7.909505075076595e-05, 8.194461406674236e-05, 7.508233829867095e-05, 7.339958392549306e-05, 7.151993486331776e-05, 7.120885129552335e-05, 6.923262117197737e-05, 7.490086136385798e-05, 7.931113941594958e-05, 7.101007213350385e-05, 7.063137309160084e-05, 6.424226012313738e-05, 6.212820881046355e-05, 6.556669541168958e-05, 6.478210707427934e-05, 6.19131387793459e-05, 6.408004992408678e-05, 6.773642235202715e-05, 5.988024713587947e-05, 6.414436938939616e-05, 5.854527626070194e-05, 5.718165630241856e-05, 5.744473310187459e-05, 6.256163760554045e-05, 5.811258597532287e-05, 5.864774720976129e-05, 5.837731441715732e-05, 6.270899757510051e-05, 5.8035813708556816e-05, 5.924731885897927e-05, 5.435291677713394e-05, 6.20339487795718e-05, 5.504519140231423e-05, 5.7465706049697474e-05, 5.605948535958305e-05, 7.073438609950244e-05, 6.987281085457653e-05, 5.649793456541374e-05, 6.023087917128578e-05, 6.790232146158814e-05, 5.7391436712350696e-05], "val_mse": [0.0019602286629378796, 0.001688014017418027, 0.001402731635607779, 0.001107878633774817, 0.0008262980845756829, 0.0006164413644000888, 0.0004952998133376241, 0.00043897246359847486, 0.00033496934338472784, 0.00026712226099334657, 0.0002436720533296466, 0.00020190894429106265, 0.0001596015936229378, 0.00011834609176730737, 0.00010624816786730662, 0.0001025572419166565, 0.00011060434917453676, 9.918016439769417e-05, 9.30272726691328e-05, 7.919137715362012e-05, 7.909505075076595e-05, 8.194461406674236e-05, 7.508233829867095e-05, 7.339958392549306e-05, 7.151993486331776e-05, 7.120885129552335e-05, 6.923262117197737e-05, 7.49008686398156e-05, 7.931113941594958e-05, 7.101007213350385e-05, 7.063137309160084e-05, 6.424226012313738e-05, 6.212820881046355e-05, 6.556669541168958e-05, 6.478210707427934e-05, 6.19131387793459e-05, 6.408004992408678e-05, 6.773642235202715e-05, 5.988024713587947e-05, 6.414436938939616e-05, 5.854527626070194e-05, 5.718165630241856e-05, 5.744473310187459e-05, 6.256163760554045e-05, 5.811257869936526e-05, 5.864774720976129e-05, 5.837731441715732e-05, 6.270899757510051e-05, 5.8035813708556816e-05, 5.924731885897927e-05, 5.435291677713394e-05, 6.20339487795718e-05, 5.504519140231423e-05, 5.7465706049697474e-05, 5.605948535958305e-05, 7.073438609950244e-05, 6.987281085457653e-05, 5.649793456541374e-05, 6.023087917128578e-05, 6.790232146158814e-05, 5.7391436712350696e-05]}