{"loss": [0.0013043538201600313, 0.00017357921751681715, 9.26280117710121e-05, 6.27104818704538e-05, 5.007954314351082e-05, 4.341571548138745e-05, 3.697491411003284e-05, 3.3072497899411246e-05, 3.318989183753729e-05, 2.802502604026813e-05, 2.7271733415545896e-05, 2.5866489522741176e-05, 2.324714841961395e-05, 2.359598693146836e-05, 2.417799987597391e-05, 2.226304786745459e-05, 2.2165793780004606e-05, 2.1031244614277966e-05, 1.927907214849256e-05, 1.9126671759295277e-05, 1.8654904124559835e-05, 1.8147889932151884e-05, 1.9046079614781775e-05, 1.6772111848695204e-05, 1.6797008356661536e-05, 1.6574758774368092e-05, 1.572438486618921e-05, 1.5316954886657186e-05, 1.6472778952447698e-05, 1.5492581951548345e-05, 1.6065729141701013e-05, 1.5454408639925532e-05, 1.6455249351565726e-05, 1.5293757314793766e-05, 1.5119393538043369e-05, 1.4154878044791985e-05, 1.3983237295178697e-05, 1.3221155313658528e-05, 1.4190154615789652e-05, 1.4444235603150446e-05, 1.5290344890672714e-05, 1.3162144568923395e-05, 1.2959266314283013e-05, 1.4631044905399904e-05, 1.4343069778988138e-05, 1.2329893252172042e-05, 1.230658745043911e-05, 1.2584462638187688e-05, 1.1695030480041169e-05, 1.1649784028122667e-05, 1.1910161447303835e-05, 1.2939372027176432e-05, 1.1657310096779838e-05, 1.0866036063816864e-05, 1.158990926342085e-05], "mse": [0.0013043538201600313, 0.00017357921751681715, 9.26280117710121e-05, 6.27104818704538e-05, 5.007954314351082e-05, 4.341571548138745e-05, 3.697491411003284e-05, 3.3072497899411246e-05, 3.318989183753729e-05, 2.802502604026813e-05, 2.7271733415545896e-05, 2.5866489522741176e-05, 2.324714841961395e-05, 2.359598693146836e-05, 2.417799987597391e-05, 2.226304786745459e-05, 2.2165793780004606e-05, 2.1031244614277966e-05, 1.927907214849256e-05, 1.9126671759295277e-05, 1.8654904124559835e-05, 1.8147889932151884e-05, 1.9046079614781775e-05, 1.6772111848695204e-05, 1.6797008356661536e-05, 1.6574758774368092e-05, 1.572438486618921e-05, 1.5316954886657186e-05, 1.6472778952447698e-05, 1.5492581951548345e-05, 1.6065729141701013e-05, 1.5454408639925532e-05, 1.6455249351565726e-05, 1.5293757314793766e-05, 1.5119393538043369e-05, 1.4154878044791985e-05, 1.3983237295178697e-05, 1.3221155313658528e-05, 1.4190154615789652e-05, 1.4444235603150446e-05, 1.5290344890672714e-05, 1.3162144568923395e-05, 1.2959266314283013e-05, 1.4631044905399904e-05, 1.4343069778988138e-05, 1.2329893252172042e-05, 1.230658745043911e-05, 1.2584462638187688e-05, 1.1695030480041169e-05, 1.1649784028122667e-05, 1.1910163266293239e-05, 1.2939372027176432e-05, 1.1657310096779838e-05, 1.0866036063816864e-05, 1.158990926342085e-05], "val_loss": [0.00026056321803480387, 9.70083347056061e-05, 6.535115971928462e-05, 5.912804408580996e-05, 4.524101677816361e-05, 3.605594247346744e-05, 3.268016371293925e-05, 3.1595824111718684e-05, 3.1319836125476286e-05, 2.933101677626837e-05, 3.018949610122945e-05, 2.8293414288782515e-05, 2.7810832762042992e-05, 2.9946653739898466e-05, 2.5431336325709708e-05, 2.509508340153843e-05, 2.4442462745355442e-05, 2.392114583926741e-05, 2.440690150251612e-05, 2.2754602468921803e-05, 2.2557347620022483e-05, 3.321851181681268e-05, 2.5764989914023317e-05, 2.5639474188210443e-05, 2.1045629182481207e-05, 2.3624304958502762e-05, 2.1077859855722636e-05, 2.267296440550126e-05, 2.3914135454106145e-05, 2.10478319786489e-05, 2.4288719941978343e-05, 2.3826831238693558e-05, 2.1474021195899695e-05, 2.0596555259544402e-05, 2.2580854420084506e-05, 2.2019597963662818e-05, 2.0707127987407148e-05, 2.393734575889539e-05, 2.16539301618468e-05, 2.1334390112315305e-05, 1.9663664716063067e-05, 1.938014611368999e-05, 1.9631366740213707e-05, 2.0090754333068617e-05, 1.8296339476364665e-05, 1.8535716662881896e-05, 1.9785276890615933e-05, 2.5040406399057247e-05, 1.8972492398461327e-05, 1.8710701624513604e-05, 1.9059434634982608e-05, 1.927266566781327e-05, 1.8552818801254034e-05, 1.8764672859106213e-05, 2.7074733225163072e-05], "val_mse": [0.00026056321803480387, 9.70083347056061e-05, 6.535115971928462e-05, 5.912804408580996e-05, 4.524101677816361e-05, 3.605594247346744e-05, 3.268016371293925e-05, 3.1595824111718684e-05, 3.1319836125476286e-05, 2.933101677626837e-05, 3.018949610122945e-05, 2.8293414288782515e-05, 2.7810832762042992e-05, 2.9946653739898466e-05, 2.5431336325709708e-05, 2.509508340153843e-05, 2.4442462745355442e-05, 2.392114583926741e-05, 2.440690150251612e-05, 2.2754602468921803e-05, 2.2557347620022483e-05, 3.321851181681268e-05, 2.5764989914023317e-05, 2.5639474188210443e-05, 2.1045629182481207e-05, 2.3624304958502762e-05, 2.1077859855722636e-05, 2.267296440550126e-05, 2.3914135454106145e-05, 2.10478319786489e-05, 2.4288719941978343e-05, 2.3826831238693558e-05, 2.1474021195899695e-05, 2.0596555259544402e-05, 2.2580854420084506e-05, 2.201959978265222e-05, 2.0707127987407148e-05, 2.393734575889539e-05, 2.16539301618468e-05, 2.1334390112315305e-05, 1.9663664716063067e-05, 1.938014611368999e-05, 1.9631366740213707e-05, 2.0090754333068617e-05, 1.8296339476364665e-05, 1.8535716662881896e-05, 1.9785276890615933e-05, 2.5040406399057247e-05, 1.8972492398461327e-05, 1.87106998055242e-05, 1.9059434634982608e-05, 1.927266566781327e-05, 1.8552818801254034e-05, 1.8764672859106213e-05, 2.7074735044152476e-05]}