{"loss": [0.0014256307622417808, 0.00020576154929585755, 8.034505299292505e-05, 5.352454900275916e-05, 4.220740811433643e-05, 3.3423490094719455e-05, 2.8885440769954585e-05, 2.572881021478679e-05, 2.2998443455435336e-05, 2.2125528630567715e-05, 1.9260238332208246e-05, 1.8059839931083843e-05, 1.6855485228006728e-05, 1.589762541698292e-05, 1.5264002286130562e-05, 1.4968499272072222e-05, 1.481813524151221e-05, 1.322392108704662e-05, 1.3923912774771452e-05, 1.2384198271320201e-05, 1.342699852102669e-05, 1.1952463864872698e-05, 1.1062988050980493e-05, 1.0261169336445164e-05, 1.007674745778786e-05, 1.0737571756180841e-05, 9.679076356405858e-06, 1.0491123248357326e-05, 9.734222658153158e-06, 9.75125021795975e-06, 9.962587682821322e-06, 8.88978047441924e-06, 9.342142220702954e-06, 8.272174454759806e-06, 8.006949428818189e-06, 7.549876499979291e-06, 7.668190846743528e-06, 7.645751793461386e-06, 8.219360097427852e-06, 8.390747098019347e-06, 7.323207682929933e-06, 7.381028353847796e-06, 7.189262760221027e-06, 8.04283354227664e-06, 7.789429218973964e-06, 6.9710822572233155e-06, 6.2946364778326824e-06, 6.751311047992203e-06, 6.013602160237497e-06, 1.0709861271607224e-05, 6.743977337464457e-06, 7.870835361245554e-06, 6.158324595162412e-06, 6.432748250517761e-06, 5.720917670259951e-06, 6.9615057327609975e-06, 5.79712695980561e-06, 6.026989467500243e-06, 5.3260578170011286e-06, 5.393909304984845e-06, 6.116090389696183e-06, 6.2104636526783e-06, 5.229070666246116e-06, 6.637910246354295e-06, 5.6637386478541885e-06, 6.4815285441000015e-06, 6.908101568114944e-06, 4.990909928892506e-06, 5.462512035592226e-06, 5.240782229520846e-06, 5.666519427904859e-06, 5.241206963546574e-06, 5.92099377172417e-06, 5.229944235907169e-06, 5.22763639310142e-06], "mse": [0.0014256307622417808, 0.00020576154929585755, 8.034505299292505e-05, 5.352454900275916e-05, 4.220740811433643e-05, 3.3423490094719455e-05, 2.8885440769954585e-05, 2.572881021478679e-05, 2.2998443455435336e-05, 2.2125528630567715e-05, 1.9260238332208246e-05, 1.8059839931083843e-05, 1.6855485228006728e-05, 1.589762541698292e-05, 1.5264002286130562e-05, 1.4968499272072222e-05, 1.481813524151221e-05, 1.322392108704662e-05, 1.3923912774771452e-05, 1.2384198271320201e-05, 1.342699852102669e-05, 1.1952463864872698e-05, 1.106298623199109e-05, 1.0261169336445164e-05, 1.007674745778786e-05, 1.073757084668614e-05, 9.679076356405858e-06, 1.0491123248357326e-05, 9.734222658153158e-06, 9.75125021795975e-06, 9.962587682821322e-06, 8.88978047441924e-06, 9.342142220702954e-06, 8.272174454759806e-06, 8.006949428818189e-06, 7.549876499979291e-06, 7.668190846743528e-06, 7.645751793461386e-06, 8.219360097427852e-06, 8.390747098019347e-06, 7.323207682929933e-06, 7.381028353847796e-06, 7.189262760221027e-06, 8.04283354227664e-06, 7.789429218973964e-06, 6.9710822572233155e-06, 6.2946364778326824e-06, 6.751311047992203e-06, 6.013602160237497e-06, 1.0709861271607224e-05, 6.743977337464457e-06, 7.870835361245554e-06, 6.158324595162412e-06, 6.432748250517761e-06, 5.720917670259951e-06, 6.9615057327609975e-06, 5.79712695980561e-06, 6.026989467500243e-06, 5.3260578170011286e-06, 5.393909304984845e-06, 6.116090389696183e-06, 6.2104636526783e-06, 5.229070666246116e-06, 6.637910246354295e-06, 5.6637386478541885e-06, 6.4815285441000015e-06, 6.908101568114944e-06, 4.990909928892506e-06, 5.462512035592226e-06, 5.240782229520846e-06, 5.666519427904859e-06, 5.241206963546574e-06, 5.92099377172417e-06, 5.229945145401871e-06, 5.22763639310142e-06], "val_loss": [0.0005249759997241199, 9.015040268423036e-05, 6.6709442762658e-05, 5.8120414905715734e-05, 5.10223071614746e-05, 4.2866802687058225e-05, 3.579428084776737e-05, 3.035071313206572e-05, 4.528994031716138e-05, 2.6902289391728118e-05, 2.7339830921846442e-05, 2.4123255570884794e-05, 2.3077156583894975e-05, 2.2846059437142685e-05, 2.3165601305663586e-05, 2.9423035812214948e-05, 1.9182052710675634e-05, 2.0769035472767428e-05, 1.8523282051319256e-05, 2.7884352675755508e-05, 1.8554830603534356e-05, 2.1376681615947746e-05, 1.8352289771428332e-05, 1.6608048099442385e-05, 1.9027340385946445e-05, 1.5768093362567015e-05, 1.747674832586199e-05, 1.598848211870063e-05, 1.4805409591645002e-05, 1.6702715583960526e-05, 1.9307981347083114e-05, 1.7284732166444883e-05, 1.6748899724916555e-05, 1.3759468856733292e-05, 1.7904805645230226e-05, 1.3883649444323964e-05, 1.414600046700798e-05, 1.4444168300542515e-05, 1.4701455256727058e-05, 1.403986789227929e-05, 1.2747911569022108e-05, 1.4214911061571911e-05, 1.3279749509820249e-05, 1.376415639242623e-05, 1.3023696737946011e-05, 1.3959842362964991e-05, 1.465568220737623e-05, 1.1733899555110838e-05, 1.2217234143463429e-05, 1.4319886759039946e-05, 1.1354314665368292e-05, 1.4469290363194887e-05, 1.2059329492331017e-05, 1.2329208402661607e-05, 1.1368832019797992e-05, 1.2054582839482464e-05, 1.1916467883565929e-05, 1.1494563295855187e-05, 1.0894452316279057e-05, 1.1178995919181034e-05, 1.099151631933637e-05, 1.2505333870649338e-05, 1.1773145160987042e-05, 1.292318574996898e-05, 1.0720684258558322e-05, 1.1198489119124133e-05, 1.1686945981637109e-05, 1.1171958249178715e-05, 1.1310377885820344e-05, 1.2291409802855924e-05, 1.2252924534550402e-05, 1.1018811164831277e-05, 1.0959938663290814e-05, 1.1186017218278721e-05, 1.2584882824739907e-05], "val_mse": [0.0005249759997241199, 9.015040268423036e-05, 6.6709442762658e-05, 5.8120414905715734e-05, 5.10223071614746e-05, 4.2866802687058225e-05, 3.579428084776737e-05, 3.035071313206572e-05, 4.528994031716138e-05, 2.6902289391728118e-05, 2.7339830921846442e-05, 2.4123255570884794e-05, 2.3077156583894975e-05, 2.2846059437142685e-05, 2.3165601305663586e-05, 2.9423035812214948e-05, 1.9182052710675634e-05, 2.0769035472767428e-05, 1.8523282051319256e-05, 2.7884352675755508e-05, 1.8554830603534356e-05, 2.1376681615947746e-05, 1.8352289771428332e-05, 1.6608048099442385e-05, 1.9027340385946445e-05, 1.5768093362567015e-05, 1.747674832586199e-05, 1.598848211870063e-05, 1.4805409591645002e-05, 1.6702715583960526e-05, 1.9307981347083114e-05, 1.7284732166444883e-05, 1.6748899724916555e-05, 1.3759468856733292e-05, 1.7904805645230226e-05, 1.3883649444323964e-05, 1.414600046700798e-05, 1.4444168300542515e-05, 1.4701455256727058e-05, 1.4039866982784588e-05, 1.2747911569022108e-05, 1.4214911061571911e-05, 1.3279749509820249e-05, 1.376415639242623e-05, 1.3023696737946011e-05, 1.3959842362964991e-05, 1.465568220737623e-05, 1.1733899555110838e-05, 1.2217234143463429e-05, 1.4319886759039946e-05, 1.1354314665368292e-05, 1.4469288544205483e-05, 1.2059329492331017e-05, 1.2329208402661607e-05, 1.1368832019797992e-05, 1.2054582839482464e-05, 1.1916466974071227e-05, 1.1494563295855187e-05, 1.0894452316279057e-05, 1.1178995919181034e-05, 1.099151631933637e-05, 1.2505333870649338e-05, 1.1773145160987042e-05, 1.292318574996898e-05, 1.0720684258558322e-05, 1.1198489119124133e-05, 1.1686945981637109e-05, 1.1171958249178715e-05, 1.1310377885820344e-05, 1.2291409802855924e-05, 1.2252924534550402e-05, 1.1018811164831277e-05, 1.0959938663290814e-05, 1.1186017218278721e-05, 1.2584882824739907e-05]}