{"loss": [0.0024035510141402483, 0.0020925807766616344, 0.001812758855521679, 0.0014858662616461515, 0.0011330789420753717, 0.0007813936099410057, 0.0005347422556951642, 0.00041008726111613214, 0.0003343262360431254, 0.0002540026034694165, 0.00019392100512050092, 0.00015748440637253225, 0.00013461604248732328, 0.00011588008783292025, 0.00010352089157095179, 9.449233039049432e-05, 8.953695942182094e-05, 8.161374717019498e-05, 7.325047045014799e-05, 6.820510316174477e-05, 6.339031097013503e-05, 5.919850809732452e-05, 5.402614624472335e-05, 5.1371454901527613e-05, 5.0195645599160343e-05, 4.705275205196813e-05, 4.478991832002066e-05, 4.2719508201116696e-05, 4.023067231173627e-05, 3.848932101391256e-05, 3.6729532439494506e-05, 3.498802107060328e-05, 3.32635645463597e-05], "mse": [0.0024035510141402483, 0.0020925807766616344, 0.001812758855521679, 0.0014858662616461515, 0.0011330789420753717, 0.0007813936099410057, 0.0005347422556951642, 0.00041008726111613214, 0.0003343262360431254, 0.0002540026034694165, 0.00019392100512050092, 0.00015748440637253225, 0.00013461604248732328, 0.00011588008783292025, 0.00010352089157095179, 9.449233039049432e-05, 8.953695942182094e-05, 8.161374717019498e-05, 7.325047045014799e-05, 6.820510316174477e-05, 6.339031097013503e-05, 5.919850809732452e-05, 5.402614624472335e-05, 5.137146217748523e-05, 5.0195645599160343e-05, 4.705275205196813e-05, 4.478991832002066e-05, 4.2719508201116696e-05, 4.023067231173627e-05, 3.848932101391256e-05, 3.672953607747331e-05, 3.498802107060328e-05, 3.32635645463597e-05], "val_loss": [0.0017443776596337557, 0.001479546306654811, 0.0013068611733615398, 0.0010927632683888078, 0.0008274689316749573, 0.0006404677405953407, 0.0004092278832104057, 0.00037994259037077427, 0.00029035957413725555, 0.0002207015932071954, 0.00014375653699971735, 0.00011401346273487434, 0.00010492573346709833, 8.423552208114415e-05, 8.034482743823901e-05, 7.11072570993565e-05, 7.073895540088415e-05, 7.439858745783567e-05, 7.039985212031752e-05, 6.542694609379396e-05, 6.455194670706987e-05, 6.806031160522252e-05, 6.357273377943784e-05, 6.43985767965205e-05, 7.192528573796153e-05, 6.371389463311061e-05, 6.893424870213494e-05, 6.775782821932808e-05, 6.409818161046132e-05, 6.425684841815382e-05, 7.327042840188369e-05, 6.48952554911375e-05, 6.362561543937773e-05], "val_mse": [0.0017443776596337557, 0.001479546306654811, 0.0013068611733615398, 0.0010927632683888078, 0.0008274689316749573, 0.0006404677405953407, 0.0004092278832104057, 0.00037994259037077427, 0.00029035957413725555, 0.0002207015932071954, 0.00014375653699971735, 0.00011401346273487434, 0.00010492573346709833, 8.423552208114415e-05, 8.034482743823901e-05, 7.11072570993565e-05, 7.073895540088415e-05, 7.439858745783567e-05, 7.039985212031752e-05, 6.542694609379396e-05, 6.455194670706987e-05, 6.806031160522252e-05, 6.357273377943784e-05, 6.439858407247812e-05, 7.192528573796153e-05, 6.371389463311061e-05, 6.893424870213494e-05, 6.775782821932808e-05, 6.409817433450371e-05, 6.425684841815382e-05, 7.327042840188369e-05, 6.48952554911375e-05, 6.362561543937773e-05]}