{"loss": [0.0033610172104090452, 0.0023989700712263584, 0.00221355352550745, 0.002140495926141739, 0.0021323389373719692, 0.0021012802608311176, 0.0020987384486943483, 0.0020757701713591814, 0.0020548480097204447, 0.002043684246018529, 0.0020536608062684536, 0.0020465620327740908, 0.002046809298917651, 0.0020344918593764305, 0.0020136793609708548], "mse": [0.0033610172104090452, 0.0023989700712263584, 0.00221355352550745, 0.002140495926141739, 0.0021323389373719692, 0.0021012802608311176, 0.0020987384486943483, 0.0020757701713591814, 0.0020548480097204447, 0.002043684246018529, 0.0020536608062684536, 0.0020465620327740908, 0.002046809298917651, 0.0020344918593764305, 0.0020136793609708548], "val_loss": [0.002727129263803363, 0.002299320651218295, 0.0022289007902145386, 0.0022239850368350744, 0.0022027448285371065, 0.00227846740745008, 0.002234071958810091, 0.0023146322928369045, 0.002249452518299222, 0.002352739917114377, 0.0022466694936156273, 0.002311454387381673, 0.0022428729571402073, 0.0022385353222489357, 0.0022468464449048042], "val_mse": [0.002727129263803363, 0.002299320651218295, 0.0022289007902145386, 0.0022239850368350744, 0.0022027448285371065, 0.00227846740745008, 0.002234071958810091, 0.0023146322928369045, 0.002249452518299222, 0.002352739917114377, 0.0022466694936156273, 0.0023114546202123165, 0.0022428729571402073, 0.0022385353222489357, 0.0022468464449048042]}