{"loss": [0.0017869221046566963, 0.0006526176584884524, 0.00023530634643975645, 0.00014129186456557363, 0.0001084634568542242, 8.496442751493305e-05, 6.843825394753367e-05, 6.640845822403207e-05, 4.993380207451992e-05, 4.300686850911006e-05, 3.962873597629368e-05, 3.651000224635936e-05, 3.421573273953982e-05, 3.2865886169020087e-05, 2.9384946174104698e-05, 2.7395948563935235e-05, 2.5308565454906784e-05, 2.5741916033439338e-05, 2.4538925572414882e-05, 2.323415901628323e-05, 2.2383692339644767e-05, 2.0769839466083795e-05, 2.0156114260316826e-05, 2.0398400010890327e-05, 2.0034811313962564e-05, 1.934511965373531e-05, 1.880241688922979e-05, 1.819958197302185e-05, 1.7359887351631187e-05, 1.6815807612147182e-05, 1.6466423403471708e-05, 1.6059906556620263e-05, 1.6981366570689715e-05, 1.596482798049692e-05, 1.5468005585717037e-05, 1.5255345715559088e-05, 1.4556930182152428e-05, 1.4316648957901634e-05, 1.5317733414121903e-05, 1.380237426928943e-05, 1.3736909750150517e-05, 1.4396504411706701e-05, 1.3909640983911231e-05, 1.305444493482355e-05, 1.2727017747238278e-05, 1.1784003618231509e-05, 1.2192825124657247e-05, 1.2883915587735828e-05, 1.4582583389710635e-05, 1.3171187674743123e-05, 1.2147796951467171e-05, 1.2498630894697271e-05, 1.1288381756457966e-05, 1.7052227121894248e-05, 1.1747873031708878e-05, 1.1367541446816176e-05, 1.0797632967296522e-05, 1.1261773579462897e-05, 1.1025710591638926e-05, 1.0351160199206788e-05, 1.1239156265219208e-05, 1.052424431691179e-05, 1.0804785233631264e-05, 1.0887223652389366e-05, 1.054361928254366e-05, 1.1923315469175577e-05, 9.562124432704877e-06, 1.0042826943390537e-05, 9.562914783600718e-06], "mse": [0.0017869221046566963, 0.0006526176584884524, 0.00023530634643975645, 0.00014129186456557363, 0.0001084634568542242, 8.496442751493305e-05, 6.843825394753367e-05, 6.640845822403207e-05, 4.993380207451992e-05, 4.300686850911006e-05, 3.962873597629368e-05, 3.651000224635936e-05, 3.421573273953982e-05, 3.2865886169020087e-05, 2.9384946174104698e-05, 2.7395948563935235e-05, 2.5308565454906784e-05, 2.5741916033439338e-05, 2.4538925572414882e-05, 2.323415901628323e-05, 2.2383692339644767e-05, 2.0769839466083795e-05, 2.0156112441327423e-05, 2.0398400010890327e-05, 2.0034811313962564e-05, 1.934511965373531e-05, 1.880241688922979e-05, 1.819958197302185e-05, 1.7359887351631187e-05, 1.6815807612147182e-05, 1.6466423403471708e-05, 1.6059906556620263e-05, 1.6981366570689715e-05, 1.596482798049692e-05, 1.5468005585717037e-05, 1.5255345715559088e-05, 1.4556930182152428e-05, 1.4316648957901634e-05, 1.5317733414121903e-05, 1.380237426928943e-05, 1.3736909750150517e-05, 1.4396504411706701e-05, 1.3909640983911231e-05, 1.305444493482355e-05, 1.2727017747238278e-05, 1.1784003618231509e-05, 1.2192825124657247e-05, 1.2883915587735828e-05, 1.4582583389710635e-05, 1.3171187674743123e-05, 1.2147796951467171e-05, 1.2498630894697271e-05, 1.1288381756457966e-05, 1.7052227121894248e-05, 1.1747873031708878e-05, 1.1367541446816176e-05, 1.0797632967296522e-05, 1.1261773579462897e-05, 1.1025710591638926e-05, 1.0351160199206788e-05, 1.1239158084208611e-05, 1.052424431691179e-05, 1.0804785233631264e-05, 1.0887223652389366e-05, 1.054361928254366e-05, 1.1923315469175577e-05, 9.562124432704877e-06, 1.0042826943390537e-05, 9.562914783600718e-06], "val_loss": [0.0009361502015963197, 0.00035688848583959043, 0.0002064604195766151, 0.00011815477046184242, 0.0001180699109681882, 8.809103019302711e-05, 0.00010174659109907225, 7.135877967812121e-05, 6.552525155711919e-05, 5.404025796451606e-05, 5.045049329055473e-05, 4.901602369500324e-05, 4.9053760449169204e-05, 4.614778663381003e-05, 4.062226435053162e-05, 3.904669210896827e-05, 3.786721208598465e-05, 4.829399404115975e-05, 3.7578192859655246e-05, 3.760667459573597e-05, 3.689249206217937e-05, 3.658792411442846e-05, 3.540282341418788e-05, 3.6723515222547576e-05, 3.819811172434129e-05, 3.642077717813663e-05, 3.579197436920367e-05, 3.5324483178555965e-05, 3.222263330826536e-05, 3.207748886779882e-05, 3.331271727802232e-05, 3.292858673376031e-05, 3.469417424639687e-05, 3.952765837311745e-05, 3.240029400330968e-05, 2.9482203899533488e-05, 3.107284283032641e-05, 2.8578795536304824e-05, 2.8499642212409526e-05, 2.7442234568297863e-05, 2.7504085664986633e-05, 2.7898084226762876e-05, 3.133485733997077e-05, 3.1386171031044796e-05, 2.6788356990437023e-05, 2.8313714210526086e-05, 3.05517933156807e-05, 3.0347628126037307e-05, 3.753534110728651e-05, 2.6781734050018713e-05, 2.577930899860803e-05, 2.5551273211021908e-05, 2.7735199182643555e-05, 2.6371144485892728e-05, 2.5447274310863577e-05, 2.6037079805973917e-05, 2.9513765184674412e-05, 2.6103427444468252e-05, 2.5345820176880807e-05, 2.7956268240814097e-05, 2.925145236076787e-05, 2.7041227440349758e-05, 2.9173264920245856e-05, 2.5686220396892168e-05, 2.5899775209836662e-05, 2.5385365006513894e-05, 2.553376543801278e-05, 2.6633635570760816e-05, 2.748575025179889e-05], "val_mse": [0.0009361502015963197, 0.00035688848583959043, 0.0002064604195766151, 0.00011815477046184242, 0.0001180699109681882, 8.809103019302711e-05, 0.00010174659109907225, 7.135877967812121e-05, 6.552525155711919e-05, 5.404025796451606e-05, 5.045049329055473e-05, 4.901602369500324e-05, 4.9053760449169204e-05, 4.614778663381003e-05, 4.062226435053162e-05, 3.904669210896827e-05, 3.786721208598465e-05, 4.829399404115975e-05, 3.7578192859655246e-05, 3.760667459573597e-05, 3.689249206217937e-05, 3.658792411442846e-05, 3.540282341418788e-05, 3.6723515222547576e-05, 3.819811172434129e-05, 3.642077717813663e-05, 3.579197436920367e-05, 3.5324483178555965e-05, 3.222263330826536e-05, 3.207748886779882e-05, 3.331271727802232e-05, 3.292858673376031e-05, 3.469417424639687e-05, 3.952765837311745e-05, 3.240029400330968e-05, 2.9482203899533488e-05, 3.107284283032641e-05, 2.8578795536304824e-05, 2.8499642212409526e-05, 2.744223274930846e-05, 2.7504085664986633e-05, 2.7898084226762876e-05, 3.133485733997077e-05, 3.1386171031044796e-05, 2.6788356990437023e-05, 2.8313714210526086e-05, 3.05517933156807e-05, 3.0347628126037307e-05, 3.753534110728651e-05, 2.6781734050018713e-05, 2.577930899860803e-05, 2.5551273211021908e-05, 2.7735199182643555e-05, 2.637114630488213e-05, 2.5447274310863577e-05, 2.6037079805973917e-05, 2.9513765184674412e-05, 2.6103427444468252e-05, 2.5345820176880807e-05, 2.7956268240814097e-05, 2.925145236076787e-05, 2.7041227440349758e-05, 2.9173264920245856e-05, 2.5686220396892168e-05, 2.5899775209836662e-05, 2.5385365006513894e-05, 2.553376543801278e-05, 2.6633635570760816e-05, 2.748575025179889e-05]}