{"loss": [0.005915705114603043, 0.004933780059218407, 0.0043837265111505985, 0.0042150067165493965, 0.004033213015645742, 0.00400749035179615, 0.003976594656705856, 0.0039262790232896805, 0.003946827258914709, 0.0038873860612511635, 0.0038566922303289175, 0.0038309269584715366, 0.0038200202398002148, 0.0038154441863298416, 0.0038039416540414095, 0.0038063060492277145, 0.0037935737054795027, 0.0037474902346730232, 0.0037528513930737972, 0.0037545091472566128, 0.003728703362867236, 0.003693381557241082], "mse": [0.005915705114603043, 0.004933780059218407, 0.0043837265111505985, 0.0042150067165493965, 0.004033213015645742, 0.00400749035179615, 0.003976594656705856, 0.0039262790232896805, 0.003946827258914709, 0.0038873860612511635, 0.003856691997498274, 0.0038309269584715366, 0.0038200202398002148, 0.003815444651991129, 0.0038039416540414095, 0.0038063060492277145, 0.0037935737054795027, 0.0037474902346730232, 0.0037528513930737972, 0.0037545091472566128, 0.003728703362867236, 0.003693381557241082], "val_loss": [0.005244947038590908, 0.004521762952208519, 0.0042492179200053215, 0.004142713733017445, 0.004153215326368809, 0.004199869465082884, 0.004259009379893541, 0.004093232098966837, 0.0042671686969697475, 0.004164912272244692, 0.0041792425327003, 0.004004418384283781, 0.0041527580469846725, 0.004007676150649786, 0.004031982272863388, 0.004165289923548698, 0.004073549062013626, 0.004091452807188034, 0.004068843554705381, 0.004083458334207535, 0.004059726372361183, 0.004166844300925732], "val_mse": [0.005244947038590908, 0.004521762952208519, 0.0042492179200053215, 0.004142713733017445, 0.004153215326368809, 0.004199869465082884, 0.004259009379893541, 0.004093232098966837, 0.0042671686969697475, 0.004164912272244692, 0.0041792425327003, 0.004004418384283781, 0.0041527580469846725, 0.004007676150649786, 0.004031982272863388, 0.004165289923548698, 0.004073549062013626, 0.004091452807188034, 0.004068843554705381, 0.004083458334207535, 0.004059726372361183, 0.004166844300925732]}