{"loss": [0.0012996047735214233, 0.00021871358330827206, 0.00010739579010987654, 8.496312511852011e-05, 6.133059650892392e-05, 5.402383249020204e-05, 5.04494491906371e-05, 4.4894590246258304e-05, 4.023203655378893e-05, 4.002458445029333e-05, 3.717595245689154e-05, 3.788472531596199e-05, 3.4033015253953636e-05, 3.4062839404214174e-05, 3.4125707315979525e-05, 3.2100022508529946e-05, 3.268301588832401e-05, 3.0054156013648026e-05, 2.9104619898134843e-05, 2.8110591301810928e-05, 2.72302349912934e-05, 2.7762001991504803e-05, 2.6687181161832996e-05, 2.556784966145642e-05, 2.437081820971798e-05, 2.8156133339507505e-05, 2.6054638510686345e-05, 2.361386395932641e-05, 2.340499486308545e-05, 2.4211110940086655e-05, 2.530997335270513e-05, 2.458522249071393e-05, 2.3220338334795088e-05, 2.2449070456787013e-05, 2.1466168618644588e-05, 2.188735015806742e-05, 2.2545031242771074e-05, 2.2297615942079574e-05, 2.1341591491363943e-05, 1.9872435586876236e-05, 1.9850474927807227e-05, 2.0160921849310398e-05, 2.0136916646151803e-05, 1.946200973179657e-05, 1.9928173060179688e-05, 2.0545272491290234e-05, 1.996717219299171e-05, 1.912056359287817e-05, 2.103435508615803e-05, 1.859450276242569e-05, 1.8298997019883245e-05, 1.9143866666126996e-05, 2.026975926128216e-05, 1.9063476429437287e-05, 1.81714440259384e-05, 1.778472142177634e-05, 1.7330228729406372e-05, 1.7685437342152e-05, 1.8525102859712206e-05, 1.7952072084881365e-05], "mse": [0.0012996047735214233, 0.00021871358330827206, 0.00010739579010987654, 8.496312511852011e-05, 6.133059650892392e-05, 5.402383249020204e-05, 5.04494491906371e-05, 4.4894590246258304e-05, 4.023203655378893e-05, 4.002458445029333e-05, 3.717595245689154e-05, 3.788472531596199e-05, 3.4033015253953636e-05, 3.4062839404214174e-05, 3.4125707315979525e-05, 3.2100022508529946e-05, 3.268301588832401e-05, 3.0054156013648026e-05, 2.9104619898134843e-05, 2.8110591301810928e-05, 2.72302349912934e-05, 2.7761996534536593e-05, 2.6687181161832996e-05, 2.556784966145642e-05, 2.437081820971798e-05, 2.8156133339507505e-05, 2.6054638510686345e-05, 2.361386395932641e-05, 2.340499486308545e-05, 2.4211110940086655e-05, 2.530997335270513e-05, 2.458522249071393e-05, 2.3220338334795088e-05, 2.2449070456787013e-05, 2.1466168618644588e-05, 2.188735015806742e-05, 2.2545031242771074e-05, 2.2297615942079574e-05, 2.1341591491363943e-05, 1.9872435586876236e-05, 1.9850474927807227e-05, 2.0160921849310398e-05, 2.0136916646151803e-05, 1.946200973179657e-05, 1.9928173060179688e-05, 2.0545272491290234e-05, 1.996717219299171e-05, 1.9120565411867574e-05, 2.103435508615803e-05, 1.859450276242569e-05, 1.8298997019883245e-05, 1.9143866666126996e-05, 2.026975926128216e-05, 1.9063476429437287e-05, 1.81714440259384e-05, 1.778472142177634e-05, 1.7330228729406372e-05, 1.7685437342152e-05, 1.8525102859712206e-05, 1.7952072084881365e-05], "val_loss": [0.00043644060497172177, 0.00013865137589164078, 9.569642861606553e-05, 7.63099014875479e-05, 6.245594704523683e-05, 6.0360202041920274e-05, 5.6471952120773494e-05, 4.795417044078931e-05, 4.523688039625995e-05, 4.237690882291645e-05, 3.922880569007248e-05, 4.1552568291081116e-05, 3.791345443460159e-05, 3.846834079013206e-05, 3.869342617690563e-05, 3.890927109750919e-05, 3.321967597003095e-05, 3.627721162047237e-05, 3.163237852277234e-05, 3.286757419118658e-05, 3.2568073947913945e-05, 3.559787728590891e-05, 3.3100321161327884e-05, 3.067673969781026e-05, 3.0156201319186948e-05, 3.482445754343644e-05, 3.298480805824511e-05, 3.512831972329877e-05, 3.1085619411896914e-05, 3.7338657421059906e-05, 3.8788351957919076e-05, 3.204901804565452e-05, 3.0428469472099096e-05, 2.9762273697997443e-05, 2.7025898816646077e-05, 2.841466266545467e-05, 4.636945595848374e-05, 2.723015313677024e-05, 2.7820244213216938e-05, 2.6618748961482197e-05, 2.609829607536085e-05, 3.171798380208202e-05, 2.6810248527908698e-05, 3.249722794862464e-05, 2.9871334845665842e-05, 3.14306489599403e-05, 2.666227737790905e-05, 2.7139298254041933e-05, 2.6764995709527284e-05, 2.5437229851377197e-05, 2.7417485398473218e-05, 3.20979452226311e-05, 2.918991413025651e-05, 3.019110590685159e-05, 2.6227329726680182e-05, 2.817801942001097e-05, 2.6175293896812946e-05, 2.6307603548048064e-05, 3.191464566043578e-05, 2.639793819980696e-05], "val_mse": [0.00043644060497172177, 0.00013865137589164078, 9.569642861606553e-05, 7.63099014875479e-05, 6.245594704523683e-05, 6.0360202041920274e-05, 5.6471952120773494e-05, 4.795417044078931e-05, 4.5236884034238756e-05, 4.237690882291645e-05, 3.922880569007248e-05, 4.1552568291081116e-05, 3.791345443460159e-05, 3.846834079013206e-05, 3.8693422538926825e-05, 3.890927109750919e-05, 3.321967597003095e-05, 3.627721162047237e-05, 3.163237852277234e-05, 3.286757419118658e-05, 3.2568073947913945e-05, 3.559787728590891e-05, 3.3100321161327884e-05, 3.067673969781026e-05, 3.0156201319186948e-05, 3.482445754343644e-05, 3.298480805824511e-05, 3.512831972329877e-05, 3.1085619411896914e-05, 3.7338657421059906e-05, 3.8788351957919076e-05, 3.204901804565452e-05, 3.0428469472099096e-05, 2.9762273697997443e-05, 2.7025898816646077e-05, 2.841466266545467e-05, 4.636945595848374e-05, 2.723015313677024e-05, 2.7820244213216938e-05, 2.6618748961482197e-05, 2.609829607536085e-05, 3.171798380208202e-05, 2.6810248527908698e-05, 3.249722794862464e-05, 2.9871334845665842e-05, 3.14306489599403e-05, 2.666227737790905e-05, 2.7139298254041933e-05, 2.6764995709527284e-05, 2.5437229851377197e-05, 2.7417485398473218e-05, 3.20979452226311e-05, 2.918991413025651e-05, 3.019110590685159e-05, 2.6227329726680182e-05, 2.817801942001097e-05, 2.6175293896812946e-05, 2.6307603548048064e-05, 3.191464566043578e-05, 2.639793819980696e-05]}