{"loss": [0.0019382344326004386, 0.0009557383018545806, 0.0006205434328876436, 0.0005209789960645139, 0.00048256065929308534, 0.00046057990402914584, 0.00044893258018419147, 0.00044042279478162527, 0.0004289651697035879, 0.0004282237496227026, 0.00041365501238033175, 0.0004109809815417975, 0.0004054200544487685, 0.0004080382641404867, 0.0003962941700592637, 0.0003898792201653123, 0.00038971606409177184, 0.00038851279532536864, 0.00038521073292940855], "mse": [0.0019382344326004386, 0.0009557381854392588, 0.0006205434328876436, 0.0005209789960645139, 0.00048256065929308534, 0.00046057990402914584, 0.00044893258018419147, 0.00044042279478162527, 0.0004289651697035879, 0.0004282237496227026, 0.00041365501238033175, 0.0004109809815417975, 0.0004054200544487685, 0.0004080382641404867, 0.00039629414095543325, 0.0003898792201653123, 0.00038971606409177184, 0.00038851279532536864, 0.00038521073292940855], "val_loss": [0.0012190460693091154, 0.0007949937134981155, 0.0006747360457666218, 0.0006423910963349044, 0.0006310667959041893, 0.0006279171211645007, 0.0006729537271894515, 0.0006132516427896917, 0.0006120820180512965, 0.0006283998372964561, 0.000624947075266391, 0.0006401611608453095, 0.000636385171674192, 0.0006370671326294541, 0.0006581023917533457, 0.0006280954694375396, 0.0006198466871865094, 0.0006343413842841983, 0.0006274023908190429], "val_mse": [0.0012190460693091154, 0.0007949937134981155, 0.0006747360457666218, 0.0006423910963349044, 0.0006310667959041893, 0.0006279171211645007, 0.0006729537271894515, 0.0006132516427896917, 0.0006120820180512965, 0.0006283998372964561, 0.000624947075266391, 0.0006401611608453095, 0.000636385171674192, 0.0006370671326294541, 0.0006581023917533457, 0.0006280954694375396, 0.0006198466871865094, 0.0006343413842841983, 0.0006274023908190429]}