{"loss": [0.006690278649330139, 0.005959940608590841, 0.005519655533134937, 0.005210051313042641, 0.00500452658161521, 0.004683811217546463, 0.004443494603037834, 0.004302344284951687, 0.0041900197975337505, 0.00406468752771616, 0.004002406261861324, 0.00393274612724781, 0.003878620220348239], "mse": [0.006690278649330139, 0.005959940608590841, 0.005519655533134937, 0.005210052244365215, 0.00500452658161521, 0.004683811217546463, 0.0044434936717152596, 0.004302344284951687, 0.0041900197975337505, 0.00406468752771616, 0.004002406261861324, 0.00393274612724781, 0.003878620220348239], "val_loss": [0.003286226186901331, 0.0032497276552021503, 0.0029913883190602064, 0.0031073037534952164, 0.0032598443794995546, 0.003316073212772608, 0.0035526652354747057, 0.0033668733667582273, 0.003393750172108412, 0.0031948566902428865, 0.003386641386896372, 0.003259026911109686, 0.003397876862436533], "val_mse": [0.003286226186901331, 0.0032497276552021503, 0.0029913883190602064, 0.0031073037534952164, 0.0032598443794995546, 0.003316073212772608, 0.0035526652354747057, 0.0033668733667582273, 0.003393750172108412, 0.0031948562245815992, 0.003386641386896372, 0.003259026911109686, 0.003397876862436533]}