{"loss": [0.0014983214205130935, 0.0005603065364994109, 0.0005109257763251662, 0.0004752707027364522, 0.00046547866077162325, 0.00046094530262053013, 0.000454369408544153, 0.0004504821845330298, 0.00043702370021492243, 0.0004331791715230793, 0.0004434148722793907, 0.00043344657751731575, 0.00043210352305322886, 0.00042491217027418315, 0.000427564955316484, 0.00042421414400450885, 0.0004270979843568057, 0.00042330793803557754, 0.0004219230613671243, 0.0004167821607552469, 0.00041338326991535723, 0.00041183948633261025, 0.0004119606746826321, 0.00041223294101655483, 0.0004103640967514366, 0.000408149731811136, 0.00040549374534748495, 0.00040614421595819294, 0.0004086917033419013, 0.00040419521974399686, 0.0004020557680632919], "mse": [0.0014983214205130935, 0.0005603065364994109, 0.0005109257763251662, 0.0004752707027364522, 0.00046547866077162325, 0.00046094530262053013, 0.000454369408544153, 0.0004504821845330298, 0.00043702370021492243, 0.0004331791715230793, 0.0004434148722793907, 0.00043344657751731575, 0.00043210352305322886, 0.00042491217027418315, 0.000427564955316484, 0.00042421414400450885, 0.0004270979843568057, 0.00042330793803557754, 0.0004219230613671243, 0.0004167821607552469, 0.00041338326991535723, 0.00041183948633261025, 0.0004119606746826321, 0.00041223299922421575, 0.0004103640967514366, 0.000408149731811136, 0.00040549374534748495, 0.00040614421595819294, 0.0004086917033419013, 0.00040419521974399686, 0.0004020557680632919], "val_loss": [0.0005378630012273788, 0.0004966612323187292, 0.00043548474786803126, 0.0004290787037461996, 0.0004264293529558927, 0.0004156041832175106, 0.0004185723955743015, 0.00040903204353526235, 0.00040125101804733276, 0.00039737403858453035, 0.00039571686647832394, 0.0004105524276383221, 0.0003982798370998353, 0.00039803844993002713, 0.0003997072344645858, 0.0004018688923679292, 0.0004083031672053039, 0.0004120278754271567, 0.0004084889078512788, 0.00039893214125186205, 0.0003924139600712806, 0.00040312614873982966, 0.0004002447531092912, 0.00040190640720538795, 0.00040045578498393297, 0.0003963238268624991, 0.0004006515082437545, 0.00039686643867753446, 0.0004001082561444491, 0.00039943528827279806, 0.000402566947741434], "val_mse": [0.0005378630012273788, 0.0004966612323187292, 0.0004354847187642008, 0.0004290787037461996, 0.0004264293529558927, 0.0004156041832175106, 0.0004185723955743015, 0.00040903198532760143, 0.00040125101804733276, 0.00039737403858453035, 0.00039571686647832394, 0.0004105524276383221, 0.0003982798370998353, 0.00039803844993002713, 0.0003997072344645858, 0.0004018688923679292, 0.0004083031672053039, 0.0004120278754271567, 0.0004084889078512788, 0.00039893214125186205, 0.0003924139600712806, 0.0004031261778436601, 0.0004002447531092912, 0.00040190640720538795, 0.00040045578498393297, 0.0003963238268624991, 0.00040065147913992405, 0.00039686643867753446, 0.0004001082561444491, 0.00039943528827279806, 0.000402566947741434]}