{"loss": [0.00246925326064229, 0.0019776325207203627, 0.0014502317644655704, 0.0009498951258137822, 0.000654864008538425, 0.00045758183114230633, 0.0003077742294408381, 0.00022687001910526305, 0.00018628784164320678, 0.00016818937729112804, 0.0001702259760349989, 0.0001619563263375312, 0.00014627669588662684, 0.00014529595500789583, 0.00013892035349272192, 0.00013194180792197585, 0.00012037602573400363, 0.00012058691208949313, 0.00011412719322834164, 0.00011488811287563294, 0.00011397064372431487, 0.00010865357762668282, 0.00010474462760612369, 0.00010120831575477496, 0.00010013801511377096, 9.958774171536788e-05, 9.419253910891712e-05, 9.586125088389963e-05, 9.350425534648821e-05, 9.195227903546765e-05, 9.029430657392368e-05, 8.84016408235766e-05, 9.326772124040872e-05, 8.493241330143064e-05, 8.54012614581734e-05, 8.689241076353937e-05, 8.52366429171525e-05, 8.183177124010399e-05, 8.027552394196391e-05, 7.878257747506723e-05, 7.947073027025908e-05, 7.740050205029547e-05, 7.785847265040502e-05, 8.409113070229068e-05, 7.695203385083005e-05, 7.686184835620224e-05], "mse": [0.00246925326064229, 0.0019776325207203627, 0.0014502317644655704, 0.0009498951258137822, 0.000654864008538425, 0.00045758183114230633, 0.0003077742294408381, 0.00022687001910526305, 0.00018628787074703723, 0.00016818937729112804, 0.0001702259760349989, 0.0001619563263375312, 0.00014627669588662684, 0.00014529595500789583, 0.00013892035349272192, 0.00013194180792197585, 0.00012037602573400363, 0.00012058691208949313, 0.00011412719322834164, 0.00011488811287563294, 0.0001139706582762301, 0.00010865357762668282, 0.00010474462760612369, 0.00010120831575477496, 0.00010013801511377096, 9.958774171536788e-05, 9.419253910891712e-05, 9.586125088389963e-05, 9.350425534648821e-05, 9.195228631142527e-05, 9.029430657392368e-05, 8.84016408235766e-05, 9.326772124040872e-05, 8.493239874951541e-05, 8.54012614581734e-05, 8.689241076353937e-05, 8.52366429171525e-05, 8.183177124010399e-05, 8.027552394196391e-05, 7.878257747506723e-05, 7.947073027025908e-05, 7.740050205029547e-05, 7.785847265040502e-05, 8.409113070229068e-05, 7.695203385083005e-05, 7.686184835620224e-05], "val_loss": [0.002142870333045721, 0.0016613720217719674, 0.001128078205510974, 0.0008100798586383462, 0.0005393717437982559, 0.00035349131212569773, 0.00023807570687495172, 0.00017653671966399997, 0.0001694157108431682, 0.0002044034918071702, 0.00015745332348160446, 0.00021617754828184843, 0.00015190143312793225, 0.0001398249587509781, 0.00016432067786809057, 0.00016863193013705313, 0.000153573346324265, 0.0001337099529337138, 0.00014590632054023445, 0.00014855200424790382, 0.00014015103806741536, 0.00014222809113562107, 0.0001375082938466221, 0.00013041852798778564, 0.0001296742120757699, 0.00014409753202926368, 0.00013769083307124674, 0.00012833820073865354, 0.00015131165855564177, 0.00012908193457406014, 0.0001435938465874642, 0.00013506971299648285, 0.00012924414477311075, 0.00012760031677316874, 0.00016506652173120528, 0.00012690317817032337, 0.0001548303698655218, 0.00013171487080398947, 0.00014535104855895042, 0.0001316424022661522, 0.00015275715850293636, 0.0001297808048548177, 0.00014770594134461135, 0.0001421197084710002, 0.00013696157839149237, 0.00014567133621312678], "val_mse": [0.002142870333045721, 0.0016613720217719674, 0.001128078205510974, 0.0008100797422230244, 0.0005393717437982559, 0.00035349131212569773, 0.00023807570687495172, 0.00017653671966399997, 0.0001694157108431682, 0.0002044034918071702, 0.00015745332348160446, 0.00021617754828184843, 0.00015190143312793225, 0.0001398249587509781, 0.00016432067786809057, 0.0001686319155851379, 0.000153573346324265, 0.0001337099529337138, 0.00014590632054023445, 0.0001485519896959886, 0.00014015103806741536, 0.00014222809113562107, 0.0001375082938466221, 0.00013041854253970087, 0.0001296742120757699, 0.00014409753202926368, 0.00013769083307124674, 0.00012833820073865354, 0.00015131164400372654, 0.00012908193457406014, 0.0001435938465874642, 0.00013506971299648285, 0.00012924414477311075, 0.00012760031677316874, 0.0001650665362831205, 0.00012690317817032337, 0.0001548303698655218, 0.00013171487080398947, 0.00014535104855895042, 0.0001316424022661522, 0.00015275715850293636, 0.0001297808048548177, 0.00014770594134461135, 0.0001421197084710002, 0.00013696157839149237, 0.00014567133621312678]}