{"loss": [0.0016200090758502483, 0.000410545093473047, 0.00030483640148304403, 0.0002797227061819285, 0.00025929391267709434, 0.00024900888092815876, 0.0002429891173960641, 0.0002414917980786413, 0.0002411719469819218, 0.00023453860194422305, 0.00023239478468894958, 0.00022863681078888476, 0.00022456487931776792, 0.00022190072922967374, 0.00022248738969210535, 0.00021833766368217766, 0.00021453891531564295, 0.00021744024707004428, 0.00021592815755866468, 0.00021455650858115405, 0.00021631656272802502, 0.00020835926989093423, 0.0002074361254926771, 0.00020757144375238568, 0.00020942516857758164, 0.00021280083456076682, 0.0002077900862786919, 0.0002073368668789044, 0.00020750131807290018, 0.00020299525931477547, 0.0002023700944846496, 0.00020199123537167907, 0.00020147854229435325, 0.00019655424694065005, 0.00019623790285550058, 0.00019969312415923923, 0.00019583653192967176], "mse": [0.0016200090758502483, 0.000410545093473047, 0.00030483640148304403, 0.0002797227061819285, 0.00025929391267709434, 0.00024900888092815876, 0.0002429891173960641, 0.0002414917980786413, 0.0002411719469819218, 0.00023453860194422305, 0.00023239478468894958, 0.00022863681078888476, 0.00022456487931776792, 0.00022190072922967374, 0.00022248738969210535, 0.00021833766368217766, 0.00021453891531564295, 0.00021744024707004428, 0.00021592815755866468, 0.00021455650858115405, 0.00021631656272802502, 0.00020835926989093423, 0.0002074361254926771, 0.00020757144375238568, 0.00020942516857758164, 0.00021280083456076682, 0.0002077900862786919, 0.0002073368668789044, 0.00020750131807290018, 0.00020299525931477547, 0.0002023700944846496, 0.00020199123537167907, 0.00020147854229435325, 0.00019655424694065005, 0.00019623790285550058, 0.00019969312415923923, 0.00019583653192967176], "val_loss": [0.0006398237310349941, 0.0003205059329047799, 0.000286791764665395, 0.0002941492712125182, 0.00024472884251736104, 0.00023387240071315318, 0.00023353856522589922, 0.0002329115231987089, 0.00022925516532268375, 0.0002488166210241616, 0.00022952492872718722, 0.000219758614548482, 0.00022675181389786303, 0.00023861268709879369, 0.00022619066294282675, 0.0002425442507956177, 0.0002162293385481462, 0.0002571718068793416, 0.00022197376529220492, 0.0002768012636806816, 0.0002170376683352515, 0.0002219644229626283, 0.00022154362522996962, 0.00021693928283639252, 0.0002164645557058975, 0.00024107399804051965, 0.0002096780517604202, 0.0002169020299334079, 0.00021410196495708078, 0.00021987826039548963, 0.0002145392500096932, 0.00021355279022827744, 0.0002144829777535051, 0.00021095592819619924, 0.00021183781791478395, 0.00022024648205842823, 0.00021012073557358235], "val_mse": [0.000639823847450316, 0.0003205059329047799, 0.000286791764665395, 0.0002941492712125182, 0.00024472884251736104, 0.00023387240071315318, 0.00023353856522589922, 0.00023291149409487844, 0.00022925516532268375, 0.0002488166210241616, 0.00022952492872718722, 0.000219758614548482, 0.00022675181389786303, 0.00023861268709879369, 0.00022619066294282675, 0.0002425442507956177, 0.0002162293385481462, 0.0002571718068793416, 0.00022197376529220492, 0.0002768012636806816, 0.0002170376683352515, 0.0002219644229626283, 0.00022154362522996962, 0.00021693928283639252, 0.0002164645557058975, 0.00024107399804051965, 0.0002096780517604202, 0.0002169020299334079, 0.00021410196495708078, 0.00021987826039548963, 0.0002145392500096932, 0.00021355279022827744, 0.0002144829777535051, 0.00021095592819619924, 0.00021183781791478395, 0.00022024648205842823, 0.00021012073557358235]}