{"loss": [0.00156974617857486, 0.0006996943848207593, 0.0005251771654002368, 0.00048526094178669155, 0.0004722978628706187, 0.0004618899547494948, 0.0004527330456767231, 0.0004441511700861156, 0.000443770521087572, 0.00043376898975111544, 0.0004472970322240144, 0.00043349270708858967, 0.0004301076114643365, 0.00042932922951877117, 0.000421834149165079, 0.0004206087323836982, 0.0004179557436145842, 0.00041443671216256917, 0.0004134714254178107, 0.0004104894760530442, 0.00040990300476551056, 0.0004142454999964684, 0.0004128520085942, 0.0004085963300894946, 0.00040578938205726445, 0.000403489510063082, 0.0003994466387666762, 0.0004015573358628899, 0.00040269872988574207, 0.00039949119673110545, 0.0003994041762780398, 0.00039410218596458435, 0.00039507928886450827, 0.0003954952990170568, 0.00039351501618511975, 0.00039317909977398813, 0.00039144273614510894, 0.00038848406984470785, 0.00040699981036596], "mse": [0.00156974617857486, 0.0006996943848207593, 0.0005251771654002368, 0.00048526094178669155, 0.0004722978628706187, 0.0004618899547494948, 0.0004527330747805536, 0.0004441511700861156, 0.000443770521087572, 0.00043376898975111544, 0.0004472970322240144, 0.00043349270708858967, 0.0004301076114643365, 0.00042932922951877117, 0.000421834149165079, 0.0004206087323836982, 0.0004179557436145842, 0.00041443671216256917, 0.0004134713963139802, 0.0004104894760530442, 0.00040990300476551056, 0.0004142454999964684, 0.0004128520085942, 0.0004085963300894946, 0.00040578938205726445, 0.000403489510063082, 0.00039944666787050664, 0.0004015573358628899, 0.000402698788093403, 0.00039949119673110545, 0.0003994041762780398, 0.00039410218596458435, 0.00039507928886450827, 0.0003954952990170568, 0.00039351501618511975, 0.00039317909977398813, 0.00039144273614510894, 0.00038848406984470785, 0.00040699981036596], "val_loss": [0.0008545159362256527, 0.0005665544304065406, 0.0004910224233753979, 0.0004681694263126701, 0.000465818855445832, 0.0004638259415514767, 0.00046406409819610417, 0.00045680455514229834, 0.00045729437260888517, 0.00046207179548218846, 0.0004566980933304876, 0.00045048497850075364, 0.0004545742995105684, 0.00045433800551109016, 0.00045420791138894856, 0.0004566163115669042, 0.00044728591456077993, 0.00044850874110125005, 0.00044465024257078767, 0.0004514919128268957, 0.0004520775401033461, 0.0004473464214242995, 0.0004421598860062659, 0.00044852684368379414, 0.00044744013575837016, 0.00045645286445505917, 0.00044486569822765887, 0.0004408243694342673, 0.00043697544606402516, 0.0004570583696477115, 0.0004405425861477852, 0.00044925048132427037, 0.00044482198427431285, 0.0004471238935366273, 0.0004484350502025336, 0.00044581980910152197, 0.0004372335970401764, 0.0004454445734154433, 0.0004909465205855668], "val_mse": [0.0008545159362256527, 0.0005665543721988797, 0.0004910224233753979, 0.0004681694263126701, 0.000465818855445832, 0.0004638259415514767, 0.00046406409819610417, 0.00045680455514229834, 0.00045729437260888517, 0.00046207179548218846, 0.0004566980933304876, 0.00045048489118926227, 0.0004545742995105684, 0.00045433800551109016, 0.00045420791138894856, 0.0004566163115669042, 0.00044728591456077993, 0.00044850874110125005, 0.00044465024257078767, 0.0004514919128268957, 0.0004520775401033461, 0.0004473464214242995, 0.0004421598860062659, 0.00044852684368379414, 0.0004474401066545397, 0.00045645286445505917, 0.00044486569822765887, 0.0004408243694342673, 0.00043697544606402516, 0.0004570583696477115, 0.0004405425861477852, 0.00044925048132427037, 0.00044482198427431285, 0.0004471238935366273, 0.0004484350502025336, 0.00044581980910152197, 0.0004372335970401764, 0.0004454445734154433, 0.0004909465205855668]}