{"loss": [0.005982831120491028, 0.0030572100076824427, 0.001773487776517868, 0.001485184533521533, 0.0012728446163237095, 0.0011061563855037093, 0.0009423139272257686, 0.0008075224468484521, 0.0007496108300983906, 0.000665903149638325, 0.0006111862603574991, 0.0005854952614754438, 0.0005589825450442731, 0.000583290820941329, 0.000543400296010077, 0.0005021382821723819, 0.0004956490593031049, 0.00048210969544015825, 0.0004755623231176287, 0.00048064737347885966, 0.000493951141834259, 0.0004612049669958651, 0.0004551375168375671, 0.00045012845657765865, 0.0004485347308218479, 0.00044137812801636755, 0.00043694983469322324, 0.0004309315700083971, 0.00042603546171449125, 0.00041990960016846657, 0.00041782777407206595, 0.00045657172449864447, 0.0004364422056823969, 0.0004183196579106152, 0.0004220984410494566, 0.00040255492785945535, 0.0004062016378156841, 0.00039934864616952837, 0.00038720271550118923, 0.00040122150676324964, 0.0003987363015767187], "mse": [0.005982831120491028, 0.0030572100076824427, 0.001773487776517868, 0.001485184533521533, 0.0012728446163237095, 0.0011061563855037093, 0.0009423139272257686, 0.0008075224468484521, 0.0007496108300983906, 0.000665903149638325, 0.0006111862603574991, 0.0005854952032677829, 0.0005589825450442731, 0.000583290820941329, 0.000543400296010077, 0.0005021382821723819, 0.0004956490593031049, 0.00048210969544015825, 0.0004755623231176287, 0.00048064737347885966, 0.000493951141834259, 0.0004612049669958651, 0.0004551375168375671, 0.00045012845657765865, 0.0004485347308218479, 0.00044137812801636755, 0.00043694983469322324, 0.0004309315700083971, 0.00042603546171449125, 0.00041990960016846657, 0.00041782777407206595, 0.00045657172449864447, 0.0004364422056823969, 0.0004183196579106152, 0.0004220984410494566, 0.0004025549569632858, 0.0004062016378156841, 0.00039934864616952837, 0.00038720271550118923, 0.00040122150676324964, 0.0003987363015767187], "val_loss": [0.0059997523203492165, 0.003353192238137126, 0.002976848278194666, 0.002411887515336275, 0.002007022500038147, 0.001614214270375669, 0.0015481762820854783, 0.0013513559242710471, 0.0013951900182291865, 0.001044776407070458, 0.0009427198092453182, 0.0007589370361529291, 0.0010654061334207654, 0.0007029265398159623, 0.0006818062392994761, 0.0009163206559605896, 0.0008100112900137901, 0.0007374564884230494, 0.0006297030486166477, 0.0006436679395847023, 0.0008390721050091088, 0.0006230411818251014, 0.0008285821531899273, 0.0008148772758431733, 0.0007153913611546159, 0.0005822210223414004, 0.0006741578108631074, 0.0005854871706105769, 0.00058704090770334, 0.0006412708899006248, 0.000524010683875531, 0.0005669572274200618, 0.0007277423283085227, 0.0007895625894889235, 0.0006184047088027, 0.0007219017134048045, 0.0006633976590819657, 0.0006215361063368618, 0.0006678368663415313, 0.0006293821497820318, 0.0005758857587352395], "val_mse": [0.0059997523203492165, 0.003353192238137126, 0.002976848278194666, 0.0024118877481669188, 0.002007022500038147, 0.001614214270375669, 0.0015481762820854783, 0.0013513559242710471, 0.0013951900182291865, 0.001044776290655136, 0.0009427198092453182, 0.0007589370361529291, 0.0010654060170054436, 0.0007029265398159623, 0.0006818062392994761, 0.0009163206559605896, 0.0008100112900137901, 0.0007374564884230494, 0.0006297030486166477, 0.0006436679395847023, 0.0008390721050091088, 0.0006230411818251014, 0.0008285821531899273, 0.0008148772758431733, 0.0007153913611546159, 0.0005822210805490613, 0.0006741578108631074, 0.0005854871706105769, 0.00058704090770334, 0.0006412708899006248, 0.000524010683875531, 0.0005669572274200618, 0.0007277423283085227, 0.0007895625894889235, 0.0006184047088027, 0.0007219017134048045, 0.0006633976590819657, 0.0006215361063368618, 0.0006678368663415313, 0.0006293821497820318, 0.0005758857587352395]}