{"loss": [0.0016166944988071918, 0.0005865381099283695, 0.00019582077220547944, 0.00010516081238165498, 7.418682071147487e-05, 6.137568561825901e-05, 4.6966142690507695e-05, 4.134131449973211e-05, 3.5180630220565945e-05, 3.2028983696363866e-05, 3.00521933240816e-05, 2.517878237995319e-05, 2.391720590821933e-05, 2.256138395750895e-05, 2.1397325326688588e-05, 1.9660425095935352e-05, 2.0855381080764346e-05, 1.785184576874599e-05, 1.698365122138057e-05, 1.6905602024053223e-05, 1.6298341506626457e-05, 1.3462258721119724e-05, 1.4712708434672095e-05, 1.3629307431983761e-05, 1.2402155334712006e-05, 1.2679205610766076e-05, 1.1893476766999811e-05, 1.068984784069471e-05, 1.1536005331436172e-05, 1.075235559255816e-05, 9.936088645190466e-06, 9.39160327106947e-06, 1.0195983122684993e-05, 9.613868314772844e-06, 9.772714292921592e-06, 9.344605132355355e-06, 9.154413419310004e-06, 8.676640391058754e-06, 9.141691407421604e-06, 8.443191291007679e-06, 8.205996891774703e-06, 8.275053005490918e-06, 8.676043762534391e-06, 8.245043318311218e-06, 6.4957794165820815e-06, 7.489295512641547e-06, 7.4370414040458854e-06, 7.28176155462279e-06, 1.1053123671445064e-05, 9.18977730179904e-06, 6.345714155031601e-06, 6.463984391302802e-06, 5.978338322165655e-06, 7.98219298303593e-06, 6.127543656475609e-06, 5.992374099150766e-06, 6.209133516676957e-06, 5.1075917326670606e-06, 5.580837751040235e-06, 5.355459506972693e-06, 5.5212294682860374e-06, 4.8348856580560096e-06, 5.48733260075096e-06, 5.327953658706974e-06, 5.918884198763408e-06, 5.900255473534344e-06, 8.191668712242972e-06, 5.10289737576386e-06, 5.127539679961046e-06, 4.9019067773770075e-06, 6.35166952633881e-06, 5.6367384786426555e-06, 4.4405742301023565e-06, 4.707633252110099e-06, 5.512564712262247e-06, 6.6534325924294535e-06, 5.7185229707101826e-06, 4.529591933533084e-06, 3.7181123389018467e-06, 4.243357579980511e-06, 4.957244982506381e-06, 4.515547971095657e-06, 3.860945071210153e-06, 4.7842504500295036e-06, 4.216079105390236e-06, 4.08077994507039e-06, 4.091999926458811e-06, 3.817306151177036e-06, 4.217398327455157e-06, 4.621031166607281e-06, 4.902134605799802e-06, 4.976053787686396e-06, 3.8170783227542415e-06, 4.746967533719726e-06, 4.328133400122169e-06, 4.05188347940566e-06, 3.622920985435485e-06, 2.991090013892972e-06], "mse": [0.0016166946152225137, 0.0005865381099283695, 0.00019582077220547944, 0.00010516079782973975, 7.418682071147487e-05, 6.137568561825901e-05, 4.6966142690507695e-05, 4.134131449973211e-05, 3.5180630220565945e-05, 3.2028983696363866e-05, 3.00521933240816e-05, 2.517878237995319e-05, 2.391720590821933e-05, 2.256138395750895e-05, 2.1397325326688588e-05, 1.9660425095935352e-05, 2.0855381080764346e-05, 1.785184576874599e-05, 1.698365122138057e-05, 1.6905602024053223e-05, 1.6298341506626457e-05, 1.3462258721119724e-05, 1.4712708434672095e-05, 1.3629307431983761e-05, 1.2402155334712006e-05, 1.2679205610766076e-05, 1.1893476766999811e-05, 1.068984784069471e-05, 1.1536005331436172e-05, 1.075235559255816e-05, 9.936088645190466e-06, 9.39160327106947e-06, 1.0195983122684993e-05, 9.613868314772844e-06, 9.772714292921592e-06, 9.344605132355355e-06, 9.154413419310004e-06, 8.676640391058754e-06, 9.141691407421604e-06, 8.443190381512977e-06, 8.205996891774703e-06, 8.275053005490918e-06, 8.676043762534391e-06, 8.245043318311218e-06, 6.4957794165820815e-06, 7.489295512641547e-06, 7.4370414040458854e-06, 7.28176155462279e-06, 1.1053123671445064e-05, 9.18977730179904e-06, 6.345714155031601e-06, 6.463984391302802e-06, 5.978338322165655e-06, 7.98219298303593e-06, 6.127543656475609e-06, 5.992374099150766e-06, 6.209133516676957e-06, 5.1075917326670606e-06, 5.580837751040235e-06, 5.355459506972693e-06, 5.5212294682860374e-06, 4.8348856580560096e-06, 5.48733260075096e-06, 5.327953658706974e-06, 5.918884198763408e-06, 5.900255473534344e-06, 8.191668712242972e-06, 5.10289737576386e-06, 5.127539679961046e-06, 4.9019067773770075e-06, 6.35166952633881e-06, 5.6367384786426555e-06, 4.4405742301023565e-06, 4.707633252110099e-06, 5.512564712262247e-06, 6.6534325924294535e-06, 5.7185229707101826e-06, 4.529591933533084e-06, 3.7181123389018467e-06, 4.243357579980511e-06, 4.957244982506381e-06, 4.515547971095657e-06, 3.860945071210153e-06, 4.7842504500295036e-06, 4.216079105390236e-06, 4.08077994507039e-06, 4.091999926458811e-06, 3.817306151177036e-06, 4.217398327455157e-06, 4.621031166607281e-06, 4.902134605799802e-06, 4.976053787686396e-06, 3.8170783227542415e-06, 4.746967533719726e-06, 4.328133400122169e-06, 4.05188347940566e-06, 3.622920985435485e-06, 2.991090013892972e-06], "val_loss": [0.0009600701159797609, 0.00038478191709145904, 0.00020073784980922937, 0.00010831753024831414, 8.480896212859079e-05, 6.967894296394661e-05, 5.9614591009449214e-05, 4.99154266435653e-05, 4.578158404910937e-05, 5.8635621826397255e-05, 3.8808131648693234e-05, 3.834686867776327e-05, 3.536387885105796e-05, 3.098201341344975e-05, 3.3204079954884946e-05, 3.0706130928592756e-05, 2.9359909603954293e-05, 2.8866128559457138e-05, 2.670328649401199e-05, 3.413177182665095e-05, 2.764658711384982e-05, 2.7468957341625355e-05, 2.6241217710776255e-05, 2.4326178390765563e-05, 2.540691821195651e-05, 2.5518205802654848e-05, 2.4264501917059533e-05, 2.7696043616742827e-05, 2.816307642206084e-05, 2.3339791368925944e-05, 2.343090091017075e-05, 2.3117765522329137e-05, 2.5786841433728114e-05, 2.2679392714053392e-05, 2.9042677851975895e-05, 2.489933103788644e-05, 2.1669158741133288e-05, 2.250177931273356e-05, 2.6849074856727384e-05, 2.329954440938309e-05, 2.2163922039908357e-05, 2.606986708997283e-05, 2.1273097445373423e-05, 2.0849902284680866e-05, 2.008260889851954e-05, 2.1151841792743653e-05, 2.020929241552949e-05, 3.320176256238483e-05, 3.135142469545826e-05, 2.2355605324264616e-05, 1.9879535102518275e-05, 2.0091045371373184e-05, 1.957510903594084e-05, 1.898320988402702e-05, 2.002403198275715e-05, 1.945440271811094e-05, 1.8605129298521206e-05, 2.2192643882590346e-05, 2.1507215933525003e-05, 1.8252269001095556e-05, 1.939465437317267e-05, 1.835768125602044e-05, 1.836844785430003e-05, 2.1173305867705494e-05, 2.2059641196392477e-05, 1.9520986825227737e-05, 1.8649765479494818e-05, 1.7817776097217575e-05, 2.1459743948071264e-05, 1.9725785023183562e-05, 1.9276816601632163e-05, 1.849951149779372e-05, 1.916896871989593e-05, 2.2200867533683777e-05, 2.1271589503157884e-05, 2.3920147214084864e-05, 2.0708204829134047e-05, 1.7062176993931644e-05, 1.8449340132065117e-05, 1.694999991741497e-05, 1.8460361388861202e-05, 1.6681909983162768e-05, 2.0034545741509646e-05, 1.8468377675162628e-05, 1.78027075889986e-05, 1.6634932762826793e-05, 1.7300455510849133e-05, 1.6462277926621027e-05, 2.031583062489517e-05, 1.7406482584192418e-05, 1.765826527844183e-05, 1.6983271052595228e-05, 1.746666202961933e-05, 1.98239904420916e-05, 1.702190093055833e-05, 1.7857113562058657e-05, 1.6659407265251502e-05, 1.7458329239161685e-05],