{"loss": [0.005408525932580233, 0.001141582615673542, 0.0006896532140672207, 0.0005187320057302713, 0.0004971903399564326, 0.00039839709643274546, 0.0003769771137740463, 0.00033411101321689785, 0.000329101545503363, 0.00030885188607499003, 0.00030268068076111376, 0.0002981140569318086, 0.0002821577654685825, 0.00028576358454301953, 0.0002824555558618158, 0.0002781194634735584, 0.00026351408450864255, 0.0002586396876722574, 0.00025909478426910937, 0.000253966631134972, 0.000249818607699126, 0.0002469209721311927, 0.00025198006187565625, 0.00023936947400216013, 0.00023731122200842947, 0.00023631658405065536, 0.0002396762720309198, 0.00024189538089558482, 0.00023609095660503954, 0.00022125594841782004, 0.00021778684458695352, 0.0002174421533709392, 0.00021846534218639135, 0.0002196464192820713, 0.00020674198458436877, 0.000212950209970586, 0.00022187268768902868, 0.0002266875235363841, 0.00020663613395299762, 0.0002099093107972294, 0.0001968547294382006, 0.00020063035481143743], "mse": [0.005408525932580233, 0.001141582615673542, 0.0006896532140672207, 0.0005187320057302713, 0.0004971903399564326, 0.00039839709643274546, 0.0003769771137740463, 0.00033411101321689785, 0.000329101545503363, 0.0003088519151788205, 0.00030268068076111376, 0.0002981140569318086, 0.0002821577654685825, 0.00028576358454301953, 0.0002824555558618158, 0.0002781194634735584, 0.00026351408450864255, 0.0002586396876722574, 0.00025909478426910937, 0.000253966631134972, 0.000249818607699126, 0.0002469209721311927, 0.00025198006187565625, 0.00023936947400216013, 0.00023731122200842947, 0.00023631658405065536, 0.0002396762720309198, 0.00024189538089558482, 0.00023609095660503954, 0.00022125594841782004, 0.00021778684458695352, 0.0002174421533709392, 0.00021846534218639135, 0.0002196464192820713, 0.00020674198458436877, 0.000212950209970586, 0.00022187268768902868, 0.0002266875235363841, 0.00020663613395299762, 0.0002099093107972294, 0.0001968547294382006, 0.00020063035481143743], "val_loss": [0.0019218415254727006, 0.0011307683307677507, 0.0007102761301212013, 0.00046385155292227864, 0.00043247122084721923, 0.0003992829006165266, 0.0003553246788214892, 0.00033458194229751825, 0.0003101266629528254, 0.00033497920958325267, 0.00036180648021399975, 0.0002913333009928465, 0.00027620766195468605, 0.00027666508685797453, 0.00030162386246956885, 0.0002523126022424549, 0.0002776681212708354, 0.0003936532011721283, 0.0002510364865884185, 0.0002563894959166646, 0.0002520075358916074, 0.00027642789063975215, 0.0002458338567521423, 0.00024243551888503134, 0.00024259868951048702, 0.0002683591446839273, 0.0002522475551813841, 0.00027685274835675955, 0.00024192806449718773, 0.0002442373370286077, 0.0002389123837929219, 0.0002370720758335665, 0.0002424513950245455, 0.00026908464496955276, 0.000250798009801656, 0.00025024873320944607, 0.0002943144354503602, 0.00025952246505767107, 0.0002525720337871462, 0.0002566936891525984, 0.00023855878680478781, 0.00026953304768539965], "val_mse": [0.0019218416418880224, 0.0011307683307677507, 0.0007102761301212013, 0.00046385155292227864, 0.00043247122084721923, 0.0003992829006165266, 0.0003553246788214892, 0.00033458194229751825, 0.0003101266629528254, 0.00033497920958325267, 0.00036180648021399975, 0.0002913333009928465, 0.00027620766195468605, 0.00027666508685797453, 0.00030162386246956885, 0.0002523126022424549, 0.0002776681212708354, 0.0003936532011721283, 0.0002510364865884185, 0.0002563894959166646, 0.0002520075358916074, 0.00027642789063975215, 0.0002458338567521423, 0.00024243551888503134, 0.00024259868951048702, 0.0002683591446839273, 0.0002522475551813841, 0.00027685274835675955, 0.00024192806449718773, 0.0002442373370286077, 0.0002389123837929219, 0.0002370720758335665, 0.0002424513950245455, 0.00026908464496955276, 0.000250798009801656, 0.00025024873320944607, 0.0002943144354503602, 0.00025952246505767107, 0.0002525720337871462, 0.0002566936891525984, 0.00023855878680478781, 0.00026953304768539965]}