{"loss": [0.002663527149707079, 0.0019206441938877106, 0.0015855267411097884, 0.0014006542041897774, 0.0012274507898837328, 0.0010833354899659753, 0.0009889400098472834, 0.000931201851926744, 0.0009049092186614871, 0.0008449133601970971, 0.0008351157302968204, 0.0008057020604610443, 0.0007826052606105804, 0.0007819851743988693, 0.0007569693261757493, 0.0007540815277025104, 0.0007345552439801395, 0.0007166724535636604, 0.0007085109245963395, 0.0007005121442489326, 0.0006929348455742002, 0.00069162726867944, 0.0006996610318310559, 0.0006814223597757518, 0.00066291110124439, 0.0006563395145349205, 0.0006406960310414433, 0.0006322153494693339, 0.0006375377997756004, 0.0006292215548455715, 0.0006192902219481766, 0.0006394724478013813, 0.0006282463436946273, 0.0005975525127723813, 0.0005983418668620288, 0.000591690419241786, 0.000597456528339535], "mse": [0.002663527149707079, 0.0019206441938877106, 0.0015855267411097884, 0.0014006542041897774, 0.0012274507898837328, 0.0010833354899659753, 0.0009889400098472834, 0.000931201851926744, 0.0009049092186614871, 0.0008449133601970971, 0.0008351157302968204, 0.0008057020604610443, 0.0007826052606105804, 0.0007819851743988693, 0.0007569693261757493, 0.0007540814112871885, 0.0007345551857724786, 0.0007166725699789822, 0.0007085109828040004, 0.0007005121442489326, 0.0006929348455742002, 0.00069162726867944, 0.0006996610318310559, 0.0006814223597757518, 0.00066291110124439, 0.0006563395145349205, 0.0006406960310414433, 0.0006322153494693339, 0.0006375377997756004, 0.0006292215548455715, 0.0006192902219481766, 0.0006394724478013813, 0.0006282463436946273, 0.0005975525127723813, 0.0005983418668620288, 0.000591690419241786, 0.000597456528339535], "val_loss": [0.002684944774955511, 0.0025062193162739277, 0.00217563658952713, 0.002125021070241928, 0.0019177652429789305, 0.001764883054420352, 0.0016508745029568672, 0.0016725638415664434, 0.001405071117915213, 0.0014854625333100557, 0.001382655231282115, 0.0013755598338320851, 0.001401965506374836, 0.0013398757437244058, 0.0013273993972688913, 0.0013017666060477495, 0.001362513517960906, 0.0012978805461898446, 0.001285739941522479, 0.0012747162254527211, 0.0012782909907400608, 0.0013920009369030595, 0.0014595251996070147, 0.0012687456328421831, 0.0012861660216003656, 0.001259331707842648, 0.0012405121233314276, 0.0012656220933422446, 0.0012681372463703156, 0.0013073686277493834, 0.0013559316284954548, 0.0014465019339695573, 0.0012952843680977821, 0.0012967545771971345, 0.0012783842394128442, 0.0013247483875602484, 0.0013774430844932795], "val_mse": [0.002684944309294224, 0.0025062193162739277, 0.00217563658952713, 0.002125021070241928, 0.0019177652429789305, 0.001764883054420352, 0.0016508745029568672, 0.0016725638415664434, 0.001405071117915213, 0.0014854625333100557, 0.001382655231282115, 0.0013755598338320851, 0.001401965506374836, 0.0013398757437244058, 0.0013273993972688913, 0.0013017667224630713, 0.001362513517960906, 0.0012978805461898446, 0.001285739941522479, 0.0012747162254527211, 0.0012782909907400608, 0.0013920009369030595, 0.0014595251996070147, 0.0012687456328421831, 0.0012861661380156875, 0.001259331707842648, 0.0012405121233314276, 0.0012656220933422446, 0.0012681372463703156, 0.0013073686277493834, 0.0013559316284954548, 0.0014465019339695573, 0.0012952843680977821, 0.0012967546936124563, 0.0012783842394128442, 0.0013247483875602484, 0.0013774430844932795]}