{"loss": [0.0019223883282393217, 0.0017127608880400658, 0.0015014848904684186, 0.001255647512152791, 0.0009739279630593956, 0.0006864764145575464, 0.0004667309985961765, 0.0003295722999610007, 0.000224799761781469, 0.00016724749002605677, 0.0001453916629543528, 0.00012872365186922252, 0.00011989755148533732, 0.0001208332396345213, 9.603782382328063e-05, 8.890127355698496e-05, 8.131892536766827e-05, 8.393496682401747e-05, 7.276919495780021e-05, 6.977869634283707e-05, 6.862293957965448e-05, 7.203981658676639e-05, 6.700426456518471e-05, 6.526299694087356e-05, 5.763557419413701e-05, 5.4390839068219066e-05, 5.1600229198811576e-05, 4.917133992421441e-05, 5.1085120503557846e-05, 5.238582525635138e-05, 5.216241697780788e-05, 5.014943235437386e-05, 4.404674837132916e-05, 4.0814498788677156e-05, 4.22288358095102e-05, 3.8285528717096895e-05, 3.858636046061292e-05, 3.7559257179964334e-05, 3.812403156189248e-05, 3.436297265579924e-05, 3.521643884596415e-05, 3.3804863051045686e-05, 3.237463170080446e-05, 3.2177504181163386e-05, 3.344465949339792e-05, 3.3286902180407196e-05, 3.125845250906423e-05, 2.9510783861042e-05, 3.069873127969913e-05, 2.8411310267983936e-05, 2.6841898943530396e-05, 2.753821900114417e-05, 2.659933306858875e-05, 2.7114572731079534e-05, 2.6294024792150594e-05, 2.4188087991205975e-05, 2.424383637844585e-05, 2.739317096711602e-05, 2.4059665520326234e-05, 2.4711454898351803e-05, 2.4662866053404287e-05, 2.4208209651988e-05, 2.2101054128143005e-05, 2.2052297936170362e-05, 2.119252530974336e-05, 1.986817005672492e-05, 2.0626874174922705e-05, 2.307150134583935e-05, 2.293070610903669e-05, 2.237957960460335e-05, 2.330600909772329e-05, 2.072357528959401e-05, 1.9932715076720342e-05, 1.8487016859580763e-05, 1.7614847820368595e-05, 1.76143366843462e-05, 1.8619681213749573e-05, 1.767699905030895e-05, 1.7200325601152144e-05], "mse": [0.0019223883282393217, 0.0017127608880400658, 0.0015014848904684186, 0.0012556473957374692, 0.0009739279630593956, 0.0006864764145575464, 0.0004667309985961765, 0.0003295722999610007, 0.000224799761781469, 0.00016724749002605677, 0.0001453916629543528, 0.00012872365186922252, 0.00011989755148533732, 0.0001208332396345213, 9.603782382328063e-05, 8.890127355698496e-05, 8.131893264362589e-05, 8.393496682401747e-05, 7.27691876818426e-05, 6.977868906687945e-05, 6.862293957965448e-05, 7.203981658676639e-05, 6.700426456518471e-05, 6.526299694087356e-05, 5.763557419413701e-05, 5.4390839068219066e-05, 5.1600229198811576e-05, 4.917133992421441e-05, 5.1085120503557846e-05, 5.238582525635138e-05, 5.216241697780788e-05, 5.014943235437386e-05, 4.404674837132916e-05, 4.0814498788677156e-05, 4.22288358095102e-05, 3.8285528717096895e-05, 3.858636409859173e-05, 3.7559257179964334e-05, 3.812403156189248e-05, 3.436297265579924e-05, 3.521643884596415e-05, 3.3804863051045686e-05, 3.237463170080446e-05, 3.2177504181163386e-05, 3.344465949339792e-05, 3.3286902180407196e-05, 3.125845250906423e-05, 2.9510783861042e-05, 3.069873127969913e-05, 2.8411310267983936e-05, 2.6841898943530396e-05, 2.753821900114417e-05, 2.659933306858875e-05, 2.7114572731079534e-05, 2.6294024792150594e-05, 2.4188087991205975e-05, 2.424383637844585e-05, 2.739317096711602e-05, 2.4059665520326234e-05, 2.4711454898351803e-05, 2.4662866053404287e-05, 2.4208209651988e-05, 2.2101054128143005e-05, 2.2052297936170362e-05, 2.119252530974336e-05, 1.986817005672492e-05, 2.0626874174922705e-05, 2.307150134583935e-05, 2.293070610903669e-05, 2.237957960460335e-05, 2.330600909772329e-05, 2.072357528959401e-05, 1.9932715076720342e-05, 1.8487016859580763e-05, 1.7614847820368595e-05, 1.76143366843462e-05, 1.8619681213749573e-05, 1.767699905030895e-05, 1.7200325601152144e-05], "val_loss": [0.0025268509052693844, 0.0023564728908240795, 0.0020354425068944693, 0.001692511490546167, 0.0012671841541305184, 0.0008695753058418632, 0.0006068344227969646, 0.0004505258402787149, 0.0003845324390567839, 0.0003457798738963902, 0.000406870327424258, 0.0003484326007310301, 0.00025447149528190494, 0.0002672506670933217, 0.0002950369380414486, 0.0002938345423899591, 0.00031019881134852767, 0.0003007595078088343, 0.00025428878143429756, 0.0002398960932623595, 0.000289740419248119, 0.0002850449818652123, 0.00020551537454593927, 0.00021484510216396302, 0.0002284104994032532, 0.00023096008226275444, 0.00019825906201731414, 0.0002191669336752966, 0.0001625727309146896, 0.00017401691002305597, 0.00022590867592953146, 0.00017592337098903954, 0.00015440882998518646, 0.00016856844013091177, 0.00016765520558692515, 0.0001468751288484782, 0.00014112408098299056, 0.00014651128731202334, 0.0001473202573833987, 0.00012341703404672444, 0.00013137889618519694, 0.00014588225167244673, 0.00012624546070583165, 0.00013110600411891937, 0.0001476159377489239, 0.00011450409510871395, 0.0001143995687016286, 0.00010909549746429548, 0.0001344577904092148, 0.00010635756189003587, 0.00011018921941285953, 0.00010723527520895004, 0.00011095433728769422, 0.0001231580536114052, 0.00010383034532424062, 0.00010280830611009151, 9.311760368291289e-05, 0.00011053965135943145, 0.00010113458847627044, 0.00010732277587521821, 8.534357039025053e-05, 0.00010269625636283308, 8.898427768144757e-05, 9.90916887531057e-05, 8.761824574321508e-05, 9.90507542155683e-05, 8.286503725685179e-05, 0.00011121822899440303, 8.239482122007757e-05, 0.00010552813910180703, 8.733678259886801e-05, 8.80305960890837e-05, 9.735930507304147e-05, 8.605896437074989e-05, 9.217384649673477e-05, 8.418277866439894e-05, 9.712317114463076e-05, 8.742829959373921e-05, 9.02758474694565e-05], "val_mse": [0.0025268509052693844, 0.0023564728908240795, 0.0020354425068944693, 0.001692511490546167, 0.0012671841541305184, 0.000869575422257185, 0.0006068344227969646, 0.0004505258402787149, 0.0003845324390567839, 0.0003457798738963902, 0.000406870327424258, 0.0003484326007310301, 0.00025447149528190494, 0.0002672506670933217, 0.0002950369380414486, 0.0002938345423899591, 0.00031019881134852767, 0.0003007595078088343, 0.00025428878143429756, 0.0002398960932623595, 0.000289740419248119, 0.0002850449818652123, 0.00020551537454593927, 0.00021484510216396302, 0.0002284104994032532, 0.00023096008226275444, 0.00019825906201731414, 0.00021916690457146615, 0.0001625727309146896, 0.00017401691002305597, 0.00022590867592953146, 0.00017592337098903954, 0.00015440881543327123, 0.00016856844013091177, 0.00016765520558692515, 0.0001468751288484782, 0.00014112408098299056, 0.00014651128731202334, 0.0001473202573833987, 0.00012341703404672444, 0.00013137889618519694, 0.00014588225167244673, 0.00012624546070583165, 0.00013110600411891937, 0.0001476159377489239, 0.00011450409510871395, 0.0001143995687016286, 0.00010909549746429548, 0.0001344577904092148, 0.00010635756189003587, 0.00011018921941285953, 0.00010723527520895004, 0.00011095433728769422, 0.0001231580536114052, 0.00010383034532424062, 0.00010280830611009151, 9.311760368291289e-05, 0.00011053965135943145, 0.00010113458847627044, 0.00010732277587521821, 8.534357039025053e-05, 0.00010269625636283308, 8.898427768144757e-05, 9.90916887531057e-05, 8.761824574321508e-05, 9.90507542155683e-05, 8.286502998089418e-05, 0.00011121822899440303, 8.239482122007757e-05, 0.00010552813910180703, 8.733678259886801e-05, 8.80305960890837e-05, 9.735930507304147e-05, 8.605896437074989e-05, 9.217384649673477e-05, 8.418277138844132e-05, 9.712317114463076e-05, 8.742829959373921e-05, 9.02758474694565e-05]}