{"loss": [0.009771379642188549, 0.009029672481119633, 0.008718319237232208, 0.008408771827816963, 0.008135342039167881, 0.007938395254313946, 0.0077549912966787815, 0.007596402429044247, 0.007484414614737034, 0.007426586002111435, 0.007310519926249981, 0.007242431398481131, 0.007245657034218311, 0.007096654735505581, 0.007060759700834751, 0.00707525759935379, 0.007018710020929575], "mse": [0.009771379642188549, 0.009029672481119633, 0.008718319237232208, 0.008408771827816963, 0.008135342039167881, 0.007938395254313946, 0.0077549912966787815, 0.007596402429044247, 0.007484414614737034, 0.007426586002111435, 0.007310519926249981, 0.007242431398481131, 0.007245657034218311, 0.007096654735505581, 0.007060759700834751, 0.00707525759935379, 0.007018710020929575], "val_loss": [0.008764048106968403, 0.008254816755652428, 0.008000900968909264, 0.0077742538414895535, 0.007686118595302105, 0.007989417761564255, 0.007583213038742542, 0.007648053113371134, 0.007915602996945381, 0.00782815832644701, 0.007960540242493153, 0.008165722712874413, 0.008090054616332054, 0.008018380030989647, 0.008098454214632511, 0.008072642609477043, 0.008114849217236042], "val_mse": [0.008764048106968403, 0.008254816755652428, 0.008000900968909264, 0.0077742538414895535, 0.007686118595302105, 0.007989417761564255, 0.007583213038742542, 0.007648053113371134, 0.007915602996945381, 0.00782815832644701, 0.007960540242493153, 0.008165722712874413, 0.008090054616332054, 0.008018380030989647, 0.008098453283309937, 0.008072642609477043, 0.008114849217236042]}