{"loss": [0.003129851771518588, 0.0025593009777367115, 0.0019571990706026554, 0.0014961145352572203, 0.001224312698468566, 0.001017270260490477, 0.0009135554428212345, 0.0008392739109694958, 0.0007995165069587529, 0.0007845799555070698, 0.0007718181004747748, 0.0007430215482600033, 0.0007288864580914378, 0.0007314805989153683, 0.0007302822195924819, 0.0007026661769486964, 0.0007024803198873997, 0.0007045044330880046, 0.0007199383107945323, 0.0007027845131233335, 0.000663256156258285, 0.0006683231913484633, 0.0006932864780537784, 0.0006707239663228393, 0.0006450359942391515, 0.0006333737401291728, 0.0006405400927178562, 0.0006119644967839122], "mse": [0.003129851771518588, 0.0025593009777367115, 0.0019571990706026554, 0.0014961145352572203, 0.001224312698468566, 0.001017270260490477, 0.0009135554428212345, 0.0008392739109694958, 0.0007995165069587529, 0.0007845799555070698, 0.0007718181004747748, 0.0007430215482600033, 0.0007288864580914378, 0.0007314805989153683, 0.0007302822195924819, 0.0007026661769486964, 0.0007024803198873997, 0.0007045044330880046, 0.0007199383107945323, 0.0007027845131233335, 0.000663256156258285, 0.0006683231913484633, 0.0006932864780537784, 0.0006707239663228393, 0.0006450359942391515, 0.0006333737401291728, 0.0006405400345101953, 0.0006119644967839122], "val_loss": [0.0020330906845629215, 0.001576790353283286, 0.001153389923274517, 0.001015669316984713, 0.0008713873103260994, 0.0008016027277335525, 0.0007872359128668904, 0.0008214462432079017, 0.0007111580343917012, 0.0005847537540830672, 0.0005519090918824077, 0.0005954664084129035, 0.0006419187411665916, 0.0006304359994828701, 0.0005628981743939221, 0.00052376848179847, 0.0006208237027749419, 0.0005031846812926233, 0.0005108999321237206, 0.0005639094742946327, 0.00068873749114573, 0.0007808153750374913, 0.0005386632401496172, 0.0005834539188072085, 0.0005565218743868172, 0.0007309057400561869, 0.0005742713692598045, 0.0005308667314238846], "val_mse": [0.0020330906845629215, 0.001576790353283286, 0.001153389923274517, 0.001015669316984713, 0.0008713873103260994, 0.0008016027277335525, 0.0007872359128668904, 0.0008214462432079017, 0.0007111580343917012, 0.0005847537540830672, 0.0005519090918824077, 0.0005954664084129035, 0.0006419187411665916, 0.0006304359994828701, 0.0005628981743939221, 0.00052376848179847, 0.0006208237027749419, 0.0005031846812926233, 0.0005108999321237206, 0.0005639094742946327, 0.00068873749114573, 0.0007808153750374913, 0.0005386632401496172, 0.0005834539188072085, 0.0005565219325944781, 0.0007309057400561869, 0.0005742713692598045, 0.0005308667314238846]}