{"loss": [0.04136744886636734, 0.03948028013110161, 0.038807425647974014, 0.03864794224500656, 0.038247205317020416, 0.038099005818367004, 0.03743857145309448, 0.03720122575759888, 0.036895330995321274, 0.036657609045505524, 0.036276355385780334, 0.03594956547021866, 0.03553969785571098, 0.03542197868227959, 0.03536984696984291, 0.03452501446008682, 0.03440377116203308, 0.03443484008312225, 0.034155409783124924, 0.0332610122859478, 0.032768331468105316, 0.032535403966903687, 0.03165445476770401, 0.030894452705979347, 0.030538007616996765, 0.029903840273618698, 0.02966073714196682, 0.029071126133203506, 0.028638029471039772, 0.027700966224074364, 0.02812332473695278, 0.027363797649741173, 0.026851069182157516, 0.026436883956193924], "mse": [0.04136744886636734, 0.03948027640581131, 0.038807425647974014, 0.03864794224500656, 0.038247205317020416, 0.038099002093076706, 0.03743857145309448, 0.03720122575759888, 0.036895330995321274, 0.036657609045505524, 0.036276355385780334, 0.03594956547021866, 0.035539694130420685, 0.03542197868227959, 0.035369839519262314, 0.03452501446008682, 0.03440377116203308, 0.03443484008312225, 0.034155409783124924, 0.0332610122859478, 0.032768331468105316, 0.032535403966903687, 0.03165445476770401, 0.030894452705979347, 0.030538007616996765, 0.029903840273618698, 0.02966073714196682, 0.029071126133203506, 0.028638029471039772, 0.027700966224074364, 0.02812332473695278, 0.027363797649741173, 0.026851069182157516, 0.026436883956193924], "val_loss": [0.05473320931196213, 0.05488763004541397, 0.05365637689828873, 0.05275387689471245, 0.05222523957490921, 0.0527447834610939, 0.05194893479347229, 0.052105456590652466, 0.05344489961862564, 0.050910502672195435, 0.0502069815993309, 0.05015144497156143, 0.04982572793960571, 0.049289681017398834, 0.04908522963523865, 0.0491555854678154, 0.048668816685676575, 0.048623837530612946, 0.04856084659695625, 0.049033235758543015, 0.0511590838432312, 0.04949558153748512, 0.04871322587132454, 0.04812032729387283, 0.04895782470703125, 0.05074673146009445, 0.05011049658060074, 0.04881028085947037, 0.05173143744468689, 0.05000972002744675, 0.05034159868955612, 0.05225025862455368, 0.052850086241960526, 0.05286707729101181], "val_mse": [0.05473320931196213, 0.05488763004541397, 0.05365636944770813, 0.05275387689471245, 0.05222523957490921, 0.0527447834610939, 0.05194893479347229, 0.052105456590652466, 0.05344489961862564, 0.050910502672195435, 0.0502069815993309, 0.05015144497156143, 0.04982572793960571, 0.049289681017398834, 0.04908522963523865, 0.0491555854678154, 0.048668816685676575, 0.048623837530612946, 0.04856084659695625, 0.049033235758543015, 0.0511590838432312, 0.04949558153748512, 0.04871322587132454, 0.04812032729387283, 0.04895782470703125, 0.05074673146009445, 0.05011049658060074, 0.04881028085947037, 0.05173143744468689, 0.05000972002744675, 0.05034159868955612, 0.05225026607513428, 0.052850086241960526, 0.05286707729101181]}