{"loss": [0.002070475136861205, 0.0015839121770113707, 0.0010595418279990554, 0.0006531489780172706, 0.00041935397894121706, 0.00025048578390851617, 0.0001644796138862148, 0.00012920540757477283, 0.000100913573987782, 8.569421333959326e-05, 7.435581210302189e-05, 6.476313137682155e-05, 5.915301153436303e-05, 5.501499981619418e-05, 4.8651905672159046e-05, 4.525528129306622e-05, 3.995191218564287e-05, 3.717678555403836e-05, 3.4137014154111966e-05, 3.0970899388194084e-05, 2.9571918275905773e-05, 2.8499634936451912e-05, 2.6527763111516833e-05, 2.451255204505287e-05, 2.280693115608301e-05, 2.395788033027202e-05, 2.317964936082717e-05, 2.008443152590189e-05, 2.071604467346333e-05, 2.109509296133183e-05, 1.8159631508751772e-05, 1.737410821078811e-05, 1.6273199435090646e-05, 1.641920789552387e-05, 1.552965295559261e-05, 1.558450640004594e-05, 1.5315958080464043e-05, 1.4234938134904951e-05, 1.3065611710771918e-05, 1.350393176835496e-05, 1.2589155630848836e-05, 1.2767600310326088e-05, 1.2565369615913369e-05, 1.1655883099592756e-05, 1.1731122867786326e-05, 1.269221229449613e-05, 1.2285096090636216e-05, 1.1516176527948119e-05, 1.0600973837426864e-05, 9.979858077713288e-06, 1.0145614396606106e-05, 9.947472790372558e-06, 9.44774456002051e-06, 8.969975169748068e-06, 9.973160558729433e-06, 9.76516730588628e-06, 9.767523806658573e-06, 8.882933798304293e-06, 8.700523721927311e-06, 8.638209692435339e-06, 8.239474482252263e-06, 8.184007128875237e-06, 8.016939318622462e-06, 7.904091035015881e-06, 8.384913599002175e-06, 9.605879313312471e-06, 9.764966307557188e-06, 9.264780601370148e-06, 8.85776989889564e-06, 8.246469406003598e-06, 9.037703421199694e-06, 7.625542821187992e-06, 7.4173467510263436e-06, 7.245464075822383e-06, 8.02480190031929e-06, 6.974049028940499e-06, 7.010975878074532e-06, 6.9666166382376105e-06, 6.8073809416091535e-06], "mse": [0.002070475136861205, 0.0015839121770113707, 0.0010595419444143772, 0.0006531489780172706, 0.00041935397894121706, 0.00025048578390851617, 0.0001644796138862148, 0.00012920540757477283, 0.000100913573987782, 8.569421333959326e-05, 7.43558193789795e-05, 6.476313137682155e-05, 5.915301153436303e-05, 5.501499254023656e-05, 4.865190203418024e-05, 4.5255284931045026e-05, 3.995191218564287e-05, 3.717678555403836e-05, 3.4137014154111966e-05, 3.0970899388194084e-05, 2.9571918275905773e-05, 2.8499634936451912e-05, 2.6527763111516833e-05, 2.451255204505287e-05, 2.280693115608301e-05, 2.395788033027202e-05, 2.317964936082717e-05, 2.008443152590189e-05, 2.071604467346333e-05, 2.109509296133183e-05, 1.8159631508751772e-05, 1.737410821078811e-05, 1.6273199435090646e-05, 1.641920789552387e-05, 1.5529654774582013e-05, 1.558450640004594e-05, 1.5315958080464043e-05, 1.4234938134904951e-05, 1.3065611710771918e-05, 1.350393176835496e-05, 1.2589154721354134e-05, 1.2767600310326088e-05, 1.2565369615913369e-05, 1.1655882190098055e-05, 1.1731122867786326e-05, 1.269221229449613e-05, 1.228509790962562e-05, 1.1516176527948119e-05, 1.0600974746921565e-05, 9.979858077713288e-06, 1.0145614396606106e-05, 9.947472790372558e-06, 9.44774456002051e-06, 8.969975169748068e-06, 9.973160558729433e-06, 9.76516730588628e-06, 9.767524716153275e-06, 8.882933798304293e-06, 8.700524631422013e-06, 8.638209692435339e-06, 8.239474482252263e-06, 8.184007128875237e-06, 8.016939318622462e-06, 7.904091035015881e-06, 8.384913599002175e-06, 9.605879313312471e-06, 9.764966307557188e-06, 9.264780601370148e-06, 8.85776989889564e-06, 8.246469406003598e-06, 9.037703421199694e-06, 7.625542821187992e-06, 7.4173467510263436e-06, 7.245464075822383e-06, 8.02480190031929e-06, 6.974049028940499e-06, 7.010975878074532e-06, 6.9666166382376105e-06, 6.8073809416091535e-06], "val_loss": [0.002073542680591345, 0.0014264333294704556, 0.0008708283421583474, 0.0004566835123114288, 0.0003503159969113767, 0.00022197715588845313, 0.00017806283722165972, 0.00015387163148261607, 0.00013301882427185774, 0.0001256943796761334, 0.00011624784383457154, 9.860889986157417e-05, 0.00010270036000292748, 8.897869702195749e-05, 9.16702119866386e-05, 8.151342626661062e-05, 7.174812344601378e-05, 8.3433638792485e-05, 6.665987893939018e-05, 6.422586011467502e-05, 6.385405868059024e-05, 5.9229649195913225e-05, 5.781450818176381e-05, 5.763716762885451e-05, 5.160236469237134e-05, 5.8441532019060105e-05, 5.210511153563857e-05, 4.962657840223983e-05, 5.0488790293456987e-05, 5.087662793812342e-05, 4.757691567647271e-05, 4.7052530135260895e-05, 4.466532118385658e-05, 4.250690835760906e-05, 4.533296305453405e-05, 4.5766530092805624e-05, 4.180166433798149e-05, 4.042881846544333e-05, 4.4977423385716975e-05, 4.064425593242049e-05, 4.4144624553155154e-05, 4.6189619752112776e-05, 3.8372392737073824e-05, 3.7888356018811464e-05, 4.003503636340611e-05, 4.2202213080599904e-05, 3.842759906547144e-05, 3.747547816601582e-05, 3.759403625736013e-05, 3.616476897150278e-05, 3.688621654873714e-05, 3.908054713974707e-05, 3.5504686820786446e-05, 3.8923637475818396e-05, 3.4997548937099054e-05, 3.489641676424071e-05, 3.523019768181257e-05, 3.4897402656497434e-05, 3.9550253859488294e-05, 3.425851900829002e-05, 3.544913852238096e-05, 3.597846443881281e-05, 3.538563760230318e-05, 3.8403588405344635e-05, 3.525223655742593e-05, 4.3053161789430305e-05, 3.3553784305695444e-05, 3.577507959562354e-05, 3.27221532643307e-05, 3.435341568547301e-05, 3.7724363210145384e-05, 3.3720127248670906e-05, 3.720884706126526e-05, 3.459279105300084e-05, 3.58841716661118e-05, 3.434109385125339e-05, 3.439395368332043e-05, 3.445240872679278e-05, 3.527040098560974e-05], "val_mse": [0.002073542680591345, 0.0014264334458857775, 0.0008708283421583474, 0.00045668348320759833, 0.0003503159969113767, 0.00022197715588845313, 0.00017806283722165972, 0.00015387163148261607, 0.00013301883882377297, 0.0001256943796761334, 0.00011624784383457154, 9.860889986157417e-05, 0.00010270036000292748, 8.897869702195749e-05, 9.16702119866386e-05, 8.151343354256824e-05, 7.174812344601378e-05, 8.3433638792485e-05, 6.665987893939018e-05, 6.422586011467502e-05, 6.385405868059024e-05, 5.9229649195913225e-05, 5.781450818176381e-05, 5.763716762885451e-05, 5.160236469237134e-05, 5.8441532019060105e-05, 5.210511153563857e-05, 4.962657840223983e-05, 5.048878301749937e-05, 5.087662793812342e-05, 4.757691567647271e-05, 4.7052530135260895e-05, 4.466532118385658e-05, 4.250690835760906e-05, 4.533296305453405e-05, 4.5766530092805624e-05, 4.180166433798149e-05, 4.042881846544333e-05, 4.4977423385716975e-05, 4.064425593242049e-05, 4.4144624553155154e-05, 4.6189619752112776e-05, 3.837239637505263e-05, 3.7888356018811464e-05, 4.0035040001384914e-05, 4.2202213080599904e-05, 3.842759906547144e-05, 3.747547816601582e-05, 3.759403625736013e-05, 3.616476897150278e-05, 3.688621654873714e-05, 3.908054713974707e-05, 3.5504686820786446e-05, 3.8923637475818396e-05, 3.4997548937099054e-05, 3.489641676424071e-05, 3.523019768181257e-05, 3.4897402656497434e-05, 3.9550253859488294e-05, 3.425851900829002e-05, 3.544913852238096e-05, 3.597846443881281e-05, 3.538563760230318e-05, 3.8403588405344635e-05, 3.525223655742593e-05, 4.3053161789430305e-05, 3.3553784305695444e-05, 3.577507595764473e-05, 3.27221532643307e-05, 3.435341568547301e-05, 3.7724363210145384e-05, 3.3720127248670906e-05, 3.720884706126526e-05, 3.459279105300084e-05, 3.58841716661118e-05, 3.434109385125339e-05, 3.439395368332043e-05, 3.445240872679278e-05, 3.527040098560974e-05]}