{"loss": [0.00018497899873182178, 1.7288693925365806e-05, 1.2302885807002895e-05, 9.815627890930045e-06, 8.309711120091379e-06, 7.656707566638943e-06, 6.51793970973813e-06, 6.231166025827406e-06, 5.4121442190080415e-06, 5.352715561457444e-06, 4.875394097325625e-06, 4.844297563977307e-06, 4.449354491953272e-06, 4.638308382709511e-06, 4.242193881509593e-06, 3.934142569050891e-06, 3.801175353146391e-06, 3.8397688513214234e-06, 3.5641232898342423e-06, 3.5629445847007446e-06, 3.440813088673167e-06, 3.3769856599974446e-06, 3.34092260345642e-06, 3.4929271350847557e-06, 2.9449072371789953e-06, 3.1993135962693486e-06, 2.8487174859037623e-06, 2.8555361950566294e-06, 2.8789306725229835e-06, 2.7325854716764297e-06, 2.851180170182488e-06, 2.7518449314811733e-06, 2.541456296967226e-06, 2.6627487841324182e-06, 2.4718617623875616e-06, 2.78858101410151e-06, 2.4043379198701587e-06, 2.422273155389121e-06, 2.401591018497129e-06, 2.3859472548792837e-06, 2.2386466298485175e-06, 2.31259286920249e-06, 2.23441315938544e-06, 2.337899104531971e-06, 2.134080432369956e-06, 2.2816757336840965e-06, 2.240981984868995e-06, 2.150633235942223e-06, 2.1112732611072715e-06, 1.9939122921641683e-06, 2.113923528668238e-06, 2.0529282664938364e-06, 2.0913480511808302e-06, 1.8905609522334998e-06, 1.9703138605109416e-06, 2.01489183382364e-06, 1.9041987115997472e-06, 1.951038939296268e-06, 1.894076604003203e-06], "mse": [0.00018497899873182178, 1.7288693925365806e-05, 1.2302885807002895e-05, 9.815627890930045e-06, 8.309711120091379e-06, 7.656707566638943e-06, 6.517939254990779e-06, 6.231165571080055e-06, 5.4121442190080415e-06, 5.352715561457444e-06, 4.875394097325625e-06, 4.844297563977307e-06, 4.449354491953272e-06, 4.638308382709511e-06, 4.242193881509593e-06, 3.934142569050891e-06, 3.801175353146391e-06, 3.8397688513214234e-06, 3.5641232898342423e-06, 3.5629441299533937e-06, 3.440813088673167e-06, 3.3769856599974446e-06, 3.34092260345642e-06, 3.4929271350847557e-06, 2.9449072371789953e-06, 3.1993135962693486e-06, 2.8487174859037623e-06, 2.8555361950566294e-06, 2.8789306725229835e-06, 2.7325852443027543e-06, 2.851180170182488e-06, 2.7518449314811733e-06, 2.541456296967226e-06, 2.6627487841324182e-06, 2.4718617623875616e-06, 2.78858101410151e-06, 2.4043379198701587e-06, 2.422273155389121e-06, 2.401591018497129e-06, 2.3859472548792837e-06, 2.2386466298485175e-06, 2.31259286920249e-06, 2.23441315938544e-06, 2.3378988771582954e-06, 2.134080432369956e-06, 2.2816757336840965e-06, 2.2409817574953195e-06, 2.150633235942223e-06, 2.1112732611072715e-06, 1.9939122921641683e-06, 2.113923528668238e-06, 2.0529282664938364e-06, 2.0913475964334793e-06, 1.8905609522334998e-06, 1.9703138605109416e-06, 2.01489183382364e-06, 1.9041987115997472e-06, 1.951038939296268e-06, 1.894076604003203e-06], "val_loss": [2.346902692806907e-05, 1.183111180580454e-05, 1.269634685741039e-05, 9.230355317413341e-06, 6.39702284388477e-06, 6.101746294007171e-06, 5.765670266555389e-06, 7.653824468434323e-06, 5.043179953645449e-06, 6.021715307724662e-06, 4.595594418788096e-06, 4.443735178938368e-06, 4.040288331452757e-06, 5.31181285623461e-06, 4.64718277726206e-06, 3.977990672865417e-06, 4.119294317206368e-06, 3.6591980006051017e-06, 3.7272106965247076e-06, 4.481640189624159e-06, 4.41464453615481e-06, 3.6994251786381938e-06, 3.0973478715168312e-06, 3.1249637686414644e-06, 4.997066753276158e-06, 2.6087006972375093e-06, 3.0258088372647762e-06, 3.41615532306605e-06, 3.1176030006463407e-06, 3.642306410256424e-06, 4.044134129799204e-06, 2.661235839696019e-06, 2.5490503503533546e-06, 3.205699385944172e-06, 2.864459474949399e-06, 2.400195171503583e-06, 2.6341313059674576e-06, 2.4325995582330506e-06, 2.468555749146617e-06, 2.902839241869515e-06, 2.9647160317836097e-06, 2.9861307666578796e-06, 2.7008527467842214e-06, 4.203760454402072e-06, 2.512003447918687e-06, 2.1298640149325365e-06, 4.183249529887689e-06, 2.8323245260253316e-06, 2.107878117385553e-06, 2.9077791623421945e-06, 2.563093175922404e-06, 2.554414322730736e-06, 2.2635435925622005e-06, 2.2123585949884728e-06, 2.156539721909212e-06, 2.2317715320241405e-06, 2.553220610934659e-06, 2.1547382402786752e-06, 2.7726302960218163e-06], "val_mse": [2.346902692806907e-05, 1.183111180580454e-05, 1.269634685741039e-05, 9.230355317413341e-06, 6.39702284388477e-06, 6.101746294007171e-06, 5.765670266555389e-06, 7.653824468434323e-06, 5.043179953645449e-06, 6.021715307724662e-06, 4.595594418788096e-06, 4.443735178938368e-06, 4.040288331452757e-06, 5.31181285623461e-06, 4.64718277726206e-06, 3.977990672865417e-06, 4.119294317206368e-06, 3.6591980006051017e-06, 3.7272106965247076e-06, 4.481640189624159e-06, 4.41464453615481e-06, 3.6994251786381938e-06, 3.0973478715168312e-06, 3.1249637686414644e-06, 4.997066753276158e-06, 2.6087006972375093e-06, 3.0258086098911008e-06, 3.41615532306605e-06, 3.1176030006463407e-06, 3.642306410256424e-06, 4.044134129799204e-06, 2.661235839696019e-06, 2.5490503503533546e-06, 3.205699385944172e-06, 2.864459474949399e-06, 2.400195171503583e-06, 2.6341313059674576e-06, 2.4325995582330506e-06, 2.468555749146617e-06, 2.902839241869515e-06, 2.9647160317836097e-06, 2.9861307666578796e-06, 2.7008527467842214e-06, 4.203760454402072e-06, 2.512003447918687e-06, 2.1298640149325365e-06, 4.183249529887689e-06, 2.8323245260253316e-06, 2.107878117385553e-06, 2.9077791623421945e-06, 2.563093175922404e-06, 2.554414322730736e-06, 2.2635435925622005e-06, 2.2123585949884728e-06, 2.156539721909212e-06, 2.2317715320241405e-06, 2.553220610934659e-06, 2.1547382402786752e-06, 2.7726302960218163e-06]}