{"loss": [0.002375075127929449, 0.0019104343373328447, 0.001434624777175486, 0.0009199380874633789, 0.0005464187124744058, 0.00034908324596472085, 0.00020745785150211304, 0.00014867472054902464, 0.00012160540791228414, 0.00010904132795985788, 0.0001047164696501568, 9.188940020976588e-05, 8.321845962200314e-05, 7.721159636275843e-05, 7.15837231837213e-05, 6.992126145632938e-05, 6.310157186817378e-05, 5.80510932195466e-05, 5.453106859931722e-05, 5.0847163947764784e-05, 4.7530225856462494e-05, 4.709357745014131e-05, 4.421763514983468e-05, 4.076209734193981e-05, 4.000678745796904e-05, 3.857720730593428e-05, 3.667612327262759e-05, 3.492897667456418e-05, 3.207383997505531e-05, 3.103357812506147e-05, 2.9492768589989282e-05, 2.9307158911251463e-05, 2.8885046049254015e-05, 2.9608094337163493e-05, 2.750821295194328e-05, 2.6940537281916477e-05, 2.5892411940731108e-05, 2.4710398065508343e-05, 2.505805423425045e-05, 2.268641947011929e-05, 2.189733822888229e-05, 2.2017211449565366e-05, 2.328338086954318e-05, 2.1516425476875156e-05, 2.121062425430864e-05, 2.0837729607592337e-05, 2.02401279238984e-05, 1.9727227481780574e-05, 2.0106464944547042e-05, 2.2031450498616323e-05, 2.058115387626458e-05, 1.8311733583686873e-05, 1.861558666860219e-05, 2.0290846805437468e-05, 1.800915924832225e-05, 1.6641264664940536e-05, 1.6806996427476406e-05, 1.6154308468685485e-05, 1.7188209312735125e-05, 1.6804062397568487e-05, 1.6806512576295063e-05, 1.660346970311366e-05, 1.7477335859439336e-05, 1.635598709981423e-05, 1.5542551409453154e-05, 1.5147903468459845e-05, 1.555065500724595e-05, 1.4765842934139073e-05, 1.4018444744579028e-05, 1.4114024452283047e-05, 1.35563286676188e-05, 1.4258404917200096e-05, 1.3946079889137764e-05, 1.3102335287840106e-05, 1.3061720892437734e-05, 1.3231784578238148e-05, 1.4205726984073408e-05, 1.402017915097531e-05, 1.2857453839387745e-05, 1.3325314284884371e-05, 1.3051753740001004e-05, 1.27303119370481e-05, 1.2826203601434827e-05, 1.2338619853835553e-05, 1.2321380381763447e-05, 1.2513436558947433e-05, 1.2194675036880653e-05, 1.1925070793949999e-05, 1.1885924322996289e-05, 1.1994261512882076e-05, 1.177201011159923e-05, 1.2447455446817912e-05, 1.161567706731148e-05, 1.1085196092608385e-05, 1.3782238056592178e-05, 1.1329480912536383e-05, 1.1806549082393758e-05, 1.707789306237828e-05, 1.1636535418801941e-05, 1.0895889317907859e-05, 1.1071465451095719e-05, 1.03545007732464e-05, 1.1805627764260862e-05], "mse": [0.002375075127929449, 0.0019104343373328447, 0.001434624777175486, 0.0009199380874633789, 0.0005464187124744058, 0.0003490832750685513, 0.00020745785150211304, 0.00014867472054902464, 0.00012160540791228414, 0.00010904132795985788, 0.0001047164696501568, 9.188940020976588e-05, 8.321845962200314e-05, 7.721159636275843e-05, 7.15837231837213e-05, 6.992126145632938e-05, 6.310157186817378e-05, 5.80510932195466e-05, 5.453106859931722e-05, 5.0847163947764784e-05, 4.7530225856462494e-05, 4.709357745014131e-05, 4.421763514983468e-05, 4.076209734193981e-05, 4.000679109594785e-05, 3.857720730593428e-05, 3.667612327262759e-05, 3.492897667456418e-05, 3.2073843613034114e-05, 3.103357812506147e-05, 2.9492768589989282e-05, 2.9307158911251463e-05, 2.8885046049254015e-05, 2.9608094337163493e-05, 2.750821295194328e-05, 2.694053910090588e-05, 2.5892411940731108e-05, 2.4710398065508343e-05, 2.505805423425045e-05, 2.268641947011929e-05, 2.189733822888229e-05, 2.2017211449565366e-05, 2.328338086954318e-05, 2.1516425476875156e-05, 2.121062425430864e-05, 2.0837729607592337e-05, 2.02401279238984e-05, 1.9727227481780574e-05, 2.0106464944547042e-05, 2.203144867962692e-05, 2.058115387626458e-05, 1.8311733583686873e-05, 1.861558666860219e-05, 2.0290844986448064e-05, 1.800915924832225e-05, 1.6641264664940536e-05, 1.6806996427476406e-05, 1.6154308468685485e-05, 1.7188209312735125e-05, 1.6804062397568487e-05, 1.6806512576295063e-05, 1.660346970311366e-05, 1.7477335859439336e-05, 1.635598709981423e-05, 1.5542553228442557e-05, 1.5147903468459845e-05, 1.555065500724595e-05, 1.4765842934139073e-05, 1.4018444744579028e-05, 1.4114024452283047e-05, 1.35563286676188e-05, 1.4258404917200096e-05, 1.3946079889137764e-05, 1.3102335287840106e-05, 1.3061720892437734e-05, 1.3231784578238148e-05, 1.4205726984073408e-05, 1.402017915097531e-05, 1.2857453839387745e-05, 1.3325314284884371e-05, 1.3051753740001004e-05, 1.27303119370481e-05, 1.2826203601434827e-05, 1.2338619853835553e-05, 1.2321380381763447e-05, 1.2513436558947433e-05, 1.2194675036880653e-05, 1.1925070793949999e-05, 1.1885924322996289e-05, 1.1994261512882076e-05, 1.177201011159923e-05, 1.2447455446817912e-05, 1.161567706731148e-05, 1.1085196092608385e-05, 1.3782238056592178e-05, 1.1329480912536383e-05, 1.1806549082393758e-05, 1.707789306237828e-05, 1.1636535418801941e-05, 1.0895889317907859e-05, 1.1071465451095719e-05, 1.03545007732464e-05, 1.1805627764260862e-05], "val_loss": [0.0018241386860609055, 0.0015595043078064919, 0.00112754269503057, 0.0006982706254348159, 0.00044306559721007943, 0.00026337310555391014, 0.0001781965693226084, 0.0001547791762277484, 0.00014151683717500418, 0.00012408875045366585, 0.0001241083664353937, 0.00011497166997287422, 0.00010646542068570852, 0.00010147582361241803, 9.320967365056276e-05, 0.0001003260476863943, 8.922256529331207e-05, 8.7336877186317e-05, 7.699331035837531e-05, 7.282744627445936e-05, 7.654503860976547e-05, 7.213008211692795e-05, 6.641398067586124e-05, 6.191326247062534e-05, 6.298917287494987e-05, 6.040644439053722e-05, 6.39349891571328e-05, 5.902467091800645e-05, 5.429495286080055e-05, 5.295589653542265e-05, 5.49249816685915e-05, 5.242693441687152e-05, 5.546776083065197e-05, 6.176254828460515e-05, 5.627261634799652e-05, 5.3200994443614036e-05, 5.14240309712477e-05, 4.758225259138271e-05, 4.902507134829648e-05, 4.932291267323308e-05, 4.879850894212723e-05, 5.4407377319876105e-05, 5.2385323215276e-05, 4.780273957294412e-05, 4.593456833390519e-05, 4.563312904792838e-05, 4.470631756703369e-05, 4.597148654283956e-05, 4.492709558689967e-05, 4.625862493412569e-05, 4.5101925934432074e-05, 4.871192868449725e-05, 5.002353645977564e-05, 5.076797606307082e-05, 4.581320536090061e-05, 4.4993284973315895e-05, 4.380414611659944e-05, 4.382138286018744e-05, 4.4732572860084474e-05, 4.665068627218716e-05, 4.440607153810561e-05, 5.075703302281909e-05, 4.421345147420652e-05, 4.347892172518186e-05, 4.301634180592373e-05, 4.486439866013825e-05, 4.5742261136183515e-05, 4.413427450344898e-05, 4.4383144995663315e-05, 4.3585245293797925e-05, 4.393963172333315e-05, 4.4588319724425673e-05, 4.4786913349526e-05, 4.2927073081955314e-05, 4.289380740374327e-05, 4.3823652958963066e-05, 5.0085702241631225e-05, 4.50670559075661e-05, 4.3862419261131436e-05, 4.31752523581963e-05, 4.4164586142869666e-05, 4.438080941326916e-05, 4.338948201620951e-05, 4.30139662057627e-05, 4.2508956539677456e-05, 4.63050564576406e-05, 4.550546873360872e-05, 4.2768759158207104e-05, 4.353002077550627e-05, 4.244188676238991e-05, 4.433371213963255e-05, 4.589356103679165e-05, 4.1345418139826506e-05, 4.448159597814083e-05, 4.3764062866102904e-05, 4.469627310754731e-05, 4.485486715566367e-05, 4.359270678833127e-05, 4.28747916885186e-05, 4.5768068957841024e-05, 4.3749878386734053e-05, 4.402792910696007e-05, 4.310846998123452e-05],