{"loss": [0.005360620561987162, 0.004383677151054144, 0.004143158905208111, 0.004078319761902094, 0.0040762098506093025, 0.004003412090241909, 0.00398066034540534, 0.003968845121562481, 0.003958915825933218, 0.003941067960113287, 0.003947924356907606, 0.003911624196916819, 0.0038938128855079412, 0.0039003232959657907, 0.0038684778846800327, 0.0038757578004151583, 0.0038586047012358904, 0.0038664815947413445, 0.0038215219974517822, 0.0038253096863627434, 0.003823402803391218, 0.0038001597858965397, 0.003788425587117672, 0.0037759775295853615], "mse": [0.005360620561987162, 0.004383677616715431, 0.004143158905208111, 0.004078319761902094, 0.0040762098506093025, 0.004003412090241909, 0.00398066034540534, 0.003968845121562481, 0.003958915825933218, 0.003941067960113287, 0.003947924356907606, 0.003911624196916819, 0.0038938128855079412, 0.0039003232959657907, 0.0038684778846800327, 0.0038757578004151583, 0.0038586047012358904, 0.0038664815947413445, 0.0038215219974517822, 0.0038253096863627434, 0.003823402803391218, 0.0038001597858965397, 0.003788425587117672, 0.0037759775295853615], "val_loss": [0.004755954258143902, 0.004694439936429262, 0.0043372297659516335, 0.00432489812374115, 0.004243028815835714, 0.0042841387912631035, 0.0043165008537471294, 0.004358761478215456, 0.004252804443240166, 0.004305181093513966, 0.00427135219797492, 0.0043057603761553764, 0.004341342020779848, 0.004239873494952917, 0.004336600657552481, 0.00435077678412199, 0.004348620772361755, 0.004321217071264982, 0.004273117054253817, 0.00431588850915432, 0.004387989640235901, 0.004332744050770998, 0.004260903224349022, 0.004380013793706894], "val_mse": [0.004755954258143902, 0.004694439936429262, 0.0043372297659516335, 0.00432489812374115, 0.004243028815835714, 0.0042841387912631035, 0.0043165008537471294, 0.004358761478215456, 0.004252804443240166, 0.004305181093513966, 0.00427135219797492, 0.0043057603761553764, 0.004341342020779848, 0.004239873494952917, 0.004336600657552481, 0.00435077678412199, 0.004348620772361755, 0.004321217071264982, 0.004273117054253817, 0.00431588850915432, 0.004387989640235901, 0.004332744050770998, 0.004260903224349022, 0.004380013793706894]}