{"loss": [0.0013498750049620867, 0.00039213261334225535, 0.000281945220194757, 0.000258373242104426, 0.00024669672711752355, 0.00023394446179736406, 0.00023307272931560874, 0.00022636442736256868, 0.00022077019093558192, 0.0002184286859119311, 0.00021773535991087556, 0.00021742243552580476, 0.00021580564498435706, 0.0002148184139514342, 0.00021251496218610555, 0.00020786395180039108, 0.00020597899856511503, 0.00020471299649216235, 0.00020407371630426496, 0.00020251909154467285, 0.00020202230371069163, 0.0001995114580495283, 0.00020091357873752713, 0.00019968152628280222, 0.0001989021839108318, 0.00019612029427662492, 0.00019611831521615386, 0.00019404399790801108, 0.0001932404120452702, 0.00019207496370654553, 0.0001990629534702748, 0.00018953366088680923, 0.0001903047668747604, 0.00019371946109458804, 0.00019191137107554823, 0.0001882617943920195, 0.00018997183360625058, 0.000188022997463122, 0.00018602788622956723, 0.00018623116193339229, 0.00018401558918412775, 0.00018294760957360268, 0.00018269468273501843, 0.00018076025298796594, 0.000183267577085644, 0.00018367933807894588], "mse": [0.0013498750049620867, 0.00039213261334225535, 0.000281945220194757, 0.000258373242104426, 0.00024669672711752355, 0.00023394446179736406, 0.00023307272931560874, 0.00022636442736256868, 0.00022077019093558192, 0.0002184286859119311, 0.00021773535991087556, 0.00021742243552580476, 0.00021580564498435706, 0.0002148184139514342, 0.00021251496218610555, 0.00020786395180039108, 0.00020597899856511503, 0.00020471299649216235, 0.00020407371630426496, 0.00020251910609658808, 0.00020202230371069163, 0.0001995114580495283, 0.00020091357873752713, 0.00019968152628280222, 0.0001989021839108318, 0.00019612029427662492, 0.00019611831521615386, 0.00019404399790801108, 0.0001932404120452702, 0.00019207496370654553, 0.0001990629534702748, 0.00018953366088680923, 0.0001903047668747604, 0.00019371946109458804, 0.00019191137107554823, 0.0001882617943920195, 0.00018997183360625058, 0.000188022997463122, 0.00018602788622956723, 0.00018623116193339229, 0.00018401558918412775, 0.00018294760957360268, 0.00018269468273501843, 0.00018076025298796594, 0.000183267577085644, 0.00018367933807894588], "val_loss": [0.0006577122840099037, 0.00032965262653306127, 0.00030274433083832264, 0.0002961119753308594, 0.0002838078362401575, 0.0002843004767782986, 0.0002768418053165078, 0.0002659725141711533, 0.0002656552824191749, 0.00026906587299890816, 0.00027455712552182376, 0.0002620512095745653, 0.00026273736148141325, 0.000257750361924991, 0.0002578921557869762, 0.0002568656636867672, 0.00026130565674975514, 0.0002598535211291164, 0.0002581599401310086, 0.0002577231789473444, 0.0002679759345483035, 0.00025575977633707225, 0.00025913334684446454, 0.0002540248678997159, 0.00027422045241110027, 0.00025393717805854976, 0.0002545974566601217, 0.0002589937357697636, 0.0002712928398977965, 0.00026229018112644553, 0.0002616407291498035, 0.00025729028857313097, 0.000278609775705263, 0.00026664507458917797, 0.00025446119252592325, 0.00025087333051487803, 0.00025383548927493393, 0.00026259009609930217, 0.0002632541873026639, 0.0002537195978220552, 0.00026492465985938907, 0.0002557009574957192, 0.0002543790324125439, 0.0002602262538857758, 0.00025543212541379035, 0.000263760332018137], "val_mse": [0.0006577122840099037, 0.00032965262653306127, 0.00030274433083832264, 0.0002961119753308594, 0.0002838078362401575, 0.0002843004767782986, 0.0002768418053165078, 0.0002659725141711533, 0.0002656552824191749, 0.0002690658438950777, 0.00027455712552182376, 0.0002620512095745653, 0.00026273736148141325, 0.000257750361924991, 0.0002578921557869762, 0.0002568656636867672, 0.00026130565674975514, 0.0002598535211291164, 0.0002581599401310086, 0.0002577231789473444, 0.0002679759345483035, 0.00025575977633707225, 0.0002591332886368036, 0.0002540248678997159, 0.00027422045241110027, 0.00025393717805854976, 0.0002545974566601217, 0.0002589937357697636, 0.0002712928398977965, 0.00026229018112644553, 0.0002616407291498035, 0.00025729028857313097, 0.000278609775705263, 0.00026664507458917797, 0.00025446119252592325, 0.00025087333051487803, 0.00025383548927493393, 0.00026259009609930217, 0.0002632541873026639, 0.0002537195978220552, 0.00026492465985938907, 0.0002557009574957192, 0.0002543790324125439, 0.0002602262538857758, 0.00025543212541379035, 0.000263760332018137]}