{"loss": [0.006409517489373684, 0.005024520680308342, 0.004444193560630083, 0.0041698128916323185, 0.004057322628796101, 0.003972856793552637, 0.00395085196942091, 0.0038784414064139128, 0.003918172791600227, 0.003842187812551856, 0.0038140583783388138, 0.003795539727434516, 0.00377840013243258, 0.0038068052381277084, 0.003740012878552079], "mse": [0.006409517489373684, 0.005024520680308342, 0.004444193560630083, 0.0041698128916323185, 0.004057322628796101, 0.003972856793552637, 0.00395085196942091, 0.0038784414064139128, 0.003918172791600227, 0.003842187812551856, 0.0038140583783388138, 0.003795539727434516, 0.00377840013243258, 0.0038068052381277084, 0.003740012878552079], "val_loss": [0.005633635446429253, 0.005071655381470919, 0.0045648133382201195, 0.0045048329047858715, 0.004156674724072218, 0.0042742472141981125, 0.004409729037433863, 0.004324235487729311, 0.004273348022252321, 0.004583300556987524, 0.004411976784467697, 0.004244332667440176, 0.00447055883705616, 0.004265333525836468, 0.0045262291096150875], "val_mse": [0.005633635446429253, 0.005071655381470919, 0.0045648133382201195, 0.0045048329047858715, 0.004156674724072218, 0.0042742472141981125, 0.004409729037433863, 0.004324235487729311, 0.004273348022252321, 0.004583300556987524, 0.004411976784467697, 0.004244332667440176, 0.004470558371394873, 0.004265333525836468, 0.0045262291096150875]}