{"loss": [0.0014951740158721805, 0.00019738750415854156, 0.00011596094554988667, 8.28616030048579e-05, 6.670025322819129e-05, 6.182384822750464e-05, 5.4332023864844814e-05, 5.255959331407212e-05, 4.830758916796185e-05, 4.727108535007574e-05, 4.343713590060361e-05, 4.085862383362837e-05, 4.262788570486009e-05, 3.976187508669682e-05, 3.844663660856895e-05, 4.157669536652975e-05, 3.849677159450948e-05, 3.6637953598983586e-05, 3.664658288471401e-05, 3.486813875497319e-05, 3.598187686293386e-05, 3.538063174346462e-05, 3.4095686714863405e-05, 3.662540257209912e-05, 3.5836364986607805e-05, 3.3100717701017857e-05, 3.279630254837684e-05, 3.296562863397412e-05, 3.113530692644417e-05, 3.103814378846437e-05, 3.133416248601861e-05, 2.969170418509748e-05, 3.05603607557714e-05, 2.89071995211998e-05, 2.8438809749786742e-05, 2.8321006539044902e-05, 3.1688341550761834e-05, 3.0403931305045262e-05, 3.0522824090439826e-05, 2.8144986572442576e-05, 2.7725098334485665e-05, 2.842232606781181e-05, 3.083654155489057e-05, 2.9610517231049016e-05, 2.82800174318254e-05, 2.691124245757237e-05, 2.6850846552406438e-05, 2.826716263371054e-05, 2.7400217732065357e-05, 2.4603590645710938e-05, 2.7124577172799036e-05, 2.622570173116401e-05, 2.4887533072615042e-05, 2.5369354261783883e-05], "mse": [0.0014951740158721805, 0.00019738750415854156, 0.00011596093827392906, 8.28616030048579e-05, 6.670025322819129e-05, 6.182384822750464e-05, 5.4332023864844814e-05, 5.255959331407212e-05, 4.830758916796185e-05, 4.727108535007574e-05, 4.343713590060361e-05, 4.085862383362837e-05, 4.262788570486009e-05, 3.976187508669682e-05, 3.844663660856895e-05, 4.157669536652975e-05, 3.849677159450948e-05, 3.6637953598983586e-05, 3.664658288471401e-05, 3.486813875497319e-05, 3.598187686293386e-05, 3.5380635381443426e-05, 3.4095686714863405e-05, 3.662540257209912e-05, 3.5836364986607805e-05, 3.3100717701017857e-05, 3.279630254837684e-05, 3.296562863397412e-05, 3.113530692644417e-05, 3.103815106442198e-05, 3.133416248601861e-05, 2.969170418509748e-05, 3.05603607557714e-05, 2.89071995211998e-05, 2.8438809749786742e-05, 2.8321006539044902e-05, 3.168833791278303e-05, 3.0403931305045262e-05, 3.0522824090439826e-05, 2.8144986572442576e-05, 2.7725098334485665e-05, 2.842232606781181e-05, 3.083654155489057e-05, 2.9610517231049016e-05, 2.82800174318254e-05, 2.691124245757237e-05, 2.6850846552406438e-05, 2.826716263371054e-05, 2.7400217732065357e-05, 2.4603588826721534e-05, 2.7124577172799036e-05, 2.6225703550153412e-05, 2.4887533072615042e-05, 2.5369354261783883e-05], "val_loss": [0.00033965648617595434, 0.00010712398216128349, 7.8840326750651e-05, 6.688209396088496e-05, 6.000734356348403e-05, 5.232624607742764e-05, 4.734494723379612e-05, 4.086372791789472e-05, 4.2070118070114404e-05, 5.1825969421770424e-05, 3.707937503349967e-05, 3.7820242141606286e-05, 3.9530237700091675e-05, 3.828811168204993e-05, 3.8117632357170805e-05, 4.938975325785577e-05, 3.715518687386066e-05, 3.580924021662213e-05, 3.302955155959353e-05, 3.398510307306424e-05, 3.1761894206283614e-05, 3.487042340566404e-05, 3.3691820135572925e-05, 3.716534047271125e-05, 3.224877582397312e-05, 3.0120538212941028e-05, 3.939782618544996e-05, 3.143206413369626e-05, 3.245436892029829e-05, 3.000932338181883e-05, 2.917703750426881e-05, 3.4159769711550325e-05, 3.132699566776864e-05, 2.8473043130361475e-05, 2.8915215807501227e-05, 2.8468748496379703e-05, 2.845869676093571e-05, 3.67325555998832e-05, 3.1759467674419284e-05, 2.9422004445223138e-05, 2.9792468922096305e-05, 3.8141952245496213e-05, 4.049507333547808e-05, 2.6945604986394756e-05, 3.099065361311659e-05, 2.955572745122481e-05, 3.62977443728596e-05, 3.186122194165364e-05, 2.7250438506598584e-05, 2.822011083480902e-05, 2.878147643059492e-05, 2.8172767997602932e-05, 2.8101667339797132e-05, 2.97730748570757e-05], "val_mse": [0.00033965648617595434, 0.00010712398216128349, 7.8840326750651e-05, 6.688209396088496e-05, 6.000734356348403e-05, 5.232624607742764e-05, 4.734494723379612e-05, 4.086372791789472e-05, 4.2070118070114404e-05, 5.1825969421770424e-05, 3.707937503349967e-05, 3.7820242141606286e-05, 3.9530237700091675e-05, 3.828811168204993e-05, 3.811762508121319e-05, 4.938975325785577e-05, 3.715518687386066e-05, 3.580924021662213e-05, 3.302955155959353e-05, 3.398510307306424e-05, 3.1761894206283614e-05, 3.487042340566404e-05, 3.369181649759412e-05, 3.716534411069006e-05, 3.224877582397312e-05, 3.0120538212941028e-05, 3.939782618544996e-05, 3.143206413369626e-05, 3.245436892029829e-05, 3.000932338181883e-05, 2.917703750426881e-05, 3.4159769711550325e-05, 3.132699566776864e-05, 2.8473043130361475e-05, 2.8915215807501227e-05, 2.8468748496379703e-05, 2.845869676093571e-05, 3.67325555998832e-05, 3.1759467674419284e-05, 2.9422004445223138e-05, 2.9792468922096305e-05, 3.8141952245496213e-05, 4.049507333547808e-05, 2.6945604986394756e-05, 3.099065361311659e-05, 2.955572745122481e-05, 3.62977443728596e-05, 3.186122194165364e-05, 2.7250438506598584e-05, 2.822011083480902e-05, 2.878147643059492e-05, 2.8172767997602932e-05, 2.8101667339797132e-05, 2.9773069400107488e-05]}