{"loss": [0.2294035106897354, 0.2233213633298874, 0.22144685685634613, 0.2202133685350418, 0.2186121940612793, 0.21820396184921265, 0.2168276011943817, 0.21612972021102905, 0.21415041387081146, 0.21307864785194397, 0.21230004727840424, 0.21154218912124634, 0.2100696712732315, 0.20859907567501068], "mse": [0.2294035106897354, 0.2233213633298874, 0.22144685685634613, 0.2202133685350418, 0.2186121940612793, 0.21820396184921265, 0.2168276011943817, 0.21612972021102905, 0.21415041387081146, 0.21307864785194397, 0.21230004727840424, 0.21154218912124634, 0.2100696712732315, 0.20859907567501068], "val_loss": [0.20979171991348267, 0.2075948715209961, 0.2085440307855606, 0.20698313415050507, 0.20831401646137238, 0.2093791514635086, 0.209847092628479, 0.20993952453136444, 0.21334749460220337, 0.2121817171573639, 0.21409663558006287, 0.21582083404064178, 0.2178908884525299, 0.2176150530576706], "val_mse": [0.20979171991348267, 0.2075948715209961, 0.2085440307855606, 0.20698313415050507, 0.20831401646137238, 0.2093791514635086, 0.2098471075296402, 0.20993953943252563, 0.21334750950336456, 0.2121817171573639, 0.21409663558006287, 0.21582083404064178, 0.2178908884525299, 0.2176150530576706]}