{"loss": [0.001258517149835825, 0.00028023586492054164, 0.00017620989819988608, 0.00014582413132302463, 0.0001341174211120233, 0.0001242221478605643, 0.00011897852527908981, 0.00011585813626879826, 0.0001107846837840043, 0.00010977399506373331, 0.00010815742280101404, 0.0001030687490128912, 0.00010102485975949094, 0.00010260575800202787, 9.984938515117392e-05, 0.00010439895413583145, 0.00010653228673618287, 9.575410513207316e-05, 9.481744928052649e-05, 9.510722884442657e-05, 9.30698006413877e-05, 9.310597670264542e-05, 9.303745173383504e-05, 9.057076385943219e-05, 9.331919864052907e-05, 8.834802429191768e-05, 8.835858898237348e-05, 9.097106521949172e-05, 8.802604861557484e-05, 8.59845313243568e-05, 8.662983600515872e-05, 8.486543811159208e-05, 8.66413683979772e-05, 8.614620310254395e-05, 8.527626050636172e-05, 8.455870556645095e-05, 8.420349331572652e-05, 8.582775626564398e-05, 8.921670814743266e-05, 8.336856990354136e-05, 8.391751907765865e-05, 8.066990994848311e-05, 8.05810559540987e-05, 8.039941167226061e-05, 8.323778456542641e-05, 8.094403165159747e-05, 8.297521708300337e-05, 7.96595704741776e-05, 7.867856766097248e-05, 8.343335503013805e-05, 8.201460150303319e-05, 7.794306293362752e-05, 7.916527101770043e-05, 7.741022272966802e-05, 7.767690112814307e-05, 7.62878407840617e-05, 7.703682058490813e-05, 7.768400246277452e-05, 7.556979835499078e-05], "mse": [0.001258517149835825, 0.00028023586492054164, 0.00017620989819988608, 0.00014582413132302463, 0.0001341174211120233, 0.0001242221478605643, 0.00011897852527908981, 0.00011585813626879826, 0.0001107846837840043, 0.00010977399506373331, 0.00010815742280101404, 0.0001030687490128912, 0.00010102485975949094, 0.00010260575800202787, 9.984938515117392e-05, 0.00010439895413583145, 0.00010653228673618287, 9.575410513207316e-05, 9.481744928052649e-05, 9.510722884442657e-05, 9.306979336543009e-05, 9.310597670264542e-05, 9.303745173383504e-05, 9.057076385943219e-05, 9.331919864052907e-05, 8.834802429191768e-05, 8.835859625833109e-05, 9.097106521949172e-05, 8.802604861557484e-05, 8.59845313243568e-05, 8.662983600515872e-05, 8.486543811159208e-05, 8.66413683979772e-05, 8.614620310254395e-05, 8.527626050636172e-05, 8.455870556645095e-05, 8.420349331572652e-05, 8.582775626564398e-05, 8.921670814743266e-05, 8.336856262758374e-05, 8.391751907765865e-05, 8.066990994848311e-05, 8.05810559540987e-05, 8.039941167226061e-05, 8.323778456542641e-05, 8.094403165159747e-05, 8.297521708300337e-05, 7.96595704741776e-05, 7.867856766097248e-05, 8.343335503013805e-05, 8.201460150303319e-05, 7.794306293362752e-05, 7.916527101770043e-05, 7.741023000562564e-05, 7.767690112814307e-05, 7.62878407840617e-05, 7.703682058490813e-05, 7.768400246277452e-05, 7.556979835499078e-05], "val_loss": [0.0005069422186352313, 0.00023440216318704188, 0.00017689753440208733, 0.00016050790145527571, 0.00016409822273999453, 0.000146136007970199, 0.0001664965966483578, 0.00013942565419711173, 0.00013306137407198548, 0.00013599386147689074, 0.0001319477305514738, 0.0001260394201381132, 0.00012614311708603054, 0.00013135408516973257, 0.0001295723341172561, 0.0001244394079549238, 0.00013291907089296728, 0.00013150350423529744, 0.00012780007091350853, 0.00013108666462358087, 0.00013353729445952922, 0.00012478168355301023, 0.00012682120723184198, 0.00012449325004126877, 0.0001244656159542501, 0.00012142254126956686, 0.00012880878057330847, 0.00012268830323591828, 0.00012597402383107692, 0.00012205827806610614, 0.0001252287911484018, 0.00011787694529630244, 0.00011745032679755241, 0.00011777891631936654, 0.0001225631422130391, 0.00011812504089903086, 0.00012000093556707725, 0.0001309829531237483, 0.0001341916504316032, 0.00011277753219474107, 0.00013666166341863573, 0.00012014467938570306, 0.0001160179017460905, 0.0001264882303075865, 0.0001216119053424336, 0.00012381694978103042, 0.00013010212569497526, 0.00012606169912032783, 0.00011154713138239458, 0.0001183530330308713, 0.0001180094841402024, 0.00011971559433732182, 0.00012214035086799413, 0.00012382636487018317, 0.00011646347411442548, 0.00012693497410509735, 0.00013203194248490036, 0.00012325051648076624, 0.0001225699670612812], "val_mse": [0.0005069422186352313, 0.00023440216318704188, 0.00017689754895400256, 0.00016050790145527571, 0.00016409822273999453, 0.000146136007970199, 0.0001664965966483578, 0.00013942565419711173, 0.00013306137407198548, 0.00013599386147689074, 0.0001319477305514738, 0.0001260394201381132, 0.00012614311708603054, 0.00013135408516973257, 0.0001295723341172561, 0.0001244394079549238, 0.00013291907089296728, 0.00013150350423529744, 0.00012780007091350853, 0.00013108666462358087, 0.00013353729445952922, 0.00012478168355301023, 0.00012682120723184198, 0.00012449325004126877, 0.0001244656159542501, 0.00012142254126956686, 0.00012880878057330847, 0.00012268830323591828, 0.00012597402383107692, 0.00012205827806610614, 0.0001252287911484018, 0.00011787694529630244, 0.00011745032679755241, 0.00011777891631936654, 0.0001225631422130391, 0.00011812504089903086, 0.00012000093556707725, 0.0001309829531237483, 0.0001341916504316032, 0.00011277753219474107, 0.00013666166341863573, 0.00012014467938570306, 0.0001160179017460905, 0.0001264882303075865, 0.0001216119053424336, 0.00012381694978103042, 0.00013010212569497526, 0.00012606169912032783, 0.00011154713138239458, 0.0001183530330308713, 0.0001180094841402024, 0.00011971559433732182, 0.00012214035086799413, 0.00012382636487018317, 0.00011646347411442548, 0.00012693497410509735, 0.00013203194248490036, 0.00012325051648076624, 0.0001225699670612812]}