{"loss": [0.0028672507032752037, 0.002482184674590826, 0.0022535030730068684, 0.0020496409852057695, 0.001923155621625483, 0.0018008945044130087, 0.0017063301056623459, 0.0016851043328642845, 0.001637808745726943, 0.001564135542139411, 0.0015411131316795945, 0.0015302363317459822, 0.0015007000183686614, 0.0015002039726823568, 0.0014664771733805537, 0.00145854358561337, 0.0014375398168340325, 0.0014207897474989295, 0.001410012599080801, 0.001402122899889946, 0.0014006153214722872, 0.0013821048196405172, 0.0013759797438979149, 0.0013572551542893052, 0.001365899690426886, 0.0013616216601803899, 0.0013689175248146057, 0.0013380092568695545], "mse": [0.0028672507032752037, 0.002482184674590826, 0.0022535030730068684, 0.0020496409852057695, 0.001923155621625483, 0.0018008945044130087, 0.0017063301056623459, 0.0016851043328642845, 0.001637808745726943, 0.001564135542139411, 0.0015411131316795945, 0.0015302363317459822, 0.0015007000183686614, 0.0015002039726823568, 0.0014664771733805537, 0.00145854358561337, 0.0014375398168340325, 0.0014207897474989295, 0.001410012599080801, 0.001402122899889946, 0.0014006153214722872, 0.0013821048196405172, 0.0013759797438979149, 0.0013572551542893052, 0.001365899690426886, 0.0013616216601803899, 0.0013689175248146057, 0.0013380092568695545], "val_loss": [0.004425243940204382, 0.0040275356732308865, 0.003601702628657222, 0.0032996120862662792, 0.0031194668263196945, 0.002978936303406954, 0.002891991753131151, 0.0029435153119266033, 0.002840935718268156, 0.00281858304515481, 0.0029440626967698336, 0.002783447038382292, 0.0028232098557054996, 0.0028240152169018984, 0.0028895968571305275, 0.002831796882674098, 0.0027994418051093817, 0.002768562640994787, 0.002831176621839404, 0.0029214590322226286, 0.0028657461516559124, 0.0030465477611869574, 0.002912019146606326, 0.0028867959044873714, 0.00279755680821836, 0.002887183800339699, 0.00303854257799685, 0.0028213614132255316], "val_mse": [0.004425243474543095, 0.004027535207569599, 0.003601702395826578, 0.0032996120862662792, 0.0031194668263196945, 0.002978936303406954, 0.002891991753131151, 0.0029435153119266033, 0.002840935718268156, 0.00281858304515481, 0.0029440626967698336, 0.002783447038382292, 0.0028232098557054996, 0.0028240152169018984, 0.0028895968571305275, 0.0028317973483353853, 0.0027994418051093817, 0.002768562640994787, 0.002831176621839404, 0.0029214590322226286, 0.0028657461516559124, 0.0030465477611869574, 0.002912019146606326, 0.0028867959044873714, 0.00279755680821836, 0.002887183800339699, 0.00303854257799685, 0.0028213614132255316]}