{"loss": [0.07125207781791687, 0.06959798187017441, 0.0688738077878952, 0.06798405200242996, 0.06735799461603165, 0.0668950229883194, 0.06659433990716934, 0.06574397534132004, 0.06508729606866837, 0.06447967141866684, 0.06390369683504105, 0.06342951953411102, 0.06306967884302139, 0.06263050436973572, 0.06189095228910446, 0.06104031950235367, 0.06073244288563728, 0.060508012771606445, 0.059414662420749664, 0.05842997506260872, 0.058220673352479935, 0.05764817073941231, 0.05660749599337578, 0.05549971014261246, 0.05526607111096382, 0.05514170974493027, 0.05545339733362198], "mse": [0.07125207781791687, 0.06959798187017441, 0.0688738077878952, 0.06798405200242996, 0.06735799461603165, 0.0668950229883194, 0.06659433990716934, 0.06574397534132004, 0.06508729606866837, 0.06447967141866684, 0.06390369683504105, 0.06342951953411102, 0.06306967884302139, 0.06263050436973572, 0.06189094856381416, 0.06104031950235367, 0.06073244288563728, 0.060508012771606445, 0.059414662420749664, 0.05842997506260872, 0.058220673352479935, 0.05764817073941231, 0.05660749599337578, 0.05549971014261246, 0.05526607111096382, 0.05514170974493027, 0.05545339733362198], "val_loss": [0.06269456446170807, 0.06283241510391235, 0.061263490468263626, 0.06044178456068039, 0.0600656159222126, 0.059594906866550446, 0.05900361016392708, 0.058282770216464996, 0.05821012333035469, 0.05822479724884033, 0.05697216838598251, 0.05697118118405342, 0.05723320320248604, 0.055880285799503326, 0.05638505145907402, 0.05693041533231735, 0.0554010272026062, 0.05627018213272095, 0.056561339646577835, 0.05614463612437248, 0.05686461925506592, 0.0575876347720623, 0.056718118488788605, 0.05591484159231186, 0.05919671803712845, 0.06292840093374252, 0.05732984468340874], "val_mse": [0.06269456446170807, 0.06283241510391235, 0.061263494193553925, 0.06044178456068039, 0.0600656159222126, 0.059594906866550446, 0.05900361388921738, 0.058282770216464996, 0.05821012333035469, 0.05822479724884033, 0.05697216838598251, 0.05697118118405342, 0.05723320320248604, 0.055880285799503326, 0.05638505145907402, 0.05693041533231735, 0.0554010272026062, 0.05627018213272095, 0.056561339646577835, 0.05614464357495308, 0.05686461925506592, 0.0575876347720623, 0.056718118488788605, 0.05591484159231186, 0.05919671058654785, 0.06292840093374252, 0.05732984468340874]}