{"loss": [0.0019829957745969296, 0.0006883428432047367, 0.00020620421855710447, 0.00010710092465160415, 7.293151429621503e-05, 6.089904854889028e-05, 4.735989932669327e-05, 4.0204449760494754e-05, 3.683140312205069e-05, 3.208114503649995e-05, 3.003274105140008e-05, 2.7918449632124975e-05, 2.513793697289657e-05, 2.498745743650943e-05, 2.225791831733659e-05, 2.0345720258774236e-05, 1.968325159396045e-05, 1.864173282228876e-05, 1.775247983459849e-05, 1.8492317394702695e-05, 1.8727989299804904e-05, 1.529679684608709e-05, 1.444603822164936e-05, 1.4827994164079428e-05, 1.5131930013012607e-05, 1.419720229023369e-05, 1.304134821111802e-05, 1.1325845662213396e-05, 1.1763805559894536e-05, 1.0486146493349224e-05, 1.071417864295654e-05, 1.071996484824922e-05, 1.0143065992451739e-05, 1.0029494660557248e-05, 9.6667863545008e-06, 9.539838174532633e-06, 9.19162903301185e-06, 9.460929504712112e-06, 8.565522875869647e-06, 9.089203558687586e-06, 8.404595064348541e-06, 7.553654540970456e-06, 8.25429378892295e-06, 1.1692616681102663e-05, 1.0004579053202178e-05, 9.196239261655137e-06, 7.448289125022711e-06, 6.742291589034721e-06, 7.31978434487246e-06, 6.838695753685897e-06, 6.736009254382225e-06, 7.6122214522911236e-06, 9.48247907217592e-06, 6.698765901091974e-06, 6.363409283949295e-06, 6.273430699366145e-06, 5.569523182202829e-06, 5.622313892672537e-06, 6.23820642431383e-06, 4.868325504503446e-06, 5.011866960558109e-06, 5.439021606434835e-06, 5.463083653012291e-06, 5.472486009239219e-06, 5.809901722386712e-06, 5.023104222345864e-06, 7.063775683491258e-06, 5.176959803065984e-06, 4.645855369744822e-06, 5.419765329861548e-06, 4.741377324535279e-06, 4.17522142015514e-06, 4.670027919928543e-06, 5.5567566050740425e-06, 4.845322564506205e-06, 5.303551006363705e-06, 4.972434908268042e-06, 4.280350822227774e-06, 5.096670520288171e-06, 4.952638846589252e-06, 5.056919235357782e-06, 3.947965979023138e-06, 4.127003194298595e-06, 3.956052751163952e-06, 4.673069724958623e-06, 3.851778274110984e-06, 4.722425273939734e-06, 4.582404926622985e-06], "mse": [0.0019829953089356422, 0.0006883428432047367, 0.00020620421855710447, 0.00010710092465160415, 7.293151429621503e-05, 6.089904854889028e-05, 4.735989932669327e-05, 4.0204449760494754e-05, 3.683140312205069e-05, 3.208114503649995e-05, 3.003274105140008e-05, 2.7918449632124975e-05, 2.513793697289657e-05, 2.498745743650943e-05, 2.225791831733659e-05, 2.0345720258774236e-05, 1.968325159396045e-05, 1.864173282228876e-05, 1.775247983459849e-05, 1.8492317394702695e-05, 1.8727989299804904e-05, 1.529679684608709e-05, 1.444603822164936e-05, 1.4827994164079428e-05, 1.5131930013012607e-05, 1.419720229023369e-05, 1.304134821111802e-05, 1.1325845662213396e-05, 1.1763806469389237e-05, 1.0486146493349224e-05, 1.071417864295654e-05, 1.071996484824922e-05, 1.0143065992451739e-05, 1.0029494660557248e-05, 9.6667863545008e-06, 9.539838174532633e-06, 9.19162903301185e-06, 9.460929504712112e-06, 8.565522875869647e-06, 9.089203558687586e-06, 8.404595973843243e-06, 7.553654540970456e-06, 8.25429378892295e-06, 1.169261486211326e-05, 1.0004579053202178e-05, 9.196239261655137e-06, 7.448289125022711e-06, 6.742291589034721e-06, 7.31978434487246e-06, 6.838695753685897e-06, 6.736009254382225e-06, 7.6122214522911236e-06, 9.482479981670622e-06, 6.698765901091974e-06, 6.363409283949295e-06, 6.273430699366145e-06, 5.569523182202829e-06, 5.622313892672537e-06, 6.23820642431383e-06, 4.868325959250797e-06, 5.011866960558109e-06, 5.439021606434835e-06, 5.463083653012291e-06, 5.472486009239219e-06, 5.809901722386712e-06, 5.023104222345864e-06, 7.063775683491258e-06, 5.176959803065984e-06, 4.645855369744822e-06, 5.419765329861548e-06, 4.741377324535279e-06, 4.17522142015514e-06, 4.670027919928543e-06, 5.5567566050740425e-06, 4.845322564506205e-06, 5.303551006363705e-06, 4.972434908268042e-06, 4.280350822227774e-06, 5.096670520288171e-06, 4.952638846589252e-06, 5.056919235357782e-06, 3.947965979023138e-06, 4.127003194298595e-06, 3.956052751163952e-06, 4.673069724958623e-06, 3.851778274110984e-06, 4.722425273939734e-06, 4.582404926622985e-06], "val_loss": [0.000997036462649703, 0.00026125743170268834, 0.00012155551667092368, 7.827288209227845e-05, 6.042206587153487e-05, 5.462422996060923e-05, 5.2061801397940144e-05, 4.498525595408864e-05, 4.04267520934809e-05, 3.643962190835737e-05, 4.229335900163278e-05, 3.061693860217929e-05, 4.177750088274479e-05, 2.859148480638396e-05, 2.971835419884883e-05, 2.5048921088455245e-05, 2.4756849597906694e-05, 2.5883575290208682e-05, 2.950997259176802e-05, 2.693210990400985e-05, 2.2780683138989843e-05, 2.1977060896460898e-05, 2.060756742139347e-05, 2.1701111108995974e-05, 2.3017228159005754e-05, 1.949622674146667e-05, 1.8815604562405497e-05, 1.8512173483031802e-05, 1.8280312360730022e-05, 1.9210821847082116e-05, 2.1782752810395323e-05, 1.7411925000487827e-05, 1.712855009827763e-05, 1.669890116318129e-05, 1.740409788908437e-05, 1.6669451724737883e-05, 1.9833156329696067e-05, 1.760773011483252e-05, 1.5975116184563376e-05, 1.5514342521782964e-05, 1.4686616850667633e-05, 1.492076989961788e-05, 1.6634439816698432e-05, 1.824639730330091e-05, 1.9880524632753804e-05, 1.691770739853382e-05, 1.4806611943640746e-05, 1.518030694569461e-05, 1.5749288650113158e-05, 1.806855470931623e-05, 1.4591500075766817e-05, 2.078217949019745e-05, 1.40711654239567e-05, 1.3406973266683053e-05, 1.3077162293484434e-05, 1.4406679838430136e-05, 1.3142076568328775e-05, 1.2969241652172059e-05, 1.362120656267507e-05, 1.2802234778064303e-05, 1.298785355174914e-05, 1.5088506188476458e-05, 1.3068065527477302e-05, 1.350383990939008e-05, 1.269481799681671e-05, 1.502809209341649e-05, 1.2733235053019598e-05, 1.2986180081497878e-05, 1.224852712766733e-05, 1.2748264452966396e-05, 1.2274022083147429e-05, 1.3496819519787095e-05, 1.3347256754059345e-05, 1.5210991477943026e-05, 1.2272420462977607e-05, 1.19695987450541e-05, 1.2079512998752762e-05, 1.140929543907987e-05, 1.4256271242629737e-05, 1.200073256768519e-05, 1.1901698599103838e-05, 1.3011541341256816e-05, 1.1746316886274144e-05, 1.2004414202237967e-05, 1.2054946637363173e-05, 1.2557787158584688e-05, 1.2145352229708806e-05, 1.1727551282092463e-05],