{"loss": [0.0013143463293090463, 0.0002625533670652658, 0.00012836929818149656, 9.576061711413786e-05, 8.187908679246902e-05, 7.346259371843189e-05, 6.834158557467163e-05, 6.432789086829871e-05, 6.260533700697124e-05, 5.862978287041187e-05, 5.7171531807398424e-05, 5.513456562766805e-05, 5.702089038095437e-05, 5.4508200264535844e-05, 5.324762241798453e-05, 5.205873094382696e-05, 5.0881812057923526e-05, 4.970760710421018e-05, 4.863930735155009e-05, 4.8045356379589066e-05, 4.629521572496742e-05, 4.621413245331496e-05, 4.68681137135718e-05, 4.8435638746013865e-05, 4.595775681082159e-05, 4.542699025478214e-05, 4.4774176785722375e-05, 4.511064980761148e-05, 4.365008862805553e-05, 4.4512100430438295e-05, 4.6338289394043386e-05, 4.30892214353662e-05, 4.2151150410063565e-05, 4.3289343011565506e-05], "mse": [0.0013143463293090463, 0.0002625533670652658, 0.00012836929818149656, 9.576061711413786e-05, 8.187908679246902e-05, 7.346259371843189e-05, 6.834158557467163e-05, 6.43278835923411e-05, 6.260533700697124e-05, 5.862978287041187e-05, 5.7171531807398424e-05, 5.513456562766805e-05, 5.702089038095437e-05, 5.4508200264535844e-05, 5.324762241798453e-05, 5.205873094382696e-05, 5.0881812057923526e-05, 4.970760710421018e-05, 4.863930735155009e-05, 4.8045356379589066e-05, 4.629521572496742e-05, 4.621413245331496e-05, 4.68681137135718e-05, 4.8435638746013865e-05, 4.595775681082159e-05, 4.542699025478214e-05, 4.4774176785722375e-05, 4.511064980761148e-05, 4.365008862805553e-05, 4.4512100430438295e-05, 4.6338289394043386e-05, 4.30892214353662e-05, 4.2151150410063565e-05, 4.3289343011565506e-05], "val_loss": [0.00039490321069024503, 0.00014417826605495065, 9.980775212170556e-05, 8.105322922347113e-05, 7.717598782619461e-05, 6.777716771466658e-05, 6.643337837886065e-05, 6.329218012979254e-05, 7.153145270422101e-05, 7.061743963276967e-05, 6.07774309173692e-05, 5.9379333833931014e-05, 7.047385588521138e-05, 5.757316466770135e-05, 5.872821930097416e-05, 5.687932571163401e-05, 5.6643450079718605e-05, 5.5835029343143106e-05, 5.743966539739631e-05, 5.629170118481852e-05, 6.003756061545573e-05, 5.7373774325242266e-05, 5.394582331064157e-05, 5.3403877245727926e-05, 5.524228254216723e-05, 5.487067755893804e-05, 5.8590012486092746e-05, 5.842570317327045e-05, 5.362985029933043e-05, 5.460678949020803e-05, 5.750092168455012e-05, 5.4101506975712255e-05, 5.3947595006320626e-05, 5.593775858869776e-05], "val_mse": [0.00039490321069024503, 0.00014417826605495065, 9.980776667362079e-05, 8.105322922347113e-05, 7.717598782619461e-05, 6.777716771466658e-05, 6.643337837886065e-05, 6.329218012979254e-05, 7.153145270422101e-05, 7.061743963276967e-05, 6.07774309173692e-05, 5.9379333833931014e-05, 7.047385588521138e-05, 5.757316466770135e-05, 5.872822293895297e-05, 5.687932571163401e-05, 5.6643450079718605e-05, 5.5835029343143106e-05, 5.743966539739631e-05, 5.629170118481852e-05, 6.003756061545573e-05, 5.7373774325242266e-05, 5.394582331064157e-05, 5.3403877245727926e-05, 5.524228254216723e-05, 5.487067755893804e-05, 5.8590012486092746e-05, 5.842570317327045e-05, 5.362985029933043e-05, 5.460678949020803e-05, 5.750092168455012e-05, 5.4101506975712255e-05, 5.3947595006320626e-05, 5.593775858869776e-05]}