{"loss": [0.0012281836243346334, 0.0001416973682353273, 6.504392513306811e-05, 4.620319668902084e-05, 3.615945024648681e-05, 3.0602757760789245e-05, 2.9192695365054533e-05, 2.5459077733103186e-05, 2.482799391145818e-05, 2.0353521904326044e-05, 1.9656168660731055e-05, 1.851703564170748e-05, 1.7448304788558744e-05, 1.7002110325847752e-05, 1.6338241039193235e-05, 1.535486262582708e-05, 1.635016997170169e-05, 1.4613638995797373e-05, 1.4429147995542735e-05, 1.41527825689991e-05, 1.27549865283072e-05, 1.3926370229455642e-05, 1.1615180483204313e-05, 1.1122915566375013e-05, 1.1232174983888399e-05, 1.116079783969326e-05, 1.1447803444752935e-05, 1.2032381164317485e-05, 9.544471140543465e-06, 9.16329645406222e-06, 9.553659765515476e-06, 8.91686613613274e-06, 1.0454034963913728e-05, 8.795974281383678e-06, 8.216575224651024e-06, 8.426875865552574e-06, 8.80827701621456e-06, 1.0139540790987667e-05, 7.798971637384966e-06, 7.907005056040362e-06, 8.855356099957135e-06, 7.19377885616268e-06, 8.772672117629554e-06, 6.962387487874366e-06, 6.855731498944806e-06, 7.237266800075304e-06, 6.758535619155737e-06, 6.519813268823782e-06, 7.066626039886614e-06, 7.693350198678672e-06, 8.11882819107268e-06, 6.984506399021484e-06, 6.873156962683424e-06, 6.4060359363793395e-06, 6.41338237983291e-06, 6.712253707519267e-06, 6.551974820467876e-06, 5.784377663076157e-06, 5.900405085412785e-06, 6.2196845647122245e-06, 6.1757664298056625e-06, 6.2285726016853005e-06, 5.652974778058706e-06, 6.0527149798872415e-06, 6.238961759663653e-06, 6.828872756159399e-06, 5.347651494957972e-06, 5.904604222450871e-06, 5.180968400964048e-06, 4.545367119135335e-06, 6.415668394765817e-06, 5.084134045318933e-06, 5.901493750570808e-06, 5.013229838368716e-06, 6.273490726016462e-06, 4.721596269519068e-06, 4.6124582695483696e-06, 4.590046501107281e-06, 4.676456683228025e-06, 5.892135504836915e-06, 4.565208200801862e-06, 5.047093054599827e-06, 4.847681339015253e-06, 4.5932451939734165e-06, 4.510782218858367e-06, 4.434462880453793e-06, 4.336509391578147e-06, 4.598322448146064e-06, 4.823686140298378e-06, 4.907367838313803e-06, 4.230786544212606e-06, 4.077159246662632e-06, 4.281453584553674e-06, 4.656407782022143e-06, 5.042063548899023e-06, 4.547576736513292e-06, 3.7614131542795803e-06, 3.775953700824175e-06, 3.644757043730351e-06, 3.6629201076721074e-06, 4.273933882359415e-06, 4.211697614664445e-06], "mse": [0.0012281836243346334, 0.0001416973682353273, 6.504392513306811e-05, 4.620319668902084e-05, 3.615945024648681e-05, 3.0602757760789245e-05, 2.9192695365054533e-05, 2.5459077733103186e-05, 2.482799391145818e-05, 2.0353521904326044e-05, 1.965616684174165e-05, 1.851703564170748e-05, 1.7448304788558744e-05, 1.7002110325847752e-05, 1.6338241039193235e-05, 1.535486262582708e-05, 1.635016997170169e-05, 1.4613638995797373e-05, 1.4429147995542735e-05, 1.41527825689991e-05, 1.27549865283072e-05, 1.3926370229455642e-05, 1.1615180483204313e-05, 1.1122915566375013e-05, 1.1232174983888399e-05, 1.116079783969326e-05, 1.1447803444752935e-05, 1.2032381164317485e-05, 9.544471140543465e-06, 9.16329645406222e-06, 9.553659765515476e-06, 8.91686613613274e-06, 1.0454034963913728e-05, 8.795974281383678e-06, 8.216575224651024e-06, 8.426875865552574e-06, 8.80827701621456e-06, 1.0139541700482368e-05, 7.798971637384966e-06, 7.907005056040362e-06, 8.855355190462433e-06, 7.19377885616268e-06, 8.772672117629554e-06, 6.962387487874366e-06, 6.855731498944806e-06, 7.237266800075304e-06, 6.758535619155737e-06, 6.519813268823782e-06, 7.066626039886614e-06, 7.693350198678672e-06, 8.11882819107268e-06, 6.984506399021484e-06, 6.873156962683424e-06, 6.4060359363793395e-06, 6.41338237983291e-06, 6.712253707519267e-06, 6.551974820467876e-06, 5.784377663076157e-06, 5.900405085412785e-06, 6.2196845647122245e-06, 6.1757664298056625e-06, 6.2285726016853005e-06, 5.652974778058706e-06, 6.0527149798872415e-06, 6.238961759663653e-06, 6.828872756159399e-06, 5.347651494957972e-06, 5.904604222450871e-06, 5.180968400964048e-06, 4.545367119135335e-06, 6.415668394765817e-06, 5.084134045318933e-06, 5.901493750570808e-06, 5.013229838368716e-06, 6.273490726016462e-06, 4.721596269519068e-06, 4.6124582695483696e-06, 4.590046501107281e-06, 4.676457137975376e-06, 5.892135504836915e-06, 4.565208200801862e-06, 5.047093054599827e-06, 4.847681339015253e-06, 4.5932451939734165e-06, 4.510782218858367e-06, 4.434462880453793e-06, 4.336509391578147e-06, 4.598322448146064e-06, 4.823686140298378e-06, 4.907367838313803e-06, 4.230786544212606e-06, 4.077159246662632e-06, 4.281453584553674e-06, 4.656407782022143e-06, 5.042063548899023e-06, 4.547576736513292e-06, 3.7614131542795803e-06, 3.775953700824175e-06, 3.644757043730351e-06, 3.6629201076721074e-06, 4.273933882359415e-06, 4.211697614664445e-06], "val_loss": [0.00042133525130338967, 0.00011702127812895924, 7.461454515578225e-05, 6.119692989159375e-05, 5.021142715122551e-05, 4.8564881581114605e-05, 4.2625091737136245e-05, 5.001879617339e-05, 3.367347380844876e-05, 3.237155033275485e-05, 3.0870938644511625e-05, 3.0104663892416283e-05, 2.735298767220229e-05, 2.8529446353786625e-05, 2.616724304971285e-05, 2.372849303355906e-05, 2.5905559596139938e-05, 3.1781582947587594e-05, 2.343749838473741e-05, 2.4165650756913237e-05, 2.4647213649586774e-05, 3.1483290513278916e-05, 2.0499415768426843e-05, 2.0008794308523647e-05, 1.9159821022185497e-05, 2.6326550141675398e-05, 1.9005419744644314e-05, 2.169521030737087e-05, 1.714854806778021e-05, 1.620833972992841e-05, 1.7360625861329027e-05, 1.830421206250321e-05, 1.7700634998618625e-05, 1.5634788724128157e-05, 1.6493973816977814e-05, 1.629817961656954e-05, 1.7971729903365485e-05, 1.572467044752557e-05, 1.6956100807874463e-05, 1.644267285882961e-05, 1.7660606317804195e-05, 1.5311810784623958e-05, 1.4864049262541812e-05, 1.346233875665348e-05, 1.5244277165038511e-05, 1.4233000001695473e-05, 1.315507779509062e-05, 1.4667425602965523e-05, 1.3004922038817313e-05, 1.3745962860411964e-05, 1.5261093722074293e-05, 1.6200414393097162e-05, 1.3236826816864777e-05, 1.3339387805899605e-05, 1.96183846128406e-05, 1.3080633834761102e-05, 1.5091104614839423e-05, 1.2296863133087754e-05, 1.2280996088520624e-05, 1.5790721590747125e-05, 1.2454792340577114e-05, 1.2667984265135601e-05, 1.3815123566018883e-05, 1.2386345588311087e-05, 1.1975095731031615e-05, 1.4551188542100135e-05, 1.1265441571595147e-05, 1.1915465620404575e-05, 1.1573993106139824e-05, 1.1367606020940002e-05, 1.3639841199619696e-05, 1.1779242413467728e-05, 1.1511546290421393e-05, 1.1350639397278428e-05, 1.087658074538922e-05, 1.154185247287387e-05, 1.04395030575688e-05, 1.2060692824888974e-05, 1.0560719601926394e-05, 1.1974650078627747e-05, 1.061160128301708e-05, 1.0687634130590595e-05, 1.0514079804124776e-05, 1.0890902558458038e-05, 9.948660590453073e-06, 1.032941054290859e-05, 9.888800377666485e-06, 1.141497978096595e-05, 1.1654811714834068e-05, 1.262642672372749e-05, 1.0660523912520148e-05, 9.418670742888935e-06, 9.969065104087349e-06, 1.0550987099122722e-05, 1.0300410394847859e-05, 1.0094243407365866e-05, 1.0266905519529246e-05, 9.579715879226569e-06, 9.886785846902058e-06, 1.0849175851035397e-05, 9.917478564602789e-06, 1.0460090379638132e-05],