{"loss": [0.0024111613165587187, 0.0012723655672743917, 0.0009710941230878234, 0.0008471530163660645, 0.0008090129704214633, 0.0007661700947210193, 0.0007609308231621981, 0.0007394339190796018, 0.0007216786616481841, 0.000714064750354737, 0.0007004846702329814, 0.0007008577813394368, 0.0006768913008272648, 0.000664680905174464, 0.0006575084989890456, 0.0006459014257416129, 0.0006332218763418496, 0.0006334232748486102, 0.0006132512353360653, 0.0006157946190796793, 0.0005902677658014, 0.0005788082489743829, 0.0005846004351042211, 0.0005677543813362718, 0.0005513749783858657, 0.0005625401390716434, 0.0005403120303526521, 0.0005209869123063982, 0.0005232339026406407, 0.0005082754069007933, 0.0005237596342340112, 0.0005042952252551913, 0.0004995386698283255, 0.0004935709293931723, 0.00048719230107963085, 0.00046938590821810067, 0.00046884670155122876, 0.0004589702875819057, 0.0004514904285315424, 0.0004480757052078843, 0.00045641831820830703, 0.0004455403541214764, 0.0004395615542307496, 0.00043047734652645886, 0.00043321651173755527, 0.00041737983701750636, 0.0004246051248628646, 0.00042879462125711143, 0.00040617570630274713, 0.00040204220567829907, 0.00039981407462619245, 0.0004029807751066983, 0.0003941975883208215, 0.00038809372927062213, 0.0003863139427267015, 0.00037935690488666296, 0.00038976012729108334, 0.0003725736169144511, 0.0003751195326913148, 0.00037399190478026867, 0.0003585779923014343, 0.0003583295037969947, 0.00035377859603613615, 0.0003596814058255404, 0.00037753608194179833, 0.00036286984686739743, 0.0003746796865016222, 0.000348780449712649, 0.0003510427486617118, 0.0003399559936951846], "mse": [0.0024111613165587187, 0.0012723655672743917, 0.0009710941230878234, 0.0008471530163660645, 0.0008090129704214633, 0.0007661700365133584, 0.0007609308231621981, 0.0007394339190796018, 0.0007216786616481841, 0.000714064750354737, 0.0007004846702329814, 0.0007008577813394368, 0.0006768913008272648, 0.000664680905174464, 0.0006575084989890456, 0.0006459014257416129, 0.0006332218763418496, 0.0006334232748486102, 0.0006132512353360653, 0.0006157946190796793, 0.0005902677658014, 0.0005788082489743829, 0.0005846004351042211, 0.0005677543813362718, 0.0005513749783858657, 0.0005625401390716434, 0.0005403120303526521, 0.0005209869123063982, 0.0005232339026406407, 0.0005082754069007933, 0.0005237596342340112, 0.0005042952252551913, 0.0004995386698283255, 0.0004935709293931723, 0.00048719230107963085, 0.00046938590821810067, 0.00046884670155122876, 0.0004589702875819057, 0.0004514904285315424, 0.0004480757052078843, 0.00045641831820830703, 0.0004455403541214764, 0.0004395615542307496, 0.00043047734652645886, 0.00043321651173755527, 0.00041737983701750636, 0.0004246051248628646, 0.00042879462125711143, 0.00040617570630274713, 0.00040204220567829907, 0.00039981407462619245, 0.0004029807751066983, 0.0003941975883208215, 0.00038809372927062213, 0.0003863139427267015, 0.00037935690488666296, 0.00038976012729108334, 0.00037257358781062067, 0.0003751195326913148, 0.00037399190478026867, 0.0003585779923014343, 0.0003583295037969947, 0.00035377859603613615, 0.0003596814058255404, 0.00037753608194179833, 0.00036286984686739743, 0.0003746796865016222, 0.000348780449712649, 0.0003510427486617118, 0.0003399559936951846], "val_loss": [0.0018973750993609428, 0.0015533310361206532, 0.0013784934999421239, 0.0013534206664189696, 0.0013651478802785277, 0.0013154280604794621, 0.001299684401601553, 0.0012850139755755663, 0.0012756127398461103, 0.0012415664969012141, 0.0012497290736064315, 0.0012191829737275839, 0.0012150162365287542, 0.001216071075759828, 0.0011775133898481727, 0.001164949033409357, 0.0011480272514745593, 0.001150403986684978, 0.001178088947199285, 0.0011257542064413428, 0.0010842191986739635, 0.001120177679695189, 0.001107427873648703, 0.0010807610815390944, 0.001144533627666533, 0.0010640919208526611, 0.0010315962135791779, 0.0010386460926383734, 0.0010343053145334125, 0.0010662971762940288, 0.00099050288554281, 0.0010167282307520509, 0.0009879125282168388, 0.000984478392638266, 0.0009484959300607443, 0.0009597361786291003, 0.0009404401644133031, 0.0009359829709865153, 0.0009353903587907553, 0.0009401787538081408, 0.0009638956398703158, 0.0009367606835439801, 0.0009315673378296196, 0.0009534553973935544, 0.0009306949214078486, 0.0009608087711967528, 0.00100400869268924, 0.0009244070388376713, 0.0009355741203762591, 0.0009570873808115721, 0.0009341036784462631, 0.0009439462446607649, 0.0009477746207267046, 0.0009071683743968606, 0.0009191252174787223, 0.000984954065643251, 0.0009244570974260569, 0.0009051845991052687, 0.0009253465104848146, 0.0009010763606056571, 0.0009055941482074559, 0.0009428440243937075, 0.0009264256805181503, 0.0009252215386368334, 0.0009467327035963535, 0.001043561496771872, 0.0009632781730033457, 0.0010003837523981929, 0.0009154254221357405, 0.0009303271071985364], "val_mse": [0.0018973753321915865, 0.0015533310361206532, 0.0013784934999421239, 0.0013534206664189696, 0.0013651478802785277, 0.0013154280604794621, 0.001299684401601553, 0.0012850139755755663, 0.0012756127398461103, 0.0012415664969012141, 0.0012497291900217533, 0.0012191829737275839, 0.0012150161201134324, 0.001216071075759828, 0.0011775133898481727, 0.001164949033409357, 0.0011480271350592375, 0.001150403986684978, 0.001178088947199285, 0.0011257542064413428, 0.0010842191986739635, 0.001120177679695189, 0.001107427873648703, 0.0010807610815390944, 0.001144533627666533, 0.0010640919208526611, 0.0010315962135791779, 0.0010386460926383734, 0.0010343053145334125, 0.0010662971762940288, 0.00099050288554281, 0.0010167282307520509, 0.0009879125282168388, 0.000984478392638266, 0.0009484959300607443, 0.0009597361786291003, 0.0009404401644133031, 0.0009359829709865153, 0.0009353903587907553, 0.0009401788702234626, 0.0009638956398703158, 0.0009367606835439801, 0.0009315672796219587, 0.0009534553973935544, 0.0009306949214078486, 0.0009608087711967528, 0.00100400869268924, 0.0009244069224223495, 0.0009355741203762591, 0.0009570873808115721, 0.0009341036784462631, 0.0009439462446607649, 0.0009477746207267046, 0.0009071683743968606, 0.0009191252174787223, 0.000984954065643251, 0.0009244570974260569, 0.0009051845991052687, 0.0009253465104848146, 0.0009010763606056571, 0.0009055941482074559, 0.0009428440243937075, 0.0009264256805181503, 0.0009252215386368334, 0.0009467327035963535, 0.001043561496771872, 0.0009632781730033457, 0.0010003837523981929, 0.0009154254221357405, 0.0009303271071985364]}