{"loss": [0.001508194487541914, 0.00025314377853646874, 8.256839646492153e-05, 5.686991062248126e-05, 4.0698279917705804e-05, 3.326722435303964e-05, 2.8810585718019865e-05, 2.5433848350076005e-05, 2.166574813600164e-05, 2.0067254808964208e-05, 1.798023731680587e-05, 1.6934936866164207e-05, 1.5922334569040686e-05, 1.5192893442872446e-05, 1.380015783070121e-05, 1.2871875696873758e-05, 1.202996281790547e-05, 1.1872345567098819e-05, 1.1359566997271031e-05, 1.0277542969561182e-05, 9.671145562606398e-06, 9.992490959120914e-06, 9.365292498841882e-06, 9.275818229070865e-06, 8.418864126724657e-06, 9.43438590184087e-06, 8.424838597420603e-06, 7.5412035585031845e-06, 7.535582426498877e-06, 7.027021638350561e-06, 8.181183147826232e-06, 7.266174634423805e-06, 6.540500180562958e-06, 6.932668838999234e-06, 6.495586148957955e-06, 6.326106358756078e-06, 6.879942247906001e-06, 6.239153663045727e-06, 5.429920747701544e-06, 5.720361968997167e-06, 5.340534698916599e-06, 5.836060608999105e-06, 5.192650860408321e-06, 5.4096808526082896e-06, 5.2488635446934495e-06, 5.060803232481703e-06, 4.724082373286365e-06, 4.824396455660462e-06, 5.439969754661433e-06, 5.3041130740894005e-06, 4.666372205974767e-06, 4.9319946811010595e-06, 5.603444151347503e-06, 4.5638498704647645e-06, 3.942056991945719e-06, 4.19270963902818e-06, 4.550983248918783e-06, 3.879762516589835e-06, 5.0985440793738235e-06, 5.066220637672814e-06, 3.910625309799798e-06, 3.764408802453545e-06, 4.005548362329137e-06, 4.691790309152566e-06, 4.293466190574691e-06, 3.570809440134326e-06, 3.791115204876405e-06, 3.8490811675728764e-06, 4.113803242944414e-06, 3.5187733828934142e-06, 3.1217248306347756e-06, 3.487957883407944e-06, 3.519439587762463e-06, 3.7391519072116353e-06, 3.4579636576381745e-06, 4.1690450416354e-06, 3.489439450277132e-06, 3.149126314383466e-06, 2.9459893085004296e-06, 3.404057906664093e-06], "mse": [0.001508194487541914, 0.00025314377853646874, 8.256839646492153e-05, 5.686991062248126e-05, 4.0698279917705804e-05, 3.326722435303964e-05, 2.8810585718019865e-05, 2.5433848350076005e-05, 2.166574813600164e-05, 2.0067254808964208e-05, 1.798023731680587e-05, 1.6934936866164207e-05, 1.5922334569040686e-05, 1.5192893442872446e-05, 1.380015783070121e-05, 1.2871875696873758e-05, 1.202996281790547e-05, 1.1872345567098819e-05, 1.1359566997271031e-05, 1.0277542969561182e-05, 9.671145562606398e-06, 9.992490959120914e-06, 9.365292498841882e-06, 9.275818229070865e-06, 8.418864126724657e-06, 9.43438590184087e-06, 8.424838597420603e-06, 7.5412035585031845e-06, 7.535582426498877e-06, 7.027021638350561e-06, 8.181183147826232e-06, 7.266174634423805e-06, 6.540500180562958e-06, 6.932668838999234e-06, 6.495586148957955e-06, 6.326106358756078e-06, 6.879942247906001e-06, 6.239153663045727e-06, 5.429920747701544e-06, 5.720361968997167e-06, 5.340534698916599e-06, 5.836060608999105e-06, 5.192650860408321e-06, 5.4096808526082896e-06, 5.2488635446934495e-06, 5.060803232481703e-06, 4.724082373286365e-06, 4.824396455660462e-06, 5.439969754661433e-06, 5.3041130740894005e-06, 4.666372205974767e-06, 4.9319946811010595e-06, 5.603444151347503e-06, 4.563850325212115e-06, 3.942056991945719e-06, 4.1927091842808295e-06, 4.550983248918783e-06, 3.879762516589835e-06, 5.0985440793738235e-06, 5.066220637672814e-06, 3.910625309799798e-06, 3.764408802453545e-06, 4.005548362329137e-06, 4.691790309152566e-06, 4.293466190574691e-06, 3.570809440134326e-06, 3.791115204876405e-06, 3.8490811675728764e-06, 4.113803242944414e-06, 3.5187733828934142e-06, 3.1217248306347756e-06, 3.487957883407944e-06, 3.519439587762463e-06, 3.7391519072116353e-06, 3.4579641123855254e-06, 4.1690450416354e-06, 3.489439450277132e-06, 3.149126314383466e-06, 2.9459893085004296e-06, 3.404057906664093e-06], "val_loss": [0.0007340143783949316, 0.00013004851643927395, 7.89845798863098e-05, 5.4892512707738206e-05, 4.275242827134207e-05, 3.776852827286348e-05, 3.074765845667571e-05, 2.6609410269884393e-05, 2.4504372049705125e-05, 2.1119803932379e-05, 2.064302134385798e-05, 1.980936576728709e-05, 1.8267290215590037e-05, 1.7357648175675422e-05, 1.61504685820546e-05, 1.5273391909431666e-05, 1.8505326806916855e-05, 1.5127555343497079e-05, 1.411503671988612e-05, 1.4415341865969822e-05, 1.4027955330675468e-05, 1.4604602256440558e-05, 1.376975797029445e-05, 1.4875038687023334e-05, 1.2845793207816314e-05, 1.2212139154144097e-05, 1.240173696714919e-05, 1.2658827472478151e-05, 1.1385464858904015e-05, 1.06118677649647e-05, 1.2178060387668665e-05, 1.485744633100694e-05, 1.169700135505991e-05, 1.1279861610091757e-05, 1.0202051271335222e-05, 1.2728361980407499e-05, 9.851306458585896e-06, 1.0842076335393358e-05, 9.235026482201647e-06, 9.828622751228977e-06, 9.364446668769233e-06, 9.777252671483438e-06, 9.42899987421697e-06, 9.844410669757053e-06, 1.199513008032227e-05, 8.949485163611826e-06, 8.805021934676915e-06, 1.1476545296318363e-05, 1.1321581041556783e-05, 9.278915058530401e-06, 9.071575732377823e-06, 1.0795200978463981e-05, 9.615106137061957e-06, 8.395108125114348e-06, 8.590786819695495e-06, 8.20206059870543e-06, 8.092996722552925e-06, 1.2398123544699047e-05, 1.6958845662884414e-05, 8.270858415926341e-06, 8.916890692489687e-06, 7.781574822729453e-06, 8.761511708144099e-06, 8.505852747475728e-06, 8.126673492370173e-06, 8.817857633403037e-06, 7.609224212501431e-06, 1.2326913747529034e-05, 1.3062755897408351e-05, 7.2869297582656145e-06, 8.036850886128377e-06, 8.059996616793796e-06, 8.62514934851788e-06, 1.0403418855275959e-05, 1.0646235750755295e-05, 9.314022463513538e-06, 7.659593393327668e-06, 7.57874204282416e-06, 8.088778486126103e-06, 9.956778740161099e-06], "val_mse": [0.0007340143783949316, 0.00013004851643927395, 7.89845798863098e-05, 5.4892512707738206e-05, 4.275242827134207e-05, 3.776852827286348e-05, 3.074765845667571e-05, 2.6609410269884393e-05, 2.4504372049705125e-05, 2.1119803932379e-05, 2.064302134385798e-05, 1.980936576728709e-05, 1.826729203457944e-05, 1.7357648175675422e-05, 1.61504685820546e-05, 1.527339372842107e-05, 1.8505326806916855e-05, 1.5127555343497079e-05, 1.411503671988612e-05, 1.4415341865969822e-05, 1.4027955330675468e-05, 1.4604602256440558e-05, 1.376975797029445e-05, 1.4875037777528632e-05, 1.2845793207816314e-05, 1.2212139154144097e-05, 1.240173696714919e-05, 1.2658827472478151e-05, 1.1385464858904015e-05, 1.06118677649647e-05, 1.2178060387668665e-05, 1.485744633100694e-05, 1.169700135505991e-05, 1.1279861610091757e-05, 1.0202051271335222e-05, 1.2728361980407499e-05, 9.851308277575299e-06, 1.0842076335393358e-05, 9.235026482201647e-06, 9.828622751228977e-06, 9.364446668769233e-06, 9.777252671483438e-06, 9.42899987421697e-06, 9.844410669757053e-06, 1.199513008032227e-05, 8.949485163611826e-06, 8.805021934676915e-06, 1.1476545296318363e-05, 1.1321581041556783e-05, 9.278915058530401e-06, 9.071575732377823e-06, 1.0795200978463981e-05, 9.615106137061957e-06, 8.395108125114348e-06, 8.590786819695495e-06, 8.20206059870543e-06, 8.092996722552925e-06, 1.2398123544699047e-05, 1.6958845662884414e-05, 8.270858415926341e-06, 8.916890692489687e-06, 7.781574822729453e-06, 8.761510798649397e-06, 8.505852747475728e-06, 8.126673492370173e-06, 8.817857633403037e-06, 7.609224212501431e-06, 1.232691192853963e-05, 1.3062755897408351e-05, 7.2869297582656145e-06, 8.036850886128377e-06, 8.059996616793796e-06, 8.62514934851788e-06, 1.0403418855275959e-05, 1.0646235750755295e-05, 9.314022463513538e-06, 7.659593393327668e-06, 7.57874204282416e-06, 8.088779395620804e-06, 9.956778740161099e-06]}