{"loss": [0.0008157009724527597, 9.202803630614653e-05, 4.898736733593978e-05, 3.391307473066263e-05, 2.691570989554748e-05, 2.266589035571087e-05, 1.9072083887294866e-05, 1.759026235959027e-05, 1.5990099200280383e-05, 1.4620137335441541e-05, 1.330544091615593e-05, 1.1575379176065326e-05, 1.2247622180439066e-05, 1.0900577763095498e-05, 9.291843525716104e-06, 1.1051673027395736e-05, 8.581145266362e-06, 8.91632225830108e-06, 7.744019967503846e-06, 7.97669872554252e-06, 6.75060664434568e-06, 6.9376378633023705e-06, 7.282891147042392e-06, 7.376890152954729e-06, 7.110841124813305e-06, 7.0881419560464565e-06, 6.0841925915156025e-06, 6.337531885947101e-06, 5.34689115738729e-06, 5.583557594945887e-06, 5.664941454597283e-06, 5.967644483462209e-06, 5.921390311414143e-06, 6.819498594268225e-06, 5.1920501391578e-06, 5.217446414462756e-06, 5.055115252616815e-06, 5.549825345951831e-06, 4.802564035344403e-06, 4.7971316234907135e-06, 4.750933840114158e-06, 4.3088116399303544e-06, 4.663907475332962e-06, 4.801901013706811e-06, 4.159273430559551e-06, 4.26795986641082e-06, 4.434954462340102e-06, 4.008936684840592e-06, 3.904835921275662e-06, 4.2310480239393655e-06, 4.199198428977979e-06, 4.538866505754413e-06, 5.205581146583427e-06, 3.625761564762797e-06, 3.837223175651161e-06, 3.401462663532584e-06, 3.2793673199194018e-06, 3.469101557129761e-06, 3.896353973686928e-06, 4.23728306486737e-06, 3.4762967970891623e-06, 3.672795401143958e-06, 3.927397301595192e-06, 3.2298332826030673e-06, 3.153697207380901e-06, 3.4541797049314482e-06, 3.6198407542542554e-06, 3.2675648071744945e-06, 3.3993408123933477e-06, 3.540803163559758e-06, 3.5368291264603613e-06, 4.1459470594418235e-06, 3.9729011405142955e-06, 3.6567510051099816e-06, 2.6299487672076793e-06, 2.678328655747464e-06], "mse": [0.0008157009724527597, 9.202803630614653e-05, 4.898736733593978e-05, 3.391307473066263e-05, 2.691570989554748e-05, 2.266589035571087e-05, 1.9072083887294866e-05, 1.759026235959027e-05, 1.5990099200280383e-05, 1.4620137335441541e-05, 1.330544091615593e-05, 1.1575379176065326e-05, 1.2247622180439066e-05, 1.0900577763095498e-05, 9.291843525716104e-06, 1.1051673027395736e-05, 8.581145266362e-06, 8.91632225830108e-06, 7.744019967503846e-06, 7.976697816047817e-06, 6.75060664434568e-06, 6.9376378633023705e-06, 7.282891147042392e-06, 7.376890152954729e-06, 7.110841124813305e-06, 7.0881419560464565e-06, 6.0841925915156025e-06, 6.337531885947101e-06, 5.34689115738729e-06, 5.583557594945887e-06, 5.664941454597283e-06, 5.967644483462209e-06, 5.921390311414143e-06, 6.819498594268225e-06, 5.1920501391578e-06, 5.217446414462756e-06, 5.055115707364166e-06, 5.549825345951831e-06, 4.802564035344403e-06, 4.7971316234907135e-06, 4.750933840114158e-06, 4.3088116399303544e-06, 4.663907475332962e-06, 4.801901013706811e-06, 4.159273430559551e-06, 4.267958956916118e-06, 4.434954462340102e-06, 4.008936684840592e-06, 3.904835921275662e-06, 4.231048478686716e-06, 4.199198428977979e-06, 4.538866505754413e-06, 5.205581601330778e-06, 3.625761564762797e-06, 3.837223175651161e-06, 3.401462663532584e-06, 3.2793673199194018e-06, 3.469101557129761e-06, 3.896353973686928e-06, 4.23728306486737e-06, 3.4762967970891623e-06, 3.672795401143958e-06, 3.927397301595192e-06, 3.2298332826030673e-06, 3.1536974347545765e-06, 3.4541797049314482e-06, 3.6198407542542554e-06, 3.2675648071744945e-06, 3.3993408123933477e-06, 3.540803163559758e-06, 3.5368291264603613e-06, 4.1459470594418235e-06, 3.9729011405142955e-06, 3.6567510051099816e-06, 2.6299487672076793e-06, 2.6783288831211394e-06], "val_loss": [0.0001445328234694898, 7.817870209692046e-05, 4.387482113088481e-05, 2.873685662052594e-05, 2.3159122065408155e-05, 2.1376128643169068e-05, 1.9781988157774322e-05, 1.7861508240457624e-05, 1.9074797819484957e-05, 1.3591243259725161e-05, 1.316534780926304e-05, 1.4157275472825859e-05, 1.1347291547281202e-05, 1.0820989700732753e-05, 1.0480841410753783e-05, 1.2226836588524748e-05, 1.0373687473475002e-05, 9.176565981761087e-06, 8.941675332607701e-06, 1.101680209103506e-05, 9.421827598998789e-06, 9.99297571979696e-06, 7.938712769828271e-06, 8.518558388459496e-06, 7.282797469088109e-06, 7.319368251046399e-06, 8.210457053792197e-06, 1.0919511623797007e-05, 7.656397428945638e-06, 6.2244907894637436e-06, 6.716802545270184e-06, 7.138714863685891e-06, 7.4468780439929105e-06, 6.823341664130567e-06, 6.711946753057418e-06, 6.09430753684137e-06, 1.0120002116309479e-05, 6.165575996419648e-06, 7.293407179531641e-06, 5.881813194719143e-06, 6.784911875001853e-06, 6.294793365668738e-06, 5.8627988437365275e-06, 5.600456006504828e-06, 6.160068551253062e-06, 5.512236839422258e-06, 6.348401257127989e-06, 5.777783371740952e-06, 6.403256065823371e-06, 5.470390533446334e-06, 5.4556503528147005e-06, 7.054944489937043e-06, 5.777715159638319e-06, 5.769433300883975e-06, 1.211959170177579e-05, 4.979690856998786e-06, 5.136961135576712e-06, 5.735430931963492e-06, 4.934051048621768e-06, 7.227479272842174e-06, 5.713949576602317e-06, 5.942235020484077e-06, 5.978246463200776e-06, 6.176420811243588e-06, 4.734608410217334e-06, 4.631715000869008e-06, 6.263016985030845e-06, 4.708698725153226e-06, 5.090254035167163e-06, 4.750953394250246e-06, 5.499384769791504e-06, 5.191871423448902e-06, 8.066461305133998e-06, 4.938201072945958e-06, 4.768050985148875e-06, 5.709071501769358e-06], "val_mse": [0.0001445328234694898, 7.817870209692046e-05, 4.387482113088481e-05, 2.873685662052594e-05, 2.3159122065408155e-05, 2.1376128643169068e-05, 1.9781988157774322e-05, 1.7861508240457624e-05, 1.9074797819484957e-05, 1.3591243259725161e-05, 1.316534780926304e-05, 1.4157275472825859e-05, 1.1347291547281202e-05, 1.0820989700732753e-05, 1.0480841410753783e-05, 1.2226836588524748e-05, 1.0373687473475002e-05, 9.176565981761087e-06, 8.941675332607701e-06, 1.101680209103506e-05, 9.421827598998789e-06, 9.99297571979696e-06, 7.938712769828271e-06, 8.518557478964794e-06, 7.282797469088109e-06, 7.3193687057937495e-06, 8.210457053792197e-06, 1.0919511623797007e-05, 7.656397428945638e-06, 6.2244907894637436e-06, 6.716802545270184e-06, 7.138714863685891e-06, 7.4468780439929105e-06, 6.823341664130567e-06, 6.711946753057418e-06, 6.09430753684137e-06, 1.0120002116309479e-05, 6.165575996419648e-06, 7.293407179531641e-06, 5.881812739971792e-06, 6.784911875001853e-06, 6.294793365668738e-06, 5.8627988437365275e-06, 5.600456006504828e-06, 6.160068551253062e-06, 5.512236839422258e-06, 6.348401257127989e-06, 5.777783826488303e-06, 6.403256065823371e-06, 5.470390533446334e-06, 5.4556503528147005e-06, 7.054944489937043e-06, 5.777715159638319e-06, 5.769433300883975e-06, 1.211959170177579e-05, 4.979690856998786e-06, 5.136961135576712e-06, 5.735430931963492e-06, 4.934051048621768e-06, 7.227479272842174e-06, 5.713949576602317e-06, 5.942235020484077e-06, 5.978246917948127e-06, 6.176420811243588e-06, 4.734608410217334e-06, 4.631715000869008e-06, 6.263016985030845e-06, 4.708698725153226e-06, 5.090254035167163e-06, 4.750953394250246e-06, 5.499384769791504e-06, 5.191871423448902e-06, 8.066461305133998e-06, 4.938201072945958e-06, 4.768050985148875e-06, 5.709071501769358e-06]}