{"loss": [0.002880095737054944, 0.0009559709578752518, 0.0006708871806040406, 0.0006114544230513275, 0.0005785022513009608, 0.0005437917425297201, 0.0005193749675527215, 0.0005147788906469941, 0.0004971419111825526, 0.0004957286873832345, 0.00048736255848780274, 0.0004959090147167444, 0.0004710105713456869, 0.0004691493813879788, 0.0004577447543852031, 0.0004748862120322883, 0.00045161679736338556, 0.0004453244328033179, 0.0004426635568961501, 0.00044782867189496756, 0.0004506567202042788, 0.00043304383871145546, 0.00043074364657513797, 0.0004453629662748426, 0.00043194706086069345, 0.0004279942950233817, 0.0004235069500282407, 0.0004261752183083445, 0.00042134421528317034, 0.00042189686791971326, 0.0004223151772748679, 0.00041396557935513556, 0.0004298532148823142, 0.00041450877324678004, 0.0004085646942257881, 0.0004027173563372344, 0.0004036594182252884, 0.00041268131462857127, 0.0004042839864268899, 0.00040299337706528604, 0.0004013781144749373, 0.0003957651206292212, 0.0003995697188656777, 0.0004027013492304832, 0.0003960692847613245, 0.0003869907814078033, 0.0004082249361090362], "mse": [0.002880095737054944, 0.0009559709578752518, 0.0006708871806040406, 0.0006114544230513275, 0.0005785022513009608, 0.0005437917425297201, 0.0005193750257603824, 0.0005147788906469941, 0.0004971419111825526, 0.0004957286873832345, 0.00048736255848780274, 0.0004959090147167444, 0.0004710105713456869, 0.0004691493813879788, 0.0004577447543852031, 0.0004748862120322883, 0.00045161679736338556, 0.0004453244328033179, 0.0004426635568961501, 0.00044782867189496756, 0.0004506567202042788, 0.00043304383871145546, 0.00043074364657513797, 0.0004453629662748426, 0.00043194706086069345, 0.0004279942950233817, 0.0004235069500282407, 0.0004261752183083445, 0.00042134421528317034, 0.00042189686791971326, 0.0004223151772748679, 0.00041396557935513556, 0.0004298532148823142, 0.00041450877324678004, 0.0004085646942257881, 0.0004027173563372344, 0.0004036594182252884, 0.00041268131462857127, 0.0004042839864268899, 0.00040299337706528604, 0.0004013781144749373, 0.0003957651206292212, 0.0003995697188656777, 0.0004027013492304832, 0.0003960692847613245, 0.0003869907814078033, 0.0004082249361090362], "val_loss": [0.0012753120390698314, 0.0007643201388418674, 0.0005899469251744449, 0.0005620698793791234, 0.0005540893180295825, 0.0004972768947482109, 0.0005152508965693414, 0.00047991235624067485, 0.00050754239782691, 0.000541804707609117, 0.00046814230154268444, 0.0005049677565693855, 0.0004657093668356538, 0.00046974365250207484, 0.0004541176895145327, 0.00046191492583602667, 0.0004730357904918492, 0.0004548031138256192, 0.0004465992678888142, 0.00046145645319484174, 0.0004610506002791226, 0.0004890611162409186, 0.0004342894535511732, 0.00045727501856163144, 0.00043459885637275875, 0.0004418663738761097, 0.0004338691069278866, 0.0004484227974899113, 0.00043461896711960435, 0.0004403851635288447, 0.0004438496252987534, 0.00042638659942895174, 0.00047867241664789617, 0.0004267310432624072, 0.00042989201028831303, 0.0004325126938056201, 0.00042158205178566277, 0.00046636766637675464, 0.00042563542956486344, 0.00044970071758143604, 0.000449656683485955, 0.0004577416693791747, 0.00045435261563397944, 0.0004367488727439195, 0.00044008175609633327, 0.0004284303868189454, 0.00042558996938169], "val_mse": [0.0012753120390698314, 0.0007643201388418674, 0.0005899469251744449, 0.0005620697629638016, 0.0005540893180295825, 0.0004972768947482109, 0.0005152508965693414, 0.00047991235624067485, 0.00050754239782691, 0.000541804707609117, 0.00046814230154268444, 0.0005049677565693855, 0.0004657093668356538, 0.00046974365250207484, 0.0004541176895145327, 0.00046191492583602667, 0.0004730357904918492, 0.0004548031138256192, 0.0004465992678888142, 0.00046145645319484174, 0.0004610506002791226, 0.0004890611162409186, 0.0004342894535511732, 0.00045727501856163144, 0.00043459885637275875, 0.0004418663738761097, 0.0004338691069278866, 0.0004484227974899113, 0.00043461896711960435, 0.0004403851635288447, 0.0004438496252987534, 0.00042638659942895174, 0.00047867241664789617, 0.0004267310432624072, 0.00042989201028831303, 0.0004325126938056201, 0.00042158205178566277, 0.00046636766637675464, 0.00042563542956486344, 0.00044970071758143604, 0.000449656683485955, 0.0004577416693791747, 0.00045435261563397944, 0.0004367488727439195, 0.00044008175609633327, 0.0004284303286112845, 0.00042558996938169]}