{"loss": [0.005054815672338009, 0.0047919657081365585, 0.004688638728111982, 0.004558485932648182, 0.004446843639016151, 0.0043386435136199, 0.004253665450960398, 0.00416861567646265, 0.004062911961227655, 0.003968324512243271, 0.003855349961668253, 0.003748928662389517, 0.003643727395683527, 0.003589008701965213, 0.0034777126275002956, 0.003417074214667082, 0.003340973751619458, 0.003301292657852173, 0.0032735206186771393, 0.0032032099552452564, 0.00321205030195415, 0.0031800016295164824, 0.0032176561653614044, 0.003103720024228096, 0.003043445525690913, 0.0030030112247914076, 0.0030574393458664417, 0.002961560618132353, 0.0029844266828149557, 0.002921799896284938, 0.0029180715791881084], "mse": [0.005054815672338009, 0.0047919657081365585, 0.004688638728111982, 0.004558485932648182, 0.004446843639016151, 0.0043386435136199, 0.004253665450960398, 0.00416861567646265, 0.004062911961227655, 0.003968324512243271, 0.003855349961668253, 0.003748928662389517, 0.003643727395683527, 0.003589008701965213, 0.0034777126275002956, 0.003417074214667082, 0.003340973751619458, 0.003301292657852173, 0.0032735206186771393, 0.0032032099552452564, 0.00321205030195415, 0.0031800016295164824, 0.0032176561653614044, 0.003103720024228096, 0.003043445525690913, 0.0030030112247914076, 0.0030574393458664417, 0.002961560618132353, 0.0029844266828149557, 0.002921799896284938, 0.0029180715791881084], "val_loss": [0.006132436450570822, 0.006025406531989574, 0.006034227553755045, 0.005883422214537859, 0.005862789694219828, 0.0057226442731916904, 0.0056905485689640045, 0.005544049199670553, 0.00550649780780077, 0.005346521735191345, 0.005324773024767637, 0.005206373520195484, 0.005122005008161068, 0.005057428032159805, 0.004971432499587536, 0.004987289197742939, 0.004960828926414251, 0.004886735696345568, 0.0048558651469647884, 0.004874215926975012, 0.004855490755289793, 0.005188112147152424, 0.0049256859347224236, 0.00486441096290946, 0.0048964973539114, 0.005062473472207785, 0.004880583845078945, 0.004950772039592266, 0.005076669156551361, 0.004956085234880447, 0.0049671088345348835], "val_mse": [0.006132436450570822, 0.006025406531989574, 0.006034227553755045, 0.005883422214537859, 0.005862789694219828, 0.0057226442731916904, 0.0056905485689640045, 0.005544049199670553, 0.00550649780780077, 0.005346521735191345, 0.005324773024767637, 0.005206373520195484, 0.005122005008161068, 0.005057428032159805, 0.004971432499587536, 0.004987289197742939, 0.004960828926414251, 0.004886735696345568, 0.0048558651469647884, 0.004874215926975012, 0.004855490755289793, 0.005188112147152424, 0.004925686400383711, 0.00486441096290946, 0.0048964973539114, 0.005062473472207785, 0.004880583845078945, 0.004950772039592266, 0.005076669156551361, 0.004956085234880447, 0.0049671088345348835]}