{"loss": [0.0012655366444960237, 0.0001911995786940679, 0.00010053464211523533, 6.706250132992864e-05, 5.204599438002333e-05, 4.1967054130509496e-05, 3.504351116134785e-05, 3.2224477763520554e-05, 2.9689834263990633e-05, 2.5309374905191362e-05, 2.2944514057599008e-05, 2.34537546930369e-05, 2.0715140635729767e-05, 1.947610144270584e-05, 1.9031951524084434e-05, 1.8897768313763663e-05, 1.759815677360166e-05, 1.6519787095603533e-05, 1.5475223335670307e-05, 1.5523781257797964e-05, 1.4186000953486655e-05, 1.4623692550230771e-05, 1.4472084330918733e-05, 1.368336597806774e-05, 1.3723175470659044e-05, 1.2665542271861341e-05, 1.3189426681492478e-05, 1.2530946150945965e-05, 1.127219911722932e-05, 1.3793598554912023e-05, 1.1862895917147398e-05, 1.0667971764632966e-05, 9.96844482870074e-06, 1.1110711966466624e-05, 1.1553675903996918e-05, 9.22134131542407e-06, 1.0006078809965402e-05, 9.461633453611284e-06, 1.1736006854334846e-05, 1.0940158972516656e-05, 1.1221640306757763e-05, 8.59175906953169e-06, 9.546569344820455e-06, 8.46732291392982e-06, 8.617837011115626e-06, 1.0273440238961484e-05, 8.368975613848306e-06, 9.694488653622102e-06, 8.410504960920662e-06, 8.477405572193675e-06, 8.01330133981537e-06, 7.315062703128206e-06, 9.52718619373627e-06, 8.94528056960553e-06, 7.89886325947009e-06, 8.19459637568798e-06, 8.842076567816548e-06, 7.213355274870992e-06, 6.896822469570907e-06, 6.800022219977109e-06, 7.833643394405954e-06, 7.853835995774716e-06, 6.892383225931553e-06, 7.386796823993791e-06, 7.507466307288269e-06, 7.681624083488714e-06, 6.648354428762104e-06, 7.738414751656819e-06, 6.742267487425124e-06, 7.194156751211267e-06, 6.055084668332711e-06, 6.6834722929343116e-06, 6.394419870048296e-06, 6.848981229268247e-06, 6.465913429565262e-06, 6.297661457210779e-06, 7.024254500720417e-06, 6.223870968824485e-06, 6.912770459166495e-06, 6.683086212433409e-06, 6.672222298220731e-06, 6.077008492866298e-06], "mse": [0.0012655366444960237, 0.0001911995786940679, 0.00010053464211523533, 6.706250132992864e-05, 5.204599438002333e-05, 4.1967054130509496e-05, 3.504351116134785e-05, 3.222447412554175e-05, 2.9689834263990633e-05, 2.5309374905191362e-05, 2.2944514057599008e-05, 2.34537546930369e-05, 2.0715140635729767e-05, 1.947610144270584e-05, 1.9031951524084434e-05, 1.8897768313763663e-05, 1.759815677360166e-05, 1.6519787095603533e-05, 1.5475223335670307e-05, 1.5523781257797964e-05, 1.4186000043991953e-05, 1.4623692550230771e-05, 1.4472084330918733e-05, 1.368336597806774e-05, 1.3723175470659044e-05, 1.2665542271861341e-05, 1.3189426681492478e-05, 1.2530945241451263e-05, 1.127219911722932e-05, 1.3793598554912023e-05, 1.1862895917147398e-05, 1.0667971764632966e-05, 9.96844482870074e-06, 1.1110711966466624e-05, 1.155367681349162e-05, 9.22134131542407e-06, 1.0006078809965402e-05, 9.461633453611284e-06, 1.1736006854334846e-05, 1.0940158972516656e-05, 1.1221640306757763e-05, 8.59175906953169e-06, 9.546569344820455e-06, 8.46732291392982e-06, 8.617837011115626e-06, 1.0273440238961484e-05, 8.368975613848306e-06, 9.694488653622102e-06, 8.410504960920662e-06, 8.477405572193675e-06, 8.01330133981537e-06, 7.315062703128206e-06, 9.52718619373627e-06, 8.945279660110828e-06, 7.89886325947009e-06, 8.19459637568798e-06, 8.842076567816548e-06, 7.213354820123641e-06, 6.896822469570907e-06, 6.800022219977109e-06, 7.833643394405954e-06, 7.853835995774716e-06, 6.892383225931553e-06, 7.386796823993791e-06, 7.507466307288269e-06, 7.681623173994012e-06, 6.648354428762104e-06, 7.738414751656819e-06, 6.742267487425124e-06, 7.194156751211267e-06, 6.055084668332711e-06, 6.6834722929343116e-06, 6.394419870048296e-06, 6.848981229268247e-06, 6.465913429565262e-06, 6.297661457210779e-06, 7.024254500720417e-06, 6.223870968824485e-06, 6.912770459166495e-06, 6.683086212433409e-06, 6.672222298220731e-06, 6.077008492866298e-06], "val_loss": [0.00038106157444417477, 0.00012508945656009018, 8.103654545266181e-05, 7.159599772421643e-05, 5.53882637177594e-05, 4.513624298851937e-05, 4.146659193793312e-05, 3.621106225182302e-05, 3.660118454718031e-05, 3.135685983579606e-05, 3.1394414691021666e-05, 3.069366357522085e-05, 2.842203866748605e-05, 2.5912626369972713e-05, 2.9574623113148846e-05, 2.5932535208994523e-05, 2.6481118766241707e-05, 2.396810486970935e-05, 2.2596637791139074e-05, 2.1317831851774827e-05, 2.3189208150142804e-05, 2.158046481781639e-05, 2.10181806323817e-05, 2.319174564036075e-05, 2.56287312367931e-05, 1.9715511371032335e-05, 2.053057323792018e-05, 2.0633300664485432e-05, 1.8823810023604892e-05, 1.7508849850855768e-05, 2.3607679395354353e-05, 1.698776577541139e-05, 1.828211679821834e-05, 1.7065951396944e-05, 1.7564929294167086e-05, 1.662700015003793e-05, 1.6772513845353387e-05, 1.7669035514700226e-05, 1.6397259969380684e-05, 1.6162699466804042e-05, 1.647886892897077e-05, 1.656939093663823e-05, 1.7235470295418054e-05, 1.9892078853445128e-05, 1.638197136344388e-05, 1.7925400243257172e-05, 1.8420931155560538e-05, 1.8851456843549386e-05, 1.702385998214595e-05, 1.4998612641647924e-05, 1.5519523003604263e-05, 1.4562539035978261e-05, 1.58833026944194e-05, 1.463798344047973e-05, 1.472199073759839e-05, 1.5002234249550384e-05, 1.5546162103419192e-05, 1.4340339475893416e-05, 1.3882912753615528e-05, 1.4137055586616043e-05, 1.5340654499595985e-05, 1.6621317627141252e-05, 1.479190177633427e-05, 1.673668884905055e-05, 1.4034321793587878e-05, 1.3867520465282723e-05, 1.4016945897310507e-05, 1.3830871466780081e-05, 1.473765223636292e-05, 1.3743189811066259e-05, 1.3153824511391576e-05, 1.2965344467374962e-05, 1.5587334928568453e-05, 1.5512905520154163e-05, 1.349254307569936e-05, 1.3697859685635194e-05, 1.3051856512902305e-05, 1.316734324063873e-05, 1.6213392882491462e-05, 2.0113264326937497e-05, 1.4498677046503872e-05, 1.3472241334966384e-05], "val_mse": [0.00038106157444417477, 0.00012508945656009018, 8.103654545266181e-05, 7.159599772421643e-05, 5.53882637177594e-05, 4.513624298851937e-05, 4.146659193793312e-05, 3.621106225182302e-05, 3.660118454718031e-05, 3.135685983579606e-05, 3.1394414691021666e-05, 3.069366357522085e-05, 2.842203866748605e-05, 2.5912626369972713e-05, 2.9574623113148846e-05, 2.5932535208994523e-05, 2.6481118766241707e-05, 2.396810486970935e-05, 2.2596637791139074e-05, 2.1317831851774827e-05, 2.3189208150142804e-05, 2.1580462998826988e-05, 2.10181806323817e-05, 2.319174564036075e-05, 2.56287312367931e-05, 1.9715511371032335e-05, 2.053057323792018e-05, 2.0633300664485432e-05, 1.8823810023604892e-05, 1.7508853488834575e-05, 2.360767757636495e-05, 1.698776577541139e-05, 1.828211679821834e-05, 1.7065951396944e-05, 1.7564929294167086e-05, 1.662700015003793e-05, 1.6772513845353387e-05, 1.7669035514700226e-05, 1.6397259969380684e-05, 1.616269764781464e-05, 1.6478872566949576e-05, 1.656939093663823e-05, 1.7235470295418054e-05, 1.9892078853445128e-05, 1.638197136344388e-05, 1.7925400243257172e-05, 1.8420931155560538e-05, 1.8851456843549386e-05, 1.702385998214595e-05, 1.4998612641647924e-05, 1.5519523003604263e-05, 1.4562539035978261e-05, 1.5883300875429995e-05, 1.463798344047973e-05, 1.472199073759839e-05, 1.5002234249550384e-05, 1.5546162103419192e-05, 1.4340339475893416e-05, 1.3882912753615528e-05, 1.4137055586616043e-05, 1.5340654499595985e-05, 1.6621317627141252e-05, 1.479190177633427e-05, 1.673668884905055e-05, 1.4034321793587878e-05, 1.3867520465282723e-05, 1.4016945897310507e-05, 1.3830871466780081e-05, 1.473765223636292e-05, 1.3743189811066259e-05, 1.3153824511391576e-05, 1.2965344467374962e-05, 1.5587334928568453e-05, 1.5512905520154163e-05, 1.349254307569936e-05, 1.3697859685635194e-05, 1.3051856512902305e-05, 1.316734324063873e-05, 1.6213392882491462e-05, 2.0113264326937497e-05, 1.4498677046503872e-05, 1.3472241334966384e-05]}