{"loss": [0.0076881712302565575, 0.00548756867647171, 0.003031756030395627, 0.0016680394764989614, 0.0011776003520935774, 0.0007719591958448291, 0.0005812483141198754, 0.0004848208627663553, 0.00042439770186319947, 0.0004018268664367497, 0.00035814789589494467, 0.0003385388117749244, 0.0003152342978864908, 0.00028550223214551806, 0.00027937639970332384, 0.0002708198444452137, 0.00025312413345091045, 0.00025267695309594274, 0.0002517359680496156, 0.00023518622037954628, 0.0002305918314959854, 0.00022137963969726115, 0.00020863690588157624, 0.00022424629423767328, 0.00020189401402603835, 0.00018985710630659014, 0.0001924121315823868, 0.00018782024562824517, 0.0002096998068736866, 0.00019447349768597633, 0.0001847018429543823, 0.00018281571101397276, 0.0001844228827394545, 0.00016773928655311465, 0.0001683488517301157, 0.00017273012781515718, 0.00016339062131009996, 0.00016790771041996777, 0.0001654561492614448, 0.00015416930546052754, 0.00015316277858801186, 0.00015443276788573712, 0.00014973379438742995, 0.00014552127686329186, 0.00014323780487757176, 0.0001428922259947285, 0.000143993558594957, 0.00014377052139025182, 0.0001511051959823817, 0.00015539790911134332, 0.00014759614714421332, 0.0001387594675179571, 0.00013367092469707131, 0.00013719862909056246, 0.00014112607459537685, 0.00013529261923395097, 0.00012934792903251946, 0.00012996741861570626, 0.0001308238715864718, 0.00013756337284576148, 0.00013405490608420223, 0.00012315694766584784, 0.00013354203838389367], "mse": [0.0076881712302565575, 0.00548756867647171, 0.003031756030395627, 0.0016680394764989614, 0.0011776003520935774, 0.0007719591958448291, 0.0005812483141198754, 0.0004848208627663553, 0.00042439770186319947, 0.0004018268664367497, 0.00035814789589494467, 0.0003385388117749244, 0.0003152342978864908, 0.00028550223214551806, 0.00027937639970332384, 0.0002708198444452137, 0.00025312413345091045, 0.00025267695309594274, 0.0002517359680496156, 0.00023518622037954628, 0.0002305918314959854, 0.00022137963969726115, 0.00020863690588157624, 0.00022424629423767328, 0.00020189401402603835, 0.00018985710630659014, 0.0001924121315823868, 0.00018782024562824517, 0.0002096998068736866, 0.00019447349768597633, 0.0001847018429543823, 0.00018281571101397276, 0.0001844228827394545, 0.00016773928655311465, 0.00016834883717820048, 0.00017273012781515718, 0.00016339062131009996, 0.00016790771041996777, 0.0001654561492614448, 0.00015416930546052754, 0.00015316277858801186, 0.00015443276788573712, 0.00014973379438742995, 0.00014552127686329186, 0.00014323780487757176, 0.0001428922259947285, 0.000143993558594957, 0.00014377052139025182, 0.0001511051959823817, 0.00015539790911134332, 0.00014759614714421332, 0.0001387594675179571, 0.00013367092469707131, 0.00013719862909056246, 0.00014112607459537685, 0.00013529261923395097, 0.00012934792903251946, 0.00012996741861570626, 0.0001308238715864718, 0.00013756337284576148, 0.00013405490608420223, 0.00012315694766584784, 0.00013354203838389367], "val_loss": [0.005625187419354916, 0.003431952791288495, 0.0014737456804141402, 0.0008600611472502351, 0.000606714456807822, 0.0004497400368563831, 0.0004199281393084675, 0.00034559788764454424, 0.0003598645853344351, 0.0003020079748239368, 0.0002753976732492447, 0.0003087513614445925, 0.00025327486218884587, 0.00022338269627653062, 0.00023162078286986798, 0.00021525092597585171, 0.0002058295940514654, 0.00022691783669870347, 0.0001970894227270037, 0.00022830496891401708, 0.0001861973578343168, 0.00018356414511799812, 0.00019119812350254506, 0.00019633141346275806, 0.00017477991059422493, 0.0001722930755931884, 0.0001807403314160183, 0.0001743102475302294, 0.0001849124819273129, 0.0001845371152739972, 0.0001725409965729341, 0.0001774736010702327, 0.00017356296302750707, 0.0001672578218858689, 0.00016655810759402812, 0.00017297097656410187, 0.00018411655037198216, 0.00017245393246412277, 0.00017565296730026603, 0.000164926634170115, 0.00016326303011737764, 0.00016919037443585694, 0.00016411603428423405, 0.00015874004748184234, 0.00016054886509664357, 0.0001652670616749674, 0.00015510429511778057, 0.00015978985175024718, 0.0001642417919356376, 0.00019146388513036072, 0.00016272105858661234, 0.00015601310587953776, 0.0001534981856821105, 0.0001553529582452029, 0.0001668337354203686, 0.00017830063006840646, 0.00015438278205692768, 0.00015947777137625962, 0.00018487530178390443, 0.00018849392654374242, 0.00015929026994854212, 0.00016193845658563077, 0.0001914640743052587], "val_mse": [0.005625187419354916, 0.003431952791288495, 0.0014737456804141402, 0.0008600611472502351, 0.000606714456807822, 0.0004497400368563831, 0.0004199281393084675, 0.00034559788764454424, 0.0003598645853344351, 0.0003020079748239368, 0.0002753976732492447, 0.0003087513614445925, 0.00025327486218884587, 0.00022338269627653062, 0.00023162078286986798, 0.00021525092597585171, 0.0002058295940514654, 0.00022691783669870347, 0.0001970894227270037, 0.00022830496891401708, 0.0001861973578343168, 0.00018356414511799812, 0.00019119812350254506, 0.00019633141346275806, 0.00017477991059422493, 0.0001722930755931884, 0.0001807403314160183, 0.0001743102475302294, 0.00018491246737539768, 0.0001845371152739972, 0.0001725409965729341, 0.0001774736010702327, 0.00017356296302750707, 0.0001672578218858689, 0.00016655810759402812, 0.00017297096201218665, 0.00018411655037198216, 0.00017245393246412277, 0.00017565296730026603, 0.000164926634170115, 0.00016326303011737764, 0.00016919037443585694, 0.00016411603428423405, 0.00015874004748184234, 0.00016054886509664357, 0.0001652670616749674, 0.00015510429511778057, 0.00015978985175024718, 0.0001642417919356376, 0.00019146388513036072, 0.00016272105858661234, 0.00015601310587953776, 0.0001534981856821105, 0.0001553529582452029, 0.0001668337354203686, 0.00017830063006840646, 0.00015438278205692768, 0.00015947777137625962, 0.00018487530178390443, 0.00018849394109565765, 0.00015929026994854212, 0.00016193845658563077, 0.00019146405975334346]}