{"loss": [2.839463013515342e-05, 5.261661499389447e-06, 3.8457924347312655e-06, 3.178751512677991e-06, 2.7245816909271525e-06, 2.4330067844857695e-06, 2.2295369035418844e-06, 2.051365981969866e-06, 1.9495475953590358e-06, 1.8155235466110753e-06, 1.7341211560051306e-06, 1.6585445337113924e-06, 1.6002736629161518e-06, 1.541310666652862e-06, 1.4914737676008372e-06, 1.4356606925503002e-06, 1.41238876949501e-06, 1.365748289572366e-06, 1.3331726904652896e-06, 1.3060745231996407e-06, 1.2704224445769796e-06, 1.242183088834281e-06, 1.2187088032078464e-06, 1.1928842695851927e-06, 1.183625272460631e-06, 1.1590115036597126e-06, 1.147878037954797e-06, 1.1176217640240793e-06, 1.116577664106444e-06, 1.0982193998643197e-06, 1.074160309144645e-06, 1.064993398358638e-06, 1.053751475410536e-06, 1.040872689372918e-06], "mse": [2.839463013515342e-05, 5.261661499389447e-06, 3.8457924347312655e-06, 3.178751512677991e-06, 2.7245816909271525e-06, 2.4330067844857695e-06, 2.2295369035418844e-06, 2.051365981969866e-06, 1.9495475953590358e-06, 1.8155235466110753e-06, 1.7341211560051306e-06, 1.6585445337113924e-06, 1.6002736629161518e-06, 1.5413105529660243e-06, 1.4914737676008372e-06, 1.4356606925503002e-06, 1.41238876949501e-06, 1.365748289572366e-06, 1.3331726904652896e-06, 1.3060745231996407e-06, 1.2704224445769796e-06, 1.242183088834281e-06, 1.2187088032078464e-06, 1.1928842695851927e-06, 1.183625272460631e-06, 1.1590115036597126e-06, 1.147878037954797e-06, 1.1176217640240793e-06, 1.1165775504196063e-06, 1.0982195135511574e-06, 1.074160309144645e-06, 1.064993398358638e-06, 1.053751475410536e-06, 1.040872689372918e-06], "val_loss": [5.5922591855051e-06, 5.433770184026798e-06, 3.2524008020118345e-06, 2.9487443953257753e-06, 2.623391992528923e-06, 2.1945013486401876e-06, 2.1367006866057636e-06, 3.144736865579034e-06, 1.8983271274919389e-06, 1.8739301594905555e-06, 1.4208783341018716e-06, 1.558777171339898e-06, 1.3957539977127453e-06, 1.3022610119151068e-06, 4.264985818736022e-06, 1.242977418769442e-06, 1.27118187265296e-06, 1.1938807347178226e-06, 1.2063961776220822e-06, 1.2038472050335258e-06, 1.1449386647655047e-06, 1.0956531468764297e-06, 1.121501554735005e-06, 1.0028209089796292e-06, 1.2132128404118703e-06, 1.1124851653221413e-06, 1.3666435734194238e-06, 1.0096886171595543e-06, 1.0481044228072278e-06, 1.1869575473610894e-06, 1.0971554047500831e-06, 1.0603109785733977e-06, 9.963490583686507e-07, 1.4718087868459406e-06], "val_mse": [5.5922591855051e-06, 5.433770184026798e-06, 3.2524008020118345e-06, 2.9487443953257753e-06, 2.623391992528923e-06, 2.1945013486401876e-06, 2.1367006866057636e-06, 3.144736865579034e-06, 1.8983271274919389e-06, 1.8739301594905555e-06, 1.4208783341018716e-06, 1.558777171339898e-06, 1.3957539977127453e-06, 1.3022610119151068e-06, 4.264986273483373e-06, 1.242977418769442e-06, 1.27118187265296e-06, 1.1938807347178226e-06, 1.2063961776220822e-06, 1.2038472050335258e-06, 1.1449386647655047e-06, 1.0956531468764297e-06, 1.121501554735005e-06, 1.0028209089796292e-06, 1.2132128404118703e-06, 1.1124851653221413e-06, 1.3666435734194238e-06, 1.0096886171595543e-06, 1.0481044228072278e-06, 1.1869575473610894e-06, 1.0971554047500831e-06, 1.0603109785733977e-06, 9.963490583686507e-07, 1.4718087868459406e-06]}