{"loss": [0.003223949111998081, 0.0009419819107279181, 0.0006756374496035278, 0.000595262972638011, 0.0005790978320874274, 0.0005202351603657007, 0.0005101657006889582, 0.0004942492814734578, 0.0004820076283067465, 0.00048688065726310015, 0.0004707645857706666, 0.0004585745627991855, 0.0004730273794848472, 0.000456859270343557, 0.0004470271524041891, 0.0004404759674798697, 0.0004359412123449147, 0.00042784056859090924, 0.0004348785150796175, 0.00043267899309284985, 0.0004216537345200777, 0.0004316311969887465, 0.0004206398443784565, 0.00041221280116587877, 0.00041857094038277864, 0.0004045153909828514, 0.0004110088921152055, 0.0003986672672908753, 0.0004095154581591487, 0.00041467591654509306, 0.00039987542550079525, 0.0003991186385974288, 0.0003860353317577392, 0.00039580301381647587, 0.00039166517672128975, 0.00038767047226428986, 0.0003839505079668015, 0.00039325733087025583, 0.00038638897240161896, 0.00037535946466960013, 0.00038513235631398857, 0.00037233682814985514], "mse": [0.003223949111998081, 0.0009419819107279181, 0.0006756374496035278, 0.000595262972638011, 0.0005790978320874274, 0.0005202351603657007, 0.0005101657006889582, 0.0004942492814734578, 0.0004820076283067465, 0.00048688065726310015, 0.00047076455666683614, 0.0004585745627991855, 0.0004730273794848472, 0.000456859270343557, 0.0004470271524041891, 0.0004404759674798697, 0.0004359412123449147, 0.00042784056859090924, 0.0004348785150796175, 0.00043267899309284985, 0.0004216537345200777, 0.0004316311969887465, 0.0004206398443784565, 0.00041221280116587877, 0.00041857094038277864, 0.0004045153909828514, 0.0004110088921152055, 0.0003986672672908753, 0.00040951554547064006, 0.00041467591654509306, 0.00039987542550079525, 0.0003991186385974288, 0.0003860353317577392, 0.00039580301381647587, 0.00039166517672128975, 0.00038767047226428986, 0.0003839505079668015, 0.00039325733087025583, 0.00038638897240161896, 0.00037535946466960013, 0.00038513235631398857, 0.00037233682814985514], "val_loss": [0.0014764724764972925, 0.0007644958677701652, 0.0006768424063920975, 0.0006132432026788592, 0.0006047725328244269, 0.0005688154487870634, 0.0005907404702156782, 0.0005639461451210082, 0.0005389559082686901, 0.0005815076292492449, 0.0005398005596362054, 0.0005329592968337238, 0.0005841309321112931, 0.0005236135912127793, 0.0005160607979632914, 0.0005059228278696537, 0.0005345041281543672, 0.0005445457063615322, 0.0005276349256746471, 0.00051102414727211, 0.0005265002837404609, 0.000517072738148272, 0.0005379475187510252, 0.0005044778226874769, 0.0005366688128560781, 0.0005132009973749518, 0.0005442012334242463, 0.0005240266909822822, 0.0005812229355797172, 0.0005071623018011451, 0.0005587535561062396, 0.0005029372405260801, 0.0005150463548488915, 0.0005121409194543958, 0.0005121300928294659, 0.0005119016277603805, 0.0005230107344686985, 0.0005391673184931278, 0.0005148951895534992, 0.0005179864820092916, 0.0005157147534191608, 0.0005076818051747978], "val_mse": [0.0014764724764972925, 0.0007644958677701652, 0.0006768424063920975, 0.0006132432026788592, 0.0006047725328244269, 0.0005688154487870634, 0.0005907404702156782, 0.0005639461451210082, 0.0005389559082686901, 0.0005815076292492449, 0.0005398005596362054, 0.0005329592968337238, 0.0005841309321112931, 0.0005236135912127793, 0.0005160607979632914, 0.0005059228278696537, 0.0005345041281543672, 0.0005445457063615322, 0.0005276349256746471, 0.00051102414727211, 0.0005265002837404609, 0.0005170726799406111, 0.0005379475187510252, 0.0005044778226874769, 0.0005366688128560781, 0.0005132009973749518, 0.0005442012334242463, 0.0005240266909822822, 0.0005812229355797172, 0.0005071623018011451, 0.0005587535561062396, 0.0005029371241107583, 0.0005150463548488915, 0.0005121409194543958, 0.0005121300928294659, 0.0005119016277603805, 0.0005230107344686985, 0.0005391673184931278, 0.0005148951895534992, 0.0005179864820092916, 0.0005157147534191608, 0.0005076818051747978]}