{"loss": [0.019370777532458305, 0.008300432935357094, 0.003312931628897786, 0.0014781882055103779, 0.0008484037243761122, 0.0006105015054345131, 0.000485593598568812, 0.00041051852167584, 0.0003428662312217057, 0.000296840415103361, 0.00028868671506643295, 0.00022154395992401987, 0.00023536152730230242, 0.0002035400684690103, 0.00019533128943294287, 0.00017557803948875517, 0.00018548891239333898, 0.0001536209019832313, 0.00014721143816132098, 0.0001396957813994959, 0.00014029750309418887, 0.00014909270976204425, 0.00013884772488381714, 0.00013855562428943813, 0.00012759785749949515, 0.00011857184290420264, 0.0001396722364006564, 0.00011970834748353809, 0.00011165098112542182, 0.00011056978109991178, 0.00010678445687517524, 0.00010547199053689837, 0.0001094906110665761, 0.00011167675256729126, 9.367226448375732e-05, 0.00011798331252066419, 0.00011991682549705729, 0.00012549865641631186, 0.00012594863073900342, 8.865611016517505e-05, 9.4186223577708e-05, 0.00010460745397722349, 0.00011672009713947773, 9.488846990279853e-05, 8.026845898712054e-05, 8.157044067047536e-05, 8.30200151540339e-05, 8.414119656663388e-05, 9.204648085869849e-05, 8.631459786556661e-05, 8.158638956956565e-05, 0.00010321845911676064, 8.384600369026884e-05, 8.395656186621636e-05, 8.151563815772533e-05, 7.546966662630439e-05, 0.00010116085468325764, 7.895105227362365e-05, 6.530406972160563e-05, 6.86205385136418e-05, 7.844818173907697e-05, 7.192708289949223e-05, 7.451685814885423e-05, 8.757359319133684e-05, 7.562097744084895e-05, 7.14558846084401e-05, 6.91605091560632e-05, 6.758279778296128e-05, 7.121297676349059e-05, 7.226871093735099e-05, 6.9403977249749e-05, 6.63067985442467e-05, 6.816325185354799e-05, 5.570407665800303e-05, 7.031441055005416e-05, 8.164137398125604e-05, 6.49184948997572e-05, 6.808606121921912e-05, 6.527808000100777e-05, 6.809803016949445e-05, 7.770490628900006e-05, 6.988126551732421e-05, 5.566750041907653e-05, 5.501566920429468e-05, 5.535626405617222e-05, 5.67763127037324e-05, 7.803984044585377e-05, 6.100577593315393e-05, 5.415218765847385e-05, 5.6226737797260284e-05, 5.813407551613636e-05, 5.016280192648992e-05, 5.430956662166864e-05, 6.117408338468522e-05, 7.305914186872542e-05, 7.387300865957513e-05, 5.064914876129478e-05, 6.43881649011746e-05, 6.350588228087872e-05, 5.0494083552621305e-05, 9.33095725486055e-05, 6.836347165517509e-05], "mse": [0.019370779395103455, 0.008300432935357094, 0.003312931628897786, 0.0014781882055103779, 0.0008484037243761122, 0.0006105015054345131, 0.000485593598568812, 0.00041051852167584, 0.0003428662312217057, 0.000296840415103361, 0.00028868671506643295, 0.00022154395992401987, 0.00023536152730230242, 0.0002035400684690103, 0.00019533128943294287, 0.00017557803948875517, 0.00018548891239333898, 0.0001536209019832313, 0.00014721143816132098, 0.0001396957813994959, 0.00014029750309418887, 0.00014909270976204425, 0.00013884772488381714, 0.00013855562428943813, 0.00012759785749949515, 0.00011857184290420264, 0.0001396722364006564, 0.00011970834748353809, 0.00011165099567733705, 0.00011056978109991178, 0.00010678445687517524, 0.00010547199053689837, 0.0001094906110665761, 0.00011167675256729126, 9.367226448375732e-05, 0.00011798331252066419, 0.00011991682549705729, 0.00012549865641631186, 0.00012594863073900342, 8.865611016517505e-05, 9.4186223577708e-05, 0.00010460745397722349, 0.00011672009713947773, 9.488846990279853e-05, 8.026845898712054e-05, 8.157044067047536e-05, 8.30200151540339e-05, 8.414119656663388e-05, 9.204648085869849e-05, 8.631459786556661e-05, 8.158638956956565e-05, 0.00010321845184080303, 8.384600369026884e-05, 8.395656186621636e-05, 8.151564543368295e-05, 7.546966662630439e-05, 0.00010116085468325764, 7.895105227362365e-05, 6.530406972160563e-05, 6.86205385136418e-05, 7.844818173907697e-05, 7.192708289949223e-05, 7.451685814885423e-05, 8.757359319133684e-05, 7.562097744084895e-05, 7.14558846084401e-05, 6.91605091560632e-05, 6.758279778296128e-05, 7.121297676349059e-05, 7.22687182133086e-05, 6.9403977249749e-05, 6.63067985442467e-05, 6.816325185354799e-05, 5.570407665800303e-05, 7.031441055005416e-05, 8.164137398125604e-05, 6.49184948997572e-05, 6.808606121921912e-05, 6.527808000100777e-05, 6.809803744545206e-05, 7.770490628900006e-05, 6.988126551732421e-05, 5.566750041907653e-05, 5.501566920429468e-05, 5.535626405617222e-05, 5.67763127037324e-05, 7.803984044585377e-05, 6.100577593315393e-05, 5.415218765847385e-05, 5.6226737797260284e-05, 5.813407551613636e-05, 5.016280192648992e-05, 5.430956662166864e-05, 6.117408338468522e-05, 7.305914186872542e-05, 7.387300865957513e-05, 5.064914876129478e-05, 6.43881649011746e-05, 6.350588228087872e-05, 5.0494083552621305e-05, 9.33095725486055e-05, 6.836347165517509e-05], "val_loss": [0.01365179754793644, 0.005983297247439623, 0.0030593266710639, 0.001726629096083343, 0.0009810923365876079, 0.0007818847661837935, 0.0006620849017053843, 0.0006240324000827968, 0.000561382679734379, 0.0004874825826846063, 0.00037593129673041403, 0.0003497840079944581, 0.0003381262649782002, 0.000320257997373119, 0.0003059709270019084, 0.0003023124299943447, 0.0002985669707413763, 0.0002782854426186532, 0.00024343488621525466, 0.00024731745361350477, 0.00033522877492941916, 0.0003859191492665559, 0.0002202620671596378, 0.00028972438303753734, 0.00022580141376238316, 0.00021549176017288119, 0.00024352995387744159, 0.00023212582163978368, 0.00021051365183666348, 0.0001997745712287724, 0.00021161642507649958, 0.0002502592105884105, 0.00021333846962079406, 0.0002467024023644626, 0.00019229760800953954, 0.00020728966046590358, 0.00022019885363988578, 0.0003215911565348506, 0.000179972848854959, 0.00018328453006688505, 0.00022990794968791306, 0.0001745438203215599, 0.00019427273946348578, 0.0001787587971193716, 0.0001709489297354594, 0.00018575202557258308, 0.0001807598164305091, 0.00019662310660351068, 0.00017157202819362283, 0.00016399910964537412, 0.00016977243649307638, 0.0001872885914053768, 0.00016478737234137952, 0.00017227996431756765, 0.0001744093606248498, 0.00025208466104231775, 0.00019193046318832785, 0.00017301093612331897, 0.00017759900947567075, 0.00015005230670794845, 0.0001703832094790414, 0.00015440436254721135, 0.00022959650959819555, 0.00015909176727291197, 0.00015839633124414831, 0.00015101538156159222, 0.00014891110185999423, 0.0001533083850517869, 0.00014772683789487928, 0.00015438965056091547, 0.00016702126595191658, 0.00014663542970083654, 0.0001474039163440466, 0.000166245736181736, 0.00018808871391229331, 0.00015190342674031854, 0.00019737468392122537, 0.00015676900511607528, 0.00013834796845912933, 0.00017796261818148196, 0.0001587325386935845, 0.00014041984104551375, 0.00014184463361743838, 0.00017766324162948877, 0.0001410244294675067, 0.00013499990745913237, 0.0002013199991779402, 0.00015046117187011987, 0.0001579709496581927, 0.00013655278598889709, 0.00013909988047089428, 0.0001344586198683828, 0.00014559502596966922, 0.00014124251902103424, 0.00017081420810427517, 0.00013604988635051996, 0.00013518940249923617, 0.000164294324349612, 0.00013685460726264864, 0.00015137314039748162, 0.0002127058251062408, 0.0001349654485238716],