{"loss": [0.003530504647642374, 0.0029852823354303837, 0.0026856339536607265, 0.002453446853905916, 0.002263382775709033, 0.0021945596672594547, 0.00204004580155015, 0.0020022480748593807, 0.0019255687948316336, 0.0018740175291895866, 0.0018457684200257063, 0.0018494029063731432, 0.0017912760376930237, 0.0017641257727518678], "mse": [0.003530504647642374, 0.0029852823354303837, 0.0026856339536607265, 0.002453446853905916, 0.002263382775709033, 0.0021945596672594547, 0.00204004580155015, 0.0020022480748593807, 0.0019255687948316336, 0.0018740175291895866, 0.0018457684200257063, 0.0018494029063731432, 0.0017912760376930237, 0.0017641257727518678], "val_loss": [0.0018640051130205393, 0.001716796075925231, 0.0017180725699290633, 0.0016985612455755472, 0.0018094684928655624, 0.001882002456113696, 0.001788227236829698, 0.0017886472633108497, 0.0017888745060190558, 0.001916482811793685, 0.0018261123914271593, 0.0018428154289722443, 0.0019462581258267164, 0.0018631226848810911], "val_mse": [0.0018640051130205393, 0.001716796075925231, 0.0017180725699290633, 0.0016985612455755472, 0.0018094682600349188, 0.001882002456113696, 0.001788227236829698, 0.0017886472633108497, 0.0017888745060190558, 0.001916482811793685, 0.0018261125078424811, 0.001842815661802888, 0.0019462581258267164, 0.0018631226848810911]}