{"loss": [0.00010891860438277945, 1.202884413942229e-05, 8.438789336651098e-06, 6.721031695633428e-06, 5.698047516489169e-06, 5.025259724789066e-06, 4.534897470875876e-06, 4.059110779053299e-06, 3.876443770423066e-06, 3.5542302612157073e-06, 3.3365686249453574e-06, 3.1935771858115913e-06, 3.074011374337715e-06, 2.9878717668907484e-06, 2.766240868368186e-06, 2.6645921025192365e-06, 2.8213235054863617e-06, 2.4798639515211107e-06, 2.5495698992017424e-06, 2.3895499907666817e-06, 2.3518005036748946e-06, 2.215796257587499e-06, 2.2304245703708148e-06, 2.2550452740688343e-06, 2.0950412817910546e-06, 2.1063535768917063e-06, 2.0779632450285135e-06, 2.091154101435677e-06, 1.9360538772161817e-06, 1.9962367332482245e-06, 1.922146793731372e-06, 1.88681110557809e-06, 1.8453595203027362e-06, 1.8347416244068881e-06, 1.7910351743921638e-06, 1.7874478999146959e-06, 1.7615134311199654e-06, 1.682619995335699e-06, 1.7195523014379432e-06], "mse": [0.00010891860438277945, 1.202884413942229e-05, 8.438789336651098e-06, 6.721031695633428e-06, 5.698047516489169e-06, 5.025259724789066e-06, 4.534897470875876e-06, 4.059110779053299e-06, 3.876443770423066e-06, 3.5542302612157073e-06, 3.3365686249453574e-06, 3.1935771858115913e-06, 3.074011374337715e-06, 2.9878717668907484e-06, 2.766240868368186e-06, 2.6645921025192365e-06, 2.8213235054863617e-06, 2.4798639515211107e-06, 2.5495698992017424e-06, 2.3895499907666817e-06, 2.3518005036748946e-06, 2.215796257587499e-06, 2.2304245703708148e-06, 2.2550452740688343e-06, 2.09504150916473e-06, 2.106353349518031e-06, 2.077963017654838e-06, 2.091154101435677e-06, 1.9360538772161817e-06, 1.9962367332482245e-06, 1.922146793731372e-06, 1.88681110557809e-06, 1.8453595203027362e-06, 1.8347416244068881e-06, 1.7910351743921638e-06, 1.7874478999146959e-06, 1.7615134311199654e-06, 1.682619995335699e-06, 1.7195521877511055e-06], "val_loss": [1.3286085049912799e-05, 9.784987923922017e-06, 7.286217623914126e-06, 5.315164344210643e-06, 5.282118308969075e-06, 5.213162239670055e-06, 4.528203589870827e-06, 4.226137207297143e-06, 3.0368717034434667e-06, 3.4288598271814408e-06, 3.270124352638959e-06, 3.6575158901541727e-06, 1.1292084309388883e-05, 3.865329745167401e-06, 2.564757778600324e-06, 4.124813585804077e-06, 4.537224867817713e-06, 2.3163938749348745e-06, 2.9354064281506e-06, 2.79539358416514e-06, 2.3047807644616114e-06, 2.864975613192655e-06, 2.660284280864289e-06, 2.0313043478381587e-06, 2.109816023221356e-06, 2.011414380831411e-06, 2.098538971040398e-06, 3.831432422884973e-06, 1.6607555153314024e-06, 1.8704480453379801e-06, 4.349486971477745e-06, 2.2195033579919254e-06, 1.8395293182038586e-06, 2.3465468075301033e-06, 1.7092729649448302e-06, 2.071893732136232e-06, 1.8135150412490475e-06, 3.5027389913011575e-06, 1.970154016817105e-06], "val_mse": [1.3286085049912799e-05, 9.784987923922017e-06, 7.286217623914126e-06, 5.315164344210643e-06, 5.282118308969075e-06, 5.213162239670055e-06, 4.528203589870827e-06, 4.226137207297143e-06, 3.036871930817142e-06, 3.4288598271814408e-06, 3.270124352638959e-06, 3.6575158901541727e-06, 1.1292084309388883e-05, 3.865329745167401e-06, 2.5647575512266485e-06, 4.124813585804077e-06, 4.537224867817713e-06, 2.3163938749348745e-06, 2.9354064281506e-06, 2.79539358416514e-06, 2.3047807644616114e-06, 2.864975613192655e-06, 2.660284280864289e-06, 2.0313041204644833e-06, 2.109816023221356e-06, 2.011414380831411e-06, 2.098538971040398e-06, 3.831432422884973e-06, 1.6607555153314024e-06, 1.8704480453379801e-06, 4.349486971477745e-06, 2.2195033579919254e-06, 1.8395293182038586e-06, 2.3465468075301033e-06, 1.7092729649448302e-06, 2.071893732136232e-06, 1.8135150412490475e-06, 3.5027389913011575e-06, 1.970154016817105e-06]}