{"loss": [0.004718960262835026, 0.0016965955728664994, 0.0009120898903347552, 0.0004933713935315609, 0.00029854054446332157, 0.00023502898693550378, 0.00019364220497664064, 0.00016652996418997645, 0.00013358733849599957, 0.00012076179700670764, 0.00010664601722965017, 9.725649579195306e-05, 9.518748265691102e-05, 8.760549098951742e-05, 8.328286639880389e-05, 8.566834003431723e-05, 7.844220817787573e-05, 7.213932258309796e-05, 6.813764775870368e-05, 6.58998906146735e-05, 6.256883352762088e-05, 6.044629844836891e-05, 6.179998308653012e-05, 6.304647104116157e-05, 5.650304592563771e-05, 5.892942499485798e-05, 5.944018266745843e-05, 5.951881757937372e-05, 6.0738635511370376e-05, 6.331684562610462e-05, 5.548029730562121e-05, 5.192798562347889e-05, 5.241457256488502e-05, 4.961621016263962e-05, 5.125189636601135e-05, 4.7454632294829935e-05, 5.271646296023391e-05, 5.4295971494866535e-05, 4.901705324300565e-05, 5.7735134760150686e-05, 4.802017065230757e-05, 4.4241129216970876e-05, 4.2533749365247786e-05, 4.263865412212908e-05, 4.471532884053886e-05, 4.169905878370628e-05, 4.151796383666806e-05, 4.048258051625453e-05, 4.232603168929927e-05, 4.8170459194807336e-05, 4.527184501057491e-05, 4.1202754800906405e-05, 4.1915318433893844e-05, 4.080544749740511e-05, 3.977663436671719e-05, 3.6997415008954704e-05, 4.0931059629656374e-05], "mse": [0.004718960262835026, 0.0016965955728664994, 0.0009120898903347552, 0.0004933713935315609, 0.00029854054446332157, 0.00023502898693550378, 0.00019364220497664064, 0.00016652996418997645, 0.00013358733849599957, 0.00012076179700670764, 0.00010664601722965017, 9.725649579195306e-05, 9.518748265691102e-05, 8.760549098951742e-05, 8.328286639880389e-05, 8.566834003431723e-05, 7.844220817787573e-05, 7.213932258309796e-05, 6.813764775870368e-05, 6.58998906146735e-05, 6.256883352762088e-05, 6.044629844836891e-05, 6.179998308653012e-05, 6.304647104116157e-05, 5.650304592563771e-05, 5.892942499485798e-05, 5.944018266745843e-05, 5.951881757937372e-05, 6.0738635511370376e-05, 6.331684562610462e-05, 5.548029730562121e-05, 5.192798562347889e-05, 5.241457256488502e-05, 4.961621016263962e-05, 5.125189636601135e-05, 4.7454632294829935e-05, 5.271646296023391e-05, 5.4295971494866535e-05, 4.901705324300565e-05, 5.7735134760150686e-05, 4.802017065230757e-05, 4.4241129216970876e-05, 4.2533749365247786e-05, 4.263865412212908e-05, 4.471532884053886e-05, 4.169905878370628e-05, 4.151796383666806e-05, 4.048258051625453e-05, 4.232603168929927e-05, 4.8170459194807336e-05, 4.527184501057491e-05, 4.120274752494879e-05, 4.1915318433893844e-05, 4.080544749740511e-05, 3.977663436671719e-05, 3.6997415008954704e-05, 4.0931059629656374e-05], "val_loss": [0.001776010962203145, 0.0010465093655511737, 0.0006828770274296403, 0.0003743976994883269, 0.0003056884743273258, 0.00020341147319413722, 0.00029000683571211994, 0.00016365617921110243, 0.00016242152196355164, 0.0001309540239162743, 0.00012486563355196267, 0.0001124799600802362, 0.0001042368239723146, 0.00010058460611617193, 9.891955414786935e-05, 0.00010252682841382921, 0.000100803590612486, 9.144879732048139e-05, 8.722792699700221e-05, 8.379844803130254e-05, 9.308136941399425e-05, 7.959212234709412e-05, 8.633633842691779e-05, 8.02312497398816e-05, 8.182273450074717e-05, 7.840389298507944e-05, 7.818348967703059e-05, 8.416385389864445e-05, 0.00011154400272062048, 7.89197365520522e-05, 8.082550630206242e-05, 7.693222869420424e-05, 7.822767656762153e-05, 7.951560110086575e-05, 7.475462189177051e-05, 8.17033724160865e-05, 8.665734640089795e-05, 7.736946281511337e-05, 7.341331365751103e-05, 9.386441524839029e-05, 7.186810398707166e-05, 7.810861279722303e-05, 7.924438250483945e-05, 9.005561150843278e-05, 7.640614785486832e-05, 7.837536395527422e-05, 7.091695442795753e-05, 7.348698272835463e-05, 8.033915219129995e-05, 7.647587335668504e-05, 7.810630631865934e-05, 7.380062743322924e-05, 8.18093612906523e-05, 7.683892908971757e-05, 7.338573050219566e-05, 7.595848001074046e-05, 7.643569551873952e-05], "val_mse": [0.001776010962203145, 0.0010465093655511737, 0.0006828770274296403, 0.0003743976994883269, 0.0003056884743273258, 0.00020341147319413722, 0.00029000683571211994, 0.00016365617921110243, 0.00016242152196355164, 0.0001309540239162743, 0.00012486563355196267, 0.0001124799600802362, 0.0001042368239723146, 0.00010058460611617193, 9.891955414786935e-05, 0.00010252682841382921, 0.000100803590612486, 9.144879732048139e-05, 8.722792699700221e-05, 8.379844803130254e-05, 9.308136941399425e-05, 7.959212234709412e-05, 8.633633842691779e-05, 8.02312497398816e-05, 8.182273450074717e-05, 7.840389298507944e-05, 7.818348967703059e-05, 8.416385389864445e-05, 0.0001115440099965781, 7.89197365520522e-05, 8.082550630206242e-05, 7.693222869420424e-05, 7.822767656762153e-05, 7.951560110086575e-05, 7.475462189177051e-05, 8.17033724160865e-05, 8.665734640089795e-05, 7.736946281511337e-05, 7.341331365751103e-05, 9.386441524839029e-05, 7.186810398707166e-05, 7.810861279722303e-05, 7.924438250483945e-05, 9.005561150843278e-05, 7.640614785486832e-05, 7.837536395527422e-05, 7.091695442795753e-05, 7.348698272835463e-05, 8.033915219129995e-05, 7.647587335668504e-05, 7.810630631865934e-05, 7.380062743322924e-05, 8.180936856660992e-05, 7.683892908971757e-05, 7.338573050219566e-05, 7.595848001074046e-05, 7.643569551873952e-05]}