{"loss": [0.0036798384971916676, 0.0012193903094157577, 0.0006122429622337222, 0.0004672085924539715, 0.00044796039583161473, 0.0003727225703187287, 0.0003440634172875434, 0.00033059690031223, 0.00031685203430242836, 0.00030526897171512246, 0.0003192154399584979, 0.00028819002909585834, 0.00027992346440441906, 0.0002642286999616772, 0.0002657980367075652, 0.00027093919925391674, 0.0002740852360147983, 0.00027041134308092296, 0.0002521522401366383, 0.0002515910309739411, 0.00024274461611639708, 0.0002415245253359899, 0.00023839034838601947, 0.0002456593210808933, 0.00024486304027959704, 0.00024031134671531618, 0.00023291059187613428, 0.0002433316403767094, 0.00023691564274486154, 0.00022709874610882252, 0.00022141667432151735, 0.0002442586701363325, 0.0002235970605397597, 0.00023120960395317525, 0.00021903941524215043, 0.00021728411957155913, 0.00021265208488330245, 0.00021814812498632818, 0.00020780715567525476, 0.00021942313469480723, 0.0002133893285645172, 0.00020661040616687387, 0.00020605824829544872, 0.000207673801924102, 0.00020129514450673014, 0.00020023260731250048, 0.0001984470000024885, 0.000199649395653978, 0.00020243373000994325, 0.00020511281036306173, 0.0002111426438204944, 0.00019606371643021703], "mse": [0.0036798384971916676, 0.0012193903094157577, 0.0006122429622337222, 0.0004672085924539715, 0.00044796039583161473, 0.0003727225703187287, 0.0003440634172875434, 0.00033059690031223, 0.00031685203430242836, 0.00030526897171512246, 0.0003192154399584979, 0.00028819002909585834, 0.00027992340619675815, 0.0002642286999616772, 0.0002657980367075652, 0.00027093919925391674, 0.0002740852360147983, 0.00027041134308092296, 0.0002521522401366383, 0.0002515910309739411, 0.00024274461611639708, 0.0002415245253359899, 0.00023839034838601947, 0.0002456593210808933, 0.00024486304027959704, 0.00024031134671531618, 0.00023291059187613428, 0.0002433316403767094, 0.00023691564274486154, 0.00022709874610882252, 0.00022141667432151735, 0.0002442586701363325, 0.0002235970605397597, 0.00023120960395317525, 0.00021903941524215043, 0.00021728411957155913, 0.00021265208488330245, 0.00021814812498632818, 0.00020780715567525476, 0.00021942313469480723, 0.0002133893285645172, 0.00020661040616687387, 0.00020605824829544872, 0.000207673801924102, 0.00020129514450673014, 0.00020023260731250048, 0.0001984470000024885, 0.000199649395653978, 0.00020243373000994325, 0.00020511281036306173, 0.0002111426438204944, 0.00019606371643021703], "val_loss": [0.002119374228641391, 0.0011206576600670815, 0.0007599882665090263, 0.0006996023003011942, 0.0006084322812967002, 0.0005275194998830557, 0.0005044180434197187, 0.0004831586265936494, 0.0005493165226653218, 0.0004633213684428483, 0.00044990915921516716, 0.00041901617078110576, 0.0004305754555389285, 0.0004195676010567695, 0.0004190624167677015, 0.0003902499738615006, 0.0003904753248207271, 0.00041155063081532717, 0.00039736859616823494, 0.00044713233364745975, 0.00038864591624587774, 0.00038070761365815997, 0.0003942050680052489, 0.0004204238939564675, 0.00039215636206790805, 0.0004086696426384151, 0.0004068325215484947, 0.0003860744764097035, 0.0003931298851966858, 0.0003745666181202978, 0.00041910025174729526, 0.00041751135722734034, 0.00045225315261632204, 0.0003849380591418594, 0.0004010546253994107, 0.0003741248801816255, 0.00037027322105132043, 0.0003621934447437525, 0.00039609652594663203, 0.0003804072621278465, 0.00039034709334373474, 0.0003551851841621101, 0.0003572161076590419, 0.00036142708268016577, 0.0003626595716923475, 0.00037323959986679256, 0.00038379093166440725, 0.00035645256866700947, 0.0003582326462492347, 0.00036566422204487026, 0.0003714567865245044, 0.00036748696584254503], "val_mse": [0.002119374228641391, 0.0011206576600670815, 0.0007599882665090263, 0.0006996023003011942, 0.0006084322812967002, 0.0005275194998830557, 0.0005044180434197187, 0.0004831586265936494, 0.0005493165226653218, 0.0004633213684428483, 0.00044990915921516716, 0.00041901617078110576, 0.0004305754555389285, 0.0004195676010567695, 0.0004190624167677015, 0.0003902499738615006, 0.0003904753248207271, 0.00041155063081532717, 0.00039736859616823494, 0.00044713233364745975, 0.00038864591624587774, 0.00038070761365815997, 0.0003942050680052489, 0.0004204238939564675, 0.00039215636206790805, 0.0004086696426384151, 0.0004068325215484947, 0.0003860744764097035, 0.0003931298851966858, 0.0003745666181202978, 0.00041910025174729526, 0.00041751135722734034, 0.00045225315261632204, 0.0003849380591418594, 0.0004010546253994107, 0.0003741248801816255, 0.00037027322105132043, 0.0003621934447437525, 0.00039609652594663203, 0.0003804072621278465, 0.00039034709334373474, 0.0003551851841621101, 0.0003572161076590419, 0.00036142708268016577, 0.0003626595716923475, 0.00037323959986679256, 0.00038379093166440725, 0.00035645256866700947, 0.0003582326462492347, 0.00036566422204487026, 0.0003714567865245044, 0.00036748696584254503]}