{"loss": [0.002306071575731039, 0.001987017225474119, 0.0016571255400776863, 0.0013770076911896467, 0.0011178607819601893, 0.0008788119885139167, 0.0007039086776785553, 0.000557375606149435, 0.00040242713293991983, 0.0002996949478983879, 0.00022035694564692676, 0.0002042529231403023, 0.0001642217830521986, 0.00013770961959380656, 0.00011983852891717106, 0.00010785083577502519, 0.00010140608355868608, 9.390500781591982e-05, 8.929047908168286e-05, 8.700955368112773e-05, 8.067453745752573e-05, 7.360900053754449e-05, 6.968977686483413e-05, 7.104555697878823e-05, 6.748740997863933e-05, 6.543227209476754e-05, 6.774016947019845e-05, 5.821489685331471e-05, 5.5654825700912625e-05, 5.4670428653480485e-05, 5.2451669034780934e-05, 4.801749673788436e-05, 4.514824104262516e-05, 4.250357596902177e-05, 4.17420596932061e-05, 4.077702760696411e-05, 3.792455390794203e-05, 3.701252717291936e-05, 3.603239747462794e-05, 3.706669667735696e-05, 3.748093149624765e-05, 3.3313033782178536e-05, 3.392586950212717e-05, 3.451009979471564e-05, 3.128306707367301e-05, 3.183782609994523e-05, 3.170151831000112e-05, 3.6278208426665515e-05, 3.197412661393173e-05, 2.9417893529171124e-05, 2.8445007046684623e-05, 2.9049817385384813e-05, 2.6553538191365078e-05, 2.570884498709347e-05, 2.3669030269957148e-05, 2.543724258430302e-05, 2.5242776246159337e-05, 2.4343547920580022e-05, 2.2093809093348682e-05, 2.191143539675977e-05, 2.3115870135370642e-05, 2.2834467017673887e-05, 2.134866372216493e-05, 2.1590076357824728e-05, 2.0781782950507477e-05, 2.064376531052403e-05, 2.1596011720248498e-05, 2.1367959561757743e-05, 2.024924469878897e-05, 1.9761704606935382e-05, 2.1068097339593805e-05, 1.9850915123242885e-05, 2.0108524040551856e-05, 1.7244547052541748e-05, 1.776106728357263e-05, 1.813157541619148e-05, 1.6409663658123463e-05, 1.8788370653055608e-05], "mse": [0.002306071575731039, 0.001987017225474119, 0.0016571255400776863, 0.0013770076911896467, 0.0011178607819601893, 0.0008788119885139167, 0.0007039086776785553, 0.000557375606149435, 0.00040242713293991983, 0.0002996949478983879, 0.00022035694564692676, 0.0002042529231403023, 0.0001642217830521986, 0.00013770961959380656, 0.00011983852891717106, 0.00010785083577502519, 0.00010140608355868608, 9.390500781591982e-05, 8.929047908168286e-05, 8.700955368112773e-05, 8.067453745752573e-05, 7.360900053754449e-05, 6.968977686483413e-05, 7.104555697878823e-05, 6.748740997863933e-05, 6.543227209476754e-05, 6.774016947019845e-05, 5.821489685331471e-05, 5.5654825700912625e-05, 5.4670428653480485e-05, 5.2451669034780934e-05, 4.801749673788436e-05, 4.514824104262516e-05, 4.250357596902177e-05, 4.17420596932061e-05, 4.077702760696411e-05, 3.792455390794203e-05, 3.701252717291936e-05, 3.603239747462794e-05, 3.706669667735696e-05, 3.748093149624765e-05, 3.3313033782178536e-05, 3.392586950212717e-05, 3.451009979471564e-05, 3.128306707367301e-05, 3.183782609994523e-05, 3.170151831000112e-05, 3.6278208426665515e-05, 3.197412661393173e-05, 2.9417889891192317e-05, 2.8445007046684623e-05, 2.9049817385384813e-05, 2.6553538191365078e-05, 2.570884498709347e-05, 2.3669030269957148e-05, 2.543724258430302e-05, 2.5242776246159337e-05, 2.4343547920580022e-05, 2.2093809093348682e-05, 2.191143539675977e-05, 2.311586831638124e-05, 2.2834467017673887e-05, 2.134866372216493e-05, 2.1590076357824728e-05, 2.0781782950507477e-05, 2.064376531052403e-05, 2.1596011720248498e-05, 2.1367959561757743e-05, 2.024924469878897e-05, 1.9761704606935382e-05, 2.106809915858321e-05, 1.9850915123242885e-05, 2.0108524040551856e-05, 1.7244547052541748e-05, 1.776106728357263e-05, 1.813157541619148e-05, 1.6409663658123463e-05, 1.8788370653055608e-05], "val_loss": [0.0013810675591230392, 0.0009765345603227615, 0.0010349159128963947, 0.0007783736800774932, 0.0007315165712498128, 0.0006594279548153281, 0.0005372947198338807, 0.0004418573225848377, 0.00032489700242877007, 0.00024445223971270025, 0.0002657856384757906, 0.0001424246875103563, 0.00013134509208612144, 0.00013931284775026143, 0.00011161957081640139, 0.00011327506217639893, 9.330086322734132e-05, 9.127488738158718e-05, 0.00010024928633356467, 9.156178566627204e-05, 8.442784746875986e-05, 7.662628922844306e-05, 7.68440731917508e-05, 7.741736772004515e-05, 7.812290277797729e-05, 8.70125149958767e-05, 6.865247996756807e-05, 6.778190436307341e-05, 6.432943337131292e-05, 7.436409214278683e-05, 6.204288365552202e-05, 6.0188351199030876e-05, 5.796653567813337e-05, 5.4812688176753e-05, 5.6418648455291986e-05, 5.584274185821414e-05, 5.3211151680443436e-05, 5.279318429529667e-05, 5.206845889915712e-05, 5.771884389105253e-05, 4.9333397328155115e-05, 4.823798008146696e-05, 4.673614239436574e-05, 5.2603591029765084e-05, 4.833849015994929e-05, 5.8243902458343655e-05, 4.7093748435145244e-05, 5.814909309265204e-05, 4.453313158592209e-05, 5.410716403275728e-05, 4.1079027141677216e-05, 4.8346912080887705e-05, 4.158239607932046e-05, 4.058405102114193e-05, 5.1533756050048396e-05, 4.025031012133695e-05, 4.6912980906199664e-05, 4.2635259887902066e-05, 4.111085581826046e-05, 4.5472690544556826e-05, 3.736191865755245e-05, 4.79448281112127e-05, 3.713282058015466e-05, 4.904643719783053e-05, 3.772595300688408e-05, 4.729343709186651e-05, 3.8268430216703564e-05, 3.609082705224864e-05, 4.263322989572771e-05, 4.530755541054532e-05, 4.0395221731159836e-05, 3.7797126424266025e-05, 3.824485611403361e-05, 4.1693259845487773e-05, 4.416344017954543e-05, 3.7495283322641626e-05, 4.1530991438776255e-05, 4.887268733000383e-05], "val_mse": [0.0013810675591230392, 0.0009765345603227615, 0.0010349159128963947, 0.0007783736800774932, 0.0007315165712498128, 0.0006594279548153281, 0.0005372947198338807, 0.0004418573225848377, 0.00032489700242877007, 0.0002444522688165307, 0.0002657856384757906, 0.0001424246875103563, 0.00013134509208612144, 0.00013931284775026143, 0.00011161957081640139, 0.00011327506217639893, 9.330086322734132e-05, 9.127488738158718e-05, 0.00010024928633356467, 9.156178566627204e-05, 8.442784746875986e-05, 7.662628922844306e-05, 7.68440731917508e-05, 7.741736772004515e-05, 7.812289550201967e-05, 8.70125149958767e-05, 6.865247996756807e-05, 6.778190436307341e-05, 6.432943337131292e-05, 7.436409214278683e-05, 6.204288365552202e-05, 6.0188351199030876e-05, 5.796653567813337e-05, 5.4812688176753e-05, 5.6418648455291986e-05, 5.584274185821414e-05, 5.3211151680443436e-05, 5.279318429529667e-05, 5.206845889915712e-05, 5.771884389105253e-05, 4.9333397328155115e-05, 4.823798008146696e-05, 4.673614239436574e-05, 5.2603591029765084e-05, 4.833849015994929e-05, 5.8243902458343655e-05, 4.7093748435145244e-05, 5.814909309265204e-05, 4.453313158592209e-05, 5.410716403275728e-05, 4.1079027141677216e-05, 4.8346912080887705e-05, 4.158239607932046e-05, 4.058405102114193e-05, 5.1533756050048396e-05, 4.025031012133695e-05, 4.6912980906199664e-05, 4.2635259887902066e-05, 4.111085945623927e-05, 4.5472690544556826e-05, 3.736191865755245e-05, 4.79448281112127e-05, 3.713282058015466e-05, 4.904643719783053e-05, 3.772595664486289e-05, 4.729343709186651e-05, 3.826842657872476e-05, 3.609082705224864e-05, 4.263322989572771e-05, 4.530755177256651e-05, 4.0395221731159836e-05, 3.7797126424266025e-05, 3.824485611403361e-05, 4.1693259845487773e-05, 4.416344017954543e-05, 3.7495283322641626e-05, 4.1530991438776255e-05, 4.887268733000383e-05]}