{"loss": [0.023588957265019417, 0.022627701982855797, 0.0223931223154068, 0.022361474111676216, 0.022193171083927155, 0.0220694188028574, 0.022072939202189445, 0.022007731720805168, 0.021860362961888313, 0.0218186117708683, 0.021840453147888184], "mse": [0.023588957265019417, 0.022627701982855797, 0.0223931223154068, 0.022361474111676216, 0.022193171083927155, 0.0220694188028574, 0.022072939202189445, 0.022007731720805168, 0.021860362961888313, 0.0218186117708683, 0.021840451285243034], "val_loss": [0.021669935435056686, 0.0217874888330698, 0.021886682137846947, 0.02190667949616909, 0.02203185297548771, 0.022026311606168747, 0.02221198007464409, 0.021959345787763596, 0.022075088694691658, 0.02211858704686165, 0.022145770490169525], "val_mse": [0.021669935435056686, 0.0217874888330698, 0.021886682137846947, 0.02190667949616909, 0.02203185297548771, 0.022026311606168747, 0.02221198007464409, 0.021959345787763596, 0.022075088694691658, 0.02211858704686165, 0.022145770490169525]}