{"loss": [0.026578092947602272, 0.025793984532356262, 0.02513265609741211, 0.025022903457283974, 0.02471633069217205, 0.024466564878821373, 0.02410651370882988, 0.02379935048520565, 0.023563485592603683, 0.023287741467356682, 0.02315269038081169, 0.023155825212597847], "mse": [0.026578092947602272, 0.025793984532356262, 0.02513265609741211, 0.025022903457283974, 0.02471633069217205, 0.024466564878821373, 0.02410651370882988, 0.02379935048520565, 0.023563485592603683, 0.023287741467356682, 0.02315269038081169, 0.023155825212597847], "val_loss": [0.02967856265604496, 0.028168341144919395, 0.028277914971113205, 0.028496742248535156, 0.028417935594916344, 0.029354635626077652, 0.02936025895178318, 0.029499396681785583, 0.03033960983157158, 0.02947637066245079, 0.029538413509726524, 0.029357105493545532], "val_mse": [0.02967856265604496, 0.028168341144919395, 0.028277914971113205, 0.028496742248535156, 0.028417935594916344, 0.029354635626077652, 0.02936025895178318, 0.029499396681785583, 0.03033960983157158, 0.02947637066245079, 0.029538413509726524, 0.02935710921883583]}