{"loss": [0.0014303193893283606, 0.0002712605055421591, 0.0001757804275257513, 0.00014311826089397073, 0.0001302885211771354, 0.00011595758405746892, 0.00010789436055347323, 0.000106802697700914, 0.00010339327127439901, 9.5754126959946e-05, 9.627479448681697e-05, 9.414320811629295e-05, 9.487100032856688e-05, 9.371584019390866e-05, 8.878285007085651e-05, 8.713185525266454e-05, 8.437060023425147e-05, 8.435113704763353e-05, 8.31154829938896e-05, 9.03582913451828e-05, 8.024844282772392e-05, 8.027932926779613e-05, 7.944185199448839e-05, 7.988129073055461e-05, 7.836533768568188e-05, 8.062639244599268e-05, 7.736602128716186e-05, 7.971283775987104e-05, 7.560590165667236e-05, 8.056198566919193e-05, 7.470990385627374e-05, 7.590654422529042e-05, 7.399705646093935e-05, 7.24649362382479e-05, 7.290022767847404e-05, 7.449611439369619e-05, 7.156409992603585e-05, 7.329119398491457e-05, 7.450210250681266e-05, 7.266076863743365e-05, 7.227918831631541e-05, 6.888298958074301e-05, 7.016646850388497e-05, 7.06009377609007e-05, 7.037015893729404e-05, 7.046948303468525e-05, 6.947159272385761e-05, 6.843644223408774e-05, 7.42507545510307e-05, 6.702930841129273e-05, 6.879577995277941e-05, 6.549699901370332e-05], "mse": [0.0014303192729130387, 0.0002712605055421591, 0.0001757804275257513, 0.00014311826089397073, 0.0001302885211771354, 0.00011595758405746892, 0.00010789436055347323, 0.000106802697700914, 0.00010339327127439901, 9.5754126959946e-05, 9.627479448681697e-05, 9.414320811629295e-05, 9.487100032856688e-05, 9.371584019390866e-05, 8.878285007085651e-05, 8.713185525266454e-05, 8.437060023425147e-05, 8.435113704763353e-05, 8.31154829938896e-05, 9.03582913451828e-05, 8.024844282772392e-05, 8.027932926779613e-05, 7.9441859270446e-05, 7.988129073055461e-05, 7.836533768568188e-05, 8.062639244599268e-05, 7.736602128716186e-05, 7.971283775987104e-05, 7.560590165667236e-05, 8.056198566919193e-05, 7.470990385627374e-05, 7.59065369493328e-05, 7.399705646093935e-05, 7.24649362382479e-05, 7.290022767847404e-05, 7.449611439369619e-05, 7.156409992603585e-05, 7.329119398491457e-05, 7.450210250681266e-05, 7.266076863743365e-05, 7.227918831631541e-05, 6.888298958074301e-05, 7.016646850388497e-05, 7.06009377609007e-05, 7.037015893729404e-05, 7.046948303468525e-05, 6.947159272385761e-05, 6.843644223408774e-05, 7.42507545510307e-05, 6.702930841129273e-05, 6.879577995277941e-05, 6.549699901370332e-05], "val_loss": [0.0005018063820898533, 0.00021472471416927874, 0.0001773305848473683, 0.0001419924956280738, 0.0001356338179903105, 0.00012107452494092286, 0.00011382407683413476, 0.00011352383444318548, 0.00010212321649305522, 0.00010056424798676744, 0.00012281900853849947, 0.00010708416812121868, 0.00010030106932390481, 0.00010108085552928969, 9.55007562879473e-05, 9.554617281537503e-05, 9.238719940185547e-05, 8.832988532958552e-05, 9.296352800447494e-05, 9.157581371255219e-05, 9.299146040575579e-05, 9.277835488319397e-05, 9.278095967601985e-05, 9.000446880236268e-05, 8.762324432609603e-05, 8.947977767093107e-05, 8.935611549532041e-05, 9.470748045714572e-05, 0.00010429337271489203, 8.910984615795314e-05, 8.405375410802662e-05, 8.432390313828364e-05, 8.812958549242467e-05, 8.761696517467499e-05, 8.828368299873546e-05, 8.428385626757517e-05, 0.000123041303595528, 9.269231668440625e-05, 8.324350346811116e-05, 8.564548625145108e-05, 9.120572940446436e-05, 8.300015906570479e-05, 8.881313988240436e-05, 9.451291407458484e-05, 8.585932664573193e-05, 8.656699355924502e-05, 8.536426321370527e-05, 0.00011953000648645684, 9.586235682945698e-05, 8.426221029367298e-05, 8.489920583087951e-05, 8.675747812958434e-05], "val_mse": [0.0005018063820898533, 0.00021472468506544828, 0.0001773305848473683, 0.0001419924956280738, 0.0001356338179903105, 0.00012107452494092286, 0.00011382407683413476, 0.00011352383444318548, 0.00010212320921709761, 0.00010056424798676744, 0.00012281900853849947, 0.00010708416812121868, 0.00010030106932390481, 0.00010108085552928969, 9.55007562879473e-05, 9.554617281537503e-05, 9.238719212589785e-05, 8.832988532958552e-05, 9.296352800447494e-05, 9.157581371255219e-05, 9.299146040575579e-05, 9.277835488319397e-05, 9.278095967601985e-05, 9.000446880236268e-05, 8.762324432609603e-05, 8.947977767093107e-05, 8.935611549532041e-05, 9.470748045714572e-05, 0.00010429337271489203, 8.910984615795314e-05, 8.405375410802662e-05, 8.432390313828364e-05, 8.812958549242467e-05, 8.761696517467499e-05, 8.828368299873546e-05, 8.428385626757517e-05, 0.000123041303595528, 9.269231668440625e-05, 8.324350346811116e-05, 8.564548625145108e-05, 9.120572940446436e-05, 8.300015906570479e-05, 8.881314715836197e-05, 9.451291407458484e-05, 8.585932664573193e-05, 8.656699355924502e-05, 8.536426321370527e-05, 0.00011953000648645684, 9.586235682945698e-05, 8.426221029367298e-05, 8.489920583087951e-05, 8.675747812958434e-05]}