{"loss": [0.002118421019986272, 0.00185379758477211, 0.0016003369819372892, 0.0013341051526367664, 0.0010449298424646258, 0.0007653295760974288, 0.0005556087708100677, 0.00041575366049073637, 0.0002995457616634667, 0.0002114480157615617, 0.00015370608889497817, 0.00012416584650054574, 0.0001099382498068735, 9.632953879190609e-05, 9.136890002992004e-05, 8.531527419108897e-05, 7.265344902407378e-05, 6.722367106704041e-05, 6.802352436352521e-05, 5.8670673752203584e-05, 5.48709649592638e-05, 5.423180482466705e-05, 5.204779881751165e-05, 5.298114410834387e-05, 5.6431621487718076e-05, 6.17222030996345e-05, 5.044693170930259e-05, 4.9549365940038115e-05, 4.31759690400213e-05, 3.7530910049099475e-05, 3.6485056625679135e-05, 3.642791853053495e-05, 3.356536399223842e-05, 3.118942549917847e-05, 3.233298775739968e-05, 3.016783193743322e-05, 3.0203789719962515e-05, 2.8366388505673967e-05, 2.6799883926287293e-05, 2.707149542402476e-05, 2.7548618163564242e-05, 2.565136310295202e-05, 2.564039095886983e-05, 2.4108547222567722e-05, 2.3214995962916873e-05, 2.434198177070357e-05, 2.1925648979959078e-05, 2.276414852531161e-05, 2.287326060468331e-05, 2.184886034228839e-05, 2.1598052626359276e-05, 2.113240770995617e-05, 2.0160350686637685e-05, 1.9723473087651655e-05, 1.9505663658492267e-05, 1.9446335500106215e-05, 1.8718208593782037e-05, 1.7857393686426803e-05], "mse": [0.002118421019986272, 0.00185379758477211, 0.0016003369819372892, 0.0013341051526367664, 0.0010449298424646258, 0.0007653295760974288, 0.0005556087708100677, 0.00041575366049073637, 0.0002995457616634667, 0.0002114480157615617, 0.00015370608889497817, 0.00012416584650054574, 0.0001099382498068735, 9.632953151594847e-05, 9.136890002992004e-05, 8.531526691513136e-05, 7.265344902407378e-05, 6.722367106704041e-05, 6.802352436352521e-05, 5.8670673752203584e-05, 5.48709649592638e-05, 5.423180482466705e-05, 5.204779881751165e-05, 5.2981147746322677e-05, 5.6431621487718076e-05, 6.17222030996345e-05, 5.044693170930259e-05, 4.9549365940038115e-05, 4.31759690400213e-05, 3.7530910049099475e-05, 3.6485056625679135e-05, 3.642791853053495e-05, 3.356536399223842e-05, 3.118942549917847e-05, 3.233298775739968e-05, 3.016783193743322e-05, 3.020379153895192e-05, 2.8366388505673967e-05, 2.6799883926287293e-05, 2.707149542402476e-05, 2.7548618163564242e-05, 2.565136310295202e-05, 2.564039095886983e-05, 2.4108547222567722e-05, 2.3214995962916873e-05, 2.434198177070357e-05, 2.1925648979959078e-05, 2.2764146706322208e-05, 2.2873262423672713e-05, 2.184886034228839e-05, 2.1598050807369873e-05, 2.113240770995617e-05, 2.0160350686637685e-05, 1.9723473087651655e-05, 1.9505663658492267e-05, 1.9446333681116812e-05, 1.8718208593782037e-05, 1.7857393686426803e-05], "val_loss": [0.001962657319381833, 0.0017719814786687493, 0.0015832388307899237, 0.001366588519886136, 0.001134952181018889, 0.0008572049555368721, 0.000628736917860806, 0.0004887838731519878, 0.00043941097101196647, 0.00029797060415148735, 0.0002413828915450722, 0.00022006691142451018, 0.00017855306214187294, 0.00019281449203845114, 0.00016244380094576627, 0.00016767423949204385, 0.00017923857376445085, 0.00015340889513026923, 0.0001696275285212323, 0.00015379543765448034, 0.0001689893688308075, 0.00016037789464462548, 0.00013531495642382652, 0.0001799494057195261, 0.0001398229505866766, 0.00014639853907283396, 0.00019343729945831, 0.00013694100198335946, 0.00013107915583532304, 0.00014149885100778192, 0.00016280416457448155, 0.00013236452650744468, 0.0001279084535781294, 0.00014858177746646106, 0.00014006700075697154, 0.00013311541988514364, 0.0001400850887876004, 0.00012667423288803548, 0.00014799523341935128, 0.00012440858699847013, 0.00012970491661690176, 0.00014951746561564505, 0.00012308814621064812, 0.00012774820788763463, 0.00014130238560028374, 0.0001289660285692662, 0.0001315698609687388, 0.00011527216702234, 0.000134259054902941, 0.00012062563473591581, 0.00011854087642859668, 0.00012947474897373468, 0.00012858168338425457, 0.00011948670726269484, 0.00013313179078977555, 0.00012053218961227685, 0.00012144805077696219, 0.00013332853268366307], "val_mse": [0.001962657319381833, 0.0017719814786687493, 0.0015832388307899237, 0.001366588519886136, 0.001134952181018889, 0.0008572049555368721, 0.000628736917860806, 0.0004887838731519878, 0.00043941097101196647, 0.00029797060415148735, 0.00024138286244124174, 0.00022006689687259495, 0.00017855306214187294, 0.00019281449203845114, 0.00016244380094576627, 0.00016767423949204385, 0.00017923857376445085, 0.00015340889513026923, 0.0001696275285212323, 0.00015379543765448034, 0.0001689893688308075, 0.00016037789464462548, 0.00013531495642382652, 0.0001799494057195261, 0.0001398229505866766, 0.00014639853907283396, 0.00019343729945831, 0.00013694100198335946, 0.00013107915583532304, 0.00014149885100778192, 0.00016280417912639678, 0.00013236452650744468, 0.0001279084535781294, 0.00014858177746646106, 0.00014006700075697154, 0.00013311541988514364, 0.0001400850887876004, 0.00012667423288803548, 0.00014799523341935128, 0.00012440858699847013, 0.00012970491661690176, 0.00014951746561564505, 0.00012308814621064812, 0.00012774820788763463, 0.00014130238560028374, 0.0001289660285692662, 0.0001315698609687388, 0.00011527216702234, 0.000134259054902941, 0.00012062563473591581, 0.00011854087642859668, 0.00012947474897373468, 0.00012858168338425457, 0.00011948670726269484, 0.00013313179078977555, 0.00012053218961227685, 0.00012144805077696219, 0.00013332853268366307]}