{"loss": [0.0036735718604177237, 0.0028011903632432222, 0.0024059980642050505, 0.0022245391737669706, 0.0020812053699046373, 0.0020246857311576605, 0.001962600974366069, 0.00192660978063941, 0.0019056322053074837, 0.001900865463539958, 0.0018804814899340272, 0.0018758306978270411, 0.0018503859173506498, 0.0018579954048618674, 0.001826571999117732, 0.0018373186467215419, 0.0018338391091674566], "mse": [0.0036735718604177237, 0.0028011903632432222, 0.0024059980642050505, 0.0022245391737669706, 0.0020812053699046373, 0.0020246857311576605, 0.001962600974366069, 0.0019266098970547318, 0.0019056322053074837, 0.001900865463539958, 0.0018804814899340272, 0.0018758306978270411, 0.0018503859173506498, 0.0018579954048618674, 0.001826571999117732, 0.0018373186467215419, 0.0018338391091674566], "val_loss": [0.002855443861335516, 0.0023418376222252846, 0.0022115446627140045, 0.001975513296201825, 0.002046038629487157, 0.0019790164660662413, 0.001963434275239706, 0.0019995204638689756, 0.0020754903089255095, 0.0019966750405728817, 0.0020173725206404924, 0.00203360291197896, 0.0020201997831463814, 0.0019716289825737476, 0.0021102658938616514, 0.0020246768835932016, 0.002069498412311077], "val_mse": [0.002855443861335516, 0.0023418376222252846, 0.0022115446627140045, 0.001975513296201825, 0.002046038629487157, 0.0019790164660662413, 0.001963434275239706, 0.0019995204638689756, 0.0020754903089255095, 0.0019966750405728817, 0.0020173725206404924, 0.00203360291197896, 0.0020201997831463814, 0.0019716289825737476, 0.0021102658938616514, 0.0020246768835932016, 0.0020694981794804335]}