{"loss": [0.0030269185081124306, 0.0006459301803261042, 0.00043152994476258755, 0.0003868276544380933, 0.00034631372545845807, 0.0003219284408260137, 0.00031447765650227666, 0.00030009192414581776, 0.0002920273400377482, 0.000275850179605186, 0.00027458983822725713, 0.00027392138144932687, 0.0002616314450278878, 0.0002578627900220454, 0.0002571114164311439, 0.0002568615018390119, 0.0002555236278567463, 0.0002441524702589959, 0.00023737795709166676, 0.0002473430649843067, 0.00023854257597122341, 0.00024085145560093224, 0.00023545809381175786, 0.0002346181427128613, 0.00022881543554831296, 0.00022215906938072294, 0.00022679794346913695, 0.0002245565556222573, 0.00022437512234319001, 0.0002429853775538504, 0.0002167948696296662, 0.00021786236902698874, 0.00021927007765043527, 0.00023104863066691905, 0.0002105152962030843, 0.00020881721866317093, 0.00020941245020367205, 0.00020869635045528412, 0.00021650407870765775, 0.00021416172967292368, 0.00020556114031933248, 0.0002018502855207771, 0.00020341029448900372, 0.00019967215484939516, 0.00019806961063295603, 0.00019942196377087384, 0.00019696675008162856, 0.00019717949908226728, 0.00019544255337677896, 0.0001905048848129809, 0.00019474535656627268, 0.00018936835112981498, 0.0001852804416557774, 0.00019507380784489214, 0.00019894186698365957], "mse": [0.0030269185081124306, 0.0006459301803261042, 0.00043152994476258755, 0.0003868276544380933, 0.00034631372545845807, 0.0003219284408260137, 0.00031447765650227666, 0.00030009192414581776, 0.0002920273400377482, 0.000275850179605186, 0.00027458983822725713, 0.00027392138144932687, 0.0002616314450278878, 0.0002578627900220454, 0.0002571114164311439, 0.0002568615018390119, 0.0002555236278567463, 0.0002441524702589959, 0.00023737795709166676, 0.0002473430649843067, 0.00023854257597122341, 0.00024085145560093224, 0.00023545809381175786, 0.0002346181427128613, 0.00022881543554831296, 0.00022215906938072294, 0.00022679794346913695, 0.0002245565556222573, 0.00022437512234319001, 0.0002429853775538504, 0.0002167948696296662, 0.00021786236902698874, 0.00021927007765043527, 0.00023104863066691905, 0.0002105152962030843, 0.00020881721866317093, 0.00020941245020367205, 0.00020869635045528412, 0.00021650407870765775, 0.00021416172967292368, 0.00020556114031933248, 0.0002018502855207771, 0.00020341029448900372, 0.00019967215484939516, 0.00019806961063295603, 0.00019942196377087384, 0.00019696675008162856, 0.00019717949908226728, 0.00019544255337677896, 0.0001905048848129809, 0.00019474535656627268, 0.00018936835112981498, 0.0001852804416557774, 0.00019507380784489214, 0.00019894186698365957], "val_loss": [0.0013345335610210896, 0.0008505780133418739, 0.0006283431430347264, 0.0005602170713245869, 0.0005354518652893603, 0.0005342958611436188, 0.0005158400163054466, 0.0005313836154527962, 0.00048819114454090595, 0.0004630103358067572, 0.0004765497287735343, 0.0005275263101793826, 0.0004956504562869668, 0.0004478017217479646, 0.00044446808169595897, 0.00045975815737619996, 0.00044262580922804773, 0.0004882735665887594, 0.000430849235272035, 0.00045080724521540105, 0.0004802329931408167, 0.00044230985804460943, 0.0005179861327633262, 0.0004384941712487489, 0.00042759510688483715, 0.00047182038542814553, 0.0004429748223628849, 0.00045162742026150227, 0.0004222261777613312, 0.00041846209205687046, 0.000465800694655627, 0.0004630247422028333, 0.00041945622069761157, 0.00043983935029245913, 0.00040351145435124636, 0.0004065618559252471, 0.00040142712532542646, 0.0004260037385392934, 0.0004064790264237672, 0.00042876903899013996, 0.00040787283796817064, 0.000419225194491446, 0.00040287160663865507, 0.00039963333983905613, 0.00039018288953229785, 0.0004013690340798348, 0.0004033200675621629, 0.00040179421193897724, 0.0003968102391809225, 0.0003979514294769615, 0.00040282148984260857, 0.0004007737443316728, 0.0003959720488637686, 0.0004521709051914513, 0.0004621326515916735], "val_mse": [0.0013345335610210896, 0.0008505780133418739, 0.0006283431430347264, 0.0005602170713245869, 0.0005354518652893603, 0.0005342958611436188, 0.0005158400163054466, 0.0005313836154527962, 0.00048819108633324504, 0.0004630103358067572, 0.0004765497287735343, 0.0005275263101793826, 0.0004956504562869668, 0.0004478017217479646, 0.00044446808169595897, 0.00045975815737619996, 0.00044262580922804773, 0.0004882735665887594, 0.000430849235272035, 0.00045080724521540105, 0.0004802329931408167, 0.00044230985804460943, 0.0005179861327633262, 0.0004384941712487489, 0.00042759510688483715, 0.00047182038542814553, 0.0004429748223628849, 0.00045162742026150227, 0.0004222261777613312, 0.00041846209205687046, 0.00046580060734413564, 0.0004630247422028333, 0.00041945622069761157, 0.00043983935029245913, 0.00040351145435124636, 0.0004065618559252471, 0.00040142712532542646, 0.0004260037385392934, 0.0004064790264237672, 0.00042876903899013996, 0.00040787283796817064, 0.000419225194491446, 0.00040287160663865507, 0.00039963333983905613, 0.00039018288953229785, 0.0004013690340798348, 0.0004033200675621629, 0.00040179421193897724, 0.0003968102391809225, 0.0003979514294769615, 0.00040282148984260857, 0.0004007737443316728, 0.0003959720488637686, 0.0004521709051914513, 0.0004621326515916735]}