{"loss": [0.002442820928990841, 0.0011354864109307528, 0.0005171149387024343, 0.0003886883205268532, 0.00032667533378116786, 0.00030123497708700597, 0.0002905297151301056, 0.0002709234831854701, 0.00025770344655029476, 0.00024773634504526854, 0.00023369064729195088, 0.00023075792705640197, 0.00023315486032515764, 0.00023328392126131803, 0.00022227689623832703, 0.00021968342480249703, 0.0002278134343214333, 0.00021792291954625398, 0.00021246202231850475, 0.00021622204803861678, 0.00020824377133976668, 0.00020227907225489616, 0.00020079789101146162, 0.00020984825096093118, 0.00020039628725498915, 0.00020127811876591295, 0.00019030619296245277, 0.00019370303198229522, 0.00019454160064924508, 0.00019256416999269277, 0.00020960104302503169, 0.00019230396719649434, 0.0001901695941342041, 0.00018579079187475145], "mse": [0.002442820928990841, 0.0011354864109307528, 0.0005171149387024343, 0.0003886882623191923, 0.00032667533378116786, 0.00030123497708700597, 0.0002905297151301056, 0.0002709234831854701, 0.00025770344655029476, 0.00024773634504526854, 0.00023369064729195088, 0.00023075792705640197, 0.00023315486032515764, 0.00023328392126131803, 0.00022227689623832703, 0.00021968342480249703, 0.0002278134343214333, 0.00021792291954625398, 0.00021246202231850475, 0.00021622204803861678, 0.00020824377133976668, 0.00020227907225489616, 0.00020079789101146162, 0.00020984825096093118, 0.00020039628725498915, 0.00020127811876591295, 0.00019030619296245277, 0.00019370303198229522, 0.00019454160064924508, 0.00019256416999269277, 0.00020960104302503169, 0.0001923039963003248, 0.0001901695941342041, 0.00018579079187475145], "val_loss": [0.001462138257920742, 0.0006065241759642959, 0.0003373126673977822, 0.0002919127291534096, 0.0002867522416636348, 0.000286810623947531, 0.00025834288680925965, 0.0002359924401389435, 0.00022612407337874174, 0.0002511811617296189, 0.00021588802337646484, 0.000215760781429708, 0.0002261720219394192, 0.00021488893253263086, 0.00021169614046812057, 0.00022788265778217465, 0.00026253313990309834, 0.0002206252538599074, 0.0002206393692176789, 0.00022902744240127504, 0.00020320694602560252, 0.0002098713448503986, 0.00021042587468400598, 0.00020292993576731533, 0.00020398080232553184, 0.00020325252262409776, 0.00022485949739348143, 0.0002237066946690902, 0.0002070668269880116, 0.00021197307796683162, 0.0002368280984228477, 0.0002261464251205325, 0.00021347044094000012, 0.00021251043654046953], "val_mse": [0.001462138257920742, 0.0006065241759642959, 0.0003373126673977822, 0.0002919127291534096, 0.0002867522416636348, 0.000286810623947531, 0.00025834288680925965, 0.0002359924401389435, 0.00022612407337874174, 0.0002511811617296189, 0.00021588800882454962, 0.000215760781429708, 0.0002261720219394192, 0.00021488896163646132, 0.00021169614046812057, 0.00022788265778217465, 0.00026253313990309834, 0.0002206252538599074, 0.0002206393692176789, 0.00022902744240127504, 0.00020320694602560252, 0.0002098713448503986, 0.00021042587468400598, 0.00020292993576731533, 0.00020398080232553184, 0.00020325252262409776, 0.00022485949739348143, 0.0002237066946690902, 0.0002070668269880116, 0.00021197307796683162, 0.0002368280984228477, 0.00022614645422436297, 0.00021347044094000012, 0.00021251043654046953]}