{"loss": [0.004832195118069649, 0.0013160858070477843, 0.0006709141889587045, 0.0004294626123737544, 0.00028133782325312495, 0.00020679773297160864, 0.0001687345647951588, 0.00015098173753358424, 0.0001289322244701907, 0.0001098272914532572, 0.00010437105083838105, 0.00010176168143516406, 0.00010084304813062772, 9.871009388007224e-05, 8.132120274240151e-05, 8.192243694793433e-05, 7.860955520300195e-05, 7.865128281991929e-05, 7.250224734889343e-05, 6.821640999987721e-05, 7.12161636329256e-05, 6.576088344445452e-05, 6.651287549175322e-05, 6.829333142377436e-05, 6.42211816739291e-05, 5.980898640700616e-05, 5.8884401369141415e-05, 6.543705967487767e-05, 6.250744627323002e-05, 6.081214814912528e-05, 6.811306957388297e-05, 5.356777546694502e-05, 5.211799361859448e-05, 5.308701656758785e-05, 5.203701584832743e-05, 5.33486163476482e-05, 6.386774475686252e-05, 5.429090015240945e-05, 5.3805630159331486e-05, 5.322387005435303e-05, 5.049148967373185e-05, 4.9254802434006706e-05, 5.14345447300002e-05, 5.218760634306818e-05, 5.194918776396662e-05, 5.042315387981944e-05, 5.373467138269916e-05, 4.8597106797387823e-05, 4.982256723451428e-05, 4.458972762222402e-05, 5.0810700486181304e-05, 4.3691135942935944e-05, 4.449059269973077e-05, 5.68559298699256e-05, 4.883321525994688e-05, 4.458821422304027e-05, 4.671792339649983e-05, 4.259396519046277e-05, 4.312957025831565e-05, 4.6914330596337095e-05, 4.197667658445425e-05, 4.1474111640127376e-05, 3.997512976638973e-05, 4.3010732042603195e-05, 4.4859436457045376e-05, 4.029811316286214e-05, 5.1252365665277466e-05, 4.277548214304261e-05], "mse": [0.004832195118069649, 0.0013160858070477843, 0.0006709141889587045, 0.0004294626123737544, 0.00028133782325312495, 0.00020679773297160864, 0.0001687345647951588, 0.00015098173753358424, 0.0001289322244701907, 0.0001098272914532572, 0.00010437105083838105, 0.00010176168143516406, 0.00010084304813062772, 9.871009388007224e-05, 8.132120274240151e-05, 8.192243694793433e-05, 7.860955520300195e-05, 7.865128281991929e-05, 7.250224734889343e-05, 6.821639544796199e-05, 7.12161636329256e-05, 6.576088344445452e-05, 6.651287549175322e-05, 6.829333142377436e-05, 6.42211816739291e-05, 5.980898640700616e-05, 5.8884401369141415e-05, 6.543705967487767e-05, 6.250744627323002e-05, 6.081214814912528e-05, 6.811306957388297e-05, 5.356777546694502e-05, 5.211799361859448e-05, 5.308701656758785e-05, 5.203701584832743e-05, 5.33486163476482e-05, 6.386774475686252e-05, 5.429090015240945e-05, 5.3805630159331486e-05, 5.322387005435303e-05, 5.049148967373185e-05, 4.9254802434006706e-05, 5.14345447300002e-05, 5.218760634306818e-05, 5.194918776396662e-05, 5.042315387981944e-05, 5.373467138269916e-05, 4.8597106797387823e-05, 4.982256723451428e-05, 4.458972762222402e-05, 5.0810700486181304e-05, 4.3691135942935944e-05, 4.449059269973077e-05, 5.68559298699256e-05, 4.883321525994688e-05, 4.458821422304027e-05, 4.671792339649983e-05, 4.259396519046277e-05, 4.312957025831565e-05, 4.6914330596337095e-05, 4.197667658445425e-05, 4.1474111640127376e-05, 3.997512976638973e-05, 4.3010732042603195e-05, 4.4859436457045376e-05, 4.029811316286214e-05, 5.1252365665277466e-05, 4.277548214304261e-05], "val_loss": [0.0017726096557453275, 0.0009287414723075926, 0.0006036819540895522, 0.0003855401009786874, 0.0002860712993424386, 0.00020177596888970584, 0.00016527478874195367, 0.0001627392484806478, 0.00016335265536326915, 0.00014829316933173686, 0.00012869933561887592, 0.00011966225429205224, 0.0001350865204585716, 0.00011224187619518489, 0.00011252360127400607, 0.00011176957923453301, 0.00010667951573850587, 0.00010623387788655236, 0.00010808892693603411, 9.405466698808596e-05, 0.00010787390056066215, 9.209625568473712e-05, 0.00010292226215824485, 0.00010017418389907107, 9.086351201403886e-05, 8.807277481537312e-05, 9.24963314901106e-05, 8.605382754467428e-05, 8.596427505835891e-05, 8.377325866604224e-05, 8.85729314177297e-05, 7.895206363173202e-05, 7.937694317661226e-05, 8.273546700365841e-05, 7.847775850677863e-05, 8.265078213298693e-05, 8.688723028171808e-05, 8.442382386419922e-05, 9.098606096813455e-05, 7.717911648796871e-05, 7.980657392181456e-05, 8.478225936414674e-05, 7.591106259496883e-05, 0.00010970675066346303, 8.391676237806678e-05, 8.065329166129231e-05, 8.456557407043874e-05, 7.382992043858394e-05, 8.693952258909121e-05, 7.8233664680738e-05, 7.677703979425132e-05, 7.37805530661717e-05, 7.772107346681878e-05, 0.00011230483505642042, 7.77297536842525e-05, 8.137866825563833e-05, 7.578528311569244e-05, 7.125257980078459e-05, 0.00010406981891719624, 7.759794971207157e-05, 7.701646245550364e-05, 7.289888162631541e-05, 7.674371590837836e-05, 7.461512723239139e-05, 7.259596895892173e-05, 7.719037967035547e-05, 8.465030987281352e-05, 8.548593177692965e-05], "val_mse": [0.0017726096557453275, 0.0009287414723075926, 0.0006036819540895522, 0.0003855401009786874, 0.0002860712993424386, 0.00020177598344162107, 0.00016527478874195367, 0.0001627392484806478, 0.00016335265536326915, 0.00014829316933173686, 0.00012869933561887592, 0.00011966225429205224, 0.0001350865204585716, 0.00011224187619518489, 0.00011252360127400607, 0.00011176957923453301, 0.00010667951573850587, 0.00010623387788655236, 0.00010808892693603411, 9.405466698808596e-05, 0.00010787390056066215, 9.209625568473712e-05, 0.00010292226215824485, 0.00010017418389907107, 9.086351201403886e-05, 8.807277481537312e-05, 9.249635331798345e-05, 8.605382754467428e-05, 8.596427505835891e-05, 8.377325866604224e-05, 8.85729314177297e-05, 7.895206363173202e-05, 7.937694317661226e-05, 8.273546700365841e-05, 7.847775850677863e-05, 8.265078213298693e-05, 8.688723028171808e-05, 8.442382386419922e-05, 9.098606096813455e-05, 7.717911648796871e-05, 7.980657392181456e-05, 8.478225936414674e-05, 7.591106259496883e-05, 0.00010970676521537825, 8.391676237806678e-05, 8.065329166129231e-05, 8.456557407043874e-05, 7.382992043858394e-05, 8.693952258909121e-05, 7.8233664680738e-05, 7.677703979425132e-05, 7.37805530661717e-05, 7.772107346681878e-05, 0.00011230483505642042, 7.77297536842525e-05, 8.137866825563833e-05, 7.578528311569244e-05, 7.125257980078459e-05, 0.00010406981891719624, 7.759795698802918e-05, 7.701646245550364e-05, 7.289888162631541e-05, 7.674371590837836e-05, 7.461512723239139e-05, 7.259596895892173e-05, 7.719037967035547e-05, 8.465030987281352e-05, 8.548593177692965e-05]}