{"loss": [0.0025514301378279924, 0.0017394566675648093, 0.0013801910681650043, 0.0011405416298657656, 0.0009093052940443158, 0.0007094022585079074, 0.0006126766675151885, 0.0005505939479917288, 0.0005120538407936692, 0.00048229406820610166, 0.00046645887778140604, 0.00044758309377357364, 0.0004410038236528635, 0.0004289581847842783, 0.000437349546700716, 0.00041200389387086034, 0.00040311802877113223, 0.00039031379856169224, 0.00038778531597927213, 0.0003830427012871951, 0.00037971590063534677, 0.00037575740134343505, 0.00037156319012865424, 0.0003662637318484485, 0.0003605205565690994, 0.0003621620126068592, 0.0003642857482191175, 0.0003621583746280521, 0.00035192599170841277, 0.0003399367560632527, 0.00033668699325062335, 0.00034026161301881075, 0.0003307980368845165, 0.0003363816358614713, 0.0003321139083709568], "mse": [0.0025514301378279924, 0.0017394566675648093, 0.0013801910681650043, 0.0011405416298657656, 0.0009093052940443158, 0.0007094022585079074, 0.0006126766675151885, 0.0005505940061993897, 0.0005120538407936692, 0.00048229406820610166, 0.00046645887778140604, 0.00044758309377357364, 0.0004410038236528635, 0.0004289581847842783, 0.000437349546700716, 0.00041200389387086034, 0.00040311802877113223, 0.00039031385676935315, 0.00038778531597927213, 0.0003830427012871951, 0.00037971590063534677, 0.00037575740134343505, 0.00037156319012865424, 0.0003662637318484485, 0.0003605205565690994, 0.0003621620126068592, 0.0003642857482191175, 0.0003621583746280521, 0.00035192599170841277, 0.0003399367560632527, 0.00033668699325062335, 0.00034026161301881075, 0.0003307980368845165, 0.0003363816358614713, 0.0003321139083709568], "val_loss": [0.00219375966116786, 0.001312307664193213, 0.0011730429250746965, 0.000847399584017694, 0.0007387358346022666, 0.0007140845991671085, 0.0005718506290577352, 0.0005347483092918992, 0.00048154190881177783, 0.00046241949894465506, 0.0004550493322312832, 0.00044206035090610385, 0.0004533858154900372, 0.0004549730510916561, 0.0005272928392514586, 0.00043824719614349306, 0.00045086024329066277, 0.00044204332516528666, 0.000424038153141737, 0.0004277951084077358, 0.0004282868467271328, 0.0004634978831745684, 0.0004377591540105641, 0.00044272281229496, 0.0004131485184188932, 0.00044174824142828584, 0.0004330904339440167, 0.00042087765177711844, 0.0004396667645778507, 0.00042658980237320065, 0.0004315529076848179, 0.00046197991468943655, 0.00042820890666916966, 0.0004428914689924568, 0.00043367836042307317], "val_mse": [0.00219375966116786, 0.001312307664193213, 0.0011730429250746965, 0.000847399584017694, 0.0007387358346022666, 0.0007140846573747694, 0.0005718506290577352, 0.0005347483092918992, 0.00048154190881177783, 0.00046241949894465506, 0.0004550493322312832, 0.00044206035090610385, 0.0004533858154900372, 0.0004549730510916561, 0.0005272928392514586, 0.00043824719614349306, 0.00045086024329066277, 0.00044204332516528666, 0.000424038153141737, 0.0004277951084077358, 0.0004282868467271328, 0.0004634978831745684, 0.0004377591540105641, 0.00044272281229496, 0.0004131485184188932, 0.00044174824142828584, 0.0004330904339440167, 0.00042087765177711844, 0.0004396667645778507, 0.00042658980237320065, 0.0004315529076848179, 0.00046197991468943655, 0.00042820890666916966, 0.00044289143988862634, 0.00043367836042307317]}