{"loss": [0.0022363760508596897, 0.001978073036298156, 0.0017303444910794497, 0.0014964720467105508, 0.0012291350867599249, 0.000980226555839181, 0.0007779441075399518, 0.0006037645507603884, 0.00046495217247866094, 0.0003400397254154086, 0.00024371242034249008, 0.000186259436304681, 0.00016584291006438434, 0.00015985833306331187, 0.00014445783745031804, 0.0001326571509707719, 0.00011830759467557073, 0.00011128444748464972, 0.00010154412302654237, 0.00010039445623988286, 9.634568414185196e-05, 9.603578655514866e-05, 9.095639688894153e-05, 8.27099647722207e-05, 8.364389213966206e-05, 8.180980512406677e-05, 7.471146818716079e-05, 7.753777026664466e-05, 6.705895066261292e-05, 6.580187618965283e-05, 6.258061330299824e-05, 6.031522207194939e-05, 5.887406223337166e-05, 5.877305375179276e-05, 5.702029375243001e-05, 5.648362639476545e-05, 5.3105941333342344e-05, 5.3516949265031144e-05, 5.4264011851046234e-05, 5.273746864986606e-05, 4.9257556383963674e-05, 4.8439367674291134e-05, 4.8390618758276105e-05, 4.7020730562508106e-05, 4.400299076223746e-05, 4.3936637666774914e-05, 4.1950144805014133e-05, 3.9824473788030446e-05, 3.9716185710858554e-05, 3.8841328205307946e-05, 4.116856143809855e-05, 3.8913407479412854e-05, 3.98992451664526e-05, 3.9655828004470095e-05, 3.8709007640136406e-05, 3.6481193092186004e-05, 3.6445115256356075e-05, 3.421960718696937e-05, 3.407284748391248e-05, 3.5471523005981e-05, 3.438707790337503e-05, 3.27413399645593e-05, 3.280631062807515e-05, 3.201004074071534e-05, 3.008445492014289e-05, 2.9681750675081275e-05, 2.942230275948532e-05, 3.196138277417049e-05, 2.8588328859768808e-05, 2.8639091397053562e-05, 3.180634666932747e-05, 3.341616320540197e-05, 2.92427466774825e-05, 2.8050581022398546e-05, 2.816883716150187e-05, 2.751513420662377e-05, 2.5607068891986273e-05, 2.841741661541164e-05, 2.719828080444131e-05, 2.537159889470786e-05, 2.5396471755811945e-05, 2.8374368412187323e-05, 2.4485441826982424e-05, 2.4821594706736505e-05, 2.2569945940631442e-05, 2.2933723812457174e-05, 2.2767624614061788e-05, 2.223326919192914e-05, 2.138835952791851e-05, 2.5857045329757966e-05, 2.5791838197619654e-05, 2.7938178391195834e-05, 2.430744279990904e-05, 2.288822906848509e-05], "mse": [0.0022363760508596897, 0.001978073036298156, 0.0017303444910794497, 0.0014964720467105508, 0.0012291350867599249, 0.000980226555839181, 0.0007779441075399518, 0.0006037645507603884, 0.00046495217247866094, 0.0003400397254154086, 0.00024371242034249008, 0.000186259436304681, 0.00016584291006438434, 0.00015985833306331187, 0.00014445783745031804, 0.0001326571509707719, 0.00011830759467557073, 0.00011128444748464972, 0.00010154412302654237, 0.00010039445623988286, 9.634567686589435e-05, 9.603578655514866e-05, 9.095639688894153e-05, 8.27099647722207e-05, 8.364389213966206e-05, 8.180980512406677e-05, 7.471146818716079e-05, 7.753777026664466e-05, 6.705895066261292e-05, 6.58018616377376e-05, 6.258061330299824e-05, 6.03152257099282e-05, 5.887406223337166e-05, 5.877305375179276e-05, 5.702029375243001e-05, 5.648362639476545e-05, 5.3105941333342344e-05, 5.3516949265031144e-05, 5.4264011851046234e-05, 5.273746864986606e-05, 4.9257556383963674e-05, 4.8439367674291134e-05, 4.8390618758276105e-05, 4.7020730562508106e-05, 4.400299076223746e-05, 4.3936634028796107e-05, 4.1950144805014133e-05, 3.9824473788030446e-05, 3.9716185710858554e-05, 3.8841328205307946e-05, 4.116856143809855e-05, 3.8913407479412854e-05, 3.98992451664526e-05, 3.9655828004470095e-05, 3.8709007640136406e-05, 3.6481193092186004e-05, 3.6445115256356075e-05, 3.421960718696937e-05, 3.407284748391248e-05, 3.5471523005981e-05, 3.438707790337503e-05, 3.27413399645593e-05, 3.280631062807515e-05, 3.201004074071534e-05, 3.008445492014289e-05, 2.9681750675081275e-05, 2.942230275948532e-05, 3.196138277417049e-05, 2.8588328859768808e-05, 2.8639091397053562e-05, 3.180634666932747e-05, 3.341616320540197e-05, 2.92427466774825e-05, 2.8050581022398546e-05, 2.816883716150187e-05, 2.751513420662377e-05, 2.5607068891986273e-05, 2.841741661541164e-05, 2.719828080444131e-05, 2.537159889470786e-05, 2.5396471755811945e-05, 2.8374368412187323e-05, 2.4485441826982424e-05, 2.4821594706736505e-05, 2.2569945940631442e-05, 2.2933723812457174e-05, 2.2767624614061788e-05, 2.223326919192914e-05, 2.138835952791851e-05, 2.5857045329757966e-05, 2.5791838197619654e-05, 2.7938178391195834e-05, 2.4307444618898444e-05, 2.288822906848509e-05], "val_loss": [0.0018837716197595, 0.0016532127046957612, 0.001496560056693852, 0.001277371309697628, 0.0010898939799517393, 0.0008654032135382295, 0.0006650782888755202, 0.0004897203180007637, 0.000370909518096596, 0.00026563103892840445, 0.00020118356042075902, 0.00017895898781716824, 0.00015366944717243314, 0.00016065772797446698, 0.0001243700535269454, 0.00012530879757832736, 0.00010690512135624886, 0.00010541385563556105, 0.00010445380758028477, 0.0001037203473970294, 9.818852413445711e-05, 0.00011563538282644004, 9.155410225503147e-05, 8.536399400327355e-05, 0.00010084688983624801, 8.812195301288739e-05, 9.31794784264639e-05, 8.263035851996392e-05, 8.322375651914626e-05, 7.673028449062258e-05, 7.57494563004002e-05, 7.612803892698139e-05, 7.507929694838822e-05, 7.529380673076957e-05, 7.739204011159018e-05, 7.081776857376099e-05, 6.880504224682227e-05, 7.78653338784352e-05, 7.446674862876534e-05, 6.747744919266552e-05, 6.936660793144256e-05, 7.124825060600415e-05, 7.209238538052887e-05, 6.643461529165506e-05, 6.552669947268441e-05, 6.413054506992921e-05, 6.406124157365412e-05, 6.0548587498487905e-05, 6.372325879056007e-05, 6.663340900558978e-05, 6.587228563148528e-05, 6.704420957248658e-05, 6.215181201696396e-05, 7.115036714822054e-05, 6.0883477999595925e-05, 6.150231638457626e-05, 5.897121809539385e-05, 5.867282743565738e-05, 6.227496487554163e-05, 5.948339821770787e-05, 5.9333524404792115e-05, 7.158694643294439e-05, 5.643519034492783e-05, 6.290974852163345e-05, 5.749443516833708e-05, 5.508766116690822e-05, 7.475778693333268e-05, 5.549439083551988e-05, 5.5502878240076825e-05, 5.5511609389213845e-05, 7.778352301102132e-05, 5.548170884139836e-05, 5.821281229145825e-05, 5.497317761182785e-05, 6.260776717681438e-05, 5.4549629567191005e-05, 5.768042683484964e-05, 5.284003054839559e-05, 5.7206616475014016e-05, 5.201012754696421e-05, 5.626584606943652e-05, 5.571306246565655e-05, 6.342996493913233e-05, 5.180879816180095e-05, 5.615378177026287e-05, 5.371207953430712e-05, 5.95743658777792e-05, 5.456733197206631e-05, 5.2905495977029204e-05, 5.416149360826239e-05, 7.293825910892338e-05, 5.9168192819925025e-05, 5.8565172366797924e-05, 5.49223150301259e-05],