{"loss": [0.00506478501483798, 0.004277090076357126, 0.00363380229100585, 0.0029591612983494997, 0.00231441343203187, 0.0017788400873541832, 0.001405090093612671, 0.0011509379837661982, 0.000992970890365541, 0.0008486869046464562, 0.0007337662391364574, 0.0006282972753979266, 0.0005202427855692804, 0.0004761723685078323, 0.0004947404377162457, 0.00040077947778627276, 0.0003842004807665944, 0.0003729073505382985, 0.0003651384904514998, 0.00035721782478503883, 0.0003116749576292932, 0.0003097824228461832, 0.0003181262291036546, 0.00030673466972075403, 0.0002856296778190881, 0.0002691950066946447, 0.000273202225798741, 0.00025903849746100605, 0.0002497769892215729, 0.00025202817050740123, 0.00025129225105047226, 0.00024070176004897803, 0.0002414971822872758, 0.00024406317970715463, 0.00024436769308522344, 0.00024083777680061758, 0.00022352635278366506, 0.00023634354874957353, 0.00022358004935085773, 0.00022192392498254776, 0.00021784966520499438, 0.00021502100571524352, 0.0002263829082949087], "mse": [0.00506478501483798, 0.004277090076357126, 0.00363380229100585, 0.0029591612983494997, 0.00231441343203187, 0.0017788400873541832, 0.001405090093612671, 0.0011509379837661982, 0.000992970890365541, 0.0008486869046464562, 0.0007337662391364574, 0.0006282972753979266, 0.0005202427855692804, 0.0004761723685078323, 0.0004947404377162457, 0.00040077947778627276, 0.0003842004807665944, 0.0003729073505382985, 0.0003651384904514998, 0.00035721782478503883, 0.0003116749576292932, 0.0003097824228461832, 0.0003181262291036546, 0.00030673466972075403, 0.0002856296778190881, 0.0002691950066946447, 0.000273202225798741, 0.00025903849746100605, 0.0002497769892215729, 0.00025202817050740123, 0.00025129225105047226, 0.00024070176004897803, 0.0002414971822872758, 0.00024406317970715463, 0.00024436769308522344, 0.00024083777680061758, 0.00022352635278366506, 0.00023634354874957353, 0.00022358004935085773, 0.00022192392498254776, 0.00021784965065307915, 0.00021502100571524352, 0.0002263829082949087], "val_loss": [0.0035116509534418583, 0.002992930356413126, 0.0026213962119072676, 0.0020823965314775705, 0.0016348790377378464, 0.0012296851491555572, 0.0008993032388389111, 0.0007189918542280793, 0.0006552250124514103, 0.0005754886078648269, 0.0005061511765234172, 0.0004381783364806324, 0.00039861080585978925, 0.00039407136500813067, 0.00036428924067877233, 0.00036473985528573394, 0.000411937857279554, 0.0003507489454932511, 0.0003370343765709549, 0.0003485037013888359, 0.000320475606713444, 0.0003743956331163645, 0.0003483826294541359, 0.000315426237648353, 0.00034332129871472716, 0.0003725673886947334, 0.00030255899764597416, 0.0003002112789545208, 0.00029910902958363295, 0.0003065256751142442, 0.00029811079730279744, 0.0003043764445465058, 0.00028635523631237447, 0.00036402512341737747, 0.0003021142620127648, 0.00030280958162620664, 0.00029240379808470607, 0.0003031319356523454, 0.00029595239902846515, 0.00028743044822476804, 0.0002983486629091203, 0.000287888222374022, 0.00032496469793841243], "val_mse": [0.0035116509534418583, 0.002992930356413126, 0.002621395979076624, 0.0020823965314775705, 0.0016348790377378464, 0.0012296851491555572, 0.0008993032388389111, 0.0007189918542280793, 0.0006552250124514103, 0.0005754886078648269, 0.0005061511183157563, 0.0004381782782729715, 0.00039861080585978925, 0.00039407136500813067, 0.00036428924067877233, 0.00036473985528573394, 0.000411937857279554, 0.0003507489454932511, 0.0003370343765709549, 0.0003485037013888359, 0.000320475606713444, 0.0003743956331163645, 0.0003483826294541359, 0.000315426237648353, 0.00034332129871472716, 0.0003725673886947334, 0.00030255899764597416, 0.0003002112789545208, 0.00029910902958363295, 0.0003065256751142442, 0.00029811079730279744, 0.0003043764445465058, 0.00028635523631237447, 0.00036402512341737747, 0.0003021142620127648, 0.00030280958162620664, 0.0002924037689808756, 0.0003031319356523454, 0.00029595239902846515, 0.00028743044822476804, 0.0002983486629091203, 0.000287888222374022, 0.00032496469793841243]}