{"loss": [0.002175981877371669, 0.0017354516312479973, 0.0013992690946906805, 0.001151485019363463, 0.0009676885092630982, 0.0007617322844453156, 0.0006196986068971455, 0.00044272077502682805, 0.0003083110204897821, 0.00022539720521308482, 0.00015582190826535225, 0.00012371246702969074, 9.683533426141366e-05, 8.85081390151754e-05, 8.160165452864021e-05, 7.087237463565543e-05, 6.413632945623249e-05, 5.775276804342866e-05, 5.368328493204899e-05, 5.135111859999597e-05, 4.68333819299005e-05, 4.474053275771439e-05, 4.240831549395807e-05, 3.94037997466512e-05, 3.72122522094287e-05, 3.4784545277943835e-05, 3.1898591259960085e-05, 3.116509105893783e-05, 2.8602895326912403e-05, 2.674113420653157e-05, 2.8645052225328982e-05, 2.5717930839164183e-05, 2.363676503591705e-05, 2.4872071662684903e-05, 2.3802735086064786e-05, 2.1361180188250728e-05, 2.059320468106307e-05, 1.912265179271344e-05, 2.1119562006788328e-05, 1.8990594981005415e-05, 1.8398346583126113e-05, 1.9457678718026727e-05, 1.5856967365834862e-05, 1.5690697182435542e-05, 1.4857658243272454e-05, 1.3824354027747177e-05, 1.2797837371181231e-05, 1.265804712602403e-05, 1.209301899507409e-05, 1.1936650480492972e-05, 1.388045166095253e-05, 1.3659036085300613e-05, 1.121723198593827e-05, 1.0679036677174736e-05, 1.0335652405046858e-05, 1.0348639989388175e-05, 1.0303629096597433e-05, 9.28942517930409e-06, 8.742319550947286e-06, 8.668898772157263e-06, 8.49000753078144e-06, 8.940256520872936e-06, 9.316373507317621e-06, 9.426278666069265e-06, 9.880475772661157e-06, 9.326756298833061e-06, 7.773279321554583e-06, 8.356588296010159e-06, 9.066026905202307e-06, 8.731154593988322e-06, 8.759730008023325e-06, 6.986352673266083e-06, 6.304993348749122e-06, 6.485146059276303e-06, 6.998866410867777e-06, 6.311511242529377e-06, 6.18815920461202e-06, 6.120638317952398e-06, 5.3570793170365505e-06], "mse": [0.002175981877371669, 0.0017354516312479973, 0.0013992690946906805, 0.001151485019363463, 0.0009676885092630982, 0.0007617322844453156, 0.0006196986068971455, 0.00044272077502682805, 0.0003083110204897821, 0.00022539720521308482, 0.00015582190826535225, 0.00012371246702969074, 9.683533426141366e-05, 8.85081390151754e-05, 8.160165452864021e-05, 7.087237463565543e-05, 6.413632945623249e-05, 5.775276804342866e-05, 5.368328493204899e-05, 5.135111859999597e-05, 4.68333819299005e-05, 4.4740529119735584e-05, 4.240831549395807e-05, 3.94037997466512e-05, 3.72122522094287e-05, 3.4784545277943835e-05, 3.1898591259960085e-05, 3.116509105893783e-05, 2.8602895326912403e-05, 2.674113420653157e-05, 2.8645052225328982e-05, 2.5717930839164183e-05, 2.363676503591705e-05, 2.48720698436955e-05, 2.3802735086064786e-05, 2.1361180188250728e-05, 2.059320468106307e-05, 1.912265179271344e-05, 2.1119562006788328e-05, 1.8990594981005415e-05, 1.8398346583126113e-05, 1.9457678718026727e-05, 1.5856967365834862e-05, 1.569069536344614e-05, 1.4857658243272454e-05, 1.3824354027747177e-05, 1.2797837371181231e-05, 1.265804712602403e-05, 1.209301899507409e-05, 1.1936650480492972e-05, 1.3880453479941934e-05, 1.3659036085300613e-05, 1.121723198593827e-05, 1.0679036677174736e-05, 1.0335652405046858e-05, 1.0348639989388175e-05, 1.0303629096597433e-05, 9.28942517930409e-06, 8.742319550947286e-06, 8.668898772157263e-06, 8.49000753078144e-06, 8.940255611378234e-06, 9.316373507317621e-06, 9.426278666069265e-06, 9.880475772661157e-06, 9.326757208327763e-06, 7.773279321554583e-06, 8.356588296010159e-06, 9.066026905202307e-06, 8.731154593988322e-06, 8.759730008023325e-06, 6.986352673266083e-06, 6.304993348749122e-06, 6.485146059276303e-06, 6.998866410867777e-06, 6.311511242529377e-06, 6.18815920461202e-06, 6.120638317952398e-06, 5.3570793170365505e-06], "val_loss": [0.0019761088769882917, 0.0016785478219389915, 0.0014600139111280441, 0.0012829841580241919, 0.0010351386154070497, 0.0008290264522656798, 0.0006719607627019286, 0.0005472268094308674, 0.0003904553595930338, 0.0003080091846641153, 0.00024177967861760408, 0.00020232873794157058, 0.00015291082672774792, 0.00015997383161447942, 0.00013294439122546464, 0.00013635664072353393, 0.00013674671936314553, 0.00012467349006328732, 0.00011268609523540363, 0.00011957462265854701, 0.00011128012556582689, 0.00011534400982782245, 0.0001210092450492084, 0.00010458876204211265, 0.00010313180973753333, 0.00010346603812649846, 9.447424963582307e-05, 0.00010539921640884131, 0.00010099969949806109, 9.063875040737912e-05, 9.859448618954048e-05, 0.00010681476123863831, 8.840639202389866e-05, 0.00010214086796622723, 8.714123396202922e-05, 9.626902465242893e-05, 9.79942997219041e-05, 8.330401760758832e-05, 0.00010636352089932188, 8.502905984641984e-05, 8.233582047978416e-05, 9.517579019302502e-05, 7.916430331533775e-05, 9.223271626979113e-05, 8.223605982493609e-05, 9.30827809497714e-05, 8.181478187907487e-05, 8.681741746840999e-05, 8.564911695430055e-05, 7.686646858928725e-05, 0.00011055570939788595, 7.64869837439619e-05, 8.485314901918173e-05, 7.812512194504961e-05, 8.228248043451458e-05, 7.643672142876312e-05, 8.508464088663459e-05, 8.39766362332739e-05, 8.184871694538742e-05, 8.617604908067733e-05, 7.816928700776771e-05, 9.113641863223165e-05, 8.335770689882338e-05, 7.427331729559228e-05, 9.900783334160224e-05, 7.706719043198973e-05, 7.420631300192326e-05, 9.977541776606813e-05, 7.054130401229486e-05, 8.402282401220873e-05, 8.34314851090312e-05, 7.599916716571897e-05, 8.079218241618946e-05, 7.10211243131198e-05, 8.189642539946362e-05, 8.584808529121801e-05, 7.460454071406275e-05, 7.822261977707967e-05, 8.224143675761297e-05], "val_mse": [0.0019761091098189354, 0.0016785478219389915, 0.0014600139111280441, 0.00128298404160887, 0.0010351386154070497, 0.0008290264522656798, 0.0006719607627019286, 0.0005472268094308674, 0.0003904553595930338, 0.0003080091846641153, 0.00024177967861760408, 0.00020232873794157058, 0.00015291082672774792, 0.00015997383161447942, 0.00013294439122546464, 0.00013635664072353393, 0.00013674671936314553, 0.00012467349006328732, 0.00011268609523540363, 0.00011957462265854701, 0.00011128012556582689, 0.00011534400982782245, 0.0001210092450492084, 0.00010458876204211265, 0.00010313180973753333, 0.00010346603812649846, 9.447424963582307e-05, 0.00010539921640884131, 0.00010099969949806109, 9.063875040737912e-05, 9.859448618954048e-05, 0.00010681476123863831, 8.840639202389866e-05, 0.00010214086796622723, 8.714123396202922e-05, 9.626902465242893e-05, 9.79942997219041e-05, 8.330401760758832e-05, 0.00010636352089932188, 8.502905984641984e-05, 8.233582047978416e-05, 9.517579019302502e-05, 7.916430331533775e-05, 9.223271626979113e-05, 8.223605982493609e-05, 9.30827809497714e-05, 8.181478187907487e-05, 8.681741746840999e-05, 8.564911695430055e-05, 7.686646858928725e-05, 0.00011055570939788595, 7.648697646800429e-05, 8.485314901918173e-05, 7.812512194504961e-05, 8.228248043451458e-05, 7.643672142876312e-05, 8.508464088663459e-05, 8.39766362332739e-05, 8.184871694538742e-05, 8.617604908067733e-05, 7.816928700776771e-05, 9.113642590818927e-05, 8.335770689882338e-05, 7.427331729559228e-05, 9.900783334160224e-05, 7.706719043198973e-05, 7.420631300192326e-05, 9.977541776606813e-05, 7.054130401229486e-05, 8.402282401220873e-05, 8.343147783307359e-05, 7.599916716571897e-05, 8.079218241618946e-05, 7.10211243131198e-05, 8.189642539946362e-05, 8.584808529121801e-05, 7.460454071406275e-05, 7.822261977707967e-05, 8.224143675761297e-05]}