{"loss": [0.0021165641956031322, 0.0016868027159944177, 0.0012420045677572489, 0.0008248857920989394, 0.0005204530898481607, 0.00028736298554576933, 0.00016347727796528488, 0.00011281287152087316, 9.374556975672022e-05, 8.542420982848853e-05, 7.631603511981666e-05, 6.708188448101282e-05, 6.39397039776668e-05, 6.204309465829283e-05, 5.0849939725594595e-05, 4.5328350097406656e-05, 4.279151835362427e-05, 3.931935498258099e-05, 3.670667501864955e-05, 3.320944597362541e-05, 3.171550270053558e-05, 3.139775799354538e-05, 3.206460678484291e-05, 2.9897346394136548e-05, 2.6706160497269593e-05, 2.3810856873751618e-05, 2.2578524294658564e-05, 2.132947338395752e-05, 2.1022189685027115e-05, 2.0377288819872774e-05, 2.0323235730757006e-05, 1.8432512661092915e-05, 1.8463426386006176e-05, 1.785786844266113e-05, 1.655168853176292e-05, 1.6092380974441767e-05, 1.6369143850170076e-05, 1.541406163596548e-05, 1.557339055580087e-05, 1.4606293916585855e-05, 1.4617367924074642e-05, 1.4542833014274947e-05, 1.3329196008271538e-05, 1.2689214599959087e-05, 1.4344611372507643e-05, 1.3388887964538299e-05, 1.3198991837271024e-05, 1.146746399172116e-05, 1.131836779677542e-05, 1.3363465768634342e-05, 1.4845510122540873e-05, 1.3640916222357191e-05, 1.1213643119845074e-05, 1.0981299965351354e-05, 1.0851063962036278e-05, 1.1060085853387136e-05, 9.806804882828146e-06, 1.0322510206606239e-05, 1.0558191206655465e-05, 9.830996532400604e-06, 9.804543878999539e-06, 9.902518286253326e-06, 1.0005755939346272e-05, 9.780638720258139e-06, 8.80700463312678e-06, 9.197129656968173e-06, 9.227324881067034e-06, 8.795867870503571e-06, 8.719389370526187e-06, 7.997725333552808e-06, 7.902555807959288e-06, 8.5476985987043e-06, 7.489295967388898e-06, 8.478374184051063e-06, 8.337636245414615e-06, 7.558091056125704e-06, 7.989887308212928e-06, 7.425041985698044e-06, 8.214764420699794e-06, 9.473320460529067e-06, 7.85932661528932e-06, 6.929209575901041e-06, 7.0107953433762304e-06, 6.91641025696299e-06, 6.969169589865487e-06, 6.903656412760029e-06, 6.4263267631758936e-06, 6.795495664846385e-06, 6.743779522366822e-06, 6.5843087213579565e-06, 6.3942002270778175e-06], "mse": [0.0021165641956031322, 0.0016868027159944177, 0.0012420045677572489, 0.0008248857920989394, 0.0005204530898481607, 0.00028736298554576933, 0.00016347727796528488, 0.00011281287152087316, 9.374556975672022e-05, 8.542420982848853e-05, 7.631603511981666e-05, 6.708188448101282e-05, 6.39397039776668e-05, 6.204309465829283e-05, 5.0849939725594595e-05, 4.5328350097406656e-05, 4.279151835362427e-05, 3.931935498258099e-05, 3.670667501864955e-05, 3.320944597362541e-05, 3.171550270053558e-05, 3.139775799354538e-05, 3.206460678484291e-05, 2.9897346394136548e-05, 2.6706160497269593e-05, 2.3810856873751618e-05, 2.2578526113647968e-05, 2.132947338395752e-05, 2.1022189685027115e-05, 2.0377288819872774e-05, 2.0323233911767602e-05, 1.8432512661092915e-05, 1.8463426386006176e-05, 1.785786844266113e-05, 1.655168853176292e-05, 1.6092380974441767e-05, 1.6369143850170076e-05, 1.541406163596548e-05, 1.557339055580087e-05, 1.4606293916585855e-05, 1.4617367924074642e-05, 1.4542833014274947e-05, 1.3329196008271538e-05, 1.2689214599959087e-05, 1.4344611372507643e-05, 1.3388887964538299e-05, 1.3198991837271024e-05, 1.146746399172116e-05, 1.131836779677542e-05, 1.3363465768634342e-05, 1.484550921304617e-05, 1.3640916222357191e-05, 1.1213643119845074e-05, 1.0981299965351354e-05, 1.0851063962036278e-05, 1.1060085853387136e-05, 9.806804882828146e-06, 1.0322510206606239e-05, 1.0558191206655465e-05, 9.830996532400604e-06, 9.804543878999539e-06, 9.902519195748027e-06, 1.0005755939346272e-05, 9.780638720258139e-06, 8.80700463312678e-06, 9.197129656968173e-06, 9.227324881067034e-06, 8.795867870503571e-06, 8.719389370526187e-06, 7.997725333552808e-06, 7.902555807959288e-06, 8.5476985987043e-06, 7.489295967388898e-06, 8.478374184051063e-06, 8.337636245414615e-06, 7.558091056125704e-06, 7.989887308212928e-06, 7.425041985698044e-06, 8.214764420699794e-06, 9.473320460529067e-06, 7.85932661528932e-06, 6.929209575901041e-06, 7.0107953433762304e-06, 6.91641025696299e-06, 6.969169589865487e-06, 6.903656412760029e-06, 6.4263267631758936e-06, 6.795495664846385e-06, 6.743779522366822e-06, 6.5843087213579565e-06, 6.3942002270778175e-06], "val_loss": [0.0023555003572255373, 0.0017990138148888946, 0.001247123465873301, 0.0007031882996670902, 0.0003673653700388968, 0.0002551753423176706, 0.00015730972518213093, 0.00019063675426878035, 0.0001476949400966987, 0.00013725539611186832, 0.00012008480553049594, 9.207908442476764e-05, 0.00012543555931188166, 8.900859393179417e-05, 8.88569702510722e-05, 7.50798499211669e-05, 7.327106868615374e-05, 7.199333049356937e-05, 6.147411477286369e-05, 6.214626046130434e-05, 5.891476757824421e-05, 6.565321382367983e-05, 5.155975304660387e-05, 6.166971434140578e-05, 4.8658635932952166e-05, 4.465957681532018e-05, 4.304373578634113e-05, 4.4803797209169716e-05, 4.292018275009468e-05, 3.953367195208557e-05, 4.0042956243269145e-05, 4.070008435519412e-05, 3.865424150717445e-05, 3.8648813642794266e-05, 3.92014226235915e-05, 3.899962757714093e-05, 3.464062319835648e-05, 3.614223896875046e-05, 3.418443520786241e-05, 3.541626938385889e-05, 3.507809742586687e-05, 3.3201755286427215e-05, 3.3085372706409544e-05, 3.3815733331721276e-05, 3.328632010379806e-05, 3.251266753068194e-05, 3.400666537345387e-05, 3.240759178879671e-05, 3.510671740514226e-05, 3.2140291295945644e-05, 3.5489651054376736e-05, 3.153780926368199e-05, 3.239215220673941e-05, 3.146831295453012e-05, 3.189520430169068e-05, 3.0511379009112716e-05, 3.173252844135277e-05, 3.28277783410158e-05, 3.024429861397948e-05, 3.1417774152942e-05, 3.0415505534620024e-05, 3.102175105595961e-05, 3.1144973036134616e-05, 3.2473340979777277e-05, 2.9721739338128828e-05, 2.8322014259174466e-05, 2.9728689696639776e-05, 3.188769915141165e-05, 2.978311022161506e-05, 2.9228878702269867e-05, 2.8940901756868698e-05, 2.8407692298060283e-05, 2.7396908990340307e-05, 2.8714832296827808e-05, 2.8690159524558112e-05, 2.8935221052961424e-05, 2.7544378099264577e-05, 2.8878281227662228e-05, 2.7584475901676342e-05, 2.9450064175762236e-05, 2.6557390810921788e-05, 2.84370435110759e-05, 2.938786565209739e-05, 2.7171074179932475e-05, 2.8922295314259827e-05, 2.8294049116084352e-05, 2.8037515221512876e-05, 2.821656562446151e-05, 2.8001435566693544e-05, 2.669367859198246e-05, 2.780373688437976e-05],