{"loss": [0.0014101755805313587, 0.00038768042577430606, 0.00029770200490020216, 0.00026070521562360227, 0.0002555906539782882, 0.00023745401995256543, 0.000232734702876769, 0.00022918697504792362, 0.00022084001102484763, 0.00022150024597067386, 0.0002171001979149878, 0.00021752502652816474, 0.00021162358461879194, 0.00020899862283840775, 0.000205466611078009, 0.0002061221020994708, 0.00020448198483791202, 0.00020818877965211868, 0.00021177796588744968, 0.00019971729489043355, 0.00020717554434668273, 0.00019827231881208718, 0.0001984052505576983, 0.00019728147890418768, 0.0001953902974491939, 0.00019426483777351677, 0.00019753245578613132, 0.0001952032616827637], "mse": [0.0014101755805313587, 0.00038768042577430606, 0.00029770200490020216, 0.00026070521562360227, 0.0002555906539782882, 0.00023745401995256543, 0.000232734702876769, 0.00022918697504792362, 0.00022084001102484763, 0.00022150024597067386, 0.0002171001979149878, 0.00021752502652816474, 0.00021162358461879194, 0.00020899862283840775, 0.000205466611078009, 0.0002061221020994708, 0.00020448198483791202, 0.00020818877965211868, 0.00021177796588744968, 0.00019971729489043355, 0.00020717554434668273, 0.00019827231881208718, 0.0001984052505576983, 0.00019728147890418768, 0.0001953902974491939, 0.00019426483777351677, 0.00019753245578613132, 0.0001952032616827637], "val_loss": [0.000550328753888607, 0.0003027120546903461, 0.00027347414288669825, 0.0002530828060116619, 0.00027457650867290795, 0.000244270107941702, 0.00025140013894997537, 0.0002508876204956323, 0.0002365665859542787, 0.0002776996116153896, 0.0002435750502627343, 0.00023888489522505552, 0.00024245725944638252, 0.0002371368755120784, 0.00024102370662149042, 0.00024300605582538992, 0.00023901916574686766, 0.00022669504687655717, 0.00023814261658117175, 0.00023458410578314215, 0.00025067548267543316, 0.00023207445337902755, 0.00023149650951381773, 0.0002384195540798828, 0.00024253815354313701, 0.0002424614503979683, 0.0002519305853638798, 0.00025676016230136156], "val_mse": [0.000550328753888607, 0.0003027120546903461, 0.00027347414288669825, 0.00025308283511549234, 0.00027457650867290795, 0.000244270107941702, 0.00025140013894997537, 0.0002508876204956323, 0.0002365666296100244, 0.0002776996116153896, 0.0002435750502627343, 0.00023888489522505552, 0.00024245725944638252, 0.0002371368755120784, 0.00024102370662149042, 0.00024300605582538992, 0.00023901916574686766, 0.00022669504687655717, 0.00023814261658117175, 0.00023458410578314215, 0.00025067548267543316, 0.00023207445337902755, 0.00023149650951381773, 0.00023841952497605234, 0.00024253815354313701, 0.0002424614503979683, 0.0002519305853638798, 0.00025676016230136156]}