{"loss": [0.0039388746954500675, 0.0009493911056779325, 0.0004818700545001775, 0.0003671156009659171, 0.0003177329199388623, 0.0003012148372363299, 0.00027757202042266726, 0.00025837720022536814, 0.00025761895813047886, 0.00021621378255076706, 0.00020531911286525428, 0.00020987143216188997, 0.0001934109750436619, 0.0001828632375691086, 0.00018414773512631655, 0.00018373577040620148, 0.0001781235623639077, 0.00017410471627954394, 0.0001712816156214103, 0.00017145821766462177, 0.0001631821651244536, 0.0001663096627453342, 0.00017041820683516562, 0.0001621112460270524, 0.00016752204101067036, 0.00016191616305150092, 0.0001554940245114267, 0.00016804991173557937, 0.0001595536741660908, 0.00015328789595514536, 0.00014230307715479285, 0.00014887578436173499, 0.00015372614143416286, 0.00015621865168213844, 0.00015165144577622414, 0.00014331750571727753, 0.00014677333820145577, 0.00016016086738090962, 0.00014510113396681845, 0.00014859017392154783, 0.00015328051813412458, 0.000146059479448013, 0.00014250226377043873, 0.00013761372247245163, 0.0001421652123099193, 0.0001462949439883232], "mse": [0.0039388746954500675, 0.0009493911056779325, 0.0004818700545001775, 0.0003671156009659171, 0.0003177329199388623, 0.0003012148372363299, 0.00027757202042266726, 0.00025837720022536814, 0.00025761889992281795, 0.00021621378255076706, 0.00020531911286525428, 0.00020987143216188997, 0.0001934109750436619, 0.0001828632375691086, 0.00018414773512631655, 0.00018373577040620148, 0.0001781235623639077, 0.00017410471627954394, 0.0001712816156214103, 0.00017145821766462177, 0.00016318215057253838, 0.0001663096627453342, 0.00017041820683516562, 0.00016211126057896763, 0.00016752204101067036, 0.00016191616305150092, 0.0001554940245114267, 0.00016804991173557937, 0.0001595536741660908, 0.00015328789595514536, 0.00014230309170670807, 0.00014887578436173499, 0.00015372615598607808, 0.00015621865168213844, 0.00015165144577622414, 0.00014331750571727753, 0.00014677333820145577, 0.00016016086738090962, 0.00014510113396681845, 0.00014859017392154783, 0.00015328051813412458, 0.000146059479448013, 0.00014250226377043873, 0.00013761372247245163, 0.0001421652123099193, 0.0001462949439883232], "val_loss": [0.001824982580728829, 0.0007965705590322614, 0.0005408534198068082, 0.0004638244572561234, 0.0004997914656996727, 0.0004330125520937145, 0.00038211222272366285, 0.0004332988755777478, 0.00034444688935764134, 0.0003262856334913522, 0.00031298890826292336, 0.0003336392983328551, 0.0003211275616195053, 0.00028883942286483943, 0.00028992732404731214, 0.00031176573247648776, 0.00028493671561591327, 0.0002870026510208845, 0.00028558837948367, 0.00030004343716427684, 0.0002817888744175434, 0.00027687466354109347, 0.00027690193383023143, 0.0002748503175098449, 0.00033394290949217975, 0.0002702147758100182, 0.00026805291417986155, 0.0002751387655735016, 0.0002688061213120818, 0.00027333665639162064, 0.00026539224199950695, 0.0002648933441378176, 0.00030958137358538806, 0.0003100212779827416, 0.0002741207426879555, 0.00025808828650042415, 0.0002693418937269598, 0.00027667632093653083, 0.00029506575083360076, 0.00026670240913517773, 0.00027764978585764766, 0.0002695769362617284, 0.00027972940006293356, 0.0002732954453676939, 0.0002811333106365055, 0.0002836227649822831], "val_mse": [0.001824982580728829, 0.0007965705590322614, 0.0005408534198068082, 0.0004638244572561234, 0.0004997914656996727, 0.0004330125520937145, 0.00038211222272366285, 0.0004332988755777478, 0.00034444688935764134, 0.0003262856334913522, 0.00031298890826292336, 0.0003336392983328551, 0.0003211275616195053, 0.00028883942286483943, 0.00028992732404731214, 0.00031176573247648776, 0.00028493671561591327, 0.0002870026510208845, 0.00028558837948367, 0.00030004343716427684, 0.0002817888744175434, 0.00027687466354109347, 0.00027690193383023143, 0.0002748503175098449, 0.00033394290949217975, 0.0002702147758100182, 0.00026805291417986155, 0.0002751387655735016, 0.0002688061213120818, 0.00027333665639162064, 0.00026539224199950695, 0.0002648933441378176, 0.00030958137358538806, 0.0003100212779827416, 0.0002741207426879555, 0.00025808828650042415, 0.0002693418937269598, 0.00027667632093653083, 0.00029506575083360076, 0.00026670240913517773, 0.00027764978585764766, 0.0002695769362617284, 0.00027972940006293356, 0.0002732954453676939, 0.0002811333106365055, 0.0002836227649822831]}