{"loss": [0.003155746031552553, 0.0029479037038981915, 0.0027367875445634127, 0.0025315978564321995, 0.002309917937964201, 0.0020685794297605753, 0.001869229250587523, 0.0016834316775202751, 0.0015322177205234766, 0.0013832816621288657, 0.0013006156077608466, 0.0012389920884743333, 0.0011974973604083061, 0.001182630890980363, 0.0011596258264034986, 0.0011501193512231112, 0.0011440236121416092, 0.0011574516538530588, 0.0011630329536274076, 0.0011411244049668312, 0.0010784033220261335, 0.0010547663550823927, 0.0010443560313433409, 0.001035875640809536, 0.0010282192379236221, 0.0010339206783100963, 0.0010179646778851748, 0.0010076730977743864, 0.00099776906426996, 0.0009691305458545685, 0.0009984058560803533], "mse": [0.003155746031552553, 0.0029479037038981915, 0.0027367875445634127, 0.0025315978564321995, 0.002309917937964201, 0.0020685794297605753, 0.001869229250587523, 0.0016834316775202751, 0.0015322177205234766, 0.0013832816621288657, 0.0013006156077608466, 0.0012389920884743333, 0.0011974973604083061, 0.001182630890980363, 0.0011596258264034986, 0.0011501193512231112, 0.0011440236121416092, 0.0011574516538530588, 0.0011630329536274076, 0.0011411244049668312, 0.0010784033220261335, 0.0010547663550823927, 0.0010443560313433409, 0.001035875640809536, 0.0010282192379236221, 0.0010339206783100963, 0.0010179646778851748, 0.0010076730977743864, 0.00099776906426996, 0.0009691305458545685, 0.0009984058560803533], "val_loss": [0.002728654770180583, 0.002476449590176344, 0.002250274643301964, 0.0018759354716166854, 0.001536559546366334, 0.0012430282076820731, 0.0009071301901713014, 0.0007281857542693615, 0.0006699002115055919, 0.0005246768123470247, 0.0004610332252923399, 0.00042948461486957967, 0.00041306865750811994, 0.00040303837158717215, 0.0003908343205694109, 0.0003991868288721889, 0.00042737796320579946, 0.00046155755990184844, 0.0004197806993033737, 0.0004036746977362782, 0.00038791727274656296, 0.0003974020073655993, 0.0003981765767093748, 0.000410039268899709, 0.00038963460247032344, 0.00039798920624889433, 0.0004190358449704945, 0.00040456195711158216, 0.000388213898986578, 0.0004106888663955033, 0.0004359884769655764], "val_mse": [0.002728654770180583, 0.002476449590176344, 0.002250274643301964, 0.0018759354716166854, 0.001536559546366334, 0.0012430282076820731, 0.0009071301901713014, 0.0007281857542693615, 0.0006699002115055919, 0.0005246768123470247, 0.0004610332252923399, 0.00042948461486957967, 0.00041306865750811994, 0.00040303837158717215, 0.0003908343205694109, 0.0003991868288721889, 0.00042737796320579946, 0.00046155755990184844, 0.0004197806993033737, 0.0004036746977362782, 0.00038791727274656296, 0.0003974020073655993, 0.00039817654760554433, 0.000410039268899709, 0.00038963460247032344, 0.00039798920624889433, 0.0004190358449704945, 0.00040456195711158216, 0.000388213898986578, 0.0004106888663955033, 0.0004359884769655764]}