{"loss": [0.0030657576862722635, 0.002340140286833048, 0.0019459662726148963, 0.0016317896079272032, 0.0014173347735777497, 0.0012655258178710938, 0.0011420233640819788, 0.001063189352862537, 0.0010089754359796643, 0.0009539689053781331, 0.0009246306726709008, 0.0008977962424978614, 0.0008869001758284867, 0.0008622180903330445, 0.0008430274319835007, 0.0008277621818706393, 0.0008064908906817436, 0.0007922552758827806, 0.0007996526546776295, 0.0007697124383412302, 0.0007603116100654006, 0.0007505574030801654, 0.0007440693443641067, 0.0007245455635711551, 0.0007193166529759765, 0.0007184314308688045, 0.0007079849019646645, 0.0006962089100852609, 0.0006895046099089086, 0.0006845666794106364, 0.0006846823962405324, 0.0006655714241787791, 0.0006582135683856905, 0.0006575590232387185], "mse": [0.0030657576862722635, 0.002340140286833048, 0.0019459662726148963, 0.0016317896079272032, 0.0014173347735777497, 0.0012655258178710938, 0.0011420233640819788, 0.001063189352862537, 0.0010089754359796643, 0.0009539689053781331, 0.0009246306726709008, 0.0008977962424978614, 0.0008869001758284867, 0.0008622180903330445, 0.0008430274319835007, 0.0008277621818706393, 0.0008064908906817436, 0.0007922552758827806, 0.0007996526546776295, 0.0007697124383412302, 0.0007603116100654006, 0.0007505574030801654, 0.0007440693443641067, 0.0007245455635711551, 0.0007193166529759765, 0.0007184314308688045, 0.0007079849019646645, 0.0006962089100852609, 0.0006895046099089086, 0.0006845666794106364, 0.0006846823962405324, 0.0006655714241787791, 0.0006582136265933514, 0.0006575590232387185], "val_loss": [0.002499119844287634, 0.0021485616452991962, 0.001804466126486659, 0.001685410737991333, 0.0013815369457006454, 0.001287649618461728, 0.001120433327741921, 0.001102576032280922, 0.0010078081395477057, 0.0010162359103560448, 0.0009578363969922066, 0.0009332699701189995, 0.000942227547056973, 0.0009203899535350502, 0.0009123094496317208, 0.0009048072388395667, 0.0009037101408466697, 0.0009155794978141785, 0.0009247178095392883, 0.0009061815217137337, 0.0009234125609509647, 0.0009132979321293533, 0.0009041493758559227, 0.0009034474496729672, 0.0009181449422612786, 0.00090717279817909, 0.0009135222062468529, 0.0009223342058248818, 0.0009369099279865623, 0.0009255552431568503, 0.0009273722534999251, 0.0009283660911023617, 0.0009250364964827895, 0.000941737846005708], "val_mse": [0.002499119844287634, 0.0021485616452991962, 0.001804466126486659, 0.001685410737991333, 0.0013815368292853236, 0.001287649618461728, 0.001120433327741921, 0.001102576032280922, 0.0010078081395477057, 0.0010162359103560448, 0.0009578363969922066, 0.0009332699701189995, 0.000942227547056973, 0.0009203899535350502, 0.0009123094496317208, 0.0009048072388395667, 0.0009037101408466697, 0.0009155794978141785, 0.0009247178095392883, 0.0009061815217137337, 0.0009234125609509647, 0.0009132979321293533, 0.0009041493758559227, 0.0009034474496729672, 0.0009181449422612786, 0.00090717279817909, 0.0009135222062468529, 0.0009223342058248818, 0.0009369099279865623, 0.0009255552431568503, 0.0009273722534999251, 0.0009283660911023617, 0.0009250364382751286, 0.000941737846005708]}