{"loss": [0.002242898102849722, 0.0011404154356569052, 0.0007652590284124017, 0.0006025529582984746, 0.0005515541415661573, 0.0005269281682558358, 0.0005010109161958098, 0.00048819294897839427, 0.0004770143423229456, 0.00047172021004371345, 0.00046972467680461705, 0.0004666185996029526, 0.0004533398896455765, 0.00044525801786221564, 0.0004451177956070751, 0.00043923535849899054, 0.0004404326609801501, 0.00043447985081002116, 0.0004375560092739761, 0.0004298224812373519, 0.0004348014772403985, 0.00042273246799595654, 0.00043068695231340826, 0.00042288764961995184, 0.0004174233472440392, 0.0004138293443247676, 0.00041000914643518627, 0.00040296147926710546, 0.0004020210762973875, 0.00041694537503644824, 0.0004110098525416106, 0.0004136985808145255, 0.0004032075812574476, 0.00039927498437464237, 0.0003931693790946156, 0.0003955536230932921, 0.0003871067601721734, 0.0003959954483434558, 0.00039094939711503685, 0.000385406194254756, 0.0003848459164146334, 0.0003851332003250718, 0.0003839696291834116, 0.0003813446674030274, 0.0003827835898846388, 0.0003747984010260552, 0.0003810840134974569, 0.00036924704909324646, 0.00037477919249795377, 0.0003773069765884429], "mse": [0.0022428983356803656, 0.0011404154356569052, 0.0007652590284124017, 0.0006025529582984746, 0.0005515541415661573, 0.0005269281682558358, 0.0005010109161958098, 0.00048819294897839427, 0.0004770143423229456, 0.00047172021004371345, 0.00046972467680461705, 0.0004666185996029526, 0.0004533398896455765, 0.00044525801786221564, 0.0004451177956070751, 0.00043923535849899054, 0.0004404326609801501, 0.00043447985081002116, 0.0004375560092739761, 0.0004298224812373519, 0.0004348014772403985, 0.00042273246799595654, 0.00043068695231340826, 0.00042288764961995184, 0.0004174233472440392, 0.00041382931522093713, 0.0004100091755390167, 0.00040296147926710546, 0.0004020210762973875, 0.00041694537503644824, 0.0004110098525416106, 0.0004136985808145255, 0.0004032075812574476, 0.00039927498437464237, 0.0003931693790946156, 0.0003955536230932921, 0.0003871067601721734, 0.0003959954483434558, 0.00039094939711503685, 0.000385406194254756, 0.0003848459164146334, 0.0003851332003250718, 0.0003839696291834116, 0.0003813446674030274, 0.0003827835898846388, 0.0003747984010260552, 0.0003810840134974569, 0.00036924704909324646, 0.00037477919249795377, 0.0003773069765884429], "val_loss": [0.001591758686117828, 0.0010190131142735481, 0.000719555071555078, 0.0006081017199903727, 0.0005873451591469347, 0.0005468541639856994, 0.0005248169763945043, 0.0005282703205011785, 0.0005040385294705629, 0.0005104814190417528, 0.0005024003330618143, 0.00047405713121406734, 0.000482625444419682, 0.00048051337944343686, 0.0005042360280640423, 0.00046432524686679244, 0.0004640975093934685, 0.0005044123390689492, 0.0004662688006646931, 0.00047385084326379, 0.000480245886137709, 0.0004528637509793043, 0.00047031560097821057, 0.0004705594037659466, 0.0004652003990486264, 0.00045952186337672174, 0.0004504493554122746, 0.0004430602421052754, 0.0004632491909433156, 0.0004618337261490524, 0.0004663608269765973, 0.0005088789621368051, 0.00045266689267009497, 0.00045558687997981906, 0.00044965147390030324, 0.00044146229629404843, 0.00048038666136562824, 0.00045532346121035516, 0.0004524552496150136, 0.00043707885197363794, 0.00045169153599999845, 0.00047282184823416173, 0.000449253770057112, 0.0004715257091447711, 0.00045731206773780286, 0.00046381057472899556, 0.0004554184270091355, 0.00045024638529866934, 0.0004600511456374079, 0.00048280629562214017], "val_mse": [0.001591758686117828, 0.0010190131142735481, 0.000719555071555078, 0.0006081017199903727, 0.0005873451591469347, 0.0005468541639856994, 0.0005248169763945043, 0.0005282703205011785, 0.0005040385294705629, 0.0005104814190417528, 0.0005024003330618143, 0.00047405718942172825, 0.000482625444419682, 0.0004805133503396064, 0.0005042360862717032, 0.00046432524686679244, 0.0004640975093934685, 0.0005044123390689492, 0.0004662688006646931, 0.00047385084326379, 0.000480245886137709, 0.0004528637509793043, 0.00047031560097821057, 0.0004705594037659466, 0.0004652003990486264, 0.00045952186337672174, 0.0004504493554122746, 0.0004430602421052754, 0.0004632491909433156, 0.0004618337261490524, 0.0004663608269765973, 0.0005088789621368051, 0.00045266689267009497, 0.00045558687997981906, 0.0004496514447964728, 0.00044146229629404843, 0.00048038666136562824, 0.00045532346121035516, 0.0004524552496150136, 0.00043707885197363794, 0.00045169153599999845, 0.00047282184823416173, 0.000449253770057112, 0.0004715257091447711, 0.00045731206773780286, 0.00046381057472899556, 0.0004554184270091355, 0.00045024638529866934, 0.0004600511456374079, 0.00048280629562214017]}