{"loss": [0.0021390432957559824, 0.0015677170595154166, 0.0012005316093564034, 0.0008316865423694253, 0.0005224120104685426, 0.00030903107835911214, 0.00019149473519064486, 0.000131098524434492, 0.00010432400449644774, 8.808657003100961e-05, 7.309387729037553e-05, 6.612440483877435e-05, 5.8556015574140474e-05, 4.976437776349485e-05, 4.78046786156483e-05, 4.476002504816279e-05, 3.891505912179127e-05, 3.279715747339651e-05, 2.9852195439161733e-05, 2.845287963282317e-05, 2.7309108190820552e-05, 2.6637842893251218e-05, 2.4538254365324974e-05, 2.404275073786266e-05, 2.2549142158823088e-05, 2.0440218577277847e-05, 2.202743235102389e-05, 2.3019394575385377e-05, 1.8876435206038877e-05, 1.8436659956933e-05, 1.698728920018766e-05, 1.5898849596851505e-05, 1.7066824511857703e-05, 1.4829412975814193e-05, 1.5945694030961022e-05, 1.5935160263325088e-05, 1.3840421161148697e-05, 1.3202077752794139e-05, 1.2861378309025895e-05, 1.2175399206171278e-05, 1.1424994227127172e-05, 1.0897902939177584e-05, 1.1098353752458934e-05, 1.1012674804078415e-05, 1.137978870247025e-05, 1.0808947990881279e-05, 1.0090560863318387e-05, 1.0269151971442625e-05, 8.993350093078334e-06, 9.16305543796625e-06, 1.0138142897631042e-05, 1.0240020856144838e-05, 9.480076187173836e-06, 1.0636992556101177e-05, 8.229409104387742e-06, 8.106228051474318e-06, 7.478932275262196e-06, 9.154453437076882e-06, 1.0315532563254237e-05, 1.0315687177353539e-05, 9.524197594146244e-06, 9.741696885612328e-06, 7.205670499388361e-06, 6.46392709313659e-06, 6.262001988943666e-06, 6.762856173736509e-06, 6.528483027068432e-06, 7.080810064508114e-06, 6.779254817956826e-06, 6.246494649531087e-06, 5.754217454523314e-06, 7.116390861483524e-06, 7.174447091529146e-06, 5.453212907013949e-06, 5.628332473861519e-06, 5.6711060096859e-06, 5.453094217955368e-06, 5.0272851694899146e-06, 5.1870097195205744e-06, 4.892528977507027e-06, 5.105525815451983e-06, 5.329301529855002e-06, 4.875420472671976e-06, 4.65202538180165e-06, 6.271352503972594e-06, 5.059581781097222e-06, 4.35911852036952e-06, 4.6833688429614995e-06, 5.0661610657698475e-06, 5.601109478448052e-06, 5.238761332293507e-06, 5.0737353376462124e-06, 4.595369318849407e-06, 4.971774160367204e-06, 5.0526432460173965e-06, 4.729236934508663e-06, 4.2803412725334056e-06, 4.043464286951348e-06, 3.485560228000395e-06], "mse": [0.0021390432957559824, 0.0015677170595154166, 0.0012005316093564034, 0.0008316866005770862, 0.0005224120104685426, 0.0003090310492552817, 0.00019149473519064486, 0.000131098524434492, 0.00010432400449644774, 8.808657003100961e-05, 7.309387729037553e-05, 6.612440483877435e-05, 5.8556015574140474e-05, 4.9764370487537235e-05, 4.78046786156483e-05, 4.476002504816279e-05, 3.891505912179127e-05, 3.279715747339651e-05, 2.9852195439161733e-05, 2.845287963282317e-05, 2.7309108190820552e-05, 2.6637842893251218e-05, 2.4538254365324974e-05, 2.404275073786266e-05, 2.2549142158823088e-05, 2.0440218577277847e-05, 2.202743235102389e-05, 2.3019394575385377e-05, 1.8876435206038877e-05, 1.8436659956933e-05, 1.698728920018766e-05, 1.589885141584091e-05, 1.7066824511857703e-05, 1.4829412975814193e-05, 1.5945694030961022e-05, 1.5935160263325088e-05, 1.3840421161148697e-05, 1.3202077752794139e-05, 1.2861378309025895e-05, 1.2175399206171278e-05, 1.1424994227127172e-05, 1.0897902939177584e-05, 1.1098353752458934e-05, 1.1012674804078415e-05, 1.137978870247025e-05, 1.0808947990881279e-05, 1.0090560863318387e-05, 1.0269151971442625e-05, 8.993350093078334e-06, 9.16305543796625e-06, 1.0138142897631042e-05, 1.0240020856144838e-05, 9.480075277679134e-06, 1.0636992556101177e-05, 8.22940819489304e-06, 8.106228051474318e-06, 7.478932275262196e-06, 9.154453437076882e-06, 1.0315532563254237e-05, 1.0315687177353539e-05, 9.524197594146244e-06, 9.741696885612328e-06, 7.205670499388361e-06, 6.46392709313659e-06, 6.262001988943666e-06, 6.762856173736509e-06, 6.528483027068432e-06, 7.080810064508114e-06, 6.779254817956826e-06, 6.246494649531087e-06, 5.754216999775963e-06, 7.116390861483524e-06, 7.174447091529146e-06, 5.453212907013949e-06, 5.628332473861519e-06, 5.6711060096859e-06, 5.453094217955368e-06, 5.0272851694899146e-06, 5.1870097195205744e-06, 4.892528977507027e-06, 5.105525815451983e-06, 5.329301529855002e-06, 4.875420472671976e-06, 4.65202538180165e-06, 6.271352503972594e-06, 5.059581781097222e-06, 4.35911852036952e-06, 4.6833688429614995e-06, 5.0661610657698475e-06, 5.601109478448052e-06, 5.238761332293507e-06, 5.0737353376462124e-06, 4.595369318849407e-06, 4.971774160367204e-06, 5.0526432460173965e-06, 4.729236934508663e-06, 4.2803412725334056e-06, 4.043464286951348e-06, 3.485560228000395e-06], "val_loss": [0.0018926553893834352, 0.0013005102518945932, 0.0008974930387921631, 0.0005157057894393802, 0.0003412343794479966, 0.00025233119959011674, 0.000192913634236902, 0.00016247275925707072, 0.00015052843082230538, 0.0001402783382218331, 0.00011645258928183466, 0.00011998820264125243, 9.56785079324618e-05, 0.00010109429422300309, 9.278856305172667e-05, 8.134754898492247e-05, 7.17125876690261e-05, 6.908459909027442e-05, 7.035032467683777e-05, 6.656833284068853e-05, 6.665948603767902e-05, 6.015564940753393e-05, 6.087319343350828e-05, 6.32895971648395e-05, 6.168134132167324e-05, 5.514200893230736e-05, 5.2227820560801774e-05, 4.99691886943765e-05, 5.215576311456971e-05, 5.057790986029431e-05, 4.9437781854067e-05, 4.963378160027787e-05, 4.8893405619310215e-05, 5.2163046348141506e-05, 4.572644684230909e-05, 4.4855423766421154e-05, 4.456898750504479e-05, 4.3999905756209046e-05, 4.187164449831471e-05, 4.342039392213337e-05, 4.0795686800265685e-05, 4.588280717143789e-05, 4.722964149550535e-05, 4.353938129497692e-05, 4.0446135244565085e-05, 4.505251854425296e-05, 3.797721001319587e-05, 4.354932752903551e-05, 3.9927697798702866e-05, 3.8903559470782056e-05, 3.8336842408170924e-05, 4.5058994146529585e-05, 4.384820203995332e-05, 3.7633570173056796e-05, 3.635869870777242e-05, 4.3208350689383224e-05, 3.926832141587511e-05, 3.789822949329391e-05, 3.579492840799503e-05, 3.830388595815748e-05, 4.890686250291765e-05, 3.522339466144331e-05, 3.315236608614214e-05, 3.361179187777452e-05, 3.784714499488473e-05, 3.2949097658274695e-05, 3.6766970879398286e-05, 3.7512545532081276e-05, 3.633310552686453e-05, 3.2749539968790486e-05, 3.307270162622444e-05, 3.983813076047227e-05, 3.3141823223559186e-05, 3.252632086514495e-05, 3.2894535252125934e-05, 3.716819264809601e-05, 3.377148095751181e-05, 3.2937616197159514e-05, 3.4390322980470955e-05, 3.086735523538664e-05, 3.520272730384022e-05, 3.246108099119738e-05, 3.2700780138839036e-05, 3.232942981412634e-05, 3.6419885873328894e-05, 3.184465822414495e-05, 3.453785757301375e-05, 3.0605660867877305e-05, 3.0452332794084214e-05, 3.5952787584392354e-05, 4.09944768762216e-05, 3.23160711559467e-05, 3.091216058237478e-05, 3.247324639232829e-05, 3.739856038009748e-05, 3.649500649771653e-05, 3.3223645004909486e-05, 3.288628795417026e-05, 3.054631451959722e-05],