{"loss": [0.0020323984790593386, 0.0006991762202233076, 0.0002898502571042627, 0.00017125332669820637, 0.00013449399557430297, 0.0001177343146991916, 8.973894728114828e-05, 7.764338079141453e-05, 6.898282299516723e-05, 5.944703661953099e-05, 5.252985283732414e-05, 4.8527981562074274e-05, 4.582170367939398e-05, 4.445256490726024e-05, 4.128178989049047e-05, 3.896119596902281e-05, 3.508046575007029e-05, 3.257363277953118e-05, 3.238473436795175e-05, 3.09031929646153e-05, 2.988531196024269e-05, 2.9363911380642094e-05, 2.7638367100735195e-05, 3.1629308068659157e-05, 2.925309854617808e-05, 2.4342200049431995e-05, 2.5309387638117187e-05, 2.2828668079455383e-05, 2.535393286962062e-05, 2.2641756004304625e-05, 2.1579635358648375e-05, 2.072500137728639e-05, 2.031883741437923e-05, 2.2704780349158682e-05, 2.0045861674589105e-05, 1.8844706573872827e-05, 2.0583736841217615e-05, 1.8978385924128816e-05, 1.970093398995232e-05, 1.825342587835621e-05, 1.8284539692103863e-05, 1.7905855202116072e-05, 1.8284037651028484e-05, 1.6228932508965954e-05, 1.6103807865874842e-05, 1.60433046403341e-05, 1.801829057512805e-05, 1.6008863894967362e-05, 1.3977829439681955e-05, 1.545745908515528e-05, 1.4559069313690998e-05, 1.4400180589291267e-05, 1.4836992704658769e-05, 1.50291234604083e-05, 1.6511887224623933e-05, 1.5907646229607053e-05, 1.5227333278744482e-05, 1.284877635043813e-05, 1.2028169294353575e-05, 1.2906242773169652e-05, 1.2701303603535052e-05, 1.3184802810428664e-05, 1.3840152860211674e-05, 1.3000379112781957e-05, 1.38792047437164e-05, 1.2813863577321172e-05, 1.188783880934352e-05, 1.256919676961843e-05], "mse": [0.0020323984790593386, 0.0006991762202233076, 0.0002898502571042627, 0.00017125332669820637, 0.00013449399557430297, 0.0001177343146991916, 8.973894728114828e-05, 7.764338079141453e-05, 6.898282299516723e-05, 5.944703661953099e-05, 5.252985283732414e-05, 4.8527981562074274e-05, 4.582170367939398e-05, 4.445256490726024e-05, 4.128178989049047e-05, 3.896119596902281e-05, 3.508046575007029e-05, 3.257363277953118e-05, 3.238473436795175e-05, 3.09031929646153e-05, 2.988531196024269e-05, 2.9363911380642094e-05, 2.7638367100735195e-05, 3.1629308068659157e-05, 2.925309854617808e-05, 2.4342200049431995e-05, 2.5309387638117187e-05, 2.2828668079455383e-05, 2.5353934688610025e-05, 2.2641756004304625e-05, 2.1579635358648375e-05, 2.072500137728639e-05, 2.031883741437923e-05, 2.2704780349158682e-05, 2.0045861674589105e-05, 1.8844706573872827e-05, 2.0583736841217615e-05, 1.8978385924128816e-05, 1.970093398995232e-05, 1.825342587835621e-05, 1.8284539692103863e-05, 1.7905855202116072e-05, 1.8284037651028484e-05, 1.6228932508965954e-05, 1.6103807865874842e-05, 1.60433046403341e-05, 1.801829057512805e-05, 1.6008863894967362e-05, 1.3977829439681955e-05, 1.545745908515528e-05, 1.4559069313690998e-05, 1.4400180589291267e-05, 1.4836992704658769e-05, 1.50291234604083e-05, 1.6511887224623933e-05, 1.5907646229607053e-05, 1.5227333278744482e-05, 1.284877635043813e-05, 1.2028169294353575e-05, 1.2906242773169652e-05, 1.2701303603535052e-05, 1.3184802810428664e-05, 1.3840152860211674e-05, 1.3000379112781957e-05, 1.38792047437164e-05, 1.2813863577321172e-05, 1.188783880934352e-05, 1.256919676961843e-05], "val_loss": [0.001185772125609219, 0.0004829104582313448, 0.00022500223712995648, 0.00014389623538590968, 0.00011521978012751788, 9.879678691504523e-05, 7.884960359660909e-05, 7.186631410149857e-05, 7.496446050936356e-05, 5.661423347191885e-05, 4.91991922899615e-05, 4.09017811762169e-05, 4.363063635537401e-05, 4.401919068186544e-05, 3.672146704047918e-05, 3.729410673258826e-05, 3.6024965083925053e-05, 3.9883205317892134e-05, 3.286659557488747e-05, 3.3331099984934554e-05, 3.825983731076121e-05, 3.179120540153235e-05, 3.2970339816529304e-05, 4.2328265408286825e-05, 3.172655124217272e-05, 2.767770092759747e-05, 2.8210972232045606e-05, 2.9193752197897993e-05, 2.8398115318850614e-05, 2.7613001293502748e-05, 2.84482266579289e-05, 2.8799844585591927e-05, 3.20376202580519e-05, 2.7964160835836083e-05, 2.843519177986309e-05, 2.6337387680541724e-05, 3.299875243101269e-05, 2.623446016514208e-05, 3.048556209250819e-05, 2.6559513571555726e-05, 2.402817517577205e-05, 2.5369892682647333e-05, 2.9493990950868465e-05, 2.5667181034805253e-05, 2.3530157704954036e-05, 2.3289150703931227e-05, 2.7339883672539145e-05, 2.3464288460672833e-05, 2.5169812943204306e-05, 2.4136661522788927e-05, 2.3003905880614184e-05, 2.231776488770265e-05, 2.8863039915449917e-05, 2.7090713047073223e-05, 2.5397806894034147e-05, 2.6736939616966993e-05, 2.611763557069935e-05, 2.2125768737168983e-05, 2.2494383301818743e-05, 2.2633064872934483e-05, 2.475039400451351e-05, 2.3471431632060558e-05, 2.3452823370462283e-05, 2.4965789634734392e-05, 2.8291311537032016e-05, 2.293613215442747e-05, 2.5801933588809334e-05, 2.510005288058892e-05], "val_mse": [0.001185772125609219, 0.0004829104582313448, 0.00022500223712995648, 0.00014389623538590968, 0.00011521978012751788, 9.879677236313e-05, 7.884959632065147e-05, 7.186631410149857e-05, 7.496446050936356e-05, 5.661423347191885e-05, 4.91991922899615e-05, 4.09017811762169e-05, 4.363063635537401e-05, 4.401919068186544e-05, 3.672146704047918e-05, 3.729410673258826e-05, 3.6024965083925053e-05, 3.9883205317892134e-05, 3.286659557488747e-05, 3.3331099984934554e-05, 3.825983731076121e-05, 3.179120540153235e-05, 3.2970339816529304e-05, 4.2328265408286825e-05, 3.172655124217272e-05, 2.767770092759747e-05, 2.8210972232045606e-05, 2.9193752197897993e-05, 2.8398115318850614e-05, 2.7613001293502748e-05, 2.84482266579289e-05, 2.8799844585591927e-05, 3.20376202580519e-05, 2.796416447381489e-05, 2.843519177986309e-05, 2.6337387680541724e-05, 3.299875243101269e-05, 2.623446016514208e-05, 3.048556209250819e-05, 2.6559513571555726e-05, 2.402817517577205e-05, 2.5369892682647333e-05, 2.9493990950868465e-05, 2.5667181034805253e-05, 2.3530157704954036e-05, 2.328915252292063e-05, 2.7339883672539145e-05, 2.346428664168343e-05, 2.5169812943204306e-05, 2.4136661522788927e-05, 2.3003905880614184e-05, 2.231776488770265e-05, 2.8863039915449917e-05, 2.7090713047073223e-05, 2.5397806894034147e-05, 2.6736939616966993e-05, 2.611763557069935e-05, 2.2125768737168983e-05, 2.2494383301818743e-05, 2.2633064872934483e-05, 2.475039400451351e-05, 2.3471431632060558e-05, 2.3452823370462283e-05, 2.4965789634734392e-05, 2.8291311537032016e-05, 2.293613215442747e-05, 2.5801933588809334e-05, 2.510005288058892e-05]}