{"loss": [0.002003694185987115, 0.0016264567384496331, 0.001400065841153264, 0.0011896367650479078, 0.0009927789214998484, 0.000801672344096005, 0.0006482091848738492, 0.0005190252559259534, 0.00041122804395854473, 0.0003165986854583025, 0.00022548690321855247, 0.0001660078123677522, 0.00011900581739610061, 9.799534745980054e-05, 8.560810965718701e-05, 7.523873500758782e-05, 7.333971734624356e-05, 6.345957808662206e-05, 5.591779336100444e-05, 5.311691711540334e-05, 4.8376132326666266e-05, 4.6522873162757605e-05, 4.353943222668022e-05, 3.9364054828183725e-05, 3.555525836418383e-05, 3.36504090228118e-05, 3.316452421131544e-05, 3.068788646487519e-05, 2.9368509785854258e-05, 2.7081809093942866e-05, 2.6358980903751217e-05, 2.5202078177244402e-05, 2.3405653337249532e-05, 2.2171851014718413e-05, 2.0123738067923114e-05, 1.980864180950448e-05, 1.9218223314965144e-05, 1.8503331375541165e-05, 1.7970958651858382e-05, 1.7078613382182084e-05, 1.650291778787505e-05, 1.5895910109975375e-05, 1.562673605803866e-05, 1.5948815416777506e-05, 1.508254626969574e-05, 1.3591258721135091e-05, 1.2578400856000371e-05, 1.2797846466128249e-05, 1.2192451322334819e-05, 1.189929844258586e-05, 1.2761202924593817e-05, 1.1784386515500955e-05, 1.0790858141263016e-05, 1.0306330295861699e-05, 9.786190275917761e-06, 1.0917132385657169e-05, 1.2425135537341703e-05, 1.11323988676304e-05, 8.757428076933138e-06, 8.611405064584687e-06, 8.230334060499445e-06, 7.74890031607356e-06, 7.699281013628934e-06, 8.060627806116827e-06, 9.946260433935095e-06, 9.966392099158838e-06, 9.410518032382242e-06, 8.831206287140958e-06, 7.068390004860703e-06, 7.347873179242015e-06, 6.72483383823419e-06, 5.953645995759871e-06, 5.860982582817087e-06, 6.477677288785344e-06, 6.215713710844284e-06, 6.0630768530245405e-06], "mse": [0.002003694185987115, 0.0016264567384496331, 0.001400065841153264, 0.0011896367650479078, 0.0009927789214998484, 0.000801672344096005, 0.0006482091848738492, 0.0005190252559259534, 0.00041122804395854473, 0.0003165986854583025, 0.00022548690321855247, 0.0001660078123677522, 0.00011900581739610061, 9.799534745980054e-05, 8.560810965718701e-05, 7.523873500758782e-05, 7.333971734624356e-05, 6.345957808662206e-05, 5.591779336100444e-05, 5.311691711540334e-05, 4.8376132326666266e-05, 4.6522873162757605e-05, 4.353943222668022e-05, 3.9364054828183725e-05, 3.5555262002162635e-05, 3.36504090228118e-05, 3.316452421131544e-05, 3.068788646487519e-05, 2.9368509785854258e-05, 2.7081809093942866e-05, 2.6358980903751217e-05, 2.5202078177244402e-05, 2.3405653337249532e-05, 2.2171851014718413e-05, 2.0123738067923114e-05, 1.980864180950448e-05, 1.9218223314965144e-05, 1.8503331375541165e-05, 1.7970958651858382e-05, 1.7078613382182084e-05, 1.650291778787505e-05, 1.5895910109975375e-05, 1.562673605803866e-05, 1.5948815416777506e-05, 1.508254626969574e-05, 1.3591258721135091e-05, 1.2578400856000371e-05, 1.279784737562295e-05, 1.2192451322334819e-05, 1.189929844258586e-05, 1.2761202924593817e-05, 1.1784386515500955e-05, 1.0790858141263016e-05, 1.0306330295861699e-05, 9.786190275917761e-06, 1.0917132385657169e-05, 1.2425135537341703e-05, 1.1132399777125102e-05, 8.757428076933138e-06, 8.611405064584687e-06, 8.230333151004743e-06, 7.74890031607356e-06, 7.699281013628934e-06, 8.060627806116827e-06, 9.946260433935095e-06, 9.966392099158838e-06, 9.410518032382242e-06, 8.831206287140958e-06, 7.068390004860703e-06, 7.347873179242015e-06, 6.72483383823419e-06, 5.953645995759871e-06, 5.860982582817087e-06, 6.477677288785344e-06, 6.215713710844284e-06, 6.0630768530245405e-06], "val_loss": [0.0027308326680213213, 0.002186340279877186, 0.0018392077181488276, 0.001427220762707293, 0.0012151118135079741, 0.0009842313593253493, 0.0007338277064263821, 0.0005774623714387417, 0.0005001631798222661, 0.00045963580487295985, 0.00032178786932490766, 0.00024956869310699403, 0.0002623539185151458, 0.00022397571592591703, 0.00017051714530680329, 0.00021712644957005978, 0.0001556096540298313, 0.00013539593783207238, 0.00013743351155426353, 0.00017422667588107288, 0.00014957231178414077, 0.00011939995602006093, 0.00015854305820539594, 0.00013503455556929111, 0.00012099897867301479, 0.0001424134970875457, 0.0001292751112487167, 0.0001095183688448742, 0.00014098621613811702, 0.00011317466851323843, 0.00010745199688244611, 0.00012565343058668077, 0.0001342428440693766, 0.00010583350376691669, 0.00010556855704635382, 0.00010340763401472941, 0.00010117510100826621, 0.00010186687723034993, 9.728911390993744e-05, 0.00010111242590937763, 0.00010071165161207318, 9.419649722985923e-05, 9.024911560118198e-05, 0.00010487892723176628, 8.509255712851882e-05, 9.919211879605427e-05, 9.749006858328357e-05, 8.404412074014544e-05, 9.328630403615534e-05, 7.852685666875914e-05, 0.00011118139082100242, 7.746434857835993e-05, 9.749499440658838e-05, 9.022647282108665e-05, 9.496389975538477e-05, 7.233033829834312e-05, 0.00011411305604269728, 7.961064693517983e-05, 8.135908137774095e-05, 8.503875869791955e-05, 7.912823639344424e-05, 8.899771637516096e-05, 8.220408199122176e-05, 8.204128971556202e-05, 9.524058259557933e-05, 6.956636934773996e-05, 0.0001010225823847577, 7.23401753930375e-05, 7.979979272931814e-05, 8.712654380360618e-05, 7.299524440895766e-05, 7.871298294048756e-05, 7.950586586957797e-05, 8.421920938417315e-05, 8.208171493606642e-05, 7.986710261320695e-05], "val_mse": [0.0027308326680213213, 0.002186340279877186, 0.0018392077181488276, 0.001427220762707293, 0.0012151118135079741, 0.0009842314757406712, 0.0007338277064263821, 0.0005774623714387417, 0.0005001631798222661, 0.00045963580487295985, 0.00032178786932490766, 0.00024956869310699403, 0.0002623539185151458, 0.00022397571592591703, 0.00017051714530680329, 0.00021712644957005978, 0.0001556096540298313, 0.00013539593783207238, 0.00013743351155426353, 0.00017422667588107288, 0.00014957231178414077, 0.00011939995602006093, 0.00015854305820539594, 0.00013503455556929111, 0.00012099897867301479, 0.0001424134970875457, 0.0001292751112487167, 0.0001095183688448742, 0.00014098621613811702, 0.00011317466851323843, 0.00010745199688244611, 0.00012565343058668077, 0.0001342428440693766, 0.00010583350376691669, 0.00010556855704635382, 0.00010340763401472941, 0.00010117510100826621, 0.00010186687723034993, 9.728911390993744e-05, 0.00010111242590937763, 0.00010071165161207318, 9.419649722985923e-05, 9.024911560118198e-05, 0.00010487892723176628, 8.50925498525612e-05, 9.919211879605427e-05, 9.749006858328357e-05, 8.404412074014544e-05, 9.328630403615534e-05, 7.852685666875914e-05, 0.00011118139082100242, 7.746434857835993e-05, 9.749499440658838e-05, 9.022647282108665e-05, 9.496389975538477e-05, 7.233033829834312e-05, 0.00011411305604269728, 7.961064693517983e-05, 8.135908137774095e-05, 8.503875869791955e-05, 7.912823639344424e-05, 8.899771637516096e-05, 8.220408199122176e-05, 8.204128971556202e-05, 9.524058259557933e-05, 6.956636934773996e-05, 0.0001010225823847577, 7.23401753930375e-05, 7.979979272931814e-05, 8.712654380360618e-05, 7.299524440895766e-05, 7.871298294048756e-05, 7.950586586957797e-05, 8.421921666013077e-05, 8.208171493606642e-05, 7.986710261320695e-05]}