{"loss": [0.0010901623172685504, 0.00016011200204957277, 8.036584767978638e-05, 5.6415286962874234e-05, 4.134577829972841e-05, 3.433494930504821e-05, 3.0357214200193994e-05, 2.768396916508209e-05, 2.5456336516072042e-05, 2.2783748136134818e-05, 2.2663118215859868e-05, 2.0790326743735932e-05, 1.976502790057566e-05, 1.8034652384812944e-05, 1.7636859411140904e-05, 1.815373070712667e-05, 1.5244651876855642e-05, 1.4266648577176966e-05, 1.5021954823168926e-05, 1.4984238987381104e-05, 1.58151269715745e-05, 1.3449245670926757e-05, 1.4270767678681295e-05, 1.4342069334816188e-05, 1.3012662748224102e-05, 1.202022576762829e-05, 1.1364367310306989e-05, 1.1489926691865548e-05, 1.1496243132569361e-05, 1.234178307640832e-05, 1.0695795026549604e-05, 1.0023573850048706e-05, 9.873704584606458e-06, 1.0695425771700684e-05, 1.0558238500379957e-05, 9.343415513285436e-06, 9.729072189657018e-06, 8.864035407896154e-06, 8.55779398989398e-06, 9.827487701841164e-06, 9.793257049750537e-06, 9.070076885109302e-06, 8.521502422809135e-06, 7.867330168664921e-06, 9.899726137518883e-06, 1.179362789116567e-05, 8.230990715674125e-06, 8.236036592279561e-06, 7.9441142588621e-06, 8.613857062300667e-06, 8.441072168352548e-06, 8.347717994183768e-06, 1.0012632628786378e-05, 7.781530257489067e-06, 8.23360460344702e-06, 7.99099143478088e-06, 6.80767152516637e-06, 7.060848474793602e-06, 7.056801678118063e-06, 7.05892398400465e-06, 6.8347972046467476e-06, 6.77232128509786e-06, 7.450727935065515e-06, 7.545670996478293e-06, 6.7179785219195765e-06, 6.6626407715375535e-06], "mse": [0.0010901623172685504, 0.00016011200204957277, 8.036584767978638e-05, 5.6415286962874234e-05, 4.134577829972841e-05, 3.433494930504821e-05, 3.0357214200193994e-05, 2.768396916508209e-05, 2.5456336516072042e-05, 2.2783748136134818e-05, 2.2663118215859868e-05, 2.0790326743735932e-05, 1.976502790057566e-05, 1.8034652384812944e-05, 1.7636859411140904e-05, 1.815373070712667e-05, 1.5244651876855642e-05, 1.4266648577176966e-05, 1.5021953913674224e-05, 1.4984238987381104e-05, 1.58151269715745e-05, 1.3449245670926757e-05, 1.4270767678681295e-05, 1.4342069334816188e-05, 1.3012662748224102e-05, 1.202022576762829e-05, 1.1364367310306989e-05, 1.1489926691865548e-05, 1.1496243132569361e-05, 1.234178307640832e-05, 1.0695795026549604e-05, 1.0023573850048706e-05, 9.873704584606458e-06, 1.0695425771700684e-05, 1.0558238500379957e-05, 9.343415513285436e-06, 9.729072189657018e-06, 8.864035407896154e-06, 8.55779398989398e-06, 9.827487701841164e-06, 9.793257049750537e-06, 9.070076885109302e-06, 8.521502422809135e-06, 7.867330168664921e-06, 9.899726137518883e-06, 1.1793628800660372e-05, 8.230990715674125e-06, 8.236036592279561e-06, 7.9441142588621e-06, 8.613857062300667e-06, 8.441072168352548e-06, 8.347717994183768e-06, 1.001263353828108e-05, 7.781530257489067e-06, 8.23360460344702e-06, 7.99099143478088e-06, 6.80767152516637e-06, 7.060848474793602e-06, 7.056801678118063e-06, 7.05892398400465e-06, 6.8347972046467476e-06, 6.77232128509786e-06, 7.450727935065515e-06, 7.545670996478293e-06, 6.7179785219195765e-06, 6.6626407715375535e-06], "val_loss": [0.00033520814031362534, 0.000129888896481134, 7.807928341208026e-05, 5.2404171583475545e-05, 3.976736843469553e-05, 3.8499507354572415e-05, 3.43369938491378e-05, 3.360988921485841e-05, 3.021612974407617e-05, 2.5360875952173956e-05, 2.6807552785612643e-05, 2.8683040000032634e-05, 2.230107747891452e-05, 2.1460908101289533e-05, 2.646769098646473e-05, 2.113378832291346e-05, 1.961166890396271e-05, 1.9348457499290816e-05, 2.6793462893692777e-05, 1.9080234778812155e-05, 2.3665172193432227e-05, 1.9128172425553203e-05, 2.1949434085399844e-05, 1.8406637536827475e-05, 1.7633627066970803e-05, 1.99372079805471e-05, 1.768002584867645e-05, 1.8301218005944975e-05, 1.685976894805208e-05, 1.748204158502631e-05, 1.5882818843238056e-05, 1.627846540941391e-05, 1.576099020894617e-05, 1.5471227015950717e-05, 1.631476879992988e-05, 1.5547739167232066e-05, 1.5109564628801309e-05, 1.506428361608414e-05, 1.4362076399265788e-05, 1.775725104380399e-05, 1.4734380783920642e-05, 1.4729539543623105e-05, 1.4718448255734984e-05, 1.4107215974945575e-05, 1.865948797785677e-05, 1.547691681480501e-05, 1.614156826690305e-05, 1.4417609236261342e-05, 1.484825315856142e-05, 1.5117735529202037e-05, 2.0010071239084937e-05, 1.343161602562759e-05, 1.504567262600176e-05, 1.5092725334397983e-05, 1.3738813322561327e-05, 1.3187915101298131e-05, 1.3903060789743904e-05, 1.4570213352271821e-05, 1.4035015738045331e-05, 1.5266092304955237e-05, 1.3330827641766518e-05, 1.3486727766576223e-05, 1.6469988622702658e-05, 1.335997148999013e-05, 1.3747339835390449e-05, 1.4599054338759743e-05], "val_mse": [0.00033520814031362534, 0.000129888896481134, 7.807928341208026e-05, 5.2404171583475545e-05, 3.976736843469553e-05, 3.8499507354572415e-05, 3.43369938491378e-05, 3.360988921485841e-05, 3.021612974407617e-05, 2.5360875952173956e-05, 2.6807552785612643e-05, 2.8683040000032634e-05, 2.230107747891452e-05, 2.1460908101289533e-05, 2.646769098646473e-05, 2.113378832291346e-05, 1.961166890396271e-05, 1.9348457499290816e-05, 2.6793462893692777e-05, 1.9080234778812155e-05, 2.3665170374442823e-05, 1.9128172425553203e-05, 2.1949434085399844e-05, 1.8406637536827475e-05, 1.7633627066970803e-05, 1.99372079805471e-05, 1.768002584867645e-05, 1.8301218005944975e-05, 1.685976894805208e-05, 1.748204158502631e-05, 1.5882818843238056e-05, 1.627846540941391e-05, 1.576099020894617e-05, 1.5471227015950717e-05, 1.631476879992988e-05, 1.5547739167232066e-05, 1.5109564628801309e-05, 1.506428361608414e-05, 1.4362076399265788e-05, 1.775725104380399e-05, 1.4734380783920642e-05, 1.4729538634128403e-05, 1.4718448255734984e-05, 1.4107216884440277e-05, 1.865948797785677e-05, 1.547691681480501e-05, 1.614156826690305e-05, 1.4417609236261342e-05, 1.484825315856142e-05, 1.5117738257686142e-05, 2.0010071239084937e-05, 1.3431616935122292e-05, 1.504567262600176e-05, 1.5092725334397983e-05, 1.3738813322561327e-05, 1.318791419180343e-05, 1.3903061699238606e-05, 1.4570213352271821e-05, 1.4035015738045331e-05, 1.5266092304955237e-05, 1.3330827641766518e-05, 1.3486727766576223e-05, 1.6469990441692062e-05, 1.3359972399484832e-05, 1.3747339835390449e-05, 1.4599054338759743e-05]}