{"loss": [9.618521289667115e-05, 1.2786393199348822e-05, 9.195478924084455e-06, 7.414855190290837e-06, 6.4327437030442525e-06, 5.710600362363039e-06, 5.27139445694047e-06, 4.688215540227247e-06, 4.452434950508177e-06, 4.190633717371384e-06, 4.069649094162742e-06, 3.6731782984134043e-06, 3.5895845940103754e-06, 3.533975814207224e-06, 3.1846086585574085e-06, 3.352731710037915e-06, 3.0838016300549498e-06, 3.102124310316867e-06, 3.016657501575537e-06, 2.8222134460520465e-06, 2.88848582385981e-06, 2.677138581930194e-06, 2.722837734836503e-06, 2.6350653570261784e-06, 2.5134938823612174e-06, 2.4629603103676345e-06, 2.4240089260274544e-06, 2.4498924631188856e-06, 2.3785030407452723e-06, 2.2295514554571128e-06, 2.230649897683179e-06, 2.2954161522648064e-06, 2.189859515056014e-06, 2.1569592263404047e-06, 2.151244189008139e-06, 2.0551701709337067e-06, 2.0814070467167767e-06, 2.005721626119339e-06, 1.9716512724698987e-06, 1.990987129829591e-06, 1.952875891220174e-06, 1.8949559716929798e-06, 1.940661150001688e-06, 1.9054637050430756e-06, 1.9007200080523035e-06, 1.816842313928646e-06, 1.854911261034431e-06, 1.8504791796658537e-06, 1.7235731775144814e-06, 1.727340190882387e-06, 1.806143927751691e-06, 1.7535396636958467e-06, 1.7308026372120366e-06, 1.6837910834510694e-06, 1.6869391856744187e-06, 1.7115761465902324e-06, 1.6802374602775672e-06, 1.617871930648107e-06, 1.621778551452735e-06], "mse": [9.618521289667115e-05, 1.2786393199348822e-05, 9.195478924084455e-06, 7.414855190290837e-06, 6.4327437030442525e-06, 5.710600362363039e-06, 5.271394911687821e-06, 4.6882150854798965e-06, 4.452434950508177e-06, 4.190633717371384e-06, 4.069649094162742e-06, 3.6731782984134043e-06, 3.5895845940103754e-06, 3.533975814207224e-06, 3.1846086585574085e-06, 3.352731710037915e-06, 3.0838016300549498e-06, 3.102124310316867e-06, 3.016657501575537e-06, 2.8222134460520465e-06, 2.88848582385981e-06, 2.677138581930194e-06, 2.722837734836503e-06, 2.6350653570261784e-06, 2.5134938823612174e-06, 2.4629603103676345e-06, 2.4240089260274544e-06, 2.4498924631188856e-06, 2.3785030407452723e-06, 2.2295514554571128e-06, 2.230649897683179e-06, 2.2954161522648064e-06, 2.1898597424296895e-06, 2.1569592263404047e-06, 2.151244189008139e-06, 2.0551701709337067e-06, 2.0814070467167767e-06, 2.0057218534930144e-06, 1.9716512724698987e-06, 1.990987129829591e-06, 1.952875891220174e-06, 1.894955858006142e-06, 1.940661150001688e-06, 1.9054637050430756e-06, 1.9007198943654657e-06, 1.816842313928646e-06, 1.854911261034431e-06, 1.8504791796658537e-06, 1.7235731775144814e-06, 1.727340190882387e-06, 1.806143927751691e-06, 1.7535396636958467e-06, 1.7308026372120366e-06, 1.6837910834510694e-06, 1.6869391856744187e-06, 1.7115761465902324e-06, 1.6802374602775672e-06, 1.617871930648107e-06, 1.621778551452735e-06], "val_loss": [2.1344694687286392e-05, 1.1745065421564505e-05, 7.901800017862115e-06, 7.868254215281922e-06, 5.01790009366232e-06, 6.924531135155121e-06, 5.308133040671237e-06, 4.562504727800842e-06, 3.5290465802972903e-06, 3.471634499874199e-06, 3.300489197499701e-06, 4.0218342292064335e-06, 2.955424406536622e-06, 2.6117565994354663e-06, 4.626856934919488e-06, 2.863977670131135e-06, 3.135706492685131e-06, 4.050266397825908e-06, 6.3199299802363385e-06, 3.071545279453858e-06, 2.8545005079649854e-06, 2.2554163479071576e-06, 2.7520497951627476e-06, 2.516848553568707e-06, 3.7140143831493333e-06, 2.8004642445011996e-06, 2.7918376872548833e-06, 2.9716904919041554e-06, 2.3295992832572665e-06, 2.0647783003369113e-06, 2.4455991933791665e-06, 2.169328581658192e-06, 2.0545005554595264e-06, 2.3046238766255556e-06, 2.6186348804912996e-06, 2.018246277657454e-06, 1.9520232399372617e-06, 1.860961788224813e-06, 2.5164163162116893e-06, 1.8691218883759575e-06, 1.8252090967507684e-06, 2.5817932964855572e-06, 1.7730727677189861e-06, 1.9301201064081397e-06, 1.7070580042855e-06, 1.854798142630898e-06, 2.0491061150096357e-06, 1.738661808303732e-06, 1.617248358343204e-06, 1.760756049407064e-06, 1.7718175513437018e-06, 1.6119734027597588e-06, 1.7855352325568674e-06, 1.6439456658190466e-06, 1.7125096292147646e-06, 2.712374907787307e-06, 1.6187747178264544e-06, 1.714811105557601e-06, 1.834346790019481e-06], "val_mse": [2.1344694687286392e-05, 1.1745065421564505e-05, 7.901800017862115e-06, 7.868255124776624e-06, 5.01790009366232e-06, 6.924531135155121e-06, 5.308133040671237e-06, 4.562504727800842e-06, 3.5290465802972903e-06, 3.471634499874199e-06, 3.300489197499701e-06, 4.0218342292064335e-06, 2.955424406536622e-06, 2.6117565994354663e-06, 4.626856934919488e-06, 2.8639781248784857e-06, 3.135706492685131e-06, 4.050266397825908e-06, 6.3199299802363385e-06, 3.071545279453858e-06, 2.8545005079649854e-06, 2.2554163479071576e-06, 2.7520497951627476e-06, 2.516848553568707e-06, 3.7140139284019824e-06, 2.8004642445011996e-06, 2.7918376872548833e-06, 2.9716904919041554e-06, 2.3295992832572665e-06, 2.0647785277105868e-06, 2.4455991933791665e-06, 2.169328581658192e-06, 2.0545005554595264e-06, 2.3046238766255556e-06, 2.6186348804912996e-06, 2.018246277657454e-06, 1.9520230125635862e-06, 1.860961788224813e-06, 2.5164163162116893e-06, 1.8691218883759575e-06, 1.8252090967507684e-06, 2.5817932964855572e-06, 1.7730727677189861e-06, 1.9301201064081397e-06, 1.7070577769118245e-06, 1.854798142630898e-06, 2.0491061150096357e-06, 1.7386620356774074e-06, 1.617248358343204e-06, 1.760756049407064e-06, 1.771817437656864e-06, 1.6119734027597588e-06, 1.7855352325568674e-06, 1.6439456658190466e-06, 1.7125096292147646e-06, 2.712374907787307e-06, 1.6187747178264544e-06, 1.714811105557601e-06, 1.834346790019481e-06]}