{"loss": [0.0011404615361243486, 0.00016664114082232118, 0.0001003122961265035, 8.240248280344531e-05, 6.880760338390246e-05, 6.290436431299895e-05, 5.841785605298355e-05, 5.509840411832556e-05, 5.178327046451159e-05, 5.183520261198282e-05, 5.176596823730506e-05, 4.90586317027919e-05, 4.5488915930036455e-05, 4.559195076581091e-05, 4.551620077108964e-05, 4.369996167952195e-05, 4.171571708866395e-05, 4.097674900549464e-05, 4.063849337399006e-05, 3.891357482643798e-05, 3.817716060439125e-05, 4.255970998201519e-05, 3.6932589864591137e-05, 3.8427369872806594e-05, 3.629571074270643e-05, 3.639294300228357e-05, 3.5943030525231734e-05, 3.5291359381517395e-05, 3.517252116580494e-05, 3.5536497307475656e-05, 3.3789892768254504e-05, 3.340858165756799e-05, 3.2849638955667615e-05, 3.3285214158240706e-05, 3.475242920103483e-05, 3.3132542739622295e-05, 3.234660835005343e-05, 3.2693649700377136e-05, 3.602134165703319e-05, 3.2757885492173955e-05, 3.139615000691265e-05, 3.0499066269840114e-05, 3.054401167901233e-05, 3.167575050611049e-05], "mse": [0.0011404615361243486, 0.00016664114082232118, 0.0001003122961265035, 8.240248280344531e-05, 6.880760338390246e-05, 6.290436431299895e-05, 5.8417852415004745e-05, 5.509840411832556e-05, 5.178327046451159e-05, 5.183520261198282e-05, 5.176596823730506e-05, 4.90586317027919e-05, 4.5488915930036455e-05, 4.559195076581091e-05, 4.551620077108964e-05, 4.3699954403564334e-05, 4.171571708866395e-05, 4.097674900549464e-05, 4.063849337399006e-05, 3.891357482643798e-05, 3.817716060439125e-05, 4.255970998201519e-05, 3.6932589864591137e-05, 3.8427369872806594e-05, 3.629571074270643e-05, 3.639294300228357e-05, 3.5943030525231734e-05, 3.5291359381517395e-05, 3.517252116580494e-05, 3.5536497307475656e-05, 3.3789892768254504e-05, 3.340858165756799e-05, 3.2849638955667615e-05, 3.3285214158240706e-05, 3.475242920103483e-05, 3.3132542739622295e-05, 3.234660835005343e-05, 3.2693649700377136e-05, 3.602134165703319e-05, 3.2757885492173955e-05, 3.139615000691265e-05, 3.0499066269840114e-05, 3.054401167901233e-05, 3.1675754144089296e-05], "val_loss": [0.0003357338428031653, 0.00016019998292904347, 0.00010491557623026893, 9.049773507285863e-05, 8.098444232018664e-05, 7.4346738983877e-05, 7.033122528810054e-05, 7.116338383639231e-05, 7.191240001702681e-05, 7.204406574601308e-05, 6.305704300757498e-05, 6.517684960272163e-05, 6.189078703755513e-05, 5.6378645240329206e-05, 6.004005263093859e-05, 5.7611046941019595e-05, 5.8053348766407e-05, 5.41742192581296e-05, 5.70485572097823e-05, 5.564601451624185e-05, 6.0195307014510036e-05, 5.57065213797614e-05, 5.727891402784735e-05, 6.3815459725447e-05, 5.1844432164216414e-05, 5.105386662762612e-05, 5.101386341266334e-05, 5.122865695739165e-05, 5.040779069531709e-05, 5.0652484787860885e-05, 5.132818114361726e-05, 5.7180772273568437e-05, 4.880331107415259e-05, 4.785258352058008e-05, 5.015698843635619e-05, 5.3856394515605643e-05, 4.860814078710973e-05, 4.990326124243438e-05, 5.1849085139110684e-05, 5.847891952726059e-05, 4.999891098123044e-05, 4.9430957005824894e-05, 6.459271389758214e-05, 4.986104613635689e-05], "val_mse": [0.0003357338428031653, 0.00016019998292904347, 0.00010491557623026893, 9.049773507285863e-05, 8.098444232018664e-05, 7.4346738983877e-05, 7.033122528810054e-05, 7.116338383639231e-05, 7.191240001702681e-05, 7.204406574601308e-05, 6.305704300757498e-05, 6.517684960272163e-05, 6.189079431351274e-05, 5.6378645240329206e-05, 6.004005263093859e-05, 5.7611046941019595e-05, 5.8053348766407e-05, 5.41742192581296e-05, 5.70485572097823e-05, 5.564601451624185e-05, 6.0195307014510036e-05, 5.57065213797614e-05, 5.727891402784735e-05, 6.3815459725447e-05, 5.1844432164216414e-05, 5.105386662762612e-05, 5.101386341266334e-05, 5.122865695739165e-05, 5.040779069531709e-05, 5.0652484787860885e-05, 5.132818114361726e-05, 5.7180772273568437e-05, 4.880331107415259e-05, 4.785258352058008e-05, 5.015698843635619e-05, 5.3856394515605643e-05, 4.860814078710973e-05, 4.990326124243438e-05, 5.1849085139110684e-05, 5.847891952726059e-05, 4.999891098123044e-05, 4.9430957005824894e-05, 6.459270662162453e-05, 4.986104613635689e-05]}