{"loss": [0.002042307984083891, 0.0014210500521585345, 0.0008783863158896565, 0.0005536175449378788, 0.00036149329389445484, 0.00024867308093234897, 0.00017001366359181702, 0.0001419093314325437, 0.00011919215467059985, 0.0001124632908613421, 0.00010106891568284482, 8.918666571844369e-05, 8.320713823195547e-05, 7.747820200165734e-05, 7.163076952565461e-05, 6.80273660691455e-05, 6.319305975921452e-05, 6.116593431215733e-05, 5.8864137827185914e-05, 5.407463322626427e-05, 5.111501013743691e-05, 4.8791996960062534e-05, 4.6869685320416465e-05, 4.5640048483619466e-05, 4.8843194235814735e-05, 4.6873952669557184e-05, 4.5930883061373606e-05, 3.835259849438444e-05, 3.766080044442788e-05, 3.759040919248946e-05, 3.619747803895734e-05, 3.659076173789799e-05, 3.5145880247000605e-05, 3.68015535059385e-05, 3.6052246286999434e-05, 3.2710977393435314e-05, 3.193869997630827e-05, 3.178188853780739e-05, 3.197270416421816e-05, 3.232246672268957e-05, 3.007625855389051e-05, 2.878976556530688e-05, 2.8903308702865615e-05, 2.9442020604619756e-05, 2.7521247830009088e-05, 2.9722010367549956e-05, 2.5990389985963702e-05, 2.8077163733541965e-05, 2.8521631975308992e-05, 2.5762419681996107e-05, 2.548243173805531e-05, 2.6037785573862493e-05, 2.6408346457174048e-05, 2.7426529413787648e-05, 2.4162010959116742e-05, 2.287536335643381e-05, 2.6776804588735104e-05], "mse": [0.002042307984083891, 0.0014210500521585345, 0.0008783863158896565, 0.0005536175449378788, 0.00036149329389445484, 0.00024867308093234897, 0.00017001366359181702, 0.0001419093314325437, 0.00011919215467059985, 0.0001124632908613421, 0.00010106891568284482, 8.918666571844369e-05, 8.320713823195547e-05, 7.747820200165734e-05, 7.163076952565461e-05, 6.802737334510311e-05, 6.319305975921452e-05, 6.116593431215733e-05, 5.8864137827185914e-05, 5.407463322626427e-05, 5.111501013743691e-05, 4.8791993322083727e-05, 4.6869685320416465e-05, 4.5640048483619466e-05, 4.8843194235814735e-05, 4.687394903157838e-05, 4.5930883061373606e-05, 3.835259849438444e-05, 3.766080044442788e-05, 3.759040919248946e-05, 3.619747803895734e-05, 3.659076173789799e-05, 3.5145880247000605e-05, 3.68015535059385e-05, 3.6052246286999434e-05, 3.2710977393435314e-05, 3.193869997630827e-05, 3.178188853780739e-05, 3.197270416421816e-05, 3.232246672268957e-05, 3.007625855389051e-05, 2.878976556530688e-05, 2.8903308702865615e-05, 2.9442020604619756e-05, 2.7521247830009088e-05, 2.9722010367549956e-05, 2.5990389985963702e-05, 2.8077163733541965e-05, 2.8521631975308992e-05, 2.5762419681996107e-05, 2.548243173805531e-05, 2.6037785573862493e-05, 2.6408346457174048e-05, 2.7426529413787648e-05, 2.416200914012734e-05, 2.287536335643381e-05, 2.6776804588735104e-05], "val_loss": [0.0016492472495883703, 0.001240800484083593, 0.0008918309467844665, 0.0006012603407725692, 0.00047560883103869855, 0.0003380275156814605, 0.00022734752565156668, 0.00020544373546727002, 0.00018342002294957638, 0.0001662995491642505, 0.00016616543871350586, 0.00016334923566319048, 0.00014205575280357152, 0.0001336632703896612, 0.0001346616045339033, 0.00012155985314166173, 0.00011208080832147971, 0.00010704388841986656, 9.79372562142089e-05, 9.890117507893592e-05, 9.716708154883236e-05, 9.657030022935942e-05, 9.362596028950065e-05, 9.286501881433651e-05, 0.000111632703919895, 0.00010766553168650717, 8.5399005911313e-05, 8.01591231720522e-05, 8.445566345471889e-05, 8.232680556830019e-05, 8.371765579795465e-05, 7.931481377454475e-05, 8.683733904035762e-05, 8.927852468332276e-05, 8.248529047705233e-05, 7.965701661305502e-05, 8.549296762794256e-05, 8.106769382720813e-05, 8.183339377865195e-05, 7.709768397035077e-05, 7.574231131002307e-05, 7.454751175828278e-05, 7.333396933972836e-05, 7.572253525722772e-05, 7.386029756162316e-05, 7.753516547381878e-05, 6.977451994316652e-05, 7.61396368034184e-05, 7.208871829789132e-05, 7.735781400697306e-05, 7.57374000386335e-05, 7.174814527388662e-05, 7.086697587510571e-05, 7.160883251344785e-05, 7.240036211442202e-05, 7.965762779349461e-05, 7.413383718812838e-05], "val_mse": [0.0016492472495883703, 0.001240800484083593, 0.0008918309467844665, 0.0006012603407725692, 0.0004756089183501899, 0.00033802748657763004, 0.00022734752565156668, 0.00020544373546727002, 0.00018342002294957638, 0.0001662995491642505, 0.00016616543871350586, 0.00016334923566319048, 0.00014205575280357152, 0.0001336632703896612, 0.0001346616045339033, 0.00012155985314166173, 0.00011208080832147971, 0.00010704388841986656, 9.79372562142089e-05, 9.890117507893592e-05, 9.716708154883236e-05, 9.657030022935942e-05, 9.362596028950065e-05, 9.286501881433651e-05, 0.000111632703919895, 0.00010766553168650717, 8.5399005911313e-05, 8.01591231720522e-05, 8.445566345471889e-05, 8.232680556830019e-05, 8.371765579795465e-05, 7.931481377454475e-05, 8.683734631631523e-05, 8.927852468332276e-05, 8.248529047705233e-05, 7.965701661305502e-05, 8.549296762794256e-05, 8.106769382720813e-05, 8.183339377865195e-05, 7.709768397035077e-05, 7.574231858598068e-05, 7.454751175828278e-05, 7.333396933972836e-05, 7.572253525722772e-05, 7.386029756162316e-05, 7.753516547381878e-05, 6.977451994316652e-05, 7.61396368034184e-05, 7.208871829789132e-05, 7.735781400697306e-05, 7.57374000386335e-05, 7.174814527388662e-05, 7.08669685991481e-05, 7.160883251344785e-05, 7.240036211442202e-05, 7.965762779349461e-05, 7.413383718812838e-05]}