{"loss": [0.002153093693777919, 0.001518063829280436, 0.0009057915885932744, 0.0006079429876990616, 0.0004260484711267054, 0.00029941534739919007, 0.0002274723956361413, 0.00015529748634435236, 0.0001239742705365643, 0.0001006501042866148, 8.801864896668121e-05, 7.931055733934045e-05, 7.269581692526117e-05, 6.525094795506448e-05, 6.174089503474534e-05, 5.9579837397905067e-05, 5.2542309276759624e-05, 5.152979792910628e-05, 5.140632129041478e-05, 4.521160008152947e-05, 4.253205406712368e-05, 3.82507496397011e-05, 3.457887942204252e-05, 3.307531005702913e-05, 3.188894334016368e-05, 3.0269211492850445e-05, 2.8918037060066126e-05, 2.7219526600674726e-05, 2.623178625071887e-05, 2.6521234758547507e-05, 2.598673199827317e-05, 2.4547709472244605e-05, 2.3246919226949103e-05, 2.374948417127598e-05, 2.301650783920195e-05, 2.3011734811007045e-05, 2.1524874682654627e-05, 2.1175646907067858e-05, 1.985540075111203e-05, 2.063512147287838e-05, 2.0032231986988336e-05, 1.863739817054011e-05, 1.838361276895739e-05, 1.858404721133411e-05, 1.8936731066787615e-05, 1.7290925825363956e-05, 1.7018470316543244e-05, 1.6298083210131153e-05, 1.5501496818615124e-05, 1.6134148609125987e-05, 1.7091912013711408e-05, 1.5459596397704445e-05, 1.4374073543876875e-05, 1.4364331946126185e-05, 1.4837334674666636e-05, 1.4052822734811343e-05, 1.4253387234930415e-05, 1.3713202861254103e-05, 1.2763487575284671e-05, 1.3197046428103931e-05, 1.3550225048675202e-05, 1.2484551916713826e-05, 1.2121234249207191e-05, 1.2299719855946023e-05, 1.2470113688323181e-05, 1.2038624845445156e-05, 1.2429375601641368e-05], "mse": [0.002153093693777919, 0.001518063829280436, 0.0009057915885932744, 0.0006079429876990616, 0.0004260484711267054, 0.00029941534739919007, 0.0002274723956361413, 0.00015529748634435236, 0.0001239742705365643, 0.0001006501042866148, 8.801864896668121e-05, 7.931055733934045e-05, 7.269581692526117e-05, 6.525094795506448e-05, 6.174088775878772e-05, 5.9579837397905067e-05, 5.2542309276759624e-05, 5.152979792910628e-05, 5.140632129041478e-05, 4.521160008152947e-05, 4.253205406712368e-05, 3.82507496397011e-05, 3.457887942204252e-05, 3.307531005702913e-05, 3.188894334016368e-05, 3.0269206035882235e-05, 2.8918037060066126e-05, 2.7219526600674726e-05, 2.623178625071887e-05, 2.6521234758547507e-05, 2.598673199827317e-05, 2.4547709472244605e-05, 2.3246919226949103e-05, 2.374948417127598e-05, 2.301650783920195e-05, 2.3011734811007045e-05, 2.1524874682654627e-05, 2.1175646907067858e-05, 1.985540075111203e-05, 2.063512147287838e-05, 2.0032231986988336e-05, 1.863739817054011e-05, 1.838361276895739e-05, 1.858404721133411e-05, 1.8936731066787615e-05, 1.7290925825363956e-05, 1.7018470316543244e-05, 1.6298083210131153e-05, 1.5501496818615124e-05, 1.6134148609125987e-05, 1.7091912013711408e-05, 1.5459596397704445e-05, 1.4374073543876875e-05, 1.4364331946126185e-05, 1.4837334674666636e-05, 1.4052822734811343e-05, 1.4253387234930415e-05, 1.3713202861254103e-05, 1.2763487575284671e-05, 1.3197046428103931e-05, 1.3550225048675202e-05, 1.2484551916713826e-05, 1.2121234249207191e-05, 1.2299719855946023e-05, 1.2470113688323181e-05, 1.2038624845445156e-05, 1.2429375601641368e-05], "val_loss": [0.0015458294656127691, 0.0010548451682552695, 0.00074642343679443, 0.0006090177921578288, 0.0004377245786599815, 0.00033938162960112095, 0.00022155631450004876, 0.00018809798348229378, 0.0001338336442131549, 0.00011933678615605459, 0.0001126149290939793, 9.542721818434075e-05, 9.05935448827222e-05, 8.448779408354312e-05, 9.189629054162651e-05, 8.780427015153691e-05, 7.374318374786526e-05, 8.196183625841513e-05, 7.320172153413296e-05, 6.165249214973301e-05, 7.996133354026824e-05, 6.025842230883427e-05, 5.998069536872208e-05, 5.998975757393055e-05, 5.710777986678295e-05, 5.743721339968033e-05, 5.151060031494126e-05, 5.472516204463318e-05, 5.231070826994255e-05, 4.9932004912989214e-05, 5.8592289860825986e-05, 5.109924677526578e-05, 5.136981053510681e-05, 5.029281601309776e-05, 4.714474926004186e-05, 4.670849739341065e-05, 4.87586876261048e-05, 5.0939630455104634e-05, 5.165552647667937e-05, 5.478920502355322e-05, 5.3475407185032964e-05, 5.0780927267624065e-05, 4.63692304037977e-05, 4.6032895625103265e-05, 4.68001926492434e-05, 4.5790970034431666e-05, 4.6578177716583014e-05, 4.536281994660385e-05, 4.622737105819397e-05, 5.8824622101383284e-05, 4.833997809328139e-05, 4.462659853743389e-05, 4.3796309910248965e-05, 4.9763319111661986e-05, 4.886463284492493e-05, 4.652011921280064e-05, 4.281505971448496e-05, 4.606740185408853e-05, 4.4938533392269164e-05, 4.708883352577686e-05, 4.453885048860684e-05, 4.6343833673745394e-05, 4.890890704700723e-05, 4.519503272604197e-05, 4.694117160397582e-05, 4.7174642531899735e-05, 4.710082430392504e-05], "val_mse": [0.0015458294656127691, 0.0010548451682552695, 0.00074642343679443, 0.0006090177921578288, 0.0004377245786599815, 0.00033938162960112095, 0.00022155631450004876, 0.00018809798348229378, 0.0001338336442131549, 0.00011933678615605459, 0.0001126149290939793, 9.542721818434075e-05, 9.05935448827222e-05, 8.448779408354312e-05, 9.189629054162651e-05, 8.780427015153691e-05, 7.374318374786526e-05, 8.196183625841513e-05, 7.320172153413296e-05, 6.165249214973301e-05, 7.996133354026824e-05, 6.025842230883427e-05, 5.998069536872208e-05, 5.998975757393055e-05, 5.710777622880414e-05, 5.743721339968033e-05, 5.151060031494126e-05, 5.472516204463318e-05, 5.231070826994255e-05, 4.9932004912989214e-05, 5.8592289860825986e-05, 5.109924677526578e-05, 5.136981053510681e-05, 5.029281601309776e-05, 4.714474926004186e-05, 4.670849739341065e-05, 4.8758694902062416e-05, 5.0939630455104634e-05, 5.165552283870056e-05, 5.478920502355322e-05, 5.3475407185032964e-05, 5.0780927267624065e-05, 4.63692304037977e-05, 4.6032895625103265e-05, 4.680018901126459e-05, 4.579097367241047e-05, 4.6578177716583014e-05, 4.536281994660385e-05, 4.622737105819397e-05, 5.8824622101383284e-05, 4.8339985369239e-05, 4.462659853743389e-05, 4.379630263429135e-05, 4.9763319111661986e-05, 4.886463284492493e-05, 4.652011921280064e-05, 4.281505971448496e-05, 4.606740185408853e-05, 4.4938533392269164e-05, 4.708883352577686e-05, 4.453885048860684e-05, 4.63438373117242e-05, 4.890890704700723e-05, 4.519503272604197e-05, 4.694117160397582e-05, 4.7174642531899735e-05, 4.7100827941903844e-05]}