{"loss": [0.005779569037258625, 0.005288827233016491, 0.005160125438123941, 0.00496600242331624, 0.004829030018299818, 0.004715912975370884, 0.004552076570689678, 0.004407190252095461, 0.00425005005672574, 0.004112069960683584, 0.003950984217226505, 0.003849874483421445, 0.003711416618898511], "mse": [0.005779569037258625, 0.005288827233016491, 0.005160125438123941, 0.00496600242331624, 0.004829030018299818, 0.004715912975370884, 0.004552076570689678, 0.004407190252095461, 0.00425005005672574, 0.004112069960683584, 0.003950984217226505, 0.003849874483421445, 0.003711416618898511], "val_loss": [0.004659895319491625, 0.004234043415635824, 0.004206812474876642, 0.004241004586219788, 0.004229522310197353, 0.0042459070682525635, 0.0042940108105540276, 0.004233668092638254, 0.004277167376130819, 0.004327349364757538, 0.004322874825447798, 0.004274165257811546, 0.004294526297599077], "val_mse": [0.004659895319491625, 0.004234043415635824, 0.004206812474876642, 0.004241004586219788, 0.004229522310197353, 0.0042459070682525635, 0.0042940108105540276, 0.004233668092638254, 0.004277167376130819, 0.004327349364757538, 0.004322874825447798, 0.004274165257811546, 0.004294526297599077]}