{"loss": [0.02433081343770027, 0.023212961852550507, 0.022765517234802246, 0.02224084362387657, 0.021927978843450546, 0.02165621519088745, 0.021614056080579758, 0.021563753485679626, 0.02137521281838417, 0.021350713446736336, 0.02112235315144062, 0.021067343652248383], "mse": [0.02433081343770027, 0.023212961852550507, 0.022765517234802246, 0.02224084362387657, 0.021927978843450546, 0.02165621519088745, 0.021614056080579758, 0.021563753485679626, 0.02137521281838417, 0.021350713446736336, 0.02112235315144062, 0.021067343652248383], "val_loss": [0.020838532596826553, 0.020704183727502823, 0.020712902769446373, 0.02089034952223301, 0.02101924642920494, 0.021235719323158264, 0.021299507468938828, 0.02141045592725277, 0.021530918776988983, 0.02149096317589283, 0.02182377316057682, 0.02192527987062931], "val_mse": [0.020838532596826553, 0.020704183727502823, 0.020712902769446373, 0.02089034952223301, 0.02101924642920494, 0.021235719323158264, 0.021299507468938828, 0.02141045592725277, 0.021530920639634132, 0.02149096317589283, 0.02182377316057682, 0.02192527987062931]}