{"loss": [0.0031975116580724716, 0.0028873994015157223, 0.002697315765544772, 0.0024737208150327206, 0.0022528015542775393, 0.0020129431504756212, 0.0017614091048017144, 0.0015635816380381584, 0.0013337514828890562, 0.0011884240666404366, 0.0010850803228095174, 0.0010211963672190905, 0.0009715404594317079, 0.0009454489918425679, 0.0009118788875639439, 0.0008807068807072937, 0.0008808568818494678, 0.0008636977290734649, 0.0008594918763265014, 0.0008510692277923226, 0.0008216024143621325, 0.0008363697561435401], "mse": [0.0031975116580724716, 0.0028873994015157223, 0.002697315765544772, 0.002473721280694008, 0.0022528015542775393, 0.0020129431504756212, 0.0017614091048017144, 0.0015635816380381584, 0.0013337514828890562, 0.0011884241830557585, 0.0010850803228095174, 0.0010211963672190905, 0.0009715404594317079, 0.0009454489918425679, 0.0009118788875639439, 0.0008807068807072937, 0.0008808568818494678, 0.0008636977290734649, 0.0008594918763265014, 0.0008510692277923226, 0.0008216024143621325, 0.0008363699307665229], "val_loss": [0.003458667080849409, 0.0032267621718347073, 0.0030601341277360916, 0.0028320997953414917, 0.0026038307696580887, 0.0023394529707729816, 0.0021275701001286507, 0.0018467456102371216, 0.0016588510479778051, 0.0015340879326686263, 0.0014550983905792236, 0.001447840710170567, 0.0014483396662399173, 0.0014668654184788465, 0.0014774170704185963, 0.0015116382855921984, 0.001510295900516212, 0.0014951012562960386, 0.0014860003720968962, 0.0015052652452141047, 0.0014996514655649662, 0.001498169731348753], "val_mse": [0.003458667080849409, 0.0032267621718347073, 0.0030601341277360916, 0.0028320997953414917, 0.0026038307696580887, 0.0023394529707729816, 0.0021275701001286507, 0.0018467456102371216, 0.0016588510479778051, 0.0015340878162533045, 0.0014550983905792236, 0.001447840710170567, 0.0014483396662399173, 0.0014668654184788465, 0.0014774170704185963, 0.0015116382855921984, 0.001510295900516212, 0.0014951012562960386, 0.0014860003720968962, 0.0015052652452141047, 0.0014996514655649662, 0.001498169731348753]}