{"loss": [0.0006965031498111784, 7.939588977023959e-05, 4.041406646138057e-05, 2.9778859243378974e-05, 2.593093813629821e-05, 2.079961632261984e-05, 1.8438782717566937e-05, 1.7118960386142135e-05, 1.5874704331508838e-05, 1.4021162314747926e-05, 1.3972513443150092e-05, 1.4613562598242424e-05, 1.1797343177022412e-05, 1.1018557415809482e-05, 1.0462666068633553e-05, 1.0898487744270824e-05, 9.324473467131611e-06, 1.0233878128929064e-05, 9.422735274711158e-06, 9.472181773162447e-06, 8.40562552184565e-06, 8.133177288982552e-06, 8.115075615933165e-06, 7.74698764871573e-06, 7.272783477674238e-06, 7.451157216564752e-06, 7.48552110962919e-06, 6.950642728043022e-06, 6.673234111076454e-06, 6.82474365021335e-06, 7.402035862469347e-06, 6.005475370329805e-06, 5.991492798784748e-06, 6.922145985299721e-06, 5.863893420610111e-06, 5.662834610120626e-06, 5.880001026525861e-06, 5.458699433802394e-06, 5.742387656937353e-06, 6.973009931243723e-06, 5.50621552974917e-06, 5.105594937049318e-06, 5.47361514691147e-06, 5.505928584170761e-06, 5.307808805810055e-06, 5.013872396375518e-06, 4.553465714707272e-06, 4.820477897737874e-06, 4.6530126383004244e-06, 5.1111810535076074e-06, 4.714973783848109e-06, 5.211035386309959e-06, 4.52499898528913e-06, 4.21060758526437e-06, 3.902557637047721e-06, 5.334896286512958e-06], "mse": [0.0006965031498111784, 7.939588977023959e-05, 4.041406646138057e-05, 2.9778859243378974e-05, 2.593093813629821e-05, 2.079961632261984e-05, 1.8438782717566937e-05, 1.7118960386142135e-05, 1.5874704331508838e-05, 1.4021162314747926e-05, 1.3972513443150092e-05, 1.4613562598242424e-05, 1.1797343177022412e-05, 1.1018557415809482e-05, 1.0462666068633553e-05, 1.0898487744270824e-05, 9.324473467131611e-06, 1.023387630993966e-05, 9.422735274711158e-06, 9.472181773162447e-06, 8.40562552184565e-06, 8.133177288982552e-06, 8.115075615933165e-06, 7.74698764871573e-06, 7.272783477674238e-06, 7.451157216564752e-06, 7.48552110962919e-06, 6.950642728043022e-06, 6.673234111076454e-06, 6.82474365021335e-06, 7.402035862469347e-06, 6.005475370329805e-06, 5.991492798784748e-06, 6.922145985299721e-06, 5.863893420610111e-06, 5.662834610120626e-06, 5.880001026525861e-06, 5.458699433802394e-06, 5.7423872021900024e-06, 6.973009931243723e-06, 5.50621552974917e-06, 5.105594937049318e-06, 5.47361514691147e-06, 5.505928584170761e-06, 5.307808805810055e-06, 5.013872396375518e-06, 4.553466169454623e-06, 4.820478352485225e-06, 4.6530126383004244e-06, 5.1111810535076074e-06, 4.714973783848109e-06, 5.211035386309959e-06, 4.52499898528913e-06, 4.21060758526437e-06, 3.902557637047721e-06, 5.334896286512958e-06], "val_loss": [0.00012111177056794986, 4.779377195518464e-05, 3.446060873102397e-05, 2.9310524041648023e-05, 2.554289130785037e-05, 1.7945340005098842e-05, 1.8071155864163302e-05, 1.533209979243111e-05, 1.7432685126550496e-05, 1.4135127457848284e-05, 1.3992135791340843e-05, 2.2213465854292735e-05, 1.1918667951249518e-05, 1.2405766938172746e-05, 1.1144460586365312e-05, 1.1679504495987203e-05, 1.2870803402620368e-05, 1.141416942118667e-05, 1.1541376807144843e-05, 1.0645067050063517e-05, 9.546132787363604e-06, 9.659797797212377e-06, 8.959349543147255e-06, 9.875369869405404e-06, 9.119521564571187e-06, 9.205585229210556e-06, 9.181426321447361e-06, 8.87760688783601e-06, 1.0717373697843868e-05, 8.026034265640192e-06, 9.48935849010013e-06, 7.366874342551455e-06, 7.275013558682986e-06, 1.4372236364579294e-05, 8.376345249416772e-06, 7.287176686077146e-06, 9.809467883314937e-06, 7.33644128558808e-06, 9.909017535392195e-06, 7.746406481601298e-06, 1.4012912288308144e-05, 7.593712780362694e-06, 6.9028114921820816e-06, 7.839984391466714e-06, 7.851956070226151e-06, 6.01783585807425e-06, 6.96760662322049e-06, 9.301817044615746e-06, 7.037568593659671e-06, 6.870941888337256e-06, 6.766186743334401e-06, 6.49486037218594e-06, 7.121103863028111e-06, 6.565607236552751e-06, 8.708549103175756e-06, 6.944011147425044e-06], "val_mse": [0.00012111177056794986, 4.779377195518464e-05, 3.446060873102397e-05, 2.9310524041648023e-05, 2.554289130785037e-05, 1.7945340005098842e-05, 1.8071155864163302e-05, 1.533209979243111e-05, 1.7432685126550496e-05, 1.4135127457848284e-05, 1.3992135791340843e-05, 2.2213465854292735e-05, 1.1918667951249518e-05, 1.2405766938172746e-05, 1.1144460586365312e-05, 1.1679504495987203e-05, 1.2870803402620368e-05, 1.141416942118667e-05, 1.1541376807144843e-05, 1.0645067050063517e-05, 9.546132787363604e-06, 9.659797797212377e-06, 8.959349543147255e-06, 9.875369869405404e-06, 9.119521564571187e-06, 9.205585229210556e-06, 9.181426321447361e-06, 8.87760688783601e-06, 1.0717373697843868e-05, 8.026034265640192e-06, 9.48935849010013e-06, 7.366874342551455e-06, 7.275013558682986e-06, 1.4372236364579294e-05, 8.376345249416772e-06, 7.287176686077146e-06, 9.809467883314937e-06, 7.33644128558808e-06, 9.909017535392195e-06, 7.746406481601298e-06, 1.4012912288308144e-05, 7.593712780362694e-06, 6.9028114921820816e-06, 7.839984391466714e-06, 7.851956070226151e-06, 6.017836312821601e-06, 6.96760662322049e-06, 9.301817044615746e-06, 7.037568593659671e-06, 6.870941888337256e-06, 6.766186743334401e-06, 6.49486037218594e-06, 7.121103863028111e-06, 6.565606327058049e-06, 8.708549103175756e-06, 6.944011147425044e-06]}