{"loss": [0.0022930470295250416, 0.0016630478203296661, 0.001099389628507197, 0.0007254319498315454, 0.00045900041004642844, 0.0002624140470288694, 0.00018191011622548103, 0.00013579567894339561, 0.0001140811582445167, 0.00010191061301156878, 8.790410356596112e-05, 8.226851059589535e-05, 7.632233609911054e-05, 7.000833284109831e-05, 6.616809696424752e-05, 6.486434722319245e-05, 6.181037315400317e-05, 5.7041237596422434e-05, 5.4740066843805835e-05, 5.380549555411562e-05, 5.1598017307696864e-05, 5.27299998793751e-05, 4.708491178462282e-05, 4.3777006794698536e-05, 4.339114093454555e-05, 4.30003710789606e-05, 3.961795300710946e-05, 3.829800698440522e-05, 3.784729778999463e-05, 3.861045479425229e-05, 3.920389281120151e-05, 3.691055826493539e-05, 3.461946835159324e-05, 3.597843533498235e-05, 3.839273631456308e-05, 3.5978067899122834e-05, 3.3897442335728556e-05, 3.33012176270131e-05, 3.185550303896889e-05, 3.000462857016828e-05, 3.0089935535215773e-05], "mse": [0.0022930470295250416, 0.0016630478203296661, 0.001099389628507197, 0.0007254319498315454, 0.00045900041004642844, 0.0002624140470288694, 0.00018191011622548103, 0.00013579567894339561, 0.0001140811582445167, 0.00010191061301156878, 8.790410356596112e-05, 8.226851059589535e-05, 7.632233609911054e-05, 7.000833284109831e-05, 6.616809696424752e-05, 6.486434722319245e-05, 6.181037315400317e-05, 5.7041237596422434e-05, 5.4740066843805835e-05, 5.380549555411562e-05, 5.1598017307696864e-05, 5.27299998793751e-05, 4.708491178462282e-05, 4.3777006794698536e-05, 4.339114093454555e-05, 4.300036380300298e-05, 3.961795300710946e-05, 3.829800698440522e-05, 3.784729778999463e-05, 3.861045479425229e-05, 3.920389281120151e-05, 3.691055826493539e-05, 3.461946835159324e-05, 3.597843533498235e-05, 3.839273631456308e-05, 3.5978067899122834e-05, 3.3897442335728556e-05, 3.33012176270131e-05, 3.185550303896889e-05, 3.000462857016828e-05, 3.0089935535215773e-05], "val_loss": [0.0016379645094275475, 0.001126513467170298, 0.0006818426190875471, 0.00043791774078272283, 0.0002794121974147856, 0.00019326401525177062, 0.00016972700541373342, 0.00014852973981760442, 0.00014819919306319207, 0.00012571396655403078, 0.00011611661466304213, 0.00011354143498465419, 0.00010464035585755482, 0.00010241872951155528, 0.0001030146813718602, 9.936511924024671e-05, 9.472849342273548e-05, 9.366569429403171e-05, 9.615429735276848e-05, 0.00010541205119807273, 8.484353020321578e-05, 9.230065916199237e-05, 8.246556535596028e-05, 8.505191362928599e-05, 8.104831067612395e-05, 8.0591365986038e-05, 8.16973188193515e-05, 7.956846820889041e-05, 8.592705853516236e-05, 9.412450162926689e-05, 7.242289575515315e-05, 7.296595140360296e-05, 7.406294025713578e-05, 7.252150680869818e-05, 7.799344894010574e-05, 8.139493729686365e-05, 8.7587526650168e-05, 7.441123307216913e-05, 7.886662206146866e-05, 7.249353802762926e-05, 7.384140917565674e-05], "val_mse": [0.0016379645094275475, 0.001126513467170298, 0.0006818426190875471, 0.00043791774078272283, 0.0002794121974147856, 0.00019326401525177062, 0.00016972700541373342, 0.00014852973981760442, 0.00014819919306319207, 0.00012571396655403078, 0.00011611661466304213, 0.00011354143498465419, 0.00010464035585755482, 0.00010241872951155528, 0.0001030146813718602, 9.936511924024671e-05, 9.472849342273548e-05, 9.366569429403171e-05, 9.615429735276848e-05, 0.00010541205119807273, 8.484353020321578e-05, 9.230065916199237e-05, 8.246556535596028e-05, 8.505191362928599e-05, 8.104831067612395e-05, 8.0591365986038e-05, 8.16973188193515e-05, 7.95684609329328e-05, 8.592705853516236e-05, 9.412450162926689e-05, 7.242289575515315e-05, 7.296595140360296e-05, 7.406294025713578e-05, 7.252150680869818e-05, 7.799344894010574e-05, 8.139493729686365e-05, 8.7587526650168e-05, 7.441123307216913e-05, 7.886662206146866e-05, 7.249353802762926e-05, 7.384140917565674e-05]}