{"loss": [0.002038356149569154, 0.0005920205148868263, 0.00019469716062303632, 0.00013196878717280924, 9.573453280609101e-05, 7.973217725520954e-05, 6.671646406175569e-05, 5.755524762207642e-05, 5.224233973422088e-05, 5.082566349301487e-05, 4.393530616653152e-05, 4.447327955858782e-05, 3.838984775939025e-05, 4.000346234533936e-05, 3.755218494916335e-05, 3.3726995752658695e-05, 3.292581459390931e-05, 3.462002132437192e-05, 3.512109105940908e-05, 3.0667542887385935e-05, 2.97561473416863e-05, 3.111105252173729e-05, 2.9925480703241192e-05, 3.0121977033559233e-05, 2.6107101803063415e-05, 2.654517811606638e-05, 2.6156252715736628e-05, 2.458651943015866e-05, 2.7327505449648015e-05, 2.627215326356236e-05, 2.447458064125385e-05, 2.542780748626683e-05, 2.4781706088106148e-05, 2.3812526706024073e-05, 2.54437982221134e-05, 2.2593658286496066e-05, 2.2129643184598535e-05, 2.1442847355501726e-05, 2.166991907870397e-05, 2.469010178174358e-05, 2.3153457732405514e-05, 2.114893140969798e-05, 2.1202265997999348e-05], "mse": [0.002038356149569154, 0.0005920205148868263, 0.00019469716062303632, 0.00013196878717280924, 9.573453280609101e-05, 7.973217725520954e-05, 6.671646406175569e-05, 5.755524762207642e-05, 5.224233973422088e-05, 5.082566349301487e-05, 4.393530616653152e-05, 4.447327955858782e-05, 3.838984775939025e-05, 4.000346234533936e-05, 3.755218494916335e-05, 3.3726995752658695e-05, 3.292581459390931e-05, 3.462002132437192e-05, 3.512109105940908e-05, 3.0667542887385935e-05, 2.97561473416863e-05, 3.111105252173729e-05, 2.9925480703241192e-05, 3.0121977033559233e-05, 2.6107101803063415e-05, 2.654517811606638e-05, 2.6156252715736628e-05, 2.458651943015866e-05, 2.7327505449648015e-05, 2.627215326356236e-05, 2.447458064125385e-05, 2.542780748626683e-05, 2.4781706088106148e-05, 2.3812526706024073e-05, 2.54437982221134e-05, 2.2593658286496066e-05, 2.2129643184598535e-05, 2.1442847355501726e-05, 2.166991907870397e-05, 2.469010178174358e-05, 2.3153457732405514e-05, 2.114893140969798e-05, 2.1202265997999348e-05], "val_loss": [0.0009912604000419378, 0.00022771410294808447, 0.00012107063957955688, 8.520155097357929e-05, 6.880301953060552e-05, 5.941593917668797e-05, 4.795560744241811e-05, 4.8550660721957684e-05, 4.485611862037331e-05, 4.37441558460705e-05, 4.0605125832371414e-05, 3.8644262531306595e-05, 3.740847751032561e-05, 4.0392758819507435e-05, 3.707318683154881e-05, 3.714875492732972e-05, 3.506833309074864e-05, 4.752456152345985e-05, 4.010188058600761e-05, 3.7509897083509713e-05, 3.6118755815550685e-05, 3.602715878514573e-05, 4.18837989855092e-05, 3.401737558306195e-05, 3.554906652425416e-05, 3.4264146961504593e-05, 3.358256435603835e-05, 3.5384789953241125e-05, 3.657922934507951e-05, 3.39398902724497e-05, 3.487847789074294e-05, 3.404805829632096e-05, 3.236266638850793e-05, 3.4496373700676486e-05, 3.3253567380597815e-05, 3.408802149351686e-05, 3.444288086029701e-05, 3.2544830901315436e-05, 3.66838212357834e-05, 3.3553369576111436e-05, 3.529826790327206e-05, 3.359885886311531e-05, 3.267037754994817e-05], "val_mse": [0.0009912604000419378, 0.00022771410294808447, 0.00012107063957955688, 8.520155097357929e-05, 6.880301953060552e-05, 5.941593917668797e-05, 4.79556001664605e-05, 4.8550660721957684e-05, 4.485611862037331e-05, 4.37441558460705e-05, 4.0605125832371414e-05, 3.8644262531306595e-05, 3.740847751032561e-05, 4.0392758819507435e-05, 3.707318683154881e-05, 3.714875492732972e-05, 3.506833309074864e-05, 4.752456152345985e-05, 4.010188058600761e-05, 3.7509897083509713e-05, 3.6118755815550685e-05, 3.602715878514573e-05, 4.18837989855092e-05, 3.401737558306195e-05, 3.554906652425416e-05, 3.4264146961504593e-05, 3.358256435603835e-05, 3.5384789953241125e-05, 3.657922934507951e-05, 3.39398902724497e-05, 3.487847789074294e-05, 3.404805829632096e-05, 3.236266638850793e-05, 3.4496373700676486e-05, 3.3253567380597815e-05, 3.408802149351686e-05, 3.444288086029701e-05, 3.2544830901315436e-05, 3.66838212357834e-05, 3.3553369576111436e-05, 3.529826790327206e-05, 3.359885886311531e-05, 3.267037754994817e-05]}