{"loss": [0.001820976845920086, 0.0006032540695741773, 0.00023257601424120367, 0.00016620759561192244, 0.00013500508794095367, 0.00012059266009600833, 0.00010622785339364782, 9.884183964459226e-05, 9.343091369373724e-05, 8.8652697741054e-05, 7.927850674604997e-05, 7.647115126019344e-05, 7.566719432361424e-05, 7.526161789428443e-05, 7.250050111906603e-05, 6.57951895846054e-05, 6.474359543062747e-05, 6.692135502817109e-05, 6.562336056958884e-05, 6.259061046876013e-05, 6.0841921367682517e-05, 6.101343751652166e-05, 6.305663555394858e-05, 5.837768185301684e-05, 5.490941839525476e-05, 5.526010863832198e-05, 5.575454270001501e-05, 5.2162435167701915e-05, 5.4027004807721823e-05, 6.0346828831825405e-05, 5.153207530383952e-05, 5.0555529014673084e-05, 5.269026951282285e-05, 4.9320238758809865e-05, 4.8554724344285205e-05, 5.099584814161062e-05, 4.849624747294001e-05, 4.734926551464014e-05, 4.775916750077158e-05, 4.638401878764853e-05, 4.739625728689134e-05, 4.928733324049972e-05, 4.502671799855307e-05, 4.310062649892643e-05, 4.317972343415022e-05, 4.512743907980621e-05, 4.2701532947830856e-05, 4.3191135773668066e-05, 4.2348456190666184e-05, 4.149995220359415e-05, 4.138380609219894e-05, 4.151655957684852e-05, 3.999803084298037e-05, 4.034798257634975e-05, 3.970731995650567e-05, 4.052053554914892e-05, 4.012777571915649e-05, 3.930525781470351e-05, 4.110524969291873e-05, 3.882711462210864e-05, 3.7708112358814105e-05, 3.6797107895836234e-05, 3.684486364363693e-05, 3.800588092417456e-05], "mse": [0.001820976845920086, 0.0006032540695741773, 0.00023257601424120367, 0.00016620759561192244, 0.00013500508794095367, 0.00012059266009600833, 0.00010622785339364782, 9.884183964459226e-05, 9.343091369373724e-05, 8.8652697741054e-05, 7.927850674604997e-05, 7.647115126019344e-05, 7.566719432361424e-05, 7.526161789428443e-05, 7.250050111906603e-05, 6.57951895846054e-05, 6.474359543062747e-05, 6.692135502817109e-05, 6.562336056958884e-05, 6.259061046876013e-05, 6.0841921367682517e-05, 6.101343751652166e-05, 6.305663555394858e-05, 5.837768185301684e-05, 5.490941839525476e-05, 5.526010863832198e-05, 5.575454270001501e-05, 5.2162435167701915e-05, 5.4027004807721823e-05, 6.0346828831825405e-05, 5.153207530383952e-05, 5.0555529014673084e-05, 5.269026223686524e-05, 4.9320238758809865e-05, 4.8554724344285205e-05, 5.099584814161062e-05, 4.849624747294001e-05, 4.734926551464014e-05, 4.775916750077158e-05, 4.638401878764853e-05, 4.739625728689134e-05, 4.928733324049972e-05, 4.502671799855307e-05, 4.310062649892643e-05, 4.317972343415022e-05, 4.512743907980621e-05, 4.2701532947830856e-05, 4.3191135773668066e-05, 4.2348456190666184e-05, 4.149995220359415e-05, 4.138381336815655e-05, 4.151655957684852e-05, 3.999803084298037e-05, 4.0347975300392136e-05, 3.970731995650567e-05, 4.052053554914892e-05, 4.012777571915649e-05, 3.930525781470351e-05, 4.110524969291873e-05, 3.882711462210864e-05, 3.7708112358814105e-05, 3.679710425785743e-05, 3.684486364363693e-05, 3.800588092417456e-05], "val_loss": [0.0011549550108611584, 0.0004525469848886132, 0.00028615622431971133, 0.00023057061480358243, 0.00021236928296275437, 0.00017936482618097216, 0.00015933897520881146, 0.00015183226787485182, 0.00014380234642885625, 0.00014623849710915238, 0.00012552157568279654, 0.00014735324657522142, 0.0001221610145876184, 0.0001413674181094393, 0.00012013933883281425, 0.00012117780715925619, 0.00011313244613120332, 0.00013691883941646665, 0.00011815869220299646, 0.00011731044651241973, 0.00011310240370221436, 0.00011857824574690312, 0.00010929824929917231, 9.964030323317274e-05, 0.00010538347123656422, 0.00011108456237707287, 9.883996972348541e-05, 0.00010303579620085657, 0.00010397122969152406, 0.00011038430238841102, 0.00010409814422018826, 0.00010489572741789743, 9.594341099727899e-05, 0.00010068190022138879, 9.793767821975052e-05, 9.591721027391031e-05, 0.00011446057760622352, 9.60926990956068e-05, 0.00010136394848814234, 0.00010491316061234102, 9.582778147887439e-05, 9.843887528404593e-05, 9.877993579721078e-05, 9.586675878381357e-05, 9.612254507374018e-05, 9.659831266617402e-05, 9.797263192012906e-05, 9.345959551865235e-05, 9.393673099111766e-05, 9.263652464142069e-05, 9.573838906362653e-05, 9.287983266403899e-05, 0.00010184684651903808, 9.164343646261841e-05, 9.475619299337268e-05, 9.65670624282211e-05, 9.754181519383565e-05, 0.00010071317956317216, 9.87609673757106e-05, 9.362944547319785e-05, 9.689234138932079e-05, 9.500163287157193e-05, 9.738177323015407e-05, 9.352670167572796e-05], "val_mse": [0.0011549550108611584, 0.0004525469848886132, 0.00028615622431971133, 0.00023057061480358243, 0.00021236928296275437, 0.00017936482618097216, 0.00015933897520881146, 0.00015183226787485182, 0.00014380234642885625, 0.00014623849710915238, 0.00012552157568279654, 0.00014735324657522142, 0.0001221610145876184, 0.0001413674181094393, 0.00012013933883281425, 0.00012117780715925619, 0.00011313244613120332, 0.00013691883941646665, 0.00011815869220299646, 0.00011731044651241973, 0.00011310240370221436, 0.00011857824574690312, 0.00010929825657512993, 9.964030323317274e-05, 0.00010538347123656422, 0.00011108456237707287, 9.883996972348541e-05, 0.00010303579620085657, 0.00010397122969152406, 0.00011038430238841102, 0.00010409814422018826, 0.00010489570559002459, 9.594341099727899e-05, 0.00010068190022138879, 9.793767821975052e-05, 9.591721027391031e-05, 0.00011446057760622352, 9.60926990956068e-05, 0.00010136394848814234, 0.00010491316061234102, 9.582778147887439e-05, 9.843887528404593e-05, 9.877993579721078e-05, 9.586675878381357e-05, 9.612254507374018e-05, 9.659831266617402e-05, 9.797263192012906e-05, 9.345959551865235e-05, 9.393673099111766e-05, 9.263652464142069e-05, 9.57383745117113e-05, 9.287983266403899e-05, 0.00010184684651903808, 9.164343646261841e-05, 9.475620754528791e-05, 9.65670624282211e-05, 9.754181519383565e-05, 0.00010071317956317216, 9.87609673757106e-05, 9.362944547319785e-05, 9.689234138932079e-05, 9.500163287157193e-05, 9.738177323015407e-05, 9.352670167572796e-05]}