{"loss": [0.001770888571627438, 0.0004668329784180969, 0.000316640711389482, 0.00027835863875225186, 0.0002480203111190349, 0.00024553516414016485, 0.00022911033011041582, 0.00022297650866676122, 0.00021312764147296548, 0.0002092619106406346, 0.00020572557696141303, 0.0002017741062445566, 0.00020126797608099878, 0.00020109636534471065, 0.00019539156346581876, 0.00019360515580046922, 0.00019127062114421278, 0.0001913986197905615, 0.00019358763529453427, 0.00018962712783832103, 0.00018894764070864767, 0.0001885329547803849, 0.0001833751448430121, 0.00018387482850812376, 0.00018213265866506845, 0.00017713448323775083, 0.00018209706468041986, 0.00018480625294614583, 0.00018017040565609932, 0.0001818049349822104, 0.00017547640891280025, 0.00017579738050699234, 0.0001739461295073852, 0.0001721802109386772, 0.00016923340444918722], "mse": [0.001770888571627438, 0.0004668329784180969, 0.000316640711389482, 0.0002783586096484214, 0.0002480203111190349, 0.00024553516414016485, 0.00022911033011041582, 0.00022297650866676122, 0.00021312764147296548, 0.0002092619106406346, 0.00020572557696141303, 0.0002017741062445566, 0.00020126797608099878, 0.00020109636534471065, 0.00019539156346581876, 0.00019360515580046922, 0.00019127062114421278, 0.0001913986197905615, 0.00019358763529453427, 0.00018962712783832103, 0.00018894764070864767, 0.0001885329547803849, 0.0001833751448430121, 0.00018387482850812376, 0.00018213265866506845, 0.00017713448323775083, 0.00018209706468041986, 0.00018480625294614583, 0.00018017040565609932, 0.0001818049349822104, 0.00017547640891280025, 0.00017579738050699234, 0.0001739461295073852, 0.0001721802109386772, 0.00016923340444918722], "val_loss": [0.0006900316220708191, 0.0003867959603667259, 0.00034303314168937504, 0.00030437312670983374, 0.00030337079078890383, 0.0002929324400611222, 0.0003192146250512451, 0.0002861347747966647, 0.0002776595938485116, 0.0002804060932248831, 0.0002758341724984348, 0.00027843023417517543, 0.00029237556736916304, 0.00028138086781837046, 0.00027986173518002033, 0.0002804074320010841, 0.0002869594900403172, 0.00027318575303070247, 0.0002774371823761612, 0.000309016730170697, 0.000325141241773963, 0.00027773858164437115, 0.0002743847144301981, 0.0002751507854554802, 0.00027199616306461394, 0.00031184294493868947, 0.00028230485622771084, 0.0002824838738888502, 0.00027888143085874617, 0.00029216284747235477, 0.0002834320766851306, 0.00027624997892417014, 0.0002756341127678752, 0.00027966932975687087, 0.00027727996348403394], "val_mse": [0.0006900316220708191, 0.0003867959603667259, 0.00034303314168937504, 0.00030437312670983374, 0.00030337079078890383, 0.0002929324400611222, 0.0003192146250512451, 0.0002861347747966647, 0.0002776595938485116, 0.0002804060932248831, 0.0002758341724984348, 0.00027843023417517543, 0.00029237556736916304, 0.00028138086781837046, 0.00027986173518002033, 0.0002804074320010841, 0.0002869594900403172, 0.00027318575303070247, 0.0002774371823761612, 0.000309016730170697, 0.000325141241773963, 0.00027773858164437115, 0.0002743847144301981, 0.0002751507854554802, 0.00027199616306461394, 0.00031184294493868947, 0.00028230485622771084, 0.0002824838738888502, 0.00027888145996257663, 0.0002921629056800157, 0.0002834320766851306, 0.00027624997892417014, 0.0002756341127678752, 0.00027966932975687087, 0.00027727996348403394]}