{"loss": [0.0872669368982315, 0.08585861325263977, 0.08357364684343338, 0.08296637237071991, 0.0824413150548935, 0.08184457570314407, 0.081339031457901, 0.08087901771068573, 0.0803392082452774, 0.08006591349840164, 0.07927505671977997, 0.07859398424625397, 0.07814167439937592, 0.07733117789030075, 0.07714514434337616, 0.07683105766773224, 0.07653457671403885, 0.07471798360347748, 0.07453778386116028, 0.07492319494485855, 0.07266174256801605, 0.07196812331676483, 0.07089558243751526, 0.07034808397293091, 0.0700659453868866, 0.06881218403577805, 0.06829065084457397, 0.06706235557794571, 0.06554533541202545, 0.06545109301805496, 0.06439631432294846, 0.06428220868110657], "mse": [0.0872669368982315, 0.08585861325263977, 0.08357364684343338, 0.08296637237071991, 0.0824413150548935, 0.08184456825256348, 0.081339031457901, 0.08087901771068573, 0.0803392082452774, 0.08006591349840164, 0.07927506417036057, 0.07859398424625397, 0.07814168930053711, 0.07733117789030075, 0.07714514434337616, 0.07683105766773224, 0.07653457671403885, 0.07471798360347748, 0.07453778386116028, 0.07492319494485855, 0.07266174256801605, 0.07196812331676483, 0.07089558243751526, 0.07034808397293091, 0.0700659453868866, 0.06881218403577805, 0.06829065084457397, 0.06706235557794571, 0.06554533541202545, 0.06545109301805496, 0.06439631432294846, 0.06428220868110657], "val_loss": [0.08935213088989258, 0.08748190850019455, 0.08607630431652069, 0.08456911891698837, 0.08404668420553207, 0.08272583782672882, 0.08213092386722565, 0.08099882304668427, 0.08086667954921722, 0.08031632006168365, 0.07939516007900238, 0.07829080522060394, 0.07872241735458374, 0.07884584367275238, 0.07831380516290665, 0.07904306799173355, 0.07752690464258194, 0.07739913463592529, 0.08131887018680573, 0.07774730771780014, 0.0783543735742569, 0.076792873442173, 0.07819380611181259, 0.0772503912448883, 0.07896027714014053, 0.07809218019247055, 0.07948584854602814, 0.07844257354736328, 0.07850144058465958, 0.07927411049604416, 0.08084006607532501, 0.08112014830112457], "val_mse": [0.08935213088989258, 0.08748190850019455, 0.08607630431652069, 0.08456911891698837, 0.08404668420553207, 0.08272583782672882, 0.08213092386722565, 0.08099882304668427, 0.08086667954921722, 0.08031632006168365, 0.07939516007900238, 0.07829080522060394, 0.07872241735458374, 0.07884584367275238, 0.07831380516290665, 0.07904306799173355, 0.07752690464258194, 0.07739913463592529, 0.08131887018680573, 0.07774730771780014, 0.0783543735742569, 0.076792873442173, 0.07819380611181259, 0.0772503912448883, 0.07896027714014053, 0.07809218019247055, 0.07948584854602814, 0.07844257354736328, 0.07850144058465958, 0.07927411049604416, 0.08084006607532501, 0.08112014830112457]}