{"loss": [0.002267297590151429, 0.0009321644902229309, 0.00035135922371409833, 0.00019630118913482875, 0.00015064234321471304, 0.00012811202032025903, 0.00011436234490247443, 9.885025065159425e-05, 9.34356648940593e-05, 9.182850772049278e-05, 8.338850602740422e-05, 6.825952004874125e-05, 6.560788460774347e-05, 6.26211694907397e-05, 5.845287523698062e-05, 6.010696597513743e-05, 5.0702685257419944e-05, 5.1303632062627e-05, 5.373221938498318e-05, 5.076666275272146e-05, 5.105614764033817e-05, 4.853399150306359e-05, 4.832435297430493e-05, 4.494096720009111e-05, 4.3186959373997524e-05, 4.109637302462943e-05, 4.67255522380583e-05, 4.146821811445989e-05, 3.864742029691115e-05, 3.9334245229838416e-05, 3.844927414320409e-05, 3.849979111691937e-05, 3.6768935387954116e-05, 3.7884889025008306e-05, 3.764904977288097e-05, 4.041787178721279e-05, 3.5553373891161755e-05, 3.486084460746497e-05, 3.7299367249943316e-05, 3.68699875252787e-05, 3.490785456961021e-05, 3.485140769043937e-05, 3.443381501710974e-05, 3.5484586987877265e-05, 4.054671080666594e-05, 4.124992847209796e-05, 3.478071448625997e-05, 3.463577013462782e-05, 3.280019518570043e-05, 3.734666825039312e-05, 3.237602868466638e-05, 3.71791647921782e-05, 3.280720193288289e-05, 3.258828292018734e-05, 2.979330747621134e-05, 2.9917442589066923e-05, 3.074318010476418e-05], "mse": [0.002267297590151429, 0.0009321644902229309, 0.00035135922371409833, 0.00019630118913482875, 0.00015064234321471304, 0.00012811202032025903, 0.00011436234490247443, 9.885025065159425e-05, 9.34356648940593e-05, 9.182850772049278e-05, 8.338850602740422e-05, 6.825952004874125e-05, 6.560788460774347e-05, 6.26211694907397e-05, 5.845287523698062e-05, 6.010696597513743e-05, 5.0702685257419944e-05, 5.1303632062627e-05, 5.373221938498318e-05, 5.076666275272146e-05, 5.105614764033817e-05, 4.853399150306359e-05, 4.832435297430493e-05, 4.494096720009111e-05, 4.3186959373997524e-05, 4.109637302462943e-05, 4.67255522380583e-05, 4.146821811445989e-05, 3.8647413020953536e-05, 3.933424159185961e-05, 3.844927414320409e-05, 3.849978747894056e-05, 3.6768935387954116e-05, 3.7884889025008306e-05, 3.764904977288097e-05, 4.041787178721279e-05, 3.5553373891161755e-05, 3.486084460746497e-05, 3.7299367249943316e-05, 3.68699875252787e-05, 3.490785456961021e-05, 3.485140769043937e-05, 3.443381501710974e-05, 3.5484586987877265e-05, 4.054671080666594e-05, 4.124992847209796e-05, 3.478071448625997e-05, 3.463577013462782e-05, 3.280019518570043e-05, 3.734667188837193e-05, 3.237602868466638e-05, 3.71791647921782e-05, 3.280720193288289e-05, 3.258828292018734e-05, 2.979330747621134e-05, 2.9917442589066923e-05, 3.074318010476418e-05], "val_loss": [0.0010890148114413023, 0.00047530661686323583, 0.0001887356338556856, 0.0001588687882758677, 0.00013561178639065474, 0.00011815423204097897, 0.00011104209261247888, 0.00011290809197816998, 9.892001980915666e-05, 8.664841880090535e-05, 7.767487113596871e-05, 7.792359974700958e-05, 6.953577394597232e-05, 6.641256914008409e-05, 6.586559902643785e-05, 6.511341052828357e-05, 5.938182584941387e-05, 5.956360473646782e-05, 6.692677561659366e-05, 6.0673963162116706e-05, 5.991812940919772e-05, 5.512344796443358e-05, 6.0702226619469e-05, 5.970548954792321e-05, 5.538350887945853e-05, 5.5274525948334485e-05, 5.582381345448084e-05, 5.857546057086438e-05, 5.327429244061932e-05, 5.5136140872491524e-05, 5.3592775657307357e-05, 5.5118678574217483e-05, 5.3363175538834184e-05, 5.840390076627955e-05, 7.849110261304304e-05, 5.0586975703481585e-05, 5.42292655154597e-05, 5.1627186621772125e-05, 5.521472485270351e-05, 4.9960686737904325e-05, 5.5634034652030095e-05, 5.1783448725473136e-05, 5.3782365284860134e-05, 5.018854062655009e-05, 6.984287756495178e-05, 5.156568295205943e-05, 4.930127033730969e-05, 6.278529326664284e-05, 5.1586055633379146e-05, 5.4836898925714195e-05, 5.8309535234002396e-05, 5.197773134568706e-05, 5.8603585785022005e-05, 5.306768071022816e-05, 5.015700662625022e-05, 4.934789103572257e-05, 4.9510599637869745e-05], "val_mse": [0.0010890148114413023, 0.00047530661686323583, 0.0001887356338556856, 0.0001588687882758677, 0.00013561178639065474, 0.00011815423204097897, 0.00011104209261247888, 0.00011290809197816998, 9.892001980915666e-05, 8.664841880090535e-05, 7.767487113596871e-05, 7.792359974700958e-05, 6.953577394597232e-05, 6.641256914008409e-05, 6.586559902643785e-05, 6.511341052828357e-05, 5.938182584941387e-05, 5.956360473646782e-05, 6.692677561659366e-05, 6.0673966800095513e-05, 5.991812940919772e-05, 5.512344796443358e-05, 6.0702226619469e-05, 5.970548954792321e-05, 5.538350887945853e-05, 5.5274525948334485e-05, 5.582381345448084e-05, 5.857546057086438e-05, 5.327429244061932e-05, 5.5136140872491524e-05, 5.3592775657307357e-05, 5.5118678574217483e-05, 5.3363175538834184e-05, 5.840390076627955e-05, 7.849110261304304e-05, 5.0586975703481585e-05, 5.42292655154597e-05, 5.1627186621772125e-05, 5.521472485270351e-05, 4.9960686737904325e-05, 5.5634034652030095e-05, 5.1783448725473136e-05, 5.3782365284860134e-05, 5.018854062655009e-05, 6.984287756495178e-05, 5.156568295205943e-05, 4.930127033730969e-05, 6.278529326664284e-05, 5.1586055633379146e-05, 5.4836898925714195e-05, 5.8309535234002396e-05, 5.197773134568706e-05, 5.8603585785022005e-05, 5.306768071022816e-05, 5.015700662625022e-05, 4.934789103572257e-05, 4.9510599637869745e-05]}