{"loss": [0.0011805385584011674, 0.00021240999922156334, 0.00010659807594493032, 8.158855780493468e-05, 7.265372551046312e-05, 7.424053910654038e-05, 6.248759018490091e-05, 6.0321050113998353e-05, 5.960377529845573e-05, 5.8480472944211215e-05, 5.675357169820927e-05, 5.375490945880301e-05, 5.3917436162009835e-05, 5.224731648922898e-05, 5.1481809350661933e-05, 5.160392902325839e-05, 5.189344665268436e-05, 4.957864439347759e-05, 4.765749326907098e-05, 4.8631904064677656e-05, 4.8602760216454044e-05, 4.679009362007491e-05, 4.6368037146748975e-05, 4.648331378120929e-05, 4.661384809878655e-05, 4.751504093292169e-05, 4.584450653055683e-05, 4.471018473850563e-05, 4.438804535311647e-05, 4.6806890168227255e-05, 4.402232661959715e-05, 4.09913991461508e-05, 4.1863891965476796e-05, 4.082711893715896e-05, 4.027268732897937e-05, 4.059855928062461e-05, 4.026807800983079e-05, 4.319789877627045e-05, 4.08637679356616e-05, 3.879485302604735e-05, 3.9640202885493636e-05, 3.8848895201226696e-05, 3.887351704179309e-05, 3.874363756040111e-05, 3.845092578558251e-05, 4.2222876800224185e-05, 3.9154616388259456e-05, 3.836198811768554e-05, 3.7038204027339816e-05, 3.750259202206507e-05, 3.728242154465988e-05, 3.7213580071693286e-05, 3.7838621210539714e-05, 3.847691186820157e-05, 3.6173933040117845e-05, 3.782839121413417e-05, 3.627454861998558e-05, 3.840394492726773e-05, 3.764381108339876e-05, 3.712157194968313e-05, 3.5024229873670265e-05, 3.565425504348241e-05, 3.696139538078569e-05, 3.5819452023133636e-05], "mse": [0.0011805385584011674, 0.00021240999922156334, 0.00010659807594493032, 8.158855780493468e-05, 7.265372551046312e-05, 7.424053910654038e-05, 6.248759018490091e-05, 6.0321050113998353e-05, 5.960377529845573e-05, 5.8480472944211215e-05, 5.675357169820927e-05, 5.375490945880301e-05, 5.3917436162009835e-05, 5.224731648922898e-05, 5.1481809350661933e-05, 5.160392902325839e-05, 5.189344665268436e-05, 4.957864439347759e-05, 4.765749326907098e-05, 4.8631904064677656e-05, 4.8602760216454044e-05, 4.679009362007491e-05, 4.6368037146748975e-05, 4.648331378120929e-05, 4.661384809878655e-05, 4.751504093292169e-05, 4.584450653055683e-05, 4.471018473850563e-05, 4.438804535311647e-05, 4.6806890168227255e-05, 4.4022322981618345e-05, 4.09913991461508e-05, 4.1863891965476796e-05, 4.082711893715896e-05, 4.027268732897937e-05, 4.059855928062461e-05, 4.026807800983079e-05, 4.319789877627045e-05, 4.08637679356616e-05, 3.879485302604735e-05, 3.9640202885493636e-05, 3.884890247718431e-05, 3.887351704179309e-05, 3.874363756040111e-05, 3.845092578558251e-05, 4.2222876800224185e-05, 3.9154616388259456e-05, 3.836198811768554e-05, 3.703820038936101e-05, 3.750259202206507e-05, 3.728242154465988e-05, 3.7213583709672093e-05, 3.7838621210539714e-05, 3.847691186820157e-05, 3.6173933040117845e-05, 3.782839121413417e-05, 3.627454861998558e-05, 3.840394492726773e-05, 3.764381108339876e-05, 3.712157194968313e-05, 3.5024229873670265e-05, 3.565425504348241e-05, 3.696139538078569e-05, 3.581944838515483e-05], "val_loss": [0.0005918917013332248, 0.0001550682500237599, 0.00011900806566700339, 9.779437095858157e-05, 8.999417332233861e-05, 9.17411525733769e-05, 8.191117376554757e-05, 8.88552240212448e-05, 7.40412506274879e-05, 8.506370795657858e-05, 7.496251782868057e-05, 7.211879710666835e-05, 7.363079930655658e-05, 7.26815196685493e-05, 6.834637315478176e-05, 6.832934741396457e-05, 6.671582377748564e-05, 6.805995508329943e-05, 7.610287866555154e-05, 6.705606210744008e-05, 7.80341651989147e-05, 6.83289545122534e-05, 6.329285679385066e-05, 6.360348197631538e-05, 6.767620652681217e-05, 6.219307397259399e-05, 7.020807242952287e-05, 8.164220344042405e-05, 6.584139191545546e-05, 7.006571104284376e-05, 6.710479647153988e-05, 6.09654416621197e-05, 6.102576298872009e-05, 6.060024679754861e-05, 6.245724944164976e-05, 6.795489025535062e-05, 6.0071070038247854e-05, 6.762398697901517e-05, 6.0798993217758834e-05, 5.944820441072807e-05, 6.052296521374956e-05, 6.0273487179074436e-05, 7.133664621505886e-05, 6.56720731058158e-05, 6.6947985033039e-05, 5.962773138890043e-05, 5.922211494180374e-05, 6.252963066799566e-05, 6.058879807824269e-05, 6.320136890280992e-05, 6.62468810332939e-05, 5.854167466168292e-05, 5.842341124662198e-05, 5.83827932132408e-05, 6.323705747490749e-05, 6.017059422447346e-05, 6.167765241116285e-05, 5.898567906115204e-05, 6.181390926940367e-05, 5.9758382121799514e-05, 6.091555405873805e-05, 6.011743244016543e-05, 5.899203461012803e-05, 6.378446414601058e-05], "val_mse": [0.0005918917013332248, 0.0001550682500237599, 0.00011900806566700339, 9.779437095858157e-05, 8.999417332233861e-05, 9.17411525733769e-05, 8.191117376554757e-05, 8.88552240212448e-05, 7.40412506274879e-05, 8.506370795657858e-05, 7.496251782868057e-05, 7.211878983071074e-05, 7.363079930655658e-05, 7.26815196685493e-05, 6.834637315478176e-05, 6.832934741396457e-05, 6.671582377748564e-05, 6.805995508329943e-05, 7.610287866555154e-05, 6.705606210744008e-05, 7.80341651989147e-05, 6.83289545122534e-05, 6.329285679385066e-05, 6.360348197631538e-05, 6.767620652681217e-05, 6.219308124855161e-05, 7.020807242952287e-05, 8.164220344042405e-05, 6.584139191545546e-05, 7.006571104284376e-05, 6.710479647153988e-05, 6.09654416621197e-05, 6.102576298872009e-05, 6.060024679754861e-05, 6.245724944164976e-05, 6.795489025535062e-05, 6.0071070038247854e-05, 6.762398697901517e-05, 6.0798993217758834e-05, 5.944820441072807e-05, 6.052296521374956e-05, 6.0273487179074436e-05, 7.133664621505886e-05, 6.56720731058158e-05, 6.6947985033039e-05, 5.962773138890043e-05, 5.922211494180374e-05, 6.252963066799566e-05, 6.058879807824269e-05, 6.320136890280992e-05, 6.62468810332939e-05, 5.854167466168292e-05, 5.842341124662198e-05, 5.83827932132408e-05, 6.323705747490749e-05, 6.017059422447346e-05, 6.167765241116285e-05, 5.898567906115204e-05, 6.181390926940367e-05, 5.9758382121799514e-05, 6.091555405873805e-05, 6.011743244016543e-05, 5.899203461012803e-05, 6.378446414601058e-05]}