{"loss": [0.006304281298071146, 0.003227806417271495, 0.0015314107295125723, 0.0011236697901040316, 0.0008409445290453732, 0.0006484739715233445, 0.00047553650802001357, 0.0004115187912248075, 0.00037395069375634193, 0.00032019353238865733, 0.0003062001778744161, 0.0002749858540482819, 0.00026872879243455827, 0.0002572665107436478, 0.00023874994076322764, 0.00023639151186216623, 0.0002258691965835169, 0.0002299174666404724, 0.0002052617201115936, 0.00020005677652079612, 0.00021064255270175636, 0.00021330856543499976, 0.0001966198906302452, 0.00018185717635788023, 0.00018262722005601972, 0.00017279907478950918, 0.00017862058302853256, 0.00018447644833941013, 0.00016598142974544317, 0.00015830404299777, 0.00016171664174180478, 0.00015193663421086967, 0.00014601783186662942, 0.00014605499745812267, 0.00014390904107131064, 0.00014633135288022459, 0.00014314397412817925, 0.00013339742145035416, 0.00013303016021382064], "mse": [0.006304281298071146, 0.003227806417271495, 0.0015314107295125723, 0.0011236697901040316, 0.0008409445290453732, 0.0006484739715233445, 0.00047553650802001357, 0.0004115187912248075, 0.00037395069375634193, 0.00032019353238865733, 0.0003062001778744161, 0.0002749858540482819, 0.00026872879243455827, 0.0002572665107436478, 0.00023874994076322764, 0.00023639151186216623, 0.0002258691965835169, 0.0002299174666404724, 0.0002052617201115936, 0.00020005677652079612, 0.00021064255270175636, 0.00021330856543499976, 0.0001966198906302452, 0.00018185717635788023, 0.00018262722005601972, 0.00017279907478950918, 0.00017862058302853256, 0.00018447644833941013, 0.00016598142974544317, 0.00015830404299777, 0.00016171664174180478, 0.00015193663421086967, 0.00014601783186662942, 0.00014605499745812267, 0.00014390904107131064, 0.00014633136743213981, 0.00014314395957626402, 0.00013339742145035416, 0.00013303016021382064], "val_loss": [0.0034384168684482574, 0.00172562210354954, 0.001467224326916039, 0.0010832457337528467, 0.0008892138721421361, 0.0006449328502640128, 0.0004794979467988014, 0.0006023704772815108, 0.0004452641005627811, 0.00048763034283183515, 0.00040944613283500075, 0.0003922414034605026, 0.00037974529550410807, 0.00034571316791698337, 0.000322863576002419, 0.000359468103852123, 0.0003311571490485221, 0.00030960742151364684, 0.0003172967117279768, 0.0003455535043030977, 0.00031526913517154753, 0.00034781527938321233, 0.0002948591427411884, 0.0002915262011811137, 0.0002919367398135364, 0.0002996926777996123, 0.00028934594593010843, 0.00031999233760870993, 0.0002869935124181211, 0.0002910273033194244, 0.0003018206334672868, 0.0002946816966868937, 0.0002873959601856768, 0.00031209649750962853, 0.00029223767342045903, 0.0003083404735662043, 0.0002892172778956592, 0.0002904369030147791, 0.00028916436713188887], "val_mse": [0.0034384168684482574, 0.00172562210354954, 0.001467224326916039, 0.0010832457337528467, 0.0008892138721421361, 0.0006449328502640128, 0.00047949800500646234, 0.0006023704772815108, 0.0004452641005627811, 0.00048763034283183515, 0.00040944613283500075, 0.0003922414034605026, 0.00037974529550410807, 0.00034571316791698337, 0.000322863576002419, 0.000359468103852123, 0.0003311571490485221, 0.00030960742151364684, 0.0003172967117279768, 0.0003455535043030977, 0.00031526913517154753, 0.0003478153084870428, 0.0002948591427411884, 0.0002915262011811137, 0.0002919367398135364, 0.0002996926777996123, 0.00028934594593010843, 0.00031999233760870993, 0.0002869935124181211, 0.0002910273033194244, 0.0003018206334672868, 0.0002946816966868937, 0.0002873959601856768, 0.00031209649750962853, 0.00029223767342045903, 0.0003083404735662043, 0.0002892172778956592, 0.0002904369030147791, 0.00028916436713188887]}