{"loss": [0.004245803691446781, 0.0011480239918455482, 0.0007163583650253713, 0.0005224492051638663, 0.00041772794793359935, 0.00037984547088854015, 0.0003462819440755993, 0.0003460737643763423, 0.00033311883453279734, 0.00029880431247875094, 0.0002961447462439537, 0.00028660171665251255, 0.00028493511490523815, 0.0002786623081192374, 0.00027206377126276493, 0.0002658204466570169, 0.0002673517446964979, 0.00025663143605925143, 0.00025528218247927725, 0.0002550999925006181, 0.0002432519686408341, 0.00025080813793465495, 0.00024205107183661312, 0.00025202208780683577, 0.00023673157556913793, 0.00023028338910080492, 0.0002354164607822895, 0.00023752196284476668, 0.0002495930821169168, 0.00022511277347803116, 0.00022847391664981842, 0.00022242167324293405, 0.00022550705762114376, 0.00022580377117265016, 0.00021888726041652262, 0.00021006778115406632, 0.00021885905880481005, 0.00020869266882073134, 0.00021642599313054234, 0.00021577744337264448, 0.00020524956926237792, 0.00020521358237601817, 0.00020093384955544025, 0.00020520050020422786, 0.0002054174110526219, 0.00020365288946777582, 0.00022715554223395884], "mse": [0.004245803691446781, 0.0011480239918455482, 0.0007163583650253713, 0.0005224492051638663, 0.00041772794793359935, 0.00037984547088854015, 0.0003462819440755993, 0.0003460737643763423, 0.00033311883453279734, 0.00029880431247875094, 0.0002961447462439537, 0.00028660171665251255, 0.00028493511490523815, 0.0002786623081192374, 0.00027206377126276493, 0.0002658204466570169, 0.0002673517446964979, 0.00025663143605925143, 0.00025528218247927725, 0.0002550999925006181, 0.0002432519686408341, 0.00025080813793465495, 0.00024205107183661312, 0.00025202208780683577, 0.00023673157556913793, 0.00023028338910080492, 0.0002354164607822895, 0.00023752196284476668, 0.0002495930821169168, 0.00022511277347803116, 0.00022847391664981842, 0.00022242167324293405, 0.00022550705762114376, 0.00022580377117265016, 0.00021888726041652262, 0.00021006778115406632, 0.00021885905880481005, 0.00020869266882073134, 0.00021642599313054234, 0.00021577744337264448, 0.00020524956926237792, 0.00020521358237601817, 0.00020093384955544025, 0.00020520050020422786, 0.0002054174110526219, 0.00020365288946777582, 0.00022715554223395884], "val_loss": [0.001298787770792842, 0.0008130864589475095, 0.0005360103095881641, 0.00042470183689147234, 0.00037423119647428393, 0.00035431765718385577, 0.00035585605655796826, 0.0003889289509970695, 0.00033064637682400644, 0.00031667842995375395, 0.0003609209961723536, 0.0003390905912965536, 0.00030888646142557263, 0.00032400578493252397, 0.0003274656774010509, 0.0003125766525045037, 0.0003120821202173829, 0.00031780055724084377, 0.00030541926389560103, 0.0003097780281677842, 0.00030995954875834286, 0.00032420671777799726, 0.0003150716656818986, 0.0003163665533065796, 0.0002976948453579098, 0.00030843159765936434, 0.00032255463884212077, 0.0003292880719527602, 0.00033119964064098895, 0.000322086300002411, 0.0003161309286952019, 0.00031735619995743036, 0.0003339105751365423, 0.0003048596263397485, 0.00029733337578363717, 0.0003027370839845389, 0.00029520245152525604, 0.0003061450843233615, 0.00035692733945325017, 0.0003175697347614914, 0.00031252126791514456, 0.0003080667811445892, 0.0003079504822380841, 0.0003089665260631591, 0.0003040566807612777, 0.00031222362304106355, 0.0003192703297827393], "val_mse": [0.001298787770792842, 0.0008130864589475095, 0.0005360103095881641, 0.00042470183689147234, 0.00037423119647428393, 0.00035431765718385577, 0.00035585599835030735, 0.0003889289509970695, 0.00033064637682400644, 0.00031667842995375395, 0.0003609209961723536, 0.0003390905912965536, 0.00030888646142557263, 0.00032400578493252397, 0.0003274656774010509, 0.0003125766525045037, 0.0003120821202173829, 0.00031780055724084377, 0.00030541926389560103, 0.0003097780281677842, 0.00030995954875834286, 0.00032420671777799726, 0.0003150716656818986, 0.0003163665533065796, 0.00029769481625407934, 0.00030843159765936434, 0.00032255463884212077, 0.0003292880719527602, 0.00033119964064098895, 0.000322086300002411, 0.0003161309286952019, 0.00031735619995743036, 0.0003339105751365423, 0.0003048596263397485, 0.00029733337578363717, 0.0003027370839845389, 0.0002952024806290865, 0.0003061450843233615, 0.00035692733945325017, 0.0003175697347614914, 0.00031252126791514456, 0.0003080667811445892, 0.0003079504822380841, 0.00030896655516698956, 0.0003040566807612777, 0.00031222362304106355, 0.0003192703297827393]}