{"loss": [0.006035699509084225, 0.005053029861301184, 0.004124643746763468, 0.0030978925060480833, 0.0020416933111846447, 0.0011823097011074424, 0.0007810887764208019, 0.0006935301353223622, 0.0006084725027903914, 0.000485241471324116, 0.0004006343078799546, 0.00037654367042705417, 0.0003390719648450613, 0.00029829266713932157, 0.00027443590806797147, 0.00025186740094795823, 0.00022299899137578905, 0.00023286821669898927, 0.00023794877051841468, 0.00019951588183175772, 0.00018269813153892756, 0.0001742388994898647, 0.00017133841174654663, 0.00016592710744589567, 0.00016082062211353332, 0.00015451264334842563, 0.00015561410691589117, 0.00014136536628939211, 0.00013496034080162644], "mse": [0.006035699509084225, 0.005053029861301184, 0.004124643746763468, 0.003097892738878727, 0.0020416933111846447, 0.0011823097011074424, 0.0007810887764208019, 0.0006935301353223622, 0.0006084724445827305, 0.000485241471324116, 0.0004006343078799546, 0.00037654367042705417, 0.0003390719648450613, 0.00029829266713932157, 0.00027443590806797147, 0.0002518674300517887, 0.00022299899137578905, 0.00023286821669898927, 0.00023794877051841468, 0.00019951588183175772, 0.00018269813153892756, 0.0001742388994898647, 0.00017133841174654663, 0.00016592710744589567, 0.00016082062211353332, 0.00015451264334842563, 0.00015561410691589117, 0.00014136536628939211, 0.00013496034080162644], "val_loss": [0.003990539815276861, 0.003339251969009638, 0.0025870767422020435, 0.0018771585309877992, 0.0012779567623510957, 0.000968645908869803, 0.0010598294902592897, 0.0008184101316146553, 0.0006203931989148259, 0.0005548758199438453, 0.000532831356395036, 0.00048200422315858305, 0.00045046210289001465, 0.0004417914024088532, 0.0004215997760184109, 0.0004472382424864918, 0.0004246194439474493, 0.0004152219626121223, 0.0003949098172597587, 0.00039786682464182377, 0.00041757599683478475, 0.0004058396443724632, 0.00040140695637091994, 0.0004256360698491335, 0.0003974909777753055, 0.00040147508843801916, 0.0004230573831591755, 0.0003969001700170338, 0.00039927911711856723], "val_mse": [0.003990539815276861, 0.003339251969009638, 0.0025870767422020435, 0.0018771585309877992, 0.0012779567623510957, 0.000968645908869803, 0.0010598294902592897, 0.0008184101316146553, 0.0006203931989148259, 0.0005548758199438453, 0.000532831356395036, 0.00048200422315858305, 0.00045046210289001465, 0.0004417914024088532, 0.0004215997760184109, 0.0004472382424864918, 0.0004246194439474493, 0.0004152219626121223, 0.0003949098172597587, 0.00039786682464182377, 0.00041757599683478475, 0.0004058396443724632, 0.00040140695637091994, 0.0004256360698491335, 0.0003974909777753055, 0.00040147508843801916, 0.0004230573831591755, 0.0003969001700170338, 0.00039927911711856723]}