{"loss": [0.02063736878335476, 0.008707421831786633, 0.002836228348314762, 0.0013614225899800658, 0.0009721346432343125, 0.0007369125378318131, 0.0006210941355675459, 0.0005327282706275582, 0.0004404599603731185, 0.00039471659692935646, 0.00034319181577302516, 0.00030557269928976893, 0.00030210232944227755, 0.0002756353933364153, 0.0003048509533982724, 0.0002643725019879639, 0.00021805228607263416, 0.0002002471883315593, 0.00020526855951175094, 0.00016963196685537696, 0.00017723771452438086, 0.00016796268755570054, 0.00015537664876319468, 0.00017841532826423645, 0.00016545067774131894, 0.00013163847324904054, 0.0001522833335911855, 0.00013521808432415128, 0.00012737835641019046, 0.0001207161694765091, 0.00011450687452452257, 0.00011872846516780555, 0.00013643945567309856, 0.0001318971044383943, 0.00011813636228907853, 0.0001156712241936475, 0.00011275614815531299, 0.0001131025783251971, 9.828127804212272e-05, 9.818731632549316e-05, 0.00010858153837034479, 0.00010481756180524826, 0.00010255453526042402, 9.277899516746402e-05, 9.35921270865947e-05, 0.00010244485747534782, 9.406637400388718e-05, 9.132731065619737e-05, 8.658135629957542e-05, 8.95418124855496e-05, 8.179205178748816e-05], "mse": [0.02063737064599991, 0.008707421831786633, 0.002836228348314762, 0.0013614225899800658, 0.0009721346432343125, 0.0007369125378318131, 0.0006210941355675459, 0.0005327282706275582, 0.0004404599603731185, 0.00039471659692935646, 0.00034319181577302516, 0.0003055727283935994, 0.00030210232944227755, 0.00027563542244024575, 0.0003048509533982724, 0.0002643725019879639, 0.00021805228607263416, 0.0002002471883315593, 0.00020526855951175094, 0.00016963196685537696, 0.00017723771452438086, 0.00016796268755570054, 0.00015537664876319468, 0.00017841532826423645, 0.00016545067774131894, 0.00013163847324904054, 0.0001522833335911855, 0.00013521808432415128, 0.00012737835641019046, 0.0001207161694765091, 0.00011450687452452257, 0.00011872846516780555, 0.00013643945567309856, 0.00013189711899030954, 0.00011813636228907853, 0.0001156712241936475, 0.00011275614815531299, 0.0001131025783251971, 9.828127804212272e-05, 9.818731632549316e-05, 0.00010858153837034479, 0.00010481756180524826, 0.00010255453526042402, 9.277899516746402e-05, 9.35921270865947e-05, 0.00010244487202726305, 9.406637400388718e-05, 9.132731065619737e-05, 8.658135629957542e-05, 8.95418124855496e-05, 8.179205178748816e-05], "val_loss": [0.011714553460478783, 0.004789790604263544, 0.0016686602029949427, 0.0010243937140330672, 0.0007483205990865827, 0.0006216256879270077, 0.0004940677899867296, 0.00046165191452018917, 0.0003916961431968957, 0.0003222609229851514, 0.0003028734936378896, 0.0002839907829184085, 0.00033464617445133626, 0.00019881254411302507, 0.00026833656011149287, 0.0002610591473057866, 0.00016143909306265414, 0.00018180515326093882, 0.0001468816917622462, 0.00013869136455468833, 0.0001332681131316349, 0.00012200006312923506, 0.00014833506429567933, 0.00015009283379185945, 0.00012191852874821052, 0.00010933966404991224, 0.00012414887896738946, 0.00010663089051377028, 0.0001078857749234885, 0.000101249992439989, 0.00010921312787104398, 0.00013127033889759332, 0.0001078925997717306, 0.00011530941992532462, 0.00012046452320646495, 0.00010351643868489191, 9.236724145011976e-05, 0.00010139534424524754, 9.252261224901304e-05, 0.00014398204803001136, 8.606803021393716e-05, 0.00011143935262225568, 8.837461791699752e-05, 9.020794823300093e-05, 0.00010063696390716359, 0.00010438240133225918, 0.00011376015754649416, 9.25298809306696e-05, 8.712558337720111e-05, 8.743924263399094e-05, 0.00011533908400451764], "val_mse": [0.011714553460478783, 0.004789790604263544, 0.0016686602029949427, 0.001024393830448389, 0.0007483205990865827, 0.0006216256879270077, 0.0004940677899867296, 0.00046165191452018917, 0.0003916961431968957, 0.0003222609229851514, 0.0003028734936378896, 0.0002839907829184085, 0.00033464617445133626, 0.00019881254411302507, 0.00026833656011149287, 0.0002610591473057866, 0.00016143910761456937, 0.00018180515326093882, 0.0001468816917622462, 0.00013869136455468833, 0.0001332681131316349, 0.00012200006312923506, 0.00014833506429567933, 0.00015009283379185945, 0.00012191852874821052, 0.00010933966404991224, 0.00012414887896738946, 0.00010663089051377028, 0.0001078857749234885, 0.000101249992439989, 0.00010921312787104398, 0.00013127033889759332, 0.0001078925997717306, 0.00011530941992532462, 0.00012046452320646495, 0.00010351643868489191, 9.236724145011976e-05, 0.00010139534424524754, 9.252261224901304e-05, 0.00014398204803001136, 8.606803021393716e-05, 0.00011143935262225568, 8.837461791699752e-05, 9.020794823300093e-05, 0.00010063696390716359, 0.00010438240133225918, 0.00011376015754649416, 9.25298809306696e-05, 8.712558337720111e-05, 8.743924263399094e-05, 0.00011533908400451764]}