{"loss": [0.005473693832755089, 0.004455012269318104, 0.0041572339832782745, 0.004097566939890385, 0.004062915686517954, 0.004013095982372761, 0.003997309599071741, 0.003962557762861252, 0.003990732599049807, 0.003946960903704166, 0.003924189601093531, 0.003929852042347193, 0.0039160954765975475, 0.0038965155836194754], "mse": [0.005473693832755089, 0.004455012269318104, 0.0041572339832782745, 0.004097566939890385, 0.004062915686517954, 0.004013095982372761, 0.003997309599071741, 0.003962557762861252, 0.003990732599049807, 0.003946960903704166, 0.003924189601093531, 0.003929852042347193, 0.0039160954765975475, 0.0038965155836194754], "val_loss": [0.004639573860913515, 0.004179440438747406, 0.004384337458759546, 0.004099734127521515, 0.004208564758300781, 0.004124911967664957, 0.004120330326259136, 0.004187537357211113, 0.004152591340243816, 0.004206520970910788, 0.004349393304437399, 0.004301577340811491, 0.0041228290647268295, 0.004127566237002611], "val_mse": [0.004639573860913515, 0.004179440438747406, 0.004384337458759546, 0.004099734127521515, 0.004208564758300781, 0.004124911967664957, 0.004120330326259136, 0.004187537357211113, 0.004152591340243816, 0.004206520970910788, 0.004349393304437399, 0.004301577340811491, 0.0041228290647268295, 0.004127566237002611]}