{"loss": [0.03892810270190239, 0.03726273030042648, 0.03682485595345497, 0.0366981141269207, 0.03644642233848572, 0.0362304262816906, 0.03620046004652977, 0.03596533462405205, 0.03583407402038574, 0.03578828275203705, 0.03577813506126404, 0.03550565615296364, 0.035259224474430084, 0.03506183251738548, 0.03485274687409401, 0.03491920605301857, 0.034597333520650864, 0.0345526821911335, 0.034101974219083786, 0.03411365672945976, 0.033720459789037704], "mse": [0.03892810270190239, 0.03726273030042648, 0.03682485595345497, 0.0366981141269207, 0.03644642233848572, 0.0362304262816906, 0.03620046004652977, 0.03596533462405205, 0.03583407402038574, 0.03578828275203705, 0.03577813506126404, 0.03550565615296364, 0.035259224474430084, 0.03506183251738548, 0.03485274687409401, 0.03491920605301857, 0.034597333520650864, 0.0345526821911335, 0.034101974219083786, 0.03411365672945976, 0.033720459789037704], "val_loss": [0.04395553469657898, 0.04327943176031113, 0.042878180742263794, 0.04319252446293831, 0.042809825390577316, 0.04285910725593567, 0.04271929711103439, 0.043143130838871, 0.04269934818148613, 0.043067093938589096, 0.042666468769311905, 0.043089400976896286, 0.04270816221833229, 0.04330892860889435, 0.0437857024371624, 0.04374204948544502, 0.04339278116822243, 0.04369988292455673, 0.045312024652957916, 0.043480683118104935, 0.04364506155252457], "val_mse": [0.04395553469657898, 0.04327943176031113, 0.042878180742263794, 0.04319252446293831, 0.042809825390577316, 0.04285909980535507, 0.04271929711103439, 0.043143130838871, 0.04269934818148613, 0.043067093938589096, 0.042666465044021606, 0.043089400976896286, 0.04270816221833229, 0.04330892860889435, 0.0437857024371624, 0.04374204948544502, 0.04339278116822243, 0.04369988292455673, 0.045312024652957916, 0.043480683118104935, 0.04364506155252457]}