{"loss": [0.2324395328760147, 0.2238314002752304, 0.21866688132286072, 0.21554319560527802, 0.2134685069322586, 0.2124546468257904, 0.2122167944908142, 0.20913776755332947, 0.2090955227613449, 0.20651406049728394, 0.20685291290283203, 0.20505905151367188, 0.20286625623703003, 0.20210477709770203], "mse": [0.2324395328760147, 0.2238314002752304, 0.21866688132286072, 0.21554319560527802, 0.2134685069322586, 0.2124546468257904, 0.2122167944908142, 0.20913778245449066, 0.2090955227613449, 0.20651406049728394, 0.20685291290283203, 0.20505905151367188, 0.20286625623703003, 0.20210477709770203], "val_loss": [0.22689014673233032, 0.22596248984336853, 0.22264808416366577, 0.22153717279434204, 0.22930355370044708, 0.2325981706380844, 0.22278137505054474, 0.23903490602970123, 0.2239558845758438, 0.2281237542629242, 0.2302323877811432, 0.2355823665857315, 0.22819784283638, 0.23198536038398743], "val_mse": [0.22689014673233032, 0.22596248984336853, 0.22264808416366577, 0.22153717279434204, 0.22930355370044708, 0.2325981706380844, 0.22278136014938354, 0.23903490602970123, 0.2239558845758438, 0.2281237542629242, 0.2302323877811432, 0.2355823665857315, 0.22819784283638, 0.23198536038398743]}