{"loss": [0.0020400292705744505, 0.0008191269589588046, 0.0003106821095570922, 0.00017518723325338215, 0.00014224404003471136, 0.00012013443483738229, 0.00010215680958935991, 8.864352275850251e-05, 7.959904905874282e-05, 7.468263356713578e-05, 6.423316517611966e-05, 6.349753675749525e-05, 6.290260353125632e-05, 5.9808942751260474e-05, 5.5793374485801905e-05, 5.394193431129679e-05, 5.20719368068967e-05, 5.306734601617791e-05, 5.3647156164515764e-05, 4.8370628064731136e-05, 4.6045402996242046e-05, 4.8547080950811505e-05, 4.440341581357643e-05, 4.501876901485957e-05, 4.249700214131735e-05, 4.3885436753043905e-05, 4.420308687258512e-05, 4.3845797335961834e-05, 3.9654827560298145e-05, 4.5048574975226074e-05, 4.6489676606142893e-05, 3.972649938077666e-05, 3.734483470907435e-05, 4.133578477194533e-05, 4.189463652437553e-05, 3.6671015550382435e-05, 3.597888644435443e-05, 4.083444946445525e-05, 3.766177178476937e-05, 3.5452925658319145e-05, 3.443889363552444e-05, 3.556561568984762e-05, 3.334873326821253e-05, 3.629686398198828e-05, 3.423756788833998e-05, 3.274774280725978e-05, 3.213384479749948e-05, 3.1903105991659686e-05, 3.348446625750512e-05, 3.153487341478467e-05, 3.2285981433233246e-05, 3.1135165045270696e-05, 2.9256814741529524e-05, 3.13414930133149e-05, 3.069695958402008e-05, 3.116551670245826e-05, 3.0767212592763826e-05, 2.9497465220629238e-05, 3.0478060580207966e-05], "mse": [0.0020400292705744505, 0.0008191269589588046, 0.0003106821095570922, 0.00017518723325338215, 0.00014224404003471136, 0.00012013443483738229, 0.00010215680958935991, 8.864352275850251e-05, 7.959904905874282e-05, 7.468263356713578e-05, 6.423315790016204e-05, 6.349753675749525e-05, 6.290260353125632e-05, 5.9808942751260474e-05, 5.5793374485801905e-05, 5.394193431129679e-05, 5.20719368068967e-05, 5.306734601617791e-05, 5.3647156164515764e-05, 4.8370628064731136e-05, 4.6045402996242046e-05, 4.8547080950811505e-05, 4.440341581357643e-05, 4.501876901485957e-05, 4.249700214131735e-05, 4.3885436753043905e-05, 4.420308687258512e-05, 4.3845797335961834e-05, 3.9654827560298145e-05, 4.5048574975226074e-05, 4.6489676606142893e-05, 3.972649574279785e-05, 3.734483470907435e-05, 4.133578477194533e-05, 4.189463652437553e-05, 3.6671015550382435e-05, 3.597888644435443e-05, 4.083444946445525e-05, 3.766177178476937e-05, 3.5452925658319145e-05, 3.443889363552444e-05, 3.556561568984762e-05, 3.334873326821253e-05, 3.629686398198828e-05, 3.423756788833998e-05, 3.274774280725978e-05, 3.213384115952067e-05, 3.1903105991659686e-05, 3.348446625750512e-05, 3.153486977680586e-05, 3.2285981433233246e-05, 3.1135165045270696e-05, 2.9256814741529524e-05, 3.13414930133149e-05, 3.069695958402008e-05, 3.116551670245826e-05, 3.0767212592763826e-05, 2.9497465220629238e-05, 3.0478060580207966e-05], "val_loss": [0.0011094945948570967, 0.0004891394637525082, 0.0002107100881403312, 0.00016090032295323908, 0.00015606466331519186, 0.00011924588761758059, 0.00012927636271342635, 9.976030560210347e-05, 9.481592132942751e-05, 8.576858090236783e-05, 7.9365934652742e-05, 7.675823144381866e-05, 8.314187289215624e-05, 7.669478509342298e-05, 7.110801379894838e-05, 7.15741771273315e-05, 6.692417082376778e-05, 8.543191506760195e-05, 6.732499605277553e-05, 7.313194510061294e-05, 6.376201781677082e-05, 6.206803664099425e-05, 6.834445957792923e-05, 6.085173299652524e-05, 5.977582259220071e-05, 6.275230407482013e-05, 6.010213473928161e-05, 6.720297096762806e-05, 6.005808609188534e-05, 5.943147334619425e-05, 5.7396067859372124e-05, 5.868653897778131e-05, 5.6714125094003975e-05, 5.952550418442115e-05, 6.147204112494364e-05, 5.561589205171913e-05, 5.6223372666863725e-05, 5.371621227823198e-05, 5.299462645780295e-05, 5.353975939215161e-05, 5.325974780134857e-05, 5.166588380234316e-05, 5.215793862589635e-05, 5.749266711063683e-05, 5.6339529692195356e-05, 5.379410504247062e-05, 5.342795338947326e-05, 5.0516286137280986e-05, 4.986075509805232e-05, 5.372038867790252e-05, 5.438467633211985e-05, 5.2368734031915665e-05, 5.139908898854628e-05, 5.671512190019712e-05, 5.038884046371095e-05, 5.3823707276023924e-05, 5.178102583158761e-05, 5.058076567365788e-05, 5.392543607740663e-05], "val_mse": [0.0011094945948570967, 0.0004891394637525082, 0.0002107100881403312, 0.00016090032295323908, 0.00015606466331519186, 0.00011924588761758059, 0.00012927636271342635, 9.976030560210347e-05, 9.481592132942751e-05, 8.576858090236783e-05, 7.9365934652742e-05, 7.675823144381866e-05, 8.314187289215624e-05, 7.669478509342298e-05, 7.110801379894838e-05, 7.15741771273315e-05, 6.69241780997254e-05, 8.543191506760195e-05, 6.732499605277553e-05, 7.313194510061294e-05, 6.376201781677082e-05, 6.206803664099425e-05, 6.834445957792923e-05, 6.085173299652524e-05, 5.977582259220071e-05, 6.275230407482013e-05, 6.010213473928161e-05, 6.720297096762806e-05, 6.005808609188534e-05, 5.943147334619425e-05, 5.739607513532974e-05, 5.868653897778131e-05, 5.6714125094003975e-05, 5.952550418442115e-05, 6.147204112494364e-05, 5.561589205171913e-05, 5.6223372666863725e-05, 5.371621227823198e-05, 5.299462645780295e-05, 5.353976666810922e-05, 5.325974780134857e-05, 5.166588380234316e-05, 5.215793862589635e-05, 5.749266711063683e-05, 5.6339529692195356e-05, 5.379410504247062e-05, 5.342795338947326e-05, 5.0516286137280986e-05, 4.986075509805232e-05, 5.372038867790252e-05, 5.438467633211985e-05, 5.2368734031915665e-05, 5.139908898854628e-05, 5.671512190019712e-05, 5.038884046371095e-05, 5.3823707276023924e-05, 5.178102583158761e-05, 5.058076567365788e-05, 5.392543607740663e-05]}