{"loss": [0.005359338130801916, 0.004481406882405281, 0.0042345356196165085, 0.004139204043895006, 0.004095395095646381, 0.004052876029163599, 0.004035208374261856, 0.0040108985267579556, 0.004009829368442297, 0.003973828162997961, 0.0039708358235657215, 0.00398543244227767, 0.003948916681110859, 0.003928905352950096, 0.003939139656722546, 0.00392873864620924, 0.003934530541300774, 0.00392221100628376, 0.003890964901074767, 0.0038843201473355293, 0.0038853574078530073, 0.0038936124183237553], "mse": [0.005359338130801916, 0.004481406882405281, 0.0042345356196165085, 0.004139204043895006, 0.004095395095646381, 0.004052876029163599, 0.004035208374261856, 0.0040108985267579556, 0.004009829368442297, 0.003973828162997961, 0.0039708358235657215, 0.00398543244227767, 0.003948916681110859, 0.003928905352950096, 0.003939139656722546, 0.00392873864620924, 0.003934530541300774, 0.00392221100628376, 0.003890964901074767, 0.0038843201473355293, 0.0038853574078530073, 0.0038936124183237553], "val_loss": [0.00428084097802639, 0.004126368090510368, 0.004080109763890505, 0.004105179104954004, 0.004026154056191444, 0.004058471415191889, 0.003990196157246828, 0.004024260211735964, 0.00401682686060667, 0.0039920499548316, 0.0040069217793643475, 0.003988384734839201, 0.004068905021995306, 0.004006538074463606, 0.004066689405590296, 0.0041234795935451984, 0.0040342235006392, 0.004026369191706181, 0.0040344796143472195, 0.004236722830682993, 0.004040995612740517, 0.004045672249048948], "val_mse": [0.00428084097802639, 0.004126368090510368, 0.004080109763890505, 0.004105179104954004, 0.004026154056191444, 0.004058471415191889, 0.003990196157246828, 0.004024260211735964, 0.00401682686060667, 0.0039920499548316, 0.0040069217793643475, 0.003988384734839201, 0.004068905021995306, 0.004006538074463606, 0.004066689405590296, 0.0041234795935451984, 0.0040342235006392, 0.004026369191706181, 0.0040344796143472195, 0.004236722830682993, 0.004040995612740517, 0.004045672249048948]}