{"loss": [0.0017833273159340024, 0.0006684659165330231, 0.000276096718152985, 0.00018733808246906847, 0.00015932788664940745, 0.00015268666902557015, 0.00013185327406972647, 0.00012545786739792675, 0.0001213306823046878, 0.00011891676695086062, 0.00011109495244454592, 0.00011227557115489617, 0.00010181929246755317, 9.669319115346298e-05, 9.516675345366821e-05, 9.567094093654305e-05, 9.370531915919855e-05, 9.250983566744253e-05, 8.808042912278324e-05, 8.895112114259973e-05, 8.54494865052402e-05, 8.436335338046774e-05, 8.694591815583408e-05, 8.628454816062003e-05, 8.180495933629572e-05, 8.525631710654125e-05, 7.906159589765593e-05, 7.711469515925273e-05, 8.661927859066054e-05, 7.751691737212241e-05, 7.64117285143584e-05, 7.736378029221669e-05, 8.024035923881456e-05, 7.523971726186574e-05, 7.599069795105606e-05, 8.207164501072839e-05, 7.164221460698172e-05, 7.061368523864076e-05, 7.170687604229897e-05, 7.113201718311757e-05, 7.532504969276488e-05, 7.286524487426504e-05], "mse": [0.0017833273159340024, 0.0006684659165330231, 0.000276096718152985, 0.00018733808246906847, 0.00015932788664940745, 0.00015268666902557015, 0.00013185327406972647, 0.00012545785284601152, 0.0001213306823046878, 0.00011891676695086062, 0.00011109495244454592, 0.00011227557115489617, 0.00010181929246755317, 9.669319115346298e-05, 9.516675345366821e-05, 9.567094093654305e-05, 9.370531915919855e-05, 9.250983566744253e-05, 8.808042912278324e-05, 8.895112114259973e-05, 8.54494865052402e-05, 8.436335338046774e-05, 8.694591815583408e-05, 8.628454816062003e-05, 8.180495933629572e-05, 8.525631710654125e-05, 7.906159589765593e-05, 7.711469515925273e-05, 8.661927859066054e-05, 7.751691737212241e-05, 7.64117285143584e-05, 7.736378029221669e-05, 8.024035923881456e-05, 7.523971726186574e-05, 7.599069795105606e-05, 8.207164501072839e-05, 7.164221460698172e-05, 7.061368523864076e-05, 7.170687604229897e-05, 7.113201718311757e-05, 7.532504969276488e-05, 7.286524487426504e-05], "val_loss": [0.0011088511673733592, 0.0004220368282403797, 0.0002674291899893433, 0.00023921024694573134, 0.0002179678122047335, 0.00020047256839461625, 0.00018102354079019278, 0.00017044591368176043, 0.0001672624930506572, 0.00016011050320230424, 0.00016004996723495424, 0.00015767144213896245, 0.00014075047511141747, 0.00014407421986106783, 0.0001407848612871021, 0.00014697159349452704, 0.00013508023403119296, 0.00013050025154370815, 0.00013158599904272705, 0.00013201172987464815, 0.00012628348486032337, 0.0001341796451015398, 0.00013843612396158278, 0.00012676721962634474, 0.00013577165373135358, 0.0001280225405935198, 0.00012028832134092227, 0.0001308188948314637, 0.00013554295583162457, 0.00012690694711636752, 0.00013207299343775958, 0.00011872889444930479, 0.00013267692702356726, 0.00012222629447933286, 0.0001257870753761381, 0.00011967797763645649, 0.00012001162394881248, 0.00012256705667823553, 0.00012182055797893554, 0.0001221631682710722, 0.00015554357378277928, 0.00012241548392921686], "val_mse": [0.0011088511673733592, 0.0004220368282403797, 0.0002674291899893433, 0.00023921024694573134, 0.0002179678122047335, 0.00020047256839461625, 0.00018102354079019278, 0.00017044591368176043, 0.0001672624930506572, 0.00016011050320230424, 0.00016004996723495424, 0.00015767144213896245, 0.00014075047511141747, 0.00014407421986106783, 0.0001407848612871021, 0.00014697159349452704, 0.00013508023403119296, 0.00013050023699179292, 0.00013158599904272705, 0.00013201172987464815, 0.00012628348486032337, 0.0001341796451015398, 0.00013843612396158278, 0.00012676721962634474, 0.00013577165373135358, 0.0001280225405935198, 0.00012028832134092227, 0.0001308188948314637, 0.0001355429703835398, 0.00012690694711636752, 0.00013207299343775958, 0.00011872889444930479, 0.00013267692702356726, 0.00012222629447933286, 0.0001257870753761381, 0.00011967797763645649, 0.00012001162394881248, 0.00012256705667823553, 0.00012182055797893554, 0.0001221631682710722, 0.00015554357378277928, 0.00012241548392921686]}