{"loss": [5.098218753118999e-05, 7.159124834288377e-06, 5.3657627177017275e-06, 4.3791928874270525e-06, 3.842991191049805e-06, 3.3575176985323196e-06, 3.187250740666059e-06, 2.931732069555437e-06, 2.6959746719512623e-06, 2.584127742011333e-06, 2.413013817204046e-06, 2.3173706722445786e-06, 2.242542450403562e-06, 2.175504505430581e-06, 2.071141807391541e-06, 2.024918785537011e-06, 1.9491735656629317e-06, 1.9062428009419818e-06, 1.8487208990336512e-06, 1.8151158656110056e-06, 1.7673082766123116e-06, 1.719075044093188e-06, 1.6869945511643891e-06, 1.6317696918122238e-06, 1.6165629403985804e-06, 1.570589120092336e-06, 1.5265912907125312e-06, 1.5346317923103925e-06, 1.5083340940691414e-06, 1.4833849490969442e-06, 1.428830955774174e-06, 1.4241491044231225e-06, 1.425030973223329e-06, 1.3812953056913102e-06], "mse": [5.098218753118999e-05, 7.159124834288377e-06, 5.3657627177017275e-06, 4.3791928874270525e-06, 3.842991191049805e-06, 3.3575176985323196e-06, 3.1872511954134097e-06, 2.931732069555437e-06, 2.6959746719512623e-06, 2.584127742011333e-06, 2.413013817204046e-06, 2.3173711269919295e-06, 2.242542450403562e-06, 2.175504505430581e-06, 2.071141807391541e-06, 2.024918785537011e-06, 1.9491735656629317e-06, 1.9062428009419818e-06, 1.8487208990336512e-06, 1.8151158656110056e-06, 1.767308503985987e-06, 1.7190752714668633e-06, 1.6869945511643891e-06, 1.6317696918122238e-06, 1.6165629403985804e-06, 1.570589120092336e-06, 1.5265912907125312e-06, 1.5346317923103925e-06, 1.5083342077559792e-06, 1.4833849490969442e-06, 1.428830955774174e-06, 1.4241491044231225e-06, 1.425030973223329e-06, 1.3812953056913102e-06], "val_loss": [7.986714990693145e-06, 6.0505403780553024e-06, 5.584632617683383e-06, 3.631083700383897e-06, 4.205911409371765e-06, 2.6992934181180317e-06, 3.0605153824581066e-06, 2.5714202820381615e-06, 2.3167817744251806e-06, 2.4178889361792244e-06, 3.81598465537536e-06, 2.3894156129244948e-06, 2.0665029296651483e-06, 2.3401719317917014e-06, 2.5147201085928828e-06, 2.03524723474402e-06, 1.7887765579871484e-06, 2.323957232874818e-06, 2.36861387747922e-06, 1.8251095070809242e-06, 2.4928974653448677e-06, 2.699061269595404e-06, 1.3896687960368581e-06, 1.369190158584388e-06, 1.6942992715485161e-06, 1.5661146335332887e-06, 2.884407194869709e-06, 2.131621158696362e-06, 1.474711439186649e-06, 1.7354370811517583e-06, 1.4055995052331127e-06, 1.3904285651733517e-06, 1.4274698969529709e-06, 1.4913520089976373e-06], "val_mse": [7.986714990693145e-06, 6.0505403780553024e-06, 5.584632617683383e-06, 3.631083700383897e-06, 4.205911409371765e-06, 2.6992934181180317e-06, 3.060515155084431e-06, 2.5714202820381615e-06, 2.3167817744251806e-06, 2.4178889361792244e-06, 3.81598465537536e-06, 2.3894156129244948e-06, 2.0665029296651483e-06, 2.3401719317917014e-06, 2.5147201085928828e-06, 2.03524723474402e-06, 1.7887765579871484e-06, 2.323957232874818e-06, 2.36861387747922e-06, 1.8251095070809242e-06, 2.4928974653448677e-06, 2.699061269595404e-06, 1.3896687960368581e-06, 1.369190158584388e-06, 1.6942992715485161e-06, 1.5661146335332887e-06, 2.884407194869709e-06, 2.131621158696362e-06, 1.474711439186649e-06, 1.7354370811517583e-06, 1.4055995052331127e-06, 1.3904285651733517e-06, 1.4274698969529709e-06, 1.4913520089976373e-06]}