{"loss": [0.001993655227124691, 0.0011066761799156666, 0.000982706667855382, 0.0009510573581792414, 0.0009348472231067717, 0.0009097768925130367, 0.0008958038524724543, 0.0008903369307518005, 0.0008797161863185465, 0.0008779037743806839, 0.0008658648002892733, 0.0008655180572532117, 0.0008631978998892009, 0.0008655264391563833, 0.000854824495036155, 0.0008438373333774507, 0.0008437953656539321, 0.0008345818496309221, 0.0008301010238938034, 0.000830005039460957, 0.0008273093262687325, 0.0008225089404731989, 0.0008227144135162234, 0.000814298982731998, 0.0008142177248373628], "mse": [0.001993655227124691, 0.0011066761799156666, 0.000982706667855382, 0.0009510573581792414, 0.0009348472231067717, 0.0009097767760977149, 0.0008958038524724543, 0.0008903369307518005, 0.0008797161863185465, 0.0008779037743806839, 0.0008658648002892733, 0.0008655180572532117, 0.0008631978998892009, 0.0008655264391563833, 0.000854824495036155, 0.0008438373333774507, 0.0008437953656539321, 0.0008345818496309221, 0.0008301010238938034, 0.000830005039460957, 0.0008273093262687325, 0.0008225089404731989, 0.0008227144135162234, 0.000814298982731998, 0.0008142177248373628], "val_loss": [0.0013027567183598876, 0.0009875285904854536, 0.0009512205142527819, 0.0009145785588771105, 0.0008829288417473435, 0.0008880958775989711, 0.0009046433260664344, 0.0008676243014633656, 0.0008859889931045473, 0.0009112387197092175, 0.0008840549271553755, 0.0008818039204925299, 0.0008645915077067912, 0.0008816507179290056, 0.0008615668048150837, 0.0009165434748865664, 0.0008779155323281884, 0.0008822304080240428, 0.0008795508765615523, 0.0008885323768481612, 0.0008816466433927417, 0.0008814482134766877, 0.000898198108188808, 0.0008747812826186419, 0.0008929353789426386], "val_mse": [0.0013027567183598876, 0.0009875285904854536, 0.0009512205142527819, 0.0009145785588771105, 0.0008829286671243608, 0.0008880958775989711, 0.0009046433260664344, 0.0008676243014633656, 0.0008859890513122082, 0.0009112387197092175, 0.0008840549271553755, 0.0008818039204925299, 0.0008645915077067912, 0.0008816507179290056, 0.0008615668048150837, 0.0009165434748865664, 0.0008779155323281884, 0.0008822304080240428, 0.0008795508765615523, 0.0008885323768481612, 0.0008816466433927417, 0.0008814482134766877, 0.000898198108188808, 0.0008747812826186419, 0.0008929353789426386]}