{"loss": [0.0019866987131536007, 0.0017052509356290102, 0.0014928305754438043, 0.0012668648269027472, 0.0010428851237520576, 0.0008467122679576278, 0.0006643595988862216, 0.0005088533507660031, 0.0003773101489059627, 0.00026764109497889876, 0.00018067387281917036, 0.00012982571206521243, 0.00010659961117198691, 8.906192670110613e-05, 8.059097308432683e-05, 7.167059811763465e-05, 6.269568984862417e-05, 6.08670998190064e-05, 5.6850713008316234e-05, 5.413726466940716e-05, 4.6458801080007106e-05, 4.648791946237907e-05, 4.248659388395026e-05, 3.823409497272223e-05, 3.551511326804757e-05, 3.623005613917485e-05, 3.6122946767136455e-05, 3.2132935302797705e-05, 2.863685949705541e-05, 2.8125004973844625e-05, 2.7662579668685794e-05, 2.5224004275514744e-05, 2.3755477741360664e-05, 2.3707785658189096e-05, 2.1800042304676026e-05, 2.0147124814684503e-05, 1.9133833120577037e-05, 2.0796642274945043e-05, 1.888200677058194e-05, 1.8936079868581146e-05, 1.6769099602242932e-05, 1.622025047254283e-05, 1.5256610822689254e-05, 1.5262536180671304e-05, 1.4755877600691747e-05, 1.3528067029255908e-05, 1.4329067198559642e-05, 1.3107783161103725e-05, 1.2581923328980338e-05, 1.2250010513525922e-05, 1.3667947314388584e-05, 1.167214668384986e-05, 1.2996129044040572e-05, 1.2451576367311645e-05, 1.2427207366272341e-05, 1.2386769412842114e-05, 1.0535368346609175e-05, 9.376609341416042e-06, 9.283800864068326e-06, 9.096845133171882e-06, 8.969846930995118e-06, 1.0640465006872546e-05, 9.472862984694075e-06, 9.184827831631992e-06, 9.425411917618476e-06, 1.0793116416607518e-05, 8.494409485138021e-06, 7.081985131662805e-06, 7.040917353151599e-06, 7.568114142486593e-06, 7.866699888836592e-06, 7.4796735134441406e-06, 7.160730547184357e-06, 6.9240477387211286e-06, 6.413945811800659e-06, 6.779858267691452e-06, 6.769295396225061e-06], "mse": [0.001986698480322957, 0.0017052509356290102, 0.0014928305754438043, 0.0012668648269027472, 0.0010428851237520576, 0.0008467122679576278, 0.0006643595988862216, 0.0005088533507660031, 0.0003773101489059627, 0.00026764109497889876, 0.00018067387281917036, 0.00012982571206521243, 0.00010659961117198691, 8.906192670110613e-05, 8.059097308432683e-05, 7.167059811763465e-05, 6.269568984862417e-05, 6.08670998190064e-05, 5.6850713008316234e-05, 5.413726466940716e-05, 4.6458801080007106e-05, 4.648791946237907e-05, 4.248659388395026e-05, 3.823409497272223e-05, 3.551511326804757e-05, 3.623005613917485e-05, 3.6122946767136455e-05, 3.2132935302797705e-05, 2.863685949705541e-05, 2.8125004973844625e-05, 2.7662579668685794e-05, 2.5224004275514744e-05, 2.3755477741360664e-05, 2.3707785658189096e-05, 2.1800042304676026e-05, 2.0147124814684503e-05, 1.9133833120577037e-05, 2.0796642274945043e-05, 1.888200677058194e-05, 1.8936079868581146e-05, 1.6769099602242932e-05, 1.6220252291532233e-05, 1.5256610822689254e-05, 1.5262536180671304e-05, 1.4755877600691747e-05, 1.3528067029255908e-05, 1.4329067198559642e-05, 1.3107783161103725e-05, 1.2581923328980338e-05, 1.2250010513525922e-05, 1.3667947314388584e-05, 1.167214668384986e-05, 1.2996129044040572e-05, 1.2451576367311645e-05, 1.2427207366272341e-05, 1.2386769412842114e-05, 1.0535368346609175e-05, 9.376609341416042e-06, 9.283800864068326e-06, 9.096845133171882e-06, 8.969846930995118e-06, 1.0640465006872546e-05, 9.472862984694075e-06, 9.184827831631992e-06, 9.425411917618476e-06, 1.0793116416607518e-05, 8.494409485138021e-06, 7.081985131662805e-06, 7.040917353151599e-06, 7.568114142486593e-06, 7.866699888836592e-06, 7.4796735134441406e-06, 7.160730547184357e-06, 6.9240477387211286e-06, 6.413945811800659e-06, 6.779858267691452e-06, 6.769295396225061e-06], "val_loss": [0.002580983331426978, 0.002246016403660178, 0.0018882140284404159, 0.0015128032537177205, 0.0012364402646198869, 0.0009676896152086556, 0.000775648863054812, 0.0006099416059441864, 0.00044243672164157033, 0.0003280038945376873, 0.0002618952130433172, 0.00021943208412267268, 0.0001820755860535428, 0.00016876598238013685, 0.00015078388969413936, 0.00014379716594703496, 0.00013627934094984084, 0.00012386040179990232, 0.00012745708227157593, 0.00011917329538846388, 0.00011695766443153843, 0.00011299785546725616, 0.00010716678661992773, 0.00010280183050781488, 9.921600576490164e-05, 0.00010370304516982287, 9.76999435806647e-05, 9.682624659035355e-05, 9.42053520702757e-05, 9.327122097602114e-05, 8.886318391887471e-05, 8.716635056771338e-05, 8.471625187667087e-05, 8.494529174640775e-05, 8.292317215818912e-05, 8.139209967339411e-05, 8.012545004021376e-05, 8.023918053368106e-05, 8.056268416112289e-05, 7.851828559068963e-05, 7.420554902637377e-05, 7.650643965462223e-05, 7.405853102682158e-05, 7.831623952370137e-05, 7.507611735491082e-05, 7.350633677560836e-05, 7.1407099312637e-05, 7.412854029098526e-05, 6.894876423757523e-05, 7.691756763961166e-05, 7.202724373200908e-05, 6.898211722727865e-05, 6.98142102919519e-05, 7.8566386946477e-05, 6.992189446464181e-05, 6.784465949749574e-05, 6.977085286052898e-05, 6.899145955685526e-05, 6.790877523599193e-05, 7.10993554093875e-05, 7.695588283240795e-05, 6.729273445671424e-05, 6.577860040124506e-05, 7.452816498698667e-05, 7.188513700384647e-05, 6.728407606715336e-05, 6.536834553116933e-05, 6.661653605988249e-05, 7.032127177808434e-05, 6.662284431513399e-05, 6.692714669043198e-05, 6.960231985431165e-05, 6.693413888569921e-05, 6.785059667890891e-05, 6.948447116883472e-05, 6.816677341703326e-05, 6.937123544048518e-05], "val_mse": [0.002580983331426978, 0.0022460161708295345, 0.0018882140284404159, 0.0015128032537177205, 0.0012364402646198869, 0.0009676896152086556, 0.000775648863054812, 0.0006099416059441864, 0.00044243672164157033, 0.0003280038945376873, 0.0002618952130433172, 0.00021943208412267268, 0.0001820755860535428, 0.00016876598238013685, 0.00015078387514222413, 0.00014379716594703496, 0.00013627934094984084, 0.00012386040179990232, 0.00012745708227157593, 0.00011917329538846388, 0.00011695766443153843, 0.00011299785546725616, 0.00010716678661992773, 0.00010280183050781488, 9.921600576490164e-05, 0.00010370304516982287, 9.76999435806647e-05, 9.682624659035355e-05, 9.42053520702757e-05, 9.327122097602114e-05, 8.886318391887471e-05, 8.716634329175577e-05, 8.471625187667087e-05, 8.494529174640775e-05, 8.292317215818912e-05, 8.139209967339411e-05, 8.012545004021376e-05, 8.023918053368106e-05, 8.056268416112289e-05, 7.851827831473202e-05, 7.420554902637377e-05, 7.650643965462223e-05, 7.405853102682158e-05, 7.831623952370137e-05, 7.50761100789532e-05, 7.350633677560836e-05, 7.1407099312637e-05, 7.412854029098526e-05, 6.894876423757523e-05, 7.691756763961166e-05, 7.202724373200908e-05, 6.898211722727865e-05, 6.98142102919519e-05, 7.8566386946477e-05, 6.992189446464181e-05, 6.784465949749574e-05, 6.977084558457136e-05, 6.899145955685526e-05, 6.790877523599193e-05, 7.10993554093875e-05, 7.695588283240795e-05, 6.729273445671424e-05, 6.577860040124506e-05, 7.452816498698667e-05, 7.188513700384647e-05, 6.728407606715336e-05, 6.536834553116933e-05, 6.661653605988249e-05, 7.032127177808434e-05, 6.662284431513399e-05, 6.692714669043198e-05, 6.960231985431165e-05, 6.693413888569921e-05, 6.785059667890891e-05, 6.948447116883472e-05, 6.816677341703326e-05, 6.937123544048518e-05]}