{"loss": [0.00018313761393073946, 2.1397350792540237e-05, 1.4269076018535998e-05, 1.10927958303364e-05, 9.625094207876828e-06, 8.66184836922912e-06, 7.550424015789758e-06, 6.746271083102329e-06, 6.132982889539562e-06, 6.089816906751366e-06, 5.732283625548007e-06, 5.472246357385302e-06, 4.867511051998008e-06, 5.015527221985394e-06, 4.529771558736684e-06, 4.494887889450183e-06, 4.430256012710743e-06, 4.1153307392960414e-06, 3.939680027542636e-06, 4.165614882367663e-06, 3.7683155369450105e-06, 3.6278368042985676e-06, 3.832958100247197e-06, 3.5697780731425155e-06, 3.3680266824376304e-06, 3.4522397527325666e-06, 3.2758075576566625e-06, 3.1712354484625394e-06, 3.2282030133501394e-06, 3.0713836167706177e-06, 3.0905036965123145e-06, 2.996863258886151e-06, 3.0108276405371726e-06, 2.9866632758057676e-06, 2.8019990168104414e-06, 2.6877178243012168e-06, 2.8889883196825394e-06, 2.7936785045312718e-06, 2.678480996110011e-06, 2.5788478978938656e-06, 2.619979568407871e-06, 2.660898417161661e-06, 2.607978785817977e-06, 2.483450316503877e-06, 2.4680080059624743e-06, 2.4368043796130223e-06, 2.431984739814652e-06, 2.4355758796446025e-06, 2.4608852982055396e-06, 2.291102646267973e-06, 2.324709157619509e-06, 2.3608158699062187e-06, 2.2841884401714196e-06, 2.3548159333586227e-06, 2.1463135908561526e-06, 2.320005023648264e-06, 2.1725156784668798e-06, 2.0612130811059615e-06, 2.1604237190331332e-06, 2.176888983740355e-06, 2.1480191207956523e-06, 2.017400447584805e-06, 2.2102706225268776e-06, 2.017534370679641e-06, 2.079538944599335e-06, 1.9944793621107237e-06, 2.0802133349206997e-06, 2.03902800421929e-06, 2.0478235001064604e-06, 1.909823822643375e-06, 1.9450521904218476e-06, 2.002588871619082e-06, 1.8868754523282405e-06], "mse": [0.00018313761393073946, 2.1397350792540237e-05, 1.42690769280307e-05, 1.10927958303364e-05, 9.62509511737153e-06, 8.66184836922912e-06, 7.550424015789758e-06, 6.746271083102329e-06, 6.132982889539562e-06, 6.089816906751366e-06, 5.732283625548007e-06, 5.472246357385302e-06, 4.867511051998008e-06, 5.015527221985394e-06, 4.529771558736684e-06, 4.494887889450183e-06, 4.430256012710743e-06, 4.1153307392960414e-06, 3.939680027542636e-06, 4.165614882367663e-06, 3.7683155369450105e-06, 3.6278368042985676e-06, 3.832958100247197e-06, 3.5697780731425155e-06, 3.3680266824376304e-06, 3.452239525358891e-06, 3.2758075576566625e-06, 3.1712354484625394e-06, 3.2282030133501394e-06, 3.0713836167706177e-06, 3.0905036965123145e-06, 2.996863258886151e-06, 3.0108276405371726e-06, 2.9866632758057676e-06, 2.8019990168104414e-06, 2.6877178243012168e-06, 2.8889883196825394e-06, 2.7936785045312718e-06, 2.678480996110011e-06, 2.5788478978938656e-06, 2.619979568407871e-06, 2.660898417161661e-06, 2.607978785817977e-06, 2.483450316503877e-06, 2.4680080059624743e-06, 2.4368043796130223e-06, 2.431984739814652e-06, 2.4355758796446025e-06, 2.4608852982055396e-06, 2.291102646267973e-06, 2.324709157619509e-06, 2.3608158699062187e-06, 2.2841884401714196e-06, 2.3548159333586227e-06, 2.146313363482477e-06, 2.320005023648264e-06, 2.172515223719529e-06, 2.0612130811059615e-06, 2.1604237190331332e-06, 2.176888983740355e-06, 2.1480191207956523e-06, 2.017400447584805e-06, 2.2102706225268776e-06, 2.017534370679641e-06, 2.079538944599335e-06, 1.9944793621107237e-06, 2.0802133349206997e-06, 2.03902800421929e-06, 2.0478235001064604e-06, 1.909823822643375e-06, 1.9450521904218476e-06, 2.002588871619082e-06, 1.8868754523282405e-06], "val_loss": [3.142898640362546e-05, 1.6765847249189392e-05, 1.1899503078893758e-05, 1.2637320651265327e-05, 8.90599585545715e-06, 7.982106581039261e-06, 8.517001333530061e-06, 6.370175924530486e-06, 6.188686256791698e-06, 6.637909336859593e-06, 5.982831680739764e-06, 5.185473128221929e-06, 4.933235231874278e-06, 5.959607733529992e-06, 4.704044840764254e-06, 4.546734544419451e-06, 5.18052820552839e-06, 4.242880550009431e-06, 5.4365968935599085e-06, 3.877203653246397e-06, 4.764555797009962e-06, 4.733727109851316e-06, 6.085580935177859e-06, 3.9900683077576105e-06, 4.25688449467998e-06, 3.4853121633204864e-06, 4.93020479552797e-06, 3.798852503678063e-06, 3.2431812542199623e-06, 3.952214228775119e-06, 3.4747486097330693e-06, 3.2563041258981684e-06, 3.2641430607327493e-06, 3.2873158488655463e-06, 3.477800646578544e-06, 3.7547206375165842e-06, 3.1175404728855938e-06, 5.30373836227227e-06, 3.311704858788289e-06, 4.201217507215915e-06, 3.0408939437620575e-06, 2.9606919724756153e-06, 4.769779934576945e-06, 2.6565282951196423e-06, 2.8064143862138735e-06, 2.780784598144237e-06, 3.148620180581929e-06, 2.885928097384749e-06, 3.0987371246737894e-06, 3.1364331789518474e-06, 3.175170832037111e-06, 2.60167053056648e-06, 3.2166706205316586e-06, 2.9402883683360415e-06, 2.6354957753937924e-06, 2.8316669613559498e-06, 2.5033691599674057e-06, 2.7007947664969834e-06, 3.055446768485126e-06, 2.9414898108370835e-06, 2.9373454708547797e-06, 2.783668605843559e-06, 2.339448883503792e-06, 3.209747546861763e-06, 2.363673274885514e-06, 2.5191341137542622e-06, 2.8625129289139295e-06, 2.9731802442256594e-06, 2.8656461381615372e-06, 2.4885314360290067e-06, 3.088236098847119e-06, 3.0910177883924916e-06, 2.40624694924918e-06], "val_mse": [3.142898640362546e-05, 1.6765847249189392e-05, 1.1899503078893758e-05, 1.2637320651265327e-05, 8.90599585545715e-06, 7.982106581039261e-06, 8.517001333530061e-06, 6.370175924530486e-06, 6.188686256791698e-06, 6.637909336859593e-06, 5.982831680739764e-06, 5.185473128221929e-06, 4.933235231874278e-06, 5.959607733529992e-06, 4.704044840764254e-06, 4.546734544419451e-06, 5.18052820552839e-06, 4.242880550009431e-06, 5.4365968935599085e-06, 3.877203653246397e-06, 4.764555797009962e-06, 4.733727109851316e-06, 6.085580935177859e-06, 3.9900683077576105e-06, 4.25688449467998e-06, 3.4853121633204864e-06, 4.93020479552797e-06, 3.798852503678063e-06, 3.2431812542199623e-06, 3.952214228775119e-06, 3.4747486097330693e-06, 3.2563041258981684e-06, 3.2641430607327493e-06, 3.2873158488655463e-06, 3.477800646578544e-06, 3.7547206375165842e-06, 3.1175404728855938e-06, 5.30373836227227e-06, 3.31170531353564e-06, 4.201217507215915e-06, 3.0408939437620575e-06, 2.9606919724756153e-06, 4.769779934576945e-06, 2.656528067745967e-06, 2.8064143862138735e-06, 2.780784598144237e-06, 3.148620180581929e-06, 2.885928097384749e-06, 3.0987371246737894e-06, 3.1364331789518474e-06, 3.175170832037111e-06, 2.60167053056648e-06, 3.2166706205316586e-06, 2.9402883683360415e-06, 2.6354957753937924e-06, 2.8316669613559498e-06, 2.5033691599674057e-06, 2.7007947664969834e-06, 3.055446768485126e-06, 2.9414898108370835e-06, 2.9373454708547797e-06, 2.783668605843559e-06, 2.339448883503792e-06, 3.209747546861763e-06, 2.363673274885514e-06, 2.5191341137542622e-06, 2.8625129289139295e-06, 2.9731802442256594e-06, 2.8656461381615372e-06, 2.4885314360290067e-06, 3.088236098847119e-06, 3.0910177883924916e-06, 2.40624694924918e-06]}