{"loss": [0.044912420213222504, 0.04197835177183151, 0.04080509394407272, 0.039884887635707855, 0.03867217153310776, 0.03806614130735397, 0.037452332675457, 0.036694806069135666, 0.03580772131681442, 0.035051070153713226, 0.035120755434036255, 0.03418358415365219, 0.03386243060231209, 0.03286786377429962, 0.03224942088127136, 0.03170033171772957, 0.031221535056829453, 0.030690941959619522], "mse": [0.044912420213222504, 0.04197835177183151, 0.04080509394407272, 0.039884887635707855, 0.03867217153310776, 0.03806614130735397, 0.037452332675457, 0.036694806069135666, 0.03580772131681442, 0.035051070153713226, 0.035120755434036255, 0.03418358415365219, 0.03386243060231209, 0.03286786377429962, 0.03224942460656166, 0.03170033171772957, 0.031221535056829453, 0.030690941959619522], "val_loss": [0.044489964842796326, 0.044383615255355835, 0.04433827102184296, 0.044735781848430634, 0.0443982370197773, 0.04470554739236832, 0.04382326453924179, 0.043651431798934937, 0.04382672905921936, 0.043825048953294754, 0.04433383420109749, 0.04457584023475647, 0.04398036003112793, 0.04416622221469879, 0.04469224065542221, 0.044827140867710114, 0.045194149017333984, 0.046354833990335464], "val_mse": [0.044489964842796326, 0.044383615255355835, 0.04433827102184296, 0.044735778123140335, 0.0443982370197773, 0.04470554739236832, 0.04382326453924179, 0.043651431798934937, 0.04382672905921936, 0.043825048953294754, 0.04433383792638779, 0.04457584023475647, 0.04398036003112793, 0.04416622593998909, 0.04469224065542221, 0.044827140867710114, 0.045194145292043686, 0.046354833990335464]}