{"loss": [0.005893058143556118, 0.005051822401583195, 0.004326376598328352, 0.0035103776026517153, 0.002586339134722948, 0.0018339240923523903, 0.001515089301392436, 0.001395195024088025, 0.0013291467912495136, 0.0011623406317085028, 0.0010563666000962257, 0.000968121166806668, 0.0008739298209547997, 0.0007937625050544739, 0.000704547856003046, 0.0006231662700884044, 0.0005609515937976539, 0.00048567604972049594, 0.0004143888654652983, 0.00039314175955951214, 0.0004232162609696388, 0.0003552855341695249, 0.00030183506896719337, 0.0002726761740632355, 0.0002625153283588588, 0.00024430424673482776, 0.00024853821378201246, 0.00023739637981634587, 0.00022377011191565543, 0.00023358850739896297, 0.00021293413010425866, 0.00019907474052160978, 0.00018995394930243492, 0.0001864373916760087, 0.00018094848201144487, 0.00018273746536578983, 0.0001799593010218814, 0.00018370422185398638, 0.00018006096070166677, 0.00017433500033803284, 0.00017071391630452126, 0.00017039627709891647, 0.00016687392781022936, 0.000156448659254238, 0.00015522554167546332, 0.00015056021220516413, 0.00014784277300350368, 0.00015094743866939098, 0.00015946620260365307, 0.00015491321391891688, 0.0001486258115619421, 0.00016099827189464122, 0.00014869568985886872, 0.00014829332940280437, 0.00014200805162545294, 0.0001389170065522194, 0.00014873046893626451, 0.0001387355150654912], "mse": [0.005893058143556118, 0.005051822401583195, 0.004326376598328352, 0.0035103776026517153, 0.002586339134722948, 0.0018339240923523903, 0.001515089301392436, 0.001395195024088025, 0.0013291467912495136, 0.0011623406317085028, 0.0010563666000962257, 0.000968121166806668, 0.0008739298209547997, 0.0007937625050544739, 0.000704547856003046, 0.0006231662700884044, 0.0005609515937976539, 0.00048567604972049594, 0.0004143888654652983, 0.00039314175955951214, 0.0004232162609696388, 0.0003552855341695249, 0.00030183506896719337, 0.0002726761740632355, 0.0002625153283588588, 0.00024430424673482776, 0.00024853821378201246, 0.00023739637981634587, 0.00022377011191565543, 0.00023358850739896297, 0.00021293413010425866, 0.00019907474052160978, 0.00018995394930243492, 0.0001864373916760087, 0.00018094848201144487, 0.00018273746536578983, 0.0001799593010218814, 0.00018370422185398638, 0.00018006096070166677, 0.00017433500033803284, 0.00017071391630452126, 0.00017039627709891647, 0.00016687392781022936, 0.000156448659254238, 0.00015522554167546332, 0.00015056021220516413, 0.00014784277300350368, 0.00015094743866939098, 0.00015946620260365307, 0.00015491321391891688, 0.0001486258115619421, 0.00016099827189464122, 0.00014869568985886872, 0.00014829332940280437, 0.00014200805162545294, 0.0001389170065522194, 0.00014873046893626451, 0.0001387355150654912], "val_loss": [0.010098702274262905, 0.008934762328863144, 0.007373876869678497, 0.005491017829626799, 0.003567357314750552, 0.002230551326647401, 0.0017607193440198898, 0.0018624374642968178, 0.0017095155781134963, 0.0017324064392596483, 0.001562199555337429, 0.0014226636849343777, 0.0013212396297603846, 0.0012155711883679032, 0.0011296113952994347, 0.0010356331476941705, 0.0009216616163030267, 0.0008259134483523667, 0.0007604156853631139, 0.000724898767657578, 0.0006107976660132408, 0.0007046136306598783, 0.0006187466788105667, 0.0005703498027287424, 0.000559621665161103, 0.0004551791644189507, 0.00043587031541392207, 0.0005124902236275375, 0.00041663198499009013, 0.00036647473461925983, 0.0004469584091566503, 0.0004166066646575928, 0.00035650032805278897, 0.0003547107335180044, 0.0003405255847610533, 0.0003413488739170134, 0.00031961611239239573, 0.00040112511487677693, 0.0003310949541628361, 0.00028151366859674454, 0.00035545736318454146, 0.0003590148699004203, 0.000283039640635252, 0.0003098874003626406, 0.00027863262221217155, 0.0002782394294627011, 0.00031031452817842364, 0.00025019896565936506, 0.00036234004073776305, 0.00028855461277998984, 0.00027013904764316976, 0.0003009754291269928, 0.00027895657694898546, 0.0002817746135406196, 0.00025817271671257913, 0.00025672302581369877, 0.0002502383722458035, 0.0002912366180680692], "val_mse": [0.010098702274262905, 0.008934762328863144, 0.007373876869678497, 0.005491017829626799, 0.003567357314750552, 0.002230551326647401, 0.0017607193440198898, 0.0018624374642968178, 0.0017095155781134963, 0.0017324064392596483, 0.001562199555337429, 0.0014226636849343777, 0.0013212396297603846, 0.0012155711883679032, 0.0011296113952994347, 0.0010356331476941705, 0.0009216616163030267, 0.0008259134483523667, 0.0007604157435707748, 0.000724898767657578, 0.0006107976660132408, 0.0007046136306598783, 0.0006187466788105667, 0.0005703498027287424, 0.000559621665161103, 0.0004551791644189507, 0.00043587031541392207, 0.0005124902236275375, 0.00041663198499009013, 0.00036647473461925983, 0.0004469584091566503, 0.0004166066646575928, 0.00035650032805278897, 0.0003547107335180044, 0.0003405255847610533, 0.0003413488739170134, 0.00031961611239239573, 0.00040112511487677693, 0.0003310949541628361, 0.00028151366859674454, 0.00035545736318454146, 0.0003590148699004203, 0.000283039640635252, 0.0003098874003626406, 0.00027863262221217155, 0.0002782394294627011, 0.00031031452817842364, 0.00025019896565936506, 0.00036234004073776305, 0.0002885546418838203, 0.00027013904764316976, 0.0003009754582308233, 0.00027895657694898546, 0.0002817746135406196, 0.00025817271671257913, 0.00025672302581369877, 0.0002502383722458035, 0.0002912366180680692]}