{"loss": [0.0013127672718837857, 0.00014528394967783242, 7.719174755038694e-05, 5.011017492506653e-05, 3.987728268839419e-05, 3.208429552614689e-05, 3.069960075663403e-05, 2.612691059766803e-05, 2.4500817744410597e-05, 2.2341604562825523e-05, 2.2295631424640305e-05, 2.080727063002996e-05, 2.0435918486327864e-05, 1.802111728466116e-05, 1.757804238877725e-05, 1.624852666282095e-05, 1.7631929949857295e-05, 1.613510903553106e-05, 1.5087643078004476e-05, 1.387107386108255e-05, 1.352343042526627e-05, 1.3314046555024106e-05, 1.2710549526673276e-05, 1.2578254427353386e-05, 1.2004125892417505e-05, 1.1879136764036957e-05, 1.1803947018051986e-05, 1.0899144399445504e-05, 1.2387963579385541e-05, 1.0665495210560039e-05, 9.993697858590167e-06, 9.956632311514113e-06, 9.6081512310775e-06, 1.0176696378039196e-05, 1.033775151881855e-05, 1.0771484085125849e-05, 9.008146662381478e-06, 1.002178032649681e-05, 8.853837243805174e-06, 1.0125236258318182e-05, 9.286093700211495e-06], "mse": [0.0013127672718837857, 0.00014528394967783242, 7.719174755038694e-05, 5.011017492506653e-05, 3.987728268839419e-05, 3.208429552614689e-05, 3.069960075663403e-05, 2.612691059766803e-05, 2.4500817744410597e-05, 2.2341604562825523e-05, 2.2295631424640305e-05, 2.080727063002996e-05, 2.0435918486327864e-05, 1.802111728466116e-05, 1.757804238877725e-05, 1.624852666282095e-05, 1.7631929949857295e-05, 1.6135110854520462e-05, 1.5087643078004476e-05, 1.387107386108255e-05, 1.352343042526627e-05, 1.3314046555024106e-05, 1.2710549526673276e-05, 1.2578254427353386e-05, 1.2004124982922804e-05, 1.187913858302636e-05, 1.1803947018051986e-05, 1.0899143489950802e-05, 1.2387963579385541e-05, 1.0665497029549442e-05, 9.993697858590167e-06, 9.956632311514113e-06, 9.6081512310775e-06, 1.0176696378039196e-05, 1.033775151881855e-05, 1.0771484085125849e-05, 9.008146662381478e-06, 1.0021782145486213e-05, 8.853837243805174e-06, 1.0125236258318182e-05, 9.286093700211495e-06], "val_loss": [0.0002836153144016862, 0.00010785370977828279, 6.304332055151463e-05, 5.3636507800547406e-05, 4.28064122388605e-05, 3.772065610974096e-05, 3.8459453207906336e-05, 3.53594368789345e-05, 2.940030026366003e-05, 2.857542858691886e-05, 2.8061074772267602e-05, 3.3903696021297947e-05, 2.602666791062802e-05, 2.7435684387455694e-05, 2.3936061552376486e-05, 2.329309245396871e-05, 2.3818816771381535e-05, 2.265383409394417e-05, 2.085627056658268e-05, 2.2139698558021337e-05, 2.1974359697196633e-05, 2.049928116321098e-05, 2.1025438400101848e-05, 1.981939021789003e-05, 1.987575706152711e-05, 2.1140796889085323e-05, 2.0563667931128293e-05, 1.7671256500761956e-05, 1.9433120542089455e-05, 1.701442670309916e-05, 1.6473239156766795e-05, 1.935105501615908e-05, 1.709123534965329e-05, 2.0912226318614557e-05, 1.779107697075233e-05, 1.6472295101266354e-05, 1.6612177205388434e-05, 1.9040278857573867e-05, 1.6656647858326323e-05, 1.669858829700388e-05, 1.873602013802156e-05], "val_mse": [0.00028361528529785573, 0.00010785370977828279, 6.304332055151463e-05, 5.3636507800547406e-05, 4.28064122388605e-05, 3.7720659747719765e-05, 3.8459453207906336e-05, 3.53594368789345e-05, 2.940030026366003e-05, 2.857542858691886e-05, 2.8061074772267602e-05, 3.3903696021297947e-05, 2.602666791062802e-05, 2.7435684387455694e-05, 2.3936061552376486e-05, 2.329309245396871e-05, 2.3818816771381535e-05, 2.265383409394417e-05, 2.085627056658268e-05, 2.2139698558021337e-05, 2.1974359697196633e-05, 2.049928116321098e-05, 2.1025438400101848e-05, 1.981939021789003e-05, 1.987575706152711e-05, 2.1140796889085323e-05, 2.0563667931128293e-05, 1.7671256500761956e-05, 1.943311872310005e-05, 1.701442670309916e-05, 1.6473239156766795e-05, 1.935105501615908e-05, 1.709123534965329e-05, 2.0912226318614557e-05, 1.779107697075233e-05, 1.6472295101266354e-05, 1.6612177205388434e-05, 1.9040278857573867e-05, 1.6656647858326323e-05, 1.669858829700388e-05, 1.873602013802156e-05]}