{"loss": [0.09165515005588531, 0.08869797736406326, 0.08776726573705673, 0.08680831640958786, 0.08571498841047287, 0.08547148108482361, 0.08508684486150742, 0.08460856229066849, 0.08462053537368774, 0.08401064574718475, 0.08339790999889374, 0.08338716626167297, 0.0830225870013237], "mse": [0.09165515005588531, 0.08869797736406326, 0.08776726573705673, 0.08680831640958786, 0.08571498841047287, 0.08547148108482361, 0.08508684486150742, 0.08460856229066849, 0.08462053537368774, 0.08401064574718475, 0.08339790999889374, 0.08338716626167297, 0.0830225870013237], "val_loss": [0.08774172514677048, 0.0907585397362709, 0.08625606447458267, 0.08891462534666061, 0.09029797464609146, 0.09027453511953354, 0.08854112774133682, 0.08793575316667557, 0.09030668437480927, 0.08825979381799698, 0.08968912065029144, 0.09575297683477402, 0.08959614485502243], "val_mse": [0.08774172514677048, 0.0907585397362709, 0.08625606447458267, 0.08891462534666061, 0.09029797464609146, 0.09027453511953354, 0.08854112774133682, 0.08793575316667557, 0.09030669182538986, 0.08825979381799698, 0.08968912065029144, 0.09575297683477402, 0.08959614485502243]}