{"loss": [0.004697286523878574, 0.0014847348211333156, 0.0006566093070432544, 0.00045193848200142384, 0.0003668461868073791, 0.00035146315349265933, 0.00031955569284036756, 0.00032000322244130075, 0.0002757163892965764, 0.00025638018269091845, 0.00025078997714444995, 0.00025685003492981195, 0.00023322032939177006, 0.00023618331761099398, 0.00022688154422212392, 0.00022553566668648273, 0.00021115496929269284, 0.00020636878616642207, 0.00021326796559151262, 0.00020171335199847817, 0.00021020154235884547, 0.00019579855143092573, 0.00020715036953333765, 0.00019599651568569243, 0.00019667399465106428, 0.00019055133452638984, 0.00018588066450320184, 0.00019008565868716687, 0.000190217251656577, 0.00019676596275530756, 0.00017956699593923986, 0.00018815501243807375, 0.0001808845263440162, 0.00018078852735925466, 0.00018567424558568746, 0.00017464972916059196, 0.00017092481721192598, 0.00018850516062229872, 0.00017969196778722107, 0.00018211874703411013, 0.00018328004807699472, 0.00016829147352837026, 0.00018114961858373135, 0.00017454328190069646, 0.00016875992878340185, 0.0001639644178794697, 0.0001768487854860723, 0.00016927374235820025, 0.0001648221368668601, 0.00016850617248564959, 0.0001715429243631661, 0.00017203189781866968, 0.000165408433531411, 0.00016307059559039772, 0.00016003134078346193, 0.0001644725416554138], "mse": [0.004697286523878574, 0.0014847348211333156, 0.0006566093070432544, 0.00045193848200142384, 0.0003668461868073791, 0.00035146315349265933, 0.00031955569284036756, 0.00032000322244130075, 0.0002757163892965764, 0.00025638018269091845, 0.00025078997714444995, 0.0002568500058259815, 0.00023322032939177006, 0.00023618331761099398, 0.00022688154422212392, 0.00022553566668648273, 0.00021115496929269284, 0.00020636878616642207, 0.00021326796559151262, 0.00020171335199847817, 0.00021020154235884547, 0.00019579855143092573, 0.00020715036953333765, 0.00019599651568569243, 0.00019667399465106428, 0.00019055133452638984, 0.00018588066450320184, 0.00019008565868716687, 0.000190217251656577, 0.00019676596275530756, 0.00017956699593923986, 0.00018815501243807375, 0.0001808845263440162, 0.00018078852735925466, 0.00018567424558568746, 0.00017464972916059196, 0.00017092481721192598, 0.00018850516062229872, 0.00017969196778722107, 0.00018211874703411013, 0.0001832800335250795, 0.00016829147352837026, 0.00018114961858373135, 0.00017454328190069646, 0.00016875992878340185, 0.0001639644178794697, 0.0001768487854860723, 0.00016927374235820025, 0.0001648221368668601, 0.00016850617248564959, 0.0001715429243631661, 0.00017203189781866968, 0.000165408433531411, 0.00016307059559039772, 0.00016003134078346193, 0.0001644725416554138], "val_loss": [0.0018362062983214855, 0.0010040507186204195, 0.00044063368113711476, 0.00034015660639852285, 0.0003267475694883615, 0.000284576351987198, 0.0002819988876581192, 0.00025824859039857984, 0.0002297045721206814, 0.000240523018874228, 0.00021915811521466821, 0.00022020982578396797, 0.00022391611128114164, 0.00020229285291861743, 0.00020356640743557364, 0.0002026400761678815, 0.0001849038526415825, 0.00017491806647740304, 0.00018621148774400353, 0.00018210474809166044, 0.00016911019338294864, 0.0001892567815957591, 0.0001848168612923473, 0.00022022539633326232, 0.00017929561727214605, 0.00016728640184737742, 0.00016565376427024603, 0.00016706289898138493, 0.0001731771044433117, 0.00017051046597771347, 0.00016870061517693102, 0.00018539778830017895, 0.0002328888076590374, 0.00015880701539572328, 0.00016953425074461848, 0.000180398827069439, 0.00017779803602024913, 0.00017113229841925204, 0.00021773339540231973, 0.00015539111336693168, 0.00016458373283967376, 0.00017239332373719662, 0.00019216084911022335, 0.00017824562382884324, 0.0001591447799000889, 0.0001526260020909831, 0.00018094100232701749, 0.00016485639207530767, 0.00015962655015755445, 0.00018189437105320394, 0.00016775939729996026, 0.00016628440062049776, 0.00017213606042787433, 0.00017673960246611387, 0.00015489359793718904, 0.00017179468704853207], "val_mse": [0.0018362062983214855, 0.0010040507186204195, 0.00044063368113711476, 0.00034015660639852285, 0.0003267475694883615, 0.000284576351987198, 0.0002819988876581192, 0.00025824859039857984, 0.0002297045721206814, 0.000240523018874228, 0.00021915811521466821, 0.00022020982578396797, 0.0002239161403849721, 0.00020229285291861743, 0.00020356640743557364, 0.00020264004706405103, 0.0001849038526415825, 0.00017491806647740304, 0.00018621148774400353, 0.00018210474809166044, 0.00016911019338294864, 0.0001892567815957591, 0.0001848168612923473, 0.00022022539633326232, 0.00017929561727214605, 0.00016728640184737742, 0.00016565376427024603, 0.0001670628844294697, 0.0001731771044433117, 0.0001705104805296287, 0.00016870061517693102, 0.00018539778830017895, 0.00023288883676286787, 0.00015880701539572328, 0.00016953425074461848, 0.000180398827069439, 0.00017779803602024913, 0.00017113229841925204, 0.00021773339540231973, 0.00015539111336693168, 0.00016458373283967376, 0.00017239333828911185, 0.00019216084911022335, 0.00017824562382884324, 0.0001591447799000889, 0.00015262598753906786, 0.00018094100232701749, 0.00016485639207530767, 0.00015962655015755445, 0.00018189437105320394, 0.00016775939729996026, 0.00016628440062049776, 0.00017213606042787433, 0.00017673960246611387, 0.00015489359793718904, 0.00017179468704853207]}