{"loss": [0.009324642829596996, 0.00843107420951128, 0.008154059760272503, 0.007767043076455593, 0.007539357058703899, 0.00742900837212801, 0.007347584702074528, 0.0071984692476689816, 0.007100452668964863, 0.0069991210475564, 0.006974948104470968, 0.006906326860189438, 0.00685234135016799, 0.006782695651054382, 0.006694572977721691, 0.006615004036575556, 0.0065047601237893105, 0.0063751996494829655, 0.0063883280381560326, 0.006395651493221521, 0.006211561616510153, 0.006085371598601341, 0.0061477054841816425, 0.00606536353006959, 0.005922761745750904], "mse": [0.009324642829596996, 0.008431075140833855, 0.008154059760272503, 0.007767043076455593, 0.007539357058703899, 0.00742900837212801, 0.007347584702074528, 0.0071984692476689816, 0.007100452668964863, 0.0069991210475564, 0.006974948104470968, 0.006906326860189438, 0.00685234135016799, 0.006782695651054382, 0.006694572977721691, 0.006615004036575556, 0.0065047601237893105, 0.0063751996494829655, 0.0063883280381560326, 0.006395651493221521, 0.006211561616510153, 0.006085371598601341, 0.0061477054841816425, 0.00606536353006959, 0.005922761745750904], "val_loss": [0.010274885222315788, 0.010008302517235279, 0.009405981749296188, 0.009162387810647488, 0.009079640731215477, 0.00866918545216322, 0.008936742320656776, 0.008645063266158104, 0.008617689833045006, 0.008912903256714344, 0.008684264495968819, 0.008485935628414154, 0.009141418151557446, 0.00886089913547039, 0.00844020489603281, 0.008848145604133606, 0.008579306304454803, 0.00853050034493208, 0.009227139875292778, 0.008590363897383213, 0.008535312488675117, 0.008963572792708874, 0.009023639373481274, 0.00886492244899273, 0.008716377429664135], "val_mse": [0.010274885222315788, 0.010008302517235279, 0.009405980817973614, 0.009162387810647488, 0.009079640731215477, 0.00866918545216322, 0.008936742320656776, 0.008645063266158104, 0.008617689833045006, 0.008912903256714344, 0.008684264495968819, 0.008485935628414154, 0.009141418151557446, 0.00886089913547039, 0.00844020489603281, 0.008848145604133606, 0.008579306304454803, 0.00853050034493208, 0.009227139875292778, 0.008590363897383213, 0.008535312488675117, 0.008963572792708874, 0.009023639373481274, 0.00886492244899273, 0.008716377429664135]}