{"loss": [0.00285393837839365, 0.0022721432615071535, 0.002012230223044753, 0.0018449528142809868, 0.0016925157979130745, 0.001536384574137628, 0.0014140757266432047, 0.0013303074520081282, 0.0012252598535269499, 0.0011478627566248178, 0.0010919425403699279, 0.001014919951558113, 0.000963140104431659, 0.0009355636429972947, 0.0009330144384875894, 0.0008949303883127868, 0.000858701765537262, 0.0008184486068785191, 0.0007979846559464931, 0.0007774599944241345, 0.0007457964238710701, 0.0007276432006619871, 0.0007074368768371642, 0.0006836185930296779, 0.0006747759180143476, 0.0006655397592112422, 0.0006524999625980854, 0.0006506075733341277, 0.0006347198504954576, 0.0006330862524919212, 0.0005991471698507667, 0.0005969850462861359], "mse": [0.00285393837839365, 0.0022721432615071535, 0.002012230223044753, 0.0018449528142809868, 0.0016925157979130745, 0.001536384574137628, 0.0014140757266432047, 0.0013303073355928063, 0.0012252598535269499, 0.0011478627566248178, 0.0010919425403699279, 0.001014919951558113, 0.000963140104431659, 0.0009355636429972947, 0.0009330144384875894, 0.0008949303883127868, 0.000858701765537262, 0.0008184486068785191, 0.0007979846559464931, 0.0007774599944241345, 0.0007457964238710701, 0.0007276432006619871, 0.0007074369350448251, 0.0006836185930296779, 0.0006747758598066866, 0.0006655397592112422, 0.0006524999625980854, 0.0006506075733341277, 0.0006347198504954576, 0.0006330862524919212, 0.0005991471116431057, 0.0005969850462861359], "val_loss": [0.0030645602382719517, 0.0025678847450762987, 0.002322265412658453, 0.0020611428190022707, 0.0018321837997063994, 0.0016885288059711456, 0.001525873551145196, 0.0013886209344491363, 0.0012922417372465134, 0.0012054952094331384, 0.0011498997919261456, 0.0011177160777151585, 0.0010681443382054567, 0.0010631418554112315, 0.0012147169327363372, 0.001175537472590804, 0.0010585783747956157, 0.0009970790706574917, 0.0010060396743938327, 0.001038472750224173, 0.000991125707514584, 0.0009889217326417565, 0.0010323503520339727, 0.0010043397778645158, 0.0010309566278010607, 0.001053438987582922, 0.0010600240202620625, 0.0010272631188854575, 0.0010689932387322187, 0.0010592652251943946, 0.0010560211958363652, 0.0010675499215722084], "val_mse": [0.0030645602382719517, 0.0025678847450762987, 0.002322265412658453, 0.0020611428190022707, 0.001832184032537043, 0.0016885288059711456, 0.001525873551145196, 0.0013886209344491363, 0.0012922417372465134, 0.0012054952094331384, 0.0011498997919261456, 0.0011177159612998366, 0.0010681443382054567, 0.0010631418554112315, 0.0012147169327363372, 0.001175537472590804, 0.0010585783747956157, 0.0009970790706574917, 0.0010060396743938327, 0.001038472750224173, 0.000991125707514584, 0.0009889216162264347, 0.0010323503520339727, 0.0010043397778645158, 0.0010309566278010607, 0.001053438987582922, 0.0010600240202620625, 0.0010272631188854575, 0.0010689932387322187, 0.0010592652251943946, 0.0010560211958363652, 0.0010675499215722084]}