{"loss": [0.0102842440828681, 0.009311837144196033, 0.008971426635980606, 0.008852250874042511, 0.008723536506295204, 0.008722329512238503, 0.008679688908159733, 0.008658980950713158, 0.008581330999732018, 0.008554044179618359, 0.008540114387869835, 0.008485475555062294, 0.008473027497529984, 0.008455002680420876, 0.008435454219579697, 0.008421296253800392, 0.008344625122845173, 0.008331834338605404, 0.008328464813530445, 0.008260391652584076, 0.008280167356133461, 0.008209042251110077, 0.008142676204442978, 0.00809309259057045, 0.00813454668968916, 0.008108202368021011], "mse": [0.0102842440828681, 0.009311837144196033, 0.008971426635980606, 0.008852250874042511, 0.008723537437617779, 0.008722329512238503, 0.008679688908159733, 0.008658980950713158, 0.008581330999732018, 0.008554044179618359, 0.008540114387869835, 0.008485475555062294, 0.008473027497529984, 0.008455002680420876, 0.008435454219579697, 0.008421296253800392, 0.008344625122845173, 0.008331834338605404, 0.008328464813530445, 0.008260391652584076, 0.008280167356133461, 0.008209042251110077, 0.008142676204442978, 0.00809309259057045, 0.00813454668968916, 0.008108202368021011], "val_loss": [0.008042705245316029, 0.007413780316710472, 0.007391922641545534, 0.007514672819525003, 0.007564002647995949, 0.007369598373770714, 0.007333911489695311, 0.007321247365325689, 0.007535093929618597, 0.007342242635786533, 0.007371034473180771, 0.0072752488777041435, 0.007342841476202011, 0.00742710568010807, 0.007334413938224316, 0.0072648487985134125, 0.00755947595462203, 0.00761598814278841, 0.0077002989128232, 0.007467454299330711, 0.007452975492924452, 0.007461792789399624, 0.00732872961089015, 0.007804617285728455, 0.0076840100809931755, 0.007396614644676447], "val_mse": [0.008042705245316029, 0.007413780316710472, 0.007391922641545534, 0.007514672819525003, 0.007564003579318523, 0.007369598373770714, 0.007333911489695311, 0.007321247365325689, 0.007535093929618597, 0.007342242635786533, 0.007371034473180771, 0.0072752488777041435, 0.007342841476202011, 0.00742710568010807, 0.007334413938224316, 0.0072648487985134125, 0.007559474557638168, 0.00761598814278841, 0.0077002989128232, 0.007467454299330711, 0.007452975492924452, 0.007461792789399624, 0.00732872961089015, 0.007804617285728455, 0.0076840100809931755, 0.007396614644676447]}