{"loss": [2.5227078367606737e-05, 4.540152986010071e-06, 3.438308795011835e-06, 2.8955648758710595e-06, 2.5551173621352063e-06, 2.312332298970432e-06, 2.1718076368415495e-06, 2.008881210713298e-06, 1.8981579614774091e-06, 1.7872426951726084e-06, 1.7159197795990622e-06, 1.657536813581828e-06, 1.5747915540487156e-06, 1.5428749975399114e-06, 1.4892169701852254e-06, 1.4507980949929333e-06, 1.4052068308956223e-06, 1.3722163885176997e-06, 1.3508486063074088e-06, 1.3071301054878859e-06, 1.2967268503416562e-06, 1.2664745554502588e-06, 1.2483340015023714e-06, 1.2236396287335083e-06, 1.200501287712541e-06, 1.1840385241157492e-06, 1.1712512559824972e-06, 1.1563139423742541e-06, 1.1367289971531136e-06, 1.1310792160657002e-06, 1.122354206017917e-06, 1.0954125855278107e-06], "mse": [2.5227078367606737e-05, 4.540152986010071e-06, 3.438308795011835e-06, 2.8955648758710595e-06, 2.5551173621352063e-06, 2.312332298970432e-06, 2.1718076368415495e-06, 2.008881210713298e-06, 1.8981579614774091e-06, 1.7872426951726084e-06, 1.7159197795990622e-06, 1.657536813581828e-06, 1.5747915540487156e-06, 1.5428749975399114e-06, 1.4892169701852254e-06, 1.4507980949929333e-06, 1.4052068308956223e-06, 1.3722163885176997e-06, 1.3508486063074088e-06, 1.3071301054878859e-06, 1.2967268503416562e-06, 1.2664745554502588e-06, 1.2483340015023714e-06, 1.2236396287335083e-06, 1.200501287712541e-06, 1.1840385241157492e-06, 1.1712512559824972e-06, 1.1563139423742541e-06, 1.1367289971531136e-06, 1.1310792160657002e-06, 1.122354206017917e-06, 1.0954125855278107e-06], "val_loss": [7.0695250542485155e-06, 4.30717818744597e-06, 3.113838829449378e-06, 2.776947894744808e-06, 1.9473268366709817e-06, 2.0301706626923988e-06, 1.83517863661109e-06, 1.7458440879636328e-06, 1.7793128108678502e-06, 1.7497725366411032e-06, 1.7779443624021951e-06, 1.454170273973432e-06, 2.317143525942811e-06, 1.6442578498754301e-06, 1.1430323638705886e-06, 1.2081104614480864e-06, 1.4896785387463751e-06, 1.240467895513575e-06, 1.8324413986192667e-06, 1.0947148894047132e-06, 1.1404405313442112e-06, 1.0315034160157666e-06, 1.1829672530438984e-06, 1.1906358849955723e-06, 1.3633947446578532e-06, 1.3531052900361829e-06, 1.4809515960223507e-06, 1.2216522691232967e-06, 1.0384496818005573e-06, 2.4972189294203417e-06, 1.1861736766149988e-06, 1.0946375823550625e-06], "val_mse": [7.0695250542485155e-06, 4.30717818744597e-06, 3.113838829449378e-06, 2.776947894744808e-06, 1.9473268366709817e-06, 2.0301704353187233e-06, 1.83517863661109e-06, 1.7458440879636328e-06, 1.7793128108678502e-06, 1.7497725366411032e-06, 1.7779443624021951e-06, 1.454170273973432e-06, 2.317143525942811e-06, 1.6442578498754301e-06, 1.1430323638705886e-06, 1.2081104614480864e-06, 1.4896785387463751e-06, 1.240467895513575e-06, 1.8324413986192667e-06, 1.0947148894047132e-06, 1.1404405313442112e-06, 1.0315034160157666e-06, 1.1829672530438984e-06, 1.1906358849955723e-06, 1.3633947446578532e-06, 1.3531052900361829e-06, 1.4809515960223507e-06, 1.2216522691232967e-06, 1.0384496818005573e-06, 2.4972189294203417e-06, 1.1861736766149988e-06, 1.0946375823550625e-06]}