{"loss": [0.0013378686271607876, 0.00024043713347055018, 0.00010048420517705381, 7.0465866883751e-05, 5.494213110068813e-05, 4.224199801683426e-05, 3.51382332155481e-05, 3.579449185053818e-05, 2.775765460683033e-05, 2.526879143260885e-05, 2.534232407924719e-05, 2.3017630155663937e-05, 2.1200134142418392e-05, 2.350404793105554e-05, 2.0769895854755305e-05, 1.8629121768753976e-05, 1.8388764146948233e-05, 1.7692495021037757e-05, 1.805736064852681e-05, 1.709861862764228e-05, 1.524834988231305e-05, 1.5736128261778504e-05, 1.6050367776188068e-05, 1.4849250874249265e-05, 1.4984735571488272e-05, 1.3660166587214917e-05, 1.3805798516841605e-05, 1.3347499589144718e-05, 1.326243182120379e-05, 1.2622627764358185e-05, 1.5786243238835596e-05, 1.4650340744992718e-05, 1.4736459888808895e-05, 1.256388804904418e-05, 1.1017029464710504e-05, 1.2683574823313393e-05, 1.224070911121089e-05, 1.0683405889722053e-05, 1.1582546903809998e-05, 1.1222349712625146e-05, 1.1631479537754785e-05, 1.0025059964391403e-05, 1.1014844858436845e-05, 1.1021307727787644e-05, 1.033153421303723e-05, 1.0692147952795494e-05, 1.0751997251645662e-05, 1.249513661605306e-05, 1.0319216016796418e-05, 1.0006782758864574e-05, 8.870632882462814e-06, 1.0081721484311856e-05, 8.990124115371145e-06, 9.344272257294506e-06, 1.0176778232562356e-05, 1.0161663340113591e-05, 9.216168109560385e-06, 8.51978165883338e-06, 8.850937774695922e-06, 8.544485353922937e-06, 9.723114999360405e-06, 9.700152077130042e-06, 8.382885425817221e-06, 8.659460945636965e-06, 1.1222853572689928e-05, 9.06228342500981e-06, 8.063249879342038e-06, 8.56721271702554e-06, 8.529659680789337e-06, 9.847280125541147e-06, 8.250895916717127e-06, 8.144144885591231e-06, 7.222248314064927e-06, 8.492035703966394e-06, 7.172031928348588e-06, 7.2291168180527166e-06, 7.22419918020023e-06, 6.99334850651212e-06, 7.515439847338712e-06, 7.9952078522183e-06, 8.389192771574017e-06, 8.088528375083115e-06, 7.272203220054507e-06, 7.883381840656511e-06, 7.304341579583706e-06, 8.643025466881227e-06, 7.064745204843348e-06, 6.813472282374278e-06], "mse": [0.0013378686271607876, 0.00024043713347055018, 0.00010048420517705381, 7.0465866883751e-05, 5.494213110068813e-05, 4.224199801683426e-05, 3.51382332155481e-05, 3.579449185053818e-05, 2.775765460683033e-05, 2.526879143260885e-05, 2.534232407924719e-05, 2.3017630155663937e-05, 2.1200134142418392e-05, 2.3504046112066135e-05, 2.0769895854755305e-05, 1.8629121768753976e-05, 1.8388764146948233e-05, 1.7692495021037757e-05, 1.805736064852681e-05, 1.709861862764228e-05, 1.524834988231305e-05, 1.5736128261778504e-05, 1.6050367776188068e-05, 1.4849250874249265e-05, 1.4984735571488272e-05, 1.3660166587214917e-05, 1.3805798516841605e-05, 1.3347499589144718e-05, 1.326243182120379e-05, 1.2622627764358185e-05, 1.5786243238835596e-05, 1.4650340744992718e-05, 1.4736459888808895e-05, 1.256388804904418e-05, 1.1017029464710504e-05, 1.2683573913818691e-05, 1.224070911121089e-05, 1.0683405889722053e-05, 1.1582546903809998e-05, 1.1222349712625146e-05, 1.1631479537754785e-05, 1.0025059964391403e-05, 1.1014844858436845e-05, 1.1021307727787644e-05, 1.033153421303723e-05, 1.0692147952795494e-05, 1.0751997251645662e-05, 1.249513661605306e-05, 1.0319216016796418e-05, 1.0006782758864574e-05, 8.870632882462814e-06, 1.0081721484311856e-05, 8.990124115371145e-06, 9.344272257294506e-06, 1.0176778232562356e-05, 1.0161663340113591e-05, 9.216168109560385e-06, 8.51978165883338e-06, 8.850937774695922e-06, 8.544485353922937e-06, 9.723114999360405e-06, 9.700152077130042e-06, 8.382885425817221e-06, 8.659460945636965e-06, 1.1222853572689928e-05, 9.06228342500981e-06, 8.063249879342038e-06, 8.56721271702554e-06, 8.529659680789337e-06, 9.847280125541147e-06, 8.250895916717127e-06, 8.144144885591231e-06, 7.222248314064927e-06, 8.492035703966394e-06, 7.172031928348588e-06, 7.2291168180527166e-06, 7.22419918020023e-06, 6.99334850651212e-06, 7.515439847338712e-06, 7.9952078522183e-06, 8.389192771574017e-06, 8.088528375083115e-06, 7.272203220054507e-06, 7.883381840656511e-06, 7.304341579583706e-06, 8.643025466881227e-06, 7.064745204843348e-06, 6.813472282374278e-06], "val_loss": [0.0005437275976873934, 0.00010880752233788371, 7.976568304002285e-05, 6.31937145953998e-05, 5.06688047607895e-05, 4.0595768950879574e-05, 3.8101272366475314e-05, 3.4733646316453815e-05, 3.34451615344733e-05, 3.218362689949572e-05, 3.001998265972361e-05, 3.064107659156434e-05, 2.797735396598e-05, 3.11481962853577e-05, 2.629766458994709e-05, 2.660888094396796e-05, 2.5257000743295066e-05, 2.8100646886741742e-05, 2.574028621893376e-05, 2.4751208911766298e-05, 2.6749765311251394e-05, 2.331802352273371e-05, 2.385489824519027e-05, 3.803121217060834e-05, 2.3415206669596955e-05, 2.327678339497652e-05, 2.0757826860062778e-05, 2.1737601855420507e-05, 2.3606176910107024e-05, 2.0339301045169123e-05, 2.443377707095351e-05, 2.0909910745103844e-05, 2.3501865143771283e-05, 2.245455834781751e-05, 1.9345518012414686e-05, 2.0036713976878673e-05, 2.1537032807827927e-05, 1.774189149728045e-05, 1.819061435526237e-05, 2.4523846150259487e-05, 1.8257404008181766e-05, 1.7590491552255116e-05, 1.9151533706462942e-05, 1.8152235497836955e-05, 1.810411413316615e-05, 1.8345519492868334e-05, 1.950571095221676e-05, 3.0910541681805626e-05, 1.792025432223454e-05, 1.9586268535931595e-05, 1.70353760040598e-05, 1.730496842355933e-05, 1.763608270266559e-05, 1.9941544451285154e-05, 1.7840588043327443e-05, 1.7158567061414942e-05, 1.6413479897892103e-05, 1.6566615158808418e-05, 1.7770078557077795e-05, 1.7870373994810507e-05, 1.7184966054628603e-05, 1.7472868421464227e-05, 1.6893849533516914e-05, 1.5978610463207588e-05, 1.8030988940154202e-05, 1.5314744814531878e-05, 1.5554909623460844e-05, 1.6252673958661035e-05, 1.600542600499466e-05, 1.5026575056253932e-05, 1.580336902406998e-05, 1.5467629054910503e-05, 1.560612508910708e-05, 1.4956461200199556e-05, 1.4715549696120434e-05, 1.5093824913492426e-05, 1.5571658877888694e-05, 1.4673455552838277e-05, 1.60446907102596e-05, 1.5442323274328373e-05, 1.4795587958360557e-05, 1.560289274493698e-05, 1.4674541489512194e-05, 1.574620182509534e-05, 1.4938271306164097e-05, 1.6039730326156132e-05, 1.6063433577073738e-05, 1.548300679132808e-05],