{"loss": [0.002071200404316187, 0.0018281418597325683, 0.0016006091609597206, 0.0013743940507993102, 0.00113476172555238, 0.0008950798073783517, 0.0006959647871553898, 0.0005364271928556263, 0.0004124559345655143, 0.0003169886185787618, 0.0002505620941519737, 0.00020013160246890038, 0.00017130553897004575, 0.00015610452101100236, 0.0001444359077140689, 0.00013854936696588993, 0.00013937552284915, 0.00012932751269545406, 0.0001225757587235421, 0.00012071896344423294, 0.00011226911010453478, 0.0001053990563377738, 0.0001020863201119937, 9.8248383437749e-05, 9.728684381116182e-05, 9.687058627605438e-05, 9.511552343610674e-05, 9.529461385682225e-05, 8.990107016870752e-05, 8.888808952178806e-05, 8.835802873363718e-05, 8.44056048663333e-05, 8.434694609604776e-05, 8.150153735186905e-05, 8.249746315414086e-05, 8.115176751744002e-05, 7.852489216020331e-05, 7.43854689062573e-05, 7.506219844799489e-05, 7.767523493384942e-05, 7.33992419554852e-05, 7.125780393835157e-05, 7.157113577704877e-05, 6.968239176785573e-05, 7.091894804034382e-05, 7.055512105580419e-05, 7.023807847872376e-05, 7.128416473278776e-05, 7.223641296150163e-05, 7.490557618439198e-05, 7.787982758600265e-05, 7.23994235158898e-05, 6.767720333300531e-05, 6.46845655865036e-05, 6.343860150082037e-05], "mse": [0.002071200404316187, 0.0018281418597325683, 0.0016006091609597206, 0.0013743940507993102, 0.00113476172555238, 0.0008950798073783517, 0.0006959647871553898, 0.0005364271928556263, 0.0004124559345655143, 0.0003169886185787618, 0.0002505620941519737, 0.00020013160246890038, 0.00017130553897004575, 0.00015610452101100236, 0.0001444359077140689, 0.00013854936696588993, 0.00013937552284915, 0.00012932751269545406, 0.0001225757587235421, 0.00012071896344423294, 0.00011226911010453478, 0.0001053990563377738, 0.0001020863201119937, 9.8248383437749e-05, 9.728684381116182e-05, 9.687058627605438e-05, 9.511552343610674e-05, 9.529461385682225e-05, 8.990107016870752e-05, 8.888808952178806e-05, 8.835802873363718e-05, 8.44056048663333e-05, 8.434694609604776e-05, 8.150153735186905e-05, 8.249746315414086e-05, 8.115176751744002e-05, 7.852489943616092e-05, 7.438547618221492e-05, 7.506219844799489e-05, 7.767523493384942e-05, 7.33992419554852e-05, 7.125781121430919e-05, 7.157113577704877e-05, 6.968239176785573e-05, 7.091894804034382e-05, 7.055511377984658e-05, 7.023807847872376e-05, 7.128416473278776e-05, 7.223641296150163e-05, 7.490557618439198e-05, 7.787982758600265e-05, 7.23994235158898e-05, 6.767720333300531e-05, 6.46845655865036e-05, 6.343860877677798e-05], "val_loss": [0.002961640479043126, 0.0026812839787453413, 0.0022901431657373905, 0.0019156945636495948, 0.0014310870319604874, 0.001072525978088379, 0.0008365322137251496, 0.000680264551192522, 0.000494081003125757, 0.00039992108941078186, 0.00029593490762636065, 0.00023749459069222212, 0.0002187141217291355, 0.00020467066497076303, 0.00020736432634294033, 0.0001912533480208367, 0.00018245783576276153, 0.00019559796783141792, 0.00017375373863615096, 0.00016968967975117266, 0.00016510901332367212, 0.0001602753036422655, 0.0001568483712617308, 0.00015703763347119093, 0.00015662444639019668, 0.00015905886539258063, 0.0001543626858619973, 0.0001606845617061481, 0.00016207696171477437, 0.0001637948298593983, 0.0001525338739156723, 0.00014794725575484335, 0.00015256498591043055, 0.00015559361781924963, 0.0001492436567787081, 0.00015305259148590267, 0.00014771423593629152, 0.00014455878408625722, 0.0001468565606046468, 0.00014667361392639577, 0.00014617366832681, 0.00014584665768779814, 0.00014385071699507535, 0.00014671243843622506, 0.00014323773211799562, 0.00014738424215465784, 0.00014497569645754993, 0.00014985029702074826, 0.00015413931396324188, 0.00014798475604038686, 0.0001506330881966278, 0.00014464932610280812, 0.00014697584265377373, 0.00014325743541121483, 0.00014475772331934422], "val_mse": [0.002961640479043126, 0.0026812839787453413, 0.0022901431657373905, 0.0019156945636495948, 0.0014310870319604874, 0.001072525978088379, 0.0008365322137251496, 0.000680264551192522, 0.0004940810613334179, 0.00039992108941078186, 0.00029593490762636065, 0.00023749459069222212, 0.00021871415083296597, 0.00020467066497076303, 0.00020736432634294033, 0.00019125333346892148, 0.00018245783576276153, 0.00019559796783141792, 0.00017375373863615096, 0.00016968967975117266, 0.00016510901332367212, 0.0001602753036422655, 0.0001568483712617308, 0.00015703763347119093, 0.00015662444639019668, 0.00015905886539258063, 0.0001543626858619973, 0.0001606845617061481, 0.00016207696171477437, 0.00016379484441131353, 0.0001525338739156723, 0.00014794725575484335, 0.00015256497135851532, 0.00015559361781924963, 0.0001492436567787081, 0.00015305259148590267, 0.00014771423593629152, 0.00014455878408625722, 0.0001468565606046468, 0.00014667361392639577, 0.00014617366832681, 0.00014584665768779814, 0.00014385071699507535, 0.00014671243843622506, 0.00014323773211799562, 0.00014738424215465784, 0.00014497569645754993, 0.00014985029702074826, 0.00015413931396324188, 0.00014798475604038686, 0.0001506330881966278, 0.00014464932610280812, 0.00014697584265377373, 0.00014325744996313006, 0.00014475772331934422]}