{"loss": [0.0013863201020285487, 0.0002756602771114558, 0.00016702860011719167, 0.0001266706531168893, 0.0001063636809703894, 9.350611799163744e-05, 8.400171645916998e-05, 7.67642050050199e-05, 7.615849608555436e-05, 6.74713373882696e-05, 6.438002310460433e-05, 6.690862937830389e-05, 6.436494004447013e-05, 5.971004793536849e-05, 5.6762186432024464e-05, 5.513732321560383e-05, 5.2781630074605346e-05, 5.334362867870368e-05, 5.2138031605863944e-05, 5.0859209295595065e-05, 5.5938427976798266e-05, 5.0977592763956636e-05, 4.870455086347647e-05, 5.064850120106712e-05, 4.85692908114288e-05, 5.048866296419874e-05, 4.549953155219555e-05, 4.5417353248922154e-05, 4.900771091342904e-05, 4.526058546616696e-05, 4.2809660953935236e-05, 4.3922613258473575e-05, 4.353530675871298e-05, 4.508708298089914e-05, 4.5077420509187505e-05, 4.101924423594028e-05, 4.437199459061958e-05, 4.1529889131197706e-05, 4.023495057481341e-05, 4.12751869589556e-05], "mse": [0.0013863201020285487, 0.0002756602771114558, 0.00016702860011719167, 0.0001266706531168893, 0.0001063636809703894, 9.350611799163744e-05, 8.400171645916998e-05, 7.67642050050199e-05, 7.615849608555436e-05, 6.74713373882696e-05, 6.438002310460433e-05, 6.690862937830389e-05, 6.436494004447013e-05, 5.971004793536849e-05, 5.6762186432024464e-05, 5.513732321560383e-05, 5.2781630074605346e-05, 5.334362867870368e-05, 5.2138031605863944e-05, 5.0859209295595065e-05, 5.5938427976798266e-05, 5.0977592763956636e-05, 4.8704558139434084e-05, 5.064850120106712e-05, 4.856928717344999e-05, 5.048866296419874e-05, 4.549953155219555e-05, 4.5417353248922154e-05, 4.900771091342904e-05, 4.526059274212457e-05, 4.2809660953935236e-05, 4.3922613258473575e-05, 4.353530675871298e-05, 4.508708298089914e-05, 4.5077420509187505e-05, 4.101924423594028e-05, 4.437199459061958e-05, 4.1529889131197706e-05, 4.023495057481341e-05, 4.12751869589556e-05], "val_loss": [0.00037642137613147497, 0.00019332292140461504, 0.0001465941168135032, 0.00011973978689638898, 0.00010358163854107261, 9.456124826101586e-05, 9.071927343029529e-05, 8.488254388794303e-05, 8.400464139413089e-05, 7.953221211209893e-05, 8.598538261139765e-05, 7.897012255853042e-05, 8.1037767813541e-05, 7.440252375090495e-05, 7.44855497032404e-05, 7.495578029192984e-05, 6.777309317840263e-05, 8.133724622894078e-05, 7.286288746399805e-05, 6.666503759333864e-05, 7.450534758390859e-05, 6.774323264835402e-05, 6.802565621910617e-05, 6.639915955020115e-05, 7.766767521388829e-05, 6.63299870211631e-05, 8.130010246532038e-05, 6.575076258741319e-05, 6.900067819515243e-05, 6.402338476618752e-05, 7.208602619357407e-05, 7.1996524638962e-05, 6.408250192180276e-05, 7.61376868467778e-05, 6.523904448840767e-05, 6.684353138552979e-05, 6.90552406013012e-05, 6.452236993936822e-05, 7.267034379765391e-05, 6.620262865908444e-05], "val_mse": [0.00037642137613147497, 0.00019332292140461504, 0.0001465941168135032, 0.00011973977962043136, 0.00010358163854107261, 9.456124826101586e-05, 9.071927343029529e-05, 8.488254388794303e-05, 8.400464139413089e-05, 7.953221211209893e-05, 8.598538261139765e-05, 7.897012255853042e-05, 8.1037767813541e-05, 7.440252375090495e-05, 7.448554242728278e-05, 7.495578029192984e-05, 6.777309317840263e-05, 8.133724622894078e-05, 7.286288746399805e-05, 6.666503759333864e-05, 7.450534758390859e-05, 6.774323264835402e-05, 6.802566349506378e-05, 6.639915955020115e-05, 7.766767521388829e-05, 6.63299870211631e-05, 8.130010246532038e-05, 6.575076258741319e-05, 6.900068547111005e-05, 6.402338476618752e-05, 7.208602619357407e-05, 7.1996524638962e-05, 6.408250192180276e-05, 7.61376868467778e-05, 6.523904448840767e-05, 6.684353138552979e-05, 6.90552406013012e-05, 6.452236993936822e-05, 7.267034379765391e-05, 6.620262865908444e-05]}