{"loss": [0.07503563910722733, 0.07123522460460663, 0.06963126361370087, 0.06853894889354706, 0.06765313446521759, 0.06642673164606094, 0.06530869752168655, 0.06463835388422012, 0.06370016932487488, 0.06374260038137436, 0.06293375045061111], "mse": [0.07503563910722733, 0.07123522460460663, 0.06963126361370087, 0.06853894889354706, 0.06765313446521759, 0.06642673164606094, 0.06530869752168655, 0.06463835388422012, 0.06370016932487488, 0.06374260038137436, 0.06293375045061111], "val_loss": [0.137857124209404, 0.13824884593486786, 0.14614172279834747, 0.1473829597234726, 0.14804643392562866, 0.14970362186431885, 0.14792469143867493, 0.14584815502166748, 0.1459943652153015, 0.1563774198293686, 0.15310344099998474], "val_mse": [0.137857124209404, 0.13824884593486786, 0.14614172279834747, 0.1473829597234726, 0.14804643392562866, 0.14970362186431885, 0.14792469143867493, 0.14584815502166748, 0.1459943652153015, 0.1563774198293686, 0.15310345590114594]}