{"loss": [0.0028694395441561937, 0.0021342970430850983, 0.0017269511008635163, 0.0015241384971886873, 0.0013161608949303627, 0.00117250788025558, 0.0010263286530971527, 0.0009478755528107285, 0.0008309505647048354, 0.000733978406060487, 0.0006571710109710693, 0.0005957490066066384, 0.0005507354508154094, 0.0005190474912524223, 0.0004968810826539993, 0.00047420727787539363, 0.00046540587209165096, 0.0004554460756480694, 0.00044409831753000617, 0.0004328925278969109, 0.0004295221879146993, 0.00043091271072626114, 0.0004242389986757189, 0.00040997943142428994, 0.00040062027983367443, 0.0003924899792764336], "mse": [0.0028694395441561937, 0.0021342970430850983, 0.0017269511008635163, 0.0015241384971886873, 0.0013161608949303627, 0.00117250788025558, 0.0010263286530971527, 0.0009478755528107285, 0.0008309505647048354, 0.000733978406060487, 0.0006571710109710693, 0.0005957490066066384, 0.0005507354508154094, 0.0005190474912524223, 0.0004968810826539993, 0.00047420727787539363, 0.00046540587209165096, 0.0004554460756480694, 0.00044409831753000617, 0.0004328925278969109, 0.0004295221879146993, 0.00043091271072626114, 0.0004242389986757189, 0.00040997943142428994, 0.00040062027983367443, 0.0003924899792764336], "val_loss": [0.0019427929073572159, 0.0017046671127900481, 0.0016311273211613297, 0.0014448282308876514, 0.0012961865868419409, 0.0010193776106461883, 0.0008540434064343572, 0.0008466452127322555, 0.0007217772072181106, 0.0005392464809119701, 0.00041967452852986753, 0.000364072184311226, 0.00031923671485856175, 0.0003106087970081717, 0.0002953314105980098, 0.0002914683136623353, 0.0003111309197265655, 0.00029206793988123536, 0.00029167719185352325, 0.00032154086511582136, 0.0003770471375901252, 0.00034633433097042143, 0.000323713495163247, 0.0003026229969691485, 0.0003057842259295285, 0.0003178172337356955], "val_mse": [0.0019427929073572159, 0.0017046671127900481, 0.0016311273211613297, 0.0014448282308876514, 0.0012961865868419409, 0.0010193776106461883, 0.0008540434064343572, 0.0008466452127322555, 0.0007217772072181106, 0.0005392464809119701, 0.00041967452852986753, 0.000364072184311226, 0.00031923671485856175, 0.0003106087970081717, 0.0002953314105980098, 0.0002914683136623353, 0.00031113094883039594, 0.00029206793988123536, 0.00029167719185352325, 0.00032154086511582136, 0.0003770471375901252, 0.00034633433097042143, 0.00032371346605941653, 0.0003026229969691485, 0.0003057842259295285, 0.00031781726283952594]}