{"loss": [0.001836020965129137, 0.0006831306382082403, 0.0002777141926344484, 0.00018996623111888766, 0.00014765284140594304, 0.0001329983933828771, 0.00011289239046163857, 0.00010492123692529276, 9.661324293119833e-05, 9.324350685346872e-05, 8.329135016538203e-05, 8.068957686191425e-05, 8.035139762796462e-05, 7.827175431884825e-05, 7.32321132090874e-05, 7.112359162420034e-05, 6.802472489653155e-05, 6.816829409217462e-05, 6.351051706587896e-05, 6.119425233919173e-05, 6.0424186813179404e-05, 5.79990228288807e-05, 5.6666842283448204e-05, 6.037988714524545e-05, 5.807810157421045e-05, 5.4976535466266796e-05, 5.608371429843828e-05, 5.722750574932434e-05, 5.173754834686406e-05, 5.56715895072557e-05, 5.3501324146054685e-05, 5.3972551540937275e-05, 4.977177013643086e-05, 5.1484083087416366e-05, 5.034774585510604e-05, 5.321398930391297e-05, 5.1433871703920886e-05, 5.7498604292050004e-05, 5.396352935349569e-05, 4.661798811866902e-05, 4.636701487470418e-05, 4.640344195649959e-05, 4.937715857522562e-05, 4.62738644273486e-05, 4.661318234866485e-05, 4.54557484772522e-05, 4.601066393661313e-05, 4.5905817387392744e-05, 4.559335866360925e-05, 4.741880184155889e-05], "mse": [0.001836020965129137, 0.0006831306382082403, 0.0002777141926344484, 0.00018996623111888766, 0.00014765284140594304, 0.0001329983933828771, 0.00011289239046163857, 0.00010492123692529276, 9.661324293119833e-05, 9.324350685346872e-05, 8.329135016538203e-05, 8.068957686191425e-05, 8.035141217987984e-05, 7.827175431884825e-05, 7.32321132090874e-05, 7.112359162420034e-05, 6.802471762057394e-05, 6.816829409217462e-05, 6.351051706587896e-05, 6.119425233919173e-05, 6.0424186813179404e-05, 5.79990228288807e-05, 5.6666842283448204e-05, 6.0379890783224255e-05, 5.807810157421045e-05, 5.4976535466266796e-05, 5.608371429843828e-05, 5.722750574932434e-05, 5.173754834686406e-05, 5.56715895072557e-05, 5.350132778403349e-05, 5.3972551540937275e-05, 4.977177013643086e-05, 5.1484083087416366e-05, 5.034774585510604e-05, 5.321398930391297e-05, 5.1433871703920886e-05, 5.7498604292050004e-05, 5.396352935349569e-05, 4.661798448069021e-05, 4.636701487470418e-05, 4.640344195649959e-05, 4.937715857522562e-05, 4.62738644273486e-05, 4.661318234866485e-05, 4.54557484772522e-05, 4.601066393661313e-05, 4.5905817387392744e-05, 4.559335866360925e-05, 4.741880184155889e-05], "val_loss": [0.0012870709178969264, 0.0004525456461124122, 0.00022049443214200437, 0.00017953284259419888, 0.00015329179586842656, 0.00014896877110004425, 0.00012488786887843162, 0.0001264201127924025, 0.00012258000788278878, 0.00011619520228123292, 0.00011188163625774905, 0.00010904051305260509, 0.00010801323514897376, 0.00010297041444573551, 0.00010642555571394041, 9.541847975924611e-05, 0.00011309706314932555, 0.0001063606541720219, 9.119674359681085e-05, 9.521449101157486e-05, 9.45138672250323e-05, 9.436704567633569e-05, 9.593637514626607e-05, 9.857553959591314e-05, 0.00010412047413410619, 9.433443483430892e-05, 9.56837902776897e-05, 9.08791771507822e-05, 9.174588194582611e-05, 9.013598901219666e-05, 9.323680569650605e-05, 9.153723658528179e-05, 9.191886783810332e-05, 8.925899601308629e-05, 8.969583723228425e-05, 0.00011844606342492625, 8.924616849981248e-05, 0.00011565181193873286, 8.675379649503157e-05, 8.368756971322e-05, 9.427124314242974e-05, 9.01000457815826e-05, 8.877855725586414e-05, 8.837567293085158e-05, 9.956583380699158e-05, 9.607683023205027e-05, 8.539404370822012e-05, 8.882555994205177e-05, 8.507152961101383e-05, 8.451582834823057e-05], "val_mse": [0.0012870709178969264, 0.0004525456461124122, 0.00022049443214200437, 0.00017953284259419888, 0.00015329179586842656, 0.00014896877110004425, 0.00012488786887843162, 0.0001264201127924025, 0.00012258000788278878, 0.00011619520228123292, 0.00011188163625774905, 0.00010904051305260509, 0.00010801323514897376, 0.00010297041444573551, 0.00010642555571394041, 9.541847975924611e-05, 0.00011309706314932555, 0.0001063606541720219, 9.119674359681085e-05, 9.521449101157486e-05, 9.45138672250323e-05, 9.436704567633569e-05, 9.593637514626607e-05, 9.857553959591314e-05, 0.00010412047413410619, 9.433443483430892e-05, 9.56837902776897e-05, 9.08791771507822e-05, 9.174588194582611e-05, 9.013598901219666e-05, 9.323680569650605e-05, 9.153723658528179e-05, 9.191886783810332e-05, 8.925899601308629e-05, 8.969583723228425e-05, 0.00011844606342492625, 8.924616849981248e-05, 0.00011565181193873286, 8.675379649503157e-05, 8.368756971322e-05, 9.427124314242974e-05, 9.01000457815826e-05, 8.877855725586414e-05, 8.837567293085158e-05, 9.956583380699158e-05, 9.607683023205027e-05, 8.539404370822012e-05, 8.882555994205177e-05, 8.507152961101383e-05, 8.451582834823057e-05]}