{"loss": [0.0016624857671558857, 0.0006200483185239136, 0.0005213642725721002, 0.0005033515626564622, 0.00047564395936205983, 0.00045894409413449466, 0.0004594147903844714, 0.0004476936883293092, 0.0004323303001001477, 0.00042189733358100057, 0.0004128010186832398, 0.00041552050970494747, 0.0004031469579786062, 0.00040624046232551336, 0.00040029556839726865, 0.00040760054253041744, 0.0003878751886077225, 0.0003824313753284514, 0.00037482642801478505, 0.0003748108574654907, 0.000372004957171157, 0.0003657691122498363, 0.00036327712587080896, 0.000362217309884727, 0.0003555836156010628, 0.00035582567215897143, 0.0003519033780321479, 0.000346114335115999, 0.00034981765202246606, 0.00034937955206260085, 0.0003426806360948831, 0.0003428376221563667, 0.0003418270207475871, 0.0003377100802026689, 0.00033352512400597334, 0.0003341503324918449, 0.000329592265188694, 0.00032491516321897507, 0.0003344515571370721, 0.0003298590600024909, 0.00032712274696677923, 0.0003278768854215741], "mse": [0.0016624857671558857, 0.0006200483185239136, 0.0005213642725721002, 0.0005033515626564622, 0.00047564395936205983, 0.00045894409413449466, 0.0004594147903844714, 0.0004476937174331397, 0.00043233027099631727, 0.00042189733358100057, 0.0004128010477870703, 0.00041552050970494747, 0.0004031469579786062, 0.00040624046232551336, 0.00040029556839726865, 0.00040760060073807836, 0.0003878751886077225, 0.0003824313753284514, 0.00037482642801478505, 0.0003748108574654907, 0.000372004957171157, 0.0003657691122498363, 0.00036327712587080896, 0.00036221728078089654, 0.0003555836156010628, 0.00035582567215897143, 0.0003519033780321479, 0.000346114335115999, 0.00034981765202246606, 0.00034937955206260085, 0.0003426806360948831, 0.0003428376221563667, 0.0003418270207475871, 0.0003377100802026689, 0.00033352512400597334, 0.0003341503324918449, 0.000329592265188694, 0.00032491516321897507, 0.0003344515571370721, 0.0003298590600024909, 0.0003271226887591183, 0.0003278768854215741], "val_loss": [0.0006920748855918646, 0.00046440426376648247, 0.0004121466481592506, 0.00038442577351816, 0.0003679284709505737, 0.00035488244611769915, 0.00033941547735594213, 0.0003508375957608223, 0.00032799734617583454, 0.00032958961674012244, 0.0003545964427758008, 0.0003112101985607296, 0.0003295370261184871, 0.0003481268940959126, 0.0003341083647683263, 0.00032368378015235066, 0.0003008512721862644, 0.0003067202342208475, 0.0003328303573653102, 0.00030168573721311986, 0.00029241375159472227, 0.00029894226463511586, 0.0002950283233076334, 0.00029327915399335325, 0.00029498289222829044, 0.00030823799897916615, 0.00029078745865263045, 0.0002864711859729141, 0.0002967245236504823, 0.00031415611738339067, 0.0003158056642860174, 0.0002800864458549768, 0.0003079124435316771, 0.00029226928018033504, 0.0002876340877264738, 0.0002970618079416454, 0.00028106721583753824, 0.0002882822591345757, 0.00029174136579968035, 0.0002889005118049681, 0.00029613645165227354, 0.0003077144792769104], "val_mse": [0.0006920748855918646, 0.00046440426376648247, 0.0004121466481592506, 0.00038442577351816, 0.0003679284709505737, 0.00035488244611769915, 0.00033941547735594213, 0.0003508375957608223, 0.00032799734617583454, 0.00032958961674012244, 0.0003545964427758008, 0.0003112101985607296, 0.0003295370261184871, 0.0003481268940959126, 0.0003341083647683263, 0.00032368372194468975, 0.0003008512721862644, 0.0003067202342208475, 0.0003328303573653102, 0.00030168573721311986, 0.00029241375159472227, 0.00029894226463511586, 0.0002950283233076334, 0.00029327915399335325, 0.00029498289222829044, 0.00030823799897916615, 0.00029078745865263045, 0.0002864711859729141, 0.0002967245236504823, 0.00031415611738339067, 0.0003158056642860174, 0.0002800864458549768, 0.0003079124435316771, 0.00029226928018033504, 0.0002876340877264738, 0.0002970618079416454, 0.00028106721583753824, 0.0002882822591345757, 0.00029174136579968035, 0.0002889005118049681, 0.00029613645165227354, 0.0003077144792769104]}