{"loss": [0.0023147014435380697, 0.001077619381248951, 0.0006507691578008235, 0.0005806123372167349, 0.0005595947150141001, 0.0005396143533289433, 0.0005123011651448905, 0.0005143999587744474, 0.0004973799223080277, 0.0005072893109172583, 0.0004816123400814831, 0.00046514905989170074, 0.00048529027844779193, 0.00046762992860749364, 0.0004538058128673583, 0.0004487019032239914, 0.00044957638601772487, 0.0004386981891002506, 0.00045292414142750204, 0.000440901902038604, 0.000428308907430619], "mse": [0.0023147014435380697, 0.001077619381248951, 0.0006507691578008235, 0.0005806123372167349, 0.0005595947150141001, 0.0005396143533289433, 0.0005123011651448905, 0.0005143999587744474, 0.0004973799223080277, 0.0005072893109172583, 0.0004816123400814831, 0.00046514905989170074, 0.00048529027844779193, 0.00046762992860749364, 0.0004538058128673583, 0.0004487019032239914, 0.0004495764442253858, 0.0004386981891002506, 0.00045292414142750204, 0.000440901902038604, 0.000428308907430619], "val_loss": [0.0014400065410882235, 0.0006562397466041148, 0.0005004338454455137, 0.0004968013381585479, 0.000469235674245283, 0.000456880108686164, 0.0004453602887224406, 0.00043794530211016536, 0.0004683863662648946, 0.00044186506420373917, 0.00043146562529727817, 0.00044564667041413486, 0.00045248758397065103, 0.0004341143066994846, 0.0004328839131630957, 0.000446918944362551, 0.0004509551217779517, 0.0004434362053871155, 0.00044946803245693445, 0.00046095700236037374, 0.00044851136044599116], "val_mse": [0.0014400065410882235, 0.0006562397466041148, 0.0005004338454455137, 0.0004968013381585479, 0.000469235674245283, 0.000456880108686164, 0.0004453602887224406, 0.00043794530211016536, 0.0004683863662648946, 0.00044186506420373917, 0.00043146562529727817, 0.00044564667041413486, 0.00045248758397065103, 0.0004341143066994846, 0.0004328839131630957, 0.000446918944362551, 0.0004509551217779517, 0.0004434362053871155, 0.00044946803245693445, 0.00046095700236037374, 0.00044851136044599116]}