{"loss": [0.0019604056142270565, 0.000738402595743537, 0.0002392577735008672, 0.00011479694512672722, 8.173871174221858e-05, 6.294631748460233e-05, 5.133319791639224e-05, 4.137774885748513e-05, 3.570503031369299e-05, 3.332090636831708e-05, 2.914678589149844e-05, 2.7124493499286473e-05, 2.6802317734109238e-05, 2.5369910872541368e-05, 2.473630775057245e-05, 2.1720108634326607e-05, 2.0038069123984315e-05, 2.127547668351326e-05, 2.0313838831498288e-05, 1.7594993551028892e-05, 1.6628817320452072e-05, 1.6025702279875986e-05, 1.5218342014122754e-05, 1.4626644770032726e-05, 1.4586938959837426e-05, 1.4520874174195342e-05, 1.427985534974141e-05, 1.5215525309031364e-05, 1.6045047232182696e-05, 1.2243965102243237e-05, 1.1668686056509614e-05, 1.3115022738929838e-05, 1.1620702935033478e-05, 1.2574288120958954e-05, 1.111876372306142e-05, 1.0012404345616233e-05, 1.0680277227947954e-05, 1.0435581316414755e-05, 9.688565114629455e-06, 8.964211701822933e-06, 1.1401371921238024e-05, 9.332032277598046e-06, 9.581672202330083e-06, 9.277294338971842e-06, 8.770887689024676e-06, 8.081642590695992e-06, 7.69328744354425e-06, 1.1508165698614903e-05, 8.870424608176108e-06, 7.859936886234209e-06, 7.423385795846116e-06, 7.06773698766483e-06, 7.017997177172219e-06, 7.221377927635331e-06, 6.617554845433915e-06, 8.38101186673157e-06, 7.190778433141531e-06, 6.237970865186071e-06, 7.17351031198632e-06, 7.409283625747776e-06, 7.24673964214162e-06, 6.718643817293923e-06, 7.736510269751307e-06, 8.506570338795427e-06, 6.821166152803926e-06, 6.7175660660723224e-06, 7.993798135430552e-06, 6.148437023512088e-06], "mse": [0.0019604056142270565, 0.000738402595743537, 0.0002392577735008672, 0.00011479694512672722, 8.173871174221858e-05, 6.294631748460233e-05, 5.133319791639224e-05, 4.137774885748513e-05, 3.570503031369299e-05, 3.332090636831708e-05, 2.9146782253519632e-05, 2.7124493499286473e-05, 2.6802317734109238e-05, 2.5369910872541368e-05, 2.473630775057245e-05, 2.1720108634326607e-05, 2.0038069123984315e-05, 2.127547668351326e-05, 2.0313838831498288e-05, 1.7594993551028892e-05, 1.6628817320452072e-05, 1.6025702279875986e-05, 1.5218342014122754e-05, 1.4626644770032726e-05, 1.4586938959837426e-05, 1.4520874174195342e-05, 1.427985534974141e-05, 1.5215525309031364e-05, 1.6045047232182696e-05, 1.2243965102243237e-05, 1.1668686056509614e-05, 1.3115022738929838e-05, 1.1620702935033478e-05, 1.2574288120958954e-05, 1.111876372306142e-05, 1.0012404345616233e-05, 1.0680277227947954e-05, 1.0435581316414755e-05, 9.688564205134753e-06, 8.964210792328231e-06, 1.1401371921238024e-05, 9.332032277598046e-06, 9.581672202330083e-06, 9.277294338971842e-06, 8.770887689024676e-06, 8.081642590695992e-06, 7.69328744354425e-06, 1.1508165698614903e-05, 8.870424608176108e-06, 7.859936886234209e-06, 7.423385795846116e-06, 7.06773698766483e-06, 7.017997177172219e-06, 7.221377927635331e-06, 6.617554845433915e-06, 8.38101186673157e-06, 7.190778433141531e-06, 6.237970865186071e-06, 7.17351031198632e-06, 7.409283625747776e-06, 7.24673964214162e-06, 6.718643817293923e-06, 7.736509360256605e-06, 8.506570338795427e-06, 6.821166152803926e-06, 6.717566975567024e-06, 7.993798135430552e-06, 6.148437023512088e-06], "val_loss": [0.0010281192371621728, 0.00033160875318571925, 0.00012795835209544748, 8.691700350027531e-05, 6.863131420686841e-05, 5.585130202234723e-05, 4.648631511372514e-05, 4.26848309871275e-05, 5.0219812692375854e-05, 3.93061236536596e-05, 3.363932410138659e-05, 3.325662328279577e-05, 3.178351107635535e-05, 3.159482002956793e-05, 3.286269566160627e-05, 2.80583553831093e-05, 2.8245320208952762e-05, 2.9254415494506247e-05, 3.0513996534864418e-05, 2.5380117222084664e-05, 2.5695233489386737e-05, 2.5054796424228698e-05, 2.3858405256760307e-05, 2.679554745554924e-05, 2.4367307560169138e-05, 2.2133486709208228e-05, 2.346535984543152e-05, 2.23322567762807e-05, 2.357420089538209e-05, 2.2197660655365326e-05, 2.4667764591868035e-05, 2.6507188522373326e-05, 2.4369695893255994e-05, 2.053450771200005e-05, 2.1226473108981736e-05, 2.0669518562499434e-05, 2.015133941313252e-05, 2.012849108723458e-05, 1.9474740838631988e-05, 2.0005267288070172e-05, 1.9443790733930655e-05, 2.0195571778458543e-05, 2.03344152396312e-05, 1.957003041752614e-05, 1.9447756130830385e-05, 1.7934793504537083e-05, 1.9892891941708513e-05, 2.32441470870981e-05, 1.8503553292248398e-05, 1.9574668840505183e-05, 1.820205397962127e-05, 1.85633689397946e-05, 1.8326463759876788e-05, 1.7893327822093852e-05, 1.8387871023151092e-05, 1.829560824262444e-05, 1.8073378669214435e-05, 1.713085475785192e-05, 1.8219529010821134e-05, 1.985637027246412e-05, 1.80429924512282e-05, 2.2029122192179784e-05, 2.5798575734370388e-05, 1.998803054448217e-05, 1.7967293388210237e-05, 1.786991379049141e-05, 1.8806589650921524e-05, 1.723439163470175e-05], "val_mse": [0.0010281192371621728, 0.00033160875318571925, 0.00012795835209544748, 8.691700350027531e-05, 6.863131420686841e-05, 5.585130202234723e-05, 4.648631511372514e-05, 4.26848309871275e-05, 5.0219812692375854e-05, 3.93061236536596e-05, 3.363932410138659e-05, 3.325662328279577e-05, 3.178351107635535e-05, 3.159482002956793e-05, 3.286269566160627e-05, 2.80583553831093e-05, 2.8245320208952762e-05, 2.9254415494506247e-05, 3.0513996534864418e-05, 2.5380117222084664e-05, 2.5695233489386737e-05, 2.5054796424228698e-05, 2.3858405256760307e-05, 2.679554745554924e-05, 2.4367307560169138e-05, 2.2133486709208228e-05, 2.346535984543152e-05, 2.23322567762807e-05, 2.357420089538209e-05, 2.2197660655365326e-05, 2.4667764591868035e-05, 2.6507188522373326e-05, 2.4369695893255994e-05, 2.053450771200005e-05, 2.1226473108981736e-05, 2.0669518562499434e-05, 2.015133941313252e-05, 2.012849108723458e-05, 1.9474740838631988e-05, 2.0005267288070172e-05, 1.9443790733930655e-05, 2.0195571778458543e-05, 2.03344152396312e-05, 1.957003041752614e-05, 1.9447756130830385e-05, 1.793479168554768e-05, 1.9892891941708513e-05, 2.32441470870981e-05, 1.8503553292248398e-05, 1.9574668840505183e-05, 1.820205397962127e-05, 1.85633689397946e-05, 1.8326463759876788e-05, 1.7893327822093852e-05, 1.8387871023151092e-05, 1.829560824262444e-05, 1.8073378669214435e-05, 1.713085475785192e-05, 1.8219529010821134e-05, 1.985637027246412e-05, 1.80429924512282e-05, 2.202912037319038e-05, 2.5798575734370388e-05, 1.998803054448217e-05, 1.7967293388210237e-05, 1.786991379049141e-05, 1.8806589650921524e-05, 1.723439163470175e-05]}