{"loss": [0.0020597472321242094, 0.0015715420013293624, 0.0010291578946635127, 0.0005554573726840317, 0.00032755223219282925, 0.00021426263265311718, 0.00016766320914030075, 0.0001437659520888701, 0.00013033862342126667, 0.00011411809828132391, 0.0001047252444550395, 9.486537601333112e-05, 8.965603774413466e-05, 8.086147136054933e-05, 7.97662723925896e-05, 7.617646042490378e-05, 7.053925946820527e-05, 6.759706593584269e-05, 6.5010113758035e-05, 6.285788549575955e-05, 6.656171171925962e-05, 7.005706720519811e-05, 5.880058233742602e-05, 5.371907536755316e-05, 5.2264782425481826e-05, 5.049096580478363e-05, 4.915762838209048e-05, 5.150315701030195e-05, 4.807817458640784e-05, 4.871196870226413e-05, 4.490132050705142e-05, 4.4252450607018545e-05, 4.439763870323077e-05, 4.1182316635968164e-05, 4.0735067159403116e-05, 4.16792172472924e-05, 4.1585131839383394e-05, 3.945915523217991e-05, 4.032977085444145e-05, 3.962472328566946e-05, 4.0302944398717955e-05, 3.8046280678827316e-05, 3.557326999725774e-05, 3.689539516926743e-05, 3.864718019030988e-05, 3.6593886761693284e-05, 3.3834199712146074e-05, 3.312764238216914e-05, 3.3802971302066e-05, 3.4096137824235484e-05, 3.1998111808206886e-05, 3.06478759739548e-05, 3.155821104883216e-05, 3.2484793337062e-05, 3.1885145290289074e-05, 2.950743328256067e-05, 2.969924025819637e-05, 2.976751966343727e-05, 3.0407620215555653e-05, 2.909318391175475e-05, 2.9344111680984497e-05, 2.9147926397854462e-05, 2.81748034467455e-05, 3.0579867598135024e-05, 3.073042171308771e-05], "mse": [0.0020597472321242094, 0.0015715420013293624, 0.0010291578946635127, 0.0005554573726840317, 0.00032755223219282925, 0.00021426263265311718, 0.00016766320914030075, 0.0001437659520888701, 0.00013033862342126667, 0.00011411809828132391, 0.0001047252444550395, 9.486537601333112e-05, 8.965604502009228e-05, 8.086147136054933e-05, 7.97662723925896e-05, 7.617646042490378e-05, 7.053925946820527e-05, 6.759706593584269e-05, 6.5010113758035e-05, 6.285788549575955e-05, 6.656171171925962e-05, 7.005706720519811e-05, 5.880058233742602e-05, 5.371907536755316e-05, 5.2264782425481826e-05, 5.049096580478363e-05, 4.915762838209048e-05, 5.150315701030195e-05, 4.807817458640784e-05, 4.871196870226413e-05, 4.490132050705142e-05, 4.4252450607018545e-05, 4.439763870323077e-05, 4.118232027394697e-05, 4.0735067159403116e-05, 4.16792172472924e-05, 4.1585131839383394e-05, 3.945915523217991e-05, 4.032977085444145e-05, 3.962472328566946e-05, 4.0302944398717955e-05, 3.8046280678827316e-05, 3.557326999725774e-05, 3.689539516926743e-05, 3.864718019030988e-05, 3.6593886761693284e-05, 3.3834199712146074e-05, 3.312764238216914e-05, 3.3802971302066e-05, 3.409613418625668e-05, 3.1998111808206886e-05, 3.06478759739548e-05, 3.155821104883216e-05, 3.2484793337062e-05, 3.188514892826788e-05, 2.950743328256067e-05, 2.969924025819637e-05, 2.976751966343727e-05, 3.0407620215555653e-05, 2.909318391175475e-05, 2.9344111680984497e-05, 2.9147926397854462e-05, 2.81748034467455e-05, 3.0579867598135024e-05, 3.073042171308771e-05], "val_loss": [0.002167200203984976, 0.0015554080018773675, 0.0008732042042538524, 0.0005204019253142178, 0.00027656409656628966, 0.0002637176658026874, 0.00020078224770259112, 0.00015861047722864896, 0.00018555256247054785, 0.0001379944442305714, 0.0001484364183852449, 0.0001213840878335759, 0.0001166269212262705, 0.00011292493582004681, 0.0001090427249437198, 0.00010783380275825039, 0.00010721004946390167, 9.387290629092604e-05, 9.29207235458307e-05, 8.938281825976446e-05, 8.805088873486966e-05, 0.00011543081200215966, 8.376884943572804e-05, 8.22194415377453e-05, 8.229062950704247e-05, 7.601342076668516e-05, 8.764577069086954e-05, 7.793379336362705e-05, 7.425188960041851e-05, 8.454137423541397e-05, 7.777755672577769e-05, 7.469137926818803e-05, 7.382306648651138e-05, 6.85051636537537e-05, 6.799216498620808e-05, 6.881081208121032e-05, 6.696410855511203e-05, 6.942949403310195e-05, 6.604332156712189e-05, 8.392076415475458e-05, 6.88692816765979e-05, 6.939555169083178e-05, 6.302758993115276e-05, 6.72378737363033e-05, 6.511293759103864e-05, 6.360156112350523e-05, 6.163794023450464e-05, 6.329012830974534e-05, 6.63912360323593e-05, 6.155249138828367e-05, 6.401967402780429e-05, 6.037802086211741e-05, 6.500127346953377e-05, 6.451383524108678e-05, 5.927748134126887e-05, 6.40187063254416e-05, 5.9345933550503105e-05, 6.620172644034028e-05, 6.264638795983046e-05, 6.260044756345451e-05, 6.675077020190656e-05, 6.211350410012528e-05, 6.11750510870479e-05, 6.766085425624624e-05, 6.103543273638934e-05], "val_mse": [0.002167200203984976, 0.0015554080018773675, 0.0008732042042538524, 0.0005204019253142178, 0.0002765641256701201, 0.0002637176658026874, 0.00020078224770259112, 0.00015861047722864896, 0.00018555256247054785, 0.0001379944442305714, 0.0001484364183852449, 0.0001213840878335759, 0.0001166269212262705, 0.00011292493582004681, 0.0001090427249437198, 0.00010783380275825039, 0.00010721004946390167, 9.387290629092604e-05, 9.29207235458307e-05, 8.938281825976446e-05, 8.805088873486966e-05, 0.00011543081200215966, 8.376884943572804e-05, 8.22194415377453e-05, 8.229062950704247e-05, 7.601342076668516e-05, 8.764577069086954e-05, 7.793379336362705e-05, 7.425188960041851e-05, 8.454137423541397e-05, 7.777755672577769e-05, 7.469137926818803e-05, 7.382306648651138e-05, 6.85051636537537e-05, 6.79921722621657e-05, 6.881081208121032e-05, 6.696410855511203e-05, 6.942950130905956e-05, 6.604332156712189e-05, 8.392076415475458e-05, 6.88692816765979e-05, 6.93955589667894e-05, 6.302758993115276e-05, 6.72378737363033e-05, 6.511293759103864e-05, 6.360156112350523e-05, 6.163794023450464e-05, 6.329013558570296e-05, 6.63912360323593e-05, 6.155249138828367e-05, 6.401967402780429e-05, 6.037802086211741e-05, 6.500127346953377e-05, 6.451383524108678e-05, 5.927748134126887e-05, 6.40187063254416e-05, 5.9345933550503105e-05, 6.620172644034028e-05, 6.264638795983046e-05, 6.260044756345451e-05, 6.675077020190656e-05, 6.211350410012528e-05, 6.11750510870479e-05, 6.766085425624624e-05, 6.103543273638934e-05]}