{"loss": [0.0020110553596168756, 0.0007647744496352971, 0.0003426239709369838, 0.0002187650534324348, 0.00017831739387474954, 0.0001583874982316047, 0.00013289474009070545, 0.00012494571274146438, 0.00011883899423992261, 0.00011146112956339493, 0.00010105984256369993, 9.583432256476954e-05, 9.150899859378114e-05, 9.802771819522604e-05, 9.129581303568557e-05, 8.669616363476962e-05, 8.743286889512092e-05, 8.48073759698309e-05, 8.02822396508418e-05, 8.159140270436183e-05, 7.760192238492891e-05, 7.653977809241042e-05, 8.085905574262142e-05, 7.685049786232412e-05, 7.289539644261822e-05, 7.254011143231764e-05, 7.113997708074749e-05, 7.238097168738022e-05, 7.101771916495636e-05, 7.168983574956656e-05, 6.939737068023533e-05, 7.175656355684623e-05, 6.941216270206496e-05, 6.96486167726107e-05, 6.874521204736084e-05, 6.655097240582108e-05, 6.655202014371753e-05, 6.580808258149773e-05, 6.59345168969594e-05, 6.524618220282719e-05, 6.513616972370073e-05], "mse": [0.0020110553596168756, 0.0007647744496352971, 0.0003426239709369838, 0.0002187650534324348, 0.00017831739387474954, 0.0001583874982316047, 0.00013289474009070545, 0.00012494571274146438, 0.00011883899423992261, 0.00011146112956339493, 0.00010105984256369993, 9.583432256476954e-05, 9.150899859378114e-05, 9.802772547118366e-05, 9.129581303568557e-05, 8.669616363476962e-05, 8.743286889512092e-05, 8.48073759698309e-05, 8.02822396508418e-05, 8.159140270436183e-05, 7.760192238492891e-05, 7.653977809241042e-05, 8.085905574262142e-05, 7.685049786232412e-05, 7.289539644261822e-05, 7.254010415636003e-05, 7.113997708074749e-05, 7.238096441142261e-05, 7.101771916495636e-05, 7.168983574956656e-05, 6.939737068023533e-05, 7.175656355684623e-05, 6.941216270206496e-05, 6.96486167726107e-05, 6.874521204736084e-05, 6.655097240582108e-05, 6.655202014371753e-05, 6.580808258149773e-05, 6.59345168969594e-05, 6.524618220282719e-05, 6.513616972370073e-05], "val_loss": [0.0011913884663954377, 0.0005316208116710186, 0.0002908825990743935, 0.00021203927462920547, 0.00019651111506391317, 0.00017698848387226462, 0.00016413351113442332, 0.00014997192192822695, 0.00014755234587937593, 0.00014116060629021376, 0.0001380305184284225, 0.00013471253623720258, 0.00013069655688013881, 0.00013304203457664698, 0.0001337056455668062, 0.0001258849515579641, 0.00012940635497216135, 0.00012535612040665, 0.0001332345709670335, 0.00013061008939985186, 0.00012805749429389834, 0.00012346991570666432, 0.0001262666773982346, 0.00012189279368612915, 0.00011581324361031875, 0.00012314401101320982, 0.00011518260726006702, 0.00011999728303635493, 0.00011749416444217786, 0.00011826206900877878, 0.00011442960385465994, 0.00011958370305364951, 0.00011586526670726016, 0.00011748538963729516, 0.00011821356019936502, 0.00011795936734415591, 0.00011704702774295583, 0.00011962605640292168, 0.00012039666762575507, 0.00011739533510990441, 0.0001171035910374485], "val_mse": [0.0011913884663954377, 0.0005316208116710186, 0.0002908825990743935, 0.00021203927462920547, 0.00019651111506391317, 0.00017698848387226462, 0.00016413351113442332, 0.00014997192192822695, 0.00014755234587937593, 0.00014116060629021376, 0.0001380305184284225, 0.00013471253623720258, 0.00013069655688013881, 0.00013304203457664698, 0.0001337056455668062, 0.0001258849515579641, 0.00012940635497216135, 0.00012535613495856524, 0.0001332345709670335, 0.00013061008939985186, 0.00012805749429389834, 0.00012346991570666432, 0.0001262666773982346, 0.00012189279368612915, 0.00011581324361031875, 0.00012314401101320982, 0.00011518261453602463, 0.00011999729758827016, 0.00011749416444217786, 0.00011826206900877878, 0.00011442960385465994, 0.00011958370305364951, 0.00011586526670726016, 0.00011748538963729516, 0.00011821356019936502, 0.00011795936734415591, 0.00011704702774295583, 0.00011962605640292168, 0.00012039666762575507, 0.00011739533510990441, 0.0001171035910374485]}