{"loss": [0.04774441570043564, 0.045136936008930206, 0.04375283420085907, 0.04268379881978035, 0.042013511061668396, 0.04141664877533913, 0.04053955525159836, 0.03991597518324852, 0.03914690017700195, 0.03852071240544319, 0.038084257394075394, 0.03732334077358246, 0.03659745305776596], "mse": [0.04774441570043564, 0.045136936008930206, 0.04375283420085907, 0.04268379881978035, 0.042013511061668396, 0.04141664877533913, 0.04053955525159836, 0.03991597518324852, 0.039146896451711655, 0.03852071240544319, 0.038084257394075394, 0.03732334077358246, 0.03659745305776596], "val_loss": [0.036987632513046265, 0.03792078420519829, 0.034569840878248215, 0.03813234344124794, 0.035522572696208954, 0.036621563136577606, 0.03551242873072624, 0.03640393167734146, 0.03590009734034538, 0.03609861806035042, 0.03619217127561569, 0.03588108718395233, 0.03639949485659599], "val_mse": [0.036987632513046265, 0.03792078420519829, 0.034569840878248215, 0.03813234344124794, 0.035522572696208954, 0.036621563136577606, 0.035512425005435944, 0.03640393167734146, 0.03590009734034538, 0.03609861806035042, 0.03619217127561569, 0.03588108718395233, 0.03639949485659599]}