{"loss": [0.0001844397629611194, 1.6916883396334015e-05, 1.2080270607839338e-05, 1.0247821592201944e-05, 8.741432793613058e-06, 7.669014848943334e-06, 6.935087185411248e-06, 6.729048436682206e-06, 6.030808890500339e-06, 5.598314601229504e-06, 5.6174849305534735e-06, 4.823344625037862e-06, 4.918087142868899e-06, 4.79025584354531e-06, 4.360567345429445e-06, 4.32971864938736e-06, 4.113304385100491e-06, 4.0155582610168494e-06, 3.9053275031619705e-06, 3.683840759549639e-06, 3.6968026506656315e-06, 3.459476147327223e-06, 3.4187266919616377e-06, 3.43543342751218e-06, 3.097376065852586e-06, 3.1053095881361514e-06, 3.2199423003476113e-06, 3.111227215413237e-06, 2.9458501558110584e-06, 2.8006504635413876e-06, 2.803131565087824e-06, 2.7657415557769127e-06, 2.6577856715448434e-06, 2.7024923383578425e-06, 2.6331499611842446e-06, 2.5308052045147633e-06, 2.6570126010483364e-06, 2.4503751774318516e-06, 2.5009451292135054e-06, 2.418391886749305e-06, 2.479288468748564e-06, 2.2914111923455494e-06, 2.3156694624049123e-06, 2.3143106773204636e-06, 2.2907686343387468e-06, 2.2013111902197124e-06, 2.486121047695633e-06, 2.1582989120361162e-06, 2.110722107317997e-06, 2.1259472759993514e-06, 2.1556177216552896e-06, 2.0482448235270567e-06, 2.103285623888951e-06, 2.085939968310413e-06, 1.978673253688612e-06, 2.129797621819307e-06, 2.047360567303258e-06, 2.0298400613683043e-06, 1.846713416853163e-06, 2.0481468254729407e-06, 1.9112860627501504e-06, 1.882637889139005e-06, 2.0029106053698342e-06, 1.9379965578991687e-06, 1.7750137430994073e-06, 1.8918461819339427e-06, 1.7899989188663312e-06, 1.7052200291800546e-06, 1.854078959695471e-06, 1.8878151877288474e-06, 1.8468559801476658e-06, 1.8321018160349922e-06], "mse": [0.0001844397629611194, 1.691688521532342e-05, 1.2080270607839338e-05, 1.0247821592201944e-05, 8.741432793613058e-06, 7.669014848943334e-06, 6.935087185411248e-06, 6.729048436682206e-06, 6.030808890500339e-06, 5.598314601229504e-06, 5.6174849305534735e-06, 4.823344625037862e-06, 4.918087142868899e-06, 4.790255388797959e-06, 4.360567345429445e-06, 4.32971864938736e-06, 4.113304385100491e-06, 4.0155582610168494e-06, 3.9053275031619705e-06, 3.683840759549639e-06, 3.6968026506656315e-06, 3.459476147327223e-06, 3.4187266919616377e-06, 3.43543342751218e-06, 3.097376065852586e-06, 3.1053095881361514e-06, 3.2199423003476113e-06, 3.111227215413237e-06, 2.9458501558110584e-06, 2.8006504635413876e-06, 2.803131565087824e-06, 2.7657415557769127e-06, 2.6577856715448434e-06, 2.7024923383578425e-06, 2.6331499611842446e-06, 2.530805659262114e-06, 2.6570126010483364e-06, 2.4503751774318516e-06, 2.5009451292135054e-06, 2.418391886749305e-06, 2.479288468748564e-06, 2.291410964971874e-06, 2.3156694624049123e-06, 2.3143106773204636e-06, 2.2907686343387468e-06, 2.2013111902197124e-06, 2.486121047695633e-06, 2.1582989120361162e-06, 2.110722107317997e-06, 2.1259472759993514e-06, 2.1556177216552896e-06, 2.0482448235270567e-06, 2.103285623888951e-06, 2.085939968310413e-06, 1.978673253688612e-06, 2.129797621819307e-06, 2.047360567303258e-06, 2.0298400613683043e-06, 1.846713416853163e-06, 2.0481468254729407e-06, 1.9112860627501504e-06, 1.882637889139005e-06, 2.0029106053698342e-06, 1.9379965578991687e-06, 1.7750137430994073e-06, 1.8918461819339427e-06, 1.7899989188663312e-06, 1.7052200291800546e-06, 1.854078959695471e-06, 1.8878151877288474e-06, 1.8468559801476658e-06, 1.8321018160349922e-06], "val_loss": [2.183857941417955e-05, 1.3725506505579688e-05, 9.959018825611565e-06, 1.0964366992993746e-05, 9.223738743457943e-06, 7.6040028034185525e-06, 8.636620805191342e-06, 6.546560598508222e-06, 1.0089419447467662e-05, 5.517481440620031e-06, 5.601825250778347e-06, 7.543927495134994e-06, 5.527805569727207e-06, 6.081878382246941e-06, 6.144176950328983e-06, 4.214889941067668e-06, 4.14707892559818e-06, 4.403347247716738e-06, 3.8828416109026875e-06, 4.316925696912222e-06, 4.370595888758544e-06, 3.713053956744261e-06, 3.821638983936282e-06, 4.6176655814633705e-06, 3.8606322050327435e-06, 3.952055067202309e-06, 3.768409669646644e-06, 4.093318239029031e-06, 3.34930496137531e-06, 3.2914297207753407e-06, 3.2994737466651713e-06, 4.634422111848835e-06, 3.6904796161252307e-06, 3.2893547086132457e-06, 2.5836227450781735e-06, 3.4535405575297773e-06, 2.6008237909991294e-06, 3.0398182389035355e-06, 3.403912160138134e-06, 2.598463879621704e-06, 2.8094734716432868e-06, 2.927616151282564e-06, 2.988240339618642e-06, 2.433436975479708e-06, 2.681721070985077e-06, 2.6470925149624236e-06, 2.712751438593841e-06, 2.582780098236981e-06, 2.47604180003691e-06, 2.4524229047528934e-06, 2.305516773049021e-06, 2.5381982595718e-06, 2.5439096589252586e-06, 2.6788829927681945e-06, 2.3403629256790737e-06, 2.493259216862498e-06, 3.1221065910358448e-06, 2.4443465918011498e-06, 2.652081093401648e-06, 2.286690914843348e-06, 2.1948615085420897e-06, 2.0845407107117353e-06, 2.5906974769895896e-06, 2.6135853659070563e-06, 2.8116469366068486e-06, 2.330385541426949e-06, 2.6548216283117654e-06, 2.2077624635130633e-06, 2.285785512867733e-06, 2.239359901068383e-06, 2.159251835109899e-06, 2.3237087134475587e-06], "val_mse": [2.183857941417955e-05, 1.3725506505579688e-05, 9.959018825611565e-06, 1.0964366992993746e-05, 9.223738743457943e-06, 7.6040028034185525e-06, 8.636620805191342e-06, 6.546560598508222e-06, 1.0089419447467662e-05, 5.517481440620031e-06, 5.601825250778347e-06, 7.543927495134994e-06, 5.527805114979856e-06, 6.081878382246941e-06, 6.144176950328983e-06, 4.214889486320317e-06, 4.14707892559818e-06, 4.403347247716738e-06, 3.8828416109026875e-06, 4.316925696912222e-06, 4.370595888758544e-06, 3.713053956744261e-06, 3.821638983936282e-06, 4.6176655814633705e-06, 3.860632659780094e-06, 3.952055067202309e-06, 3.7684098970203195e-06, 4.093318239029031e-06, 3.34930496137531e-06, 3.2914297207753407e-06, 3.2994737466651713e-06, 4.634422111848835e-06, 3.6904796161252307e-06, 3.2893547086132457e-06, 2.5836227450781735e-06, 3.4535405575297773e-06, 2.6008237909991294e-06, 3.0398182389035355e-06, 3.403912160138134e-06, 2.598463879621704e-06, 2.8094734716432868e-06, 2.927616151282564e-06, 2.988240339618642e-06, 2.433436975479708e-06, 2.681721070985077e-06, 2.6470925149624236e-06, 2.712751438593841e-06, 2.582780098236981e-06, 2.47604180003691e-06, 2.4524229047528934e-06, 2.305516773049021e-06, 2.5381982595718e-06, 2.5439096589252586e-06, 2.6788829927681945e-06, 2.3403629256790737e-06, 2.493259216862498e-06, 3.1221065910358448e-06, 2.4443465918011498e-06, 2.652081093401648e-06, 2.286690914843348e-06, 2.1948615085420897e-06, 2.0845407107117353e-06, 2.5906974769895896e-06, 2.6135853659070563e-06, 2.8116469366068486e-06, 2.330385541426949e-06, 2.6548216283117654e-06, 2.2077624635130633e-06, 2.285785512867733e-06, 2.239359901068383e-06, 2.1592516077362234e-06, 2.3237087134475587e-06]}