{"loss": [0.0022830935195088387, 0.0010395462159067392, 0.0004649180918931961, 0.0003461128508206457, 0.0003259427030570805, 0.0002910213661380112, 0.00026683456962928176, 0.00025000376626849174, 0.00023997634707484394, 0.0002307865652255714, 0.00022818327124696225, 0.0002182559110224247, 0.00020910464809276164, 0.00020768932881765068, 0.00020049816521350294, 0.00019895256264135242, 0.0002002064575208351, 0.00020238998695276678, 0.00019584025721997023, 0.00018192762217950076, 0.00018210886628367007, 0.00017770251724869013, 0.00017525939620099962, 0.00018053187523037195, 0.00017132458742707968, 0.0001718917046673596, 0.00016780941223260015, 0.00017060233221855015, 0.00017350631242152303, 0.00016785776824690402, 0.00016260305710602552, 0.0001625021395739168, 0.00016166342538781464, 0.00016194202180486172, 0.00016181975661311299, 0.00015570817049592733, 0.0001562801335239783, 0.00015108707884792238, 0.00014868132711853832, 0.0001487823756178841, 0.000150118867168203, 0.00015345444262493402, 0.00014890849706716835, 0.00014814460882917047, 0.00015041347069200128, 0.0001435269950889051, 0.00014700130850542337, 0.0001393054990330711, 0.0001413101563230157], "mse": [0.0022830935195088387, 0.0010395460994914174, 0.0004649180918931961, 0.0003461128508206457, 0.0003259427030570805, 0.0002910213661380112, 0.00026683456962928176, 0.00025000376626849174, 0.00023997634707484394, 0.0002307865652255714, 0.00022818327124696225, 0.0002182559110224247, 0.00020910464809276164, 0.00020768932881765068, 0.00020049816521350294, 0.00019895256264135242, 0.0002002064575208351, 0.00020238998695276678, 0.000195840242668055, 0.00018192762217950076, 0.00018210886628367007, 0.00017770251724869013, 0.00017525939620099962, 0.00018053187523037195, 0.00017132458742707968, 0.0001718917046673596, 0.00016780941223260015, 0.00017060231766663492, 0.00017350631242152303, 0.00016785776824690402, 0.00016260305710602552, 0.0001625021395739168, 0.00016166342538781464, 0.00016194202180486172, 0.00016181975661311299, 0.00015570817049592733, 0.0001562801335239783, 0.00015108707884792238, 0.00014868132711853832, 0.00014878236106596887, 0.000150118867168203, 0.00015345444262493402, 0.00014890849706716835, 0.00014814460882917047, 0.00015041347069200128, 0.0001435269950889051, 0.00014700130850542337, 0.00013930551358498633, 0.0001413101563230157], "val_loss": [0.0010877375025302172, 0.00042901496635749936, 0.0002981532597914338, 0.0003151839191559702, 0.0002697010640986264, 0.00024281647347379476, 0.0002375472686253488, 0.0002442731347400695, 0.0002572032390162349, 0.00023428903659805655, 0.00023266737116500735, 0.00023158926342148334, 0.00022424649796448648, 0.0002369248541072011, 0.00022678608365822583, 0.00022269433247856796, 0.00022717323736287653, 0.00027435709489509463, 0.00022781970619689673, 0.00021761274547316134, 0.0002483534917701036, 0.00021702723461203277, 0.00023319694446399808, 0.00023154987138696015, 0.00022877591254655272, 0.00021499220747500658, 0.00023136247182264924, 0.00021622481290251017, 0.00022318674018606544, 0.00024130761448759586, 0.0002316563914064318, 0.00021224160445854068, 0.0002206130011472851, 0.00022305648599285632, 0.00021303584799170494, 0.0002197728172177449, 0.0002342743391636759, 0.0002175448025809601, 0.00020418236090335995, 0.00021925041801296175, 0.00021876768732909113, 0.00023629092902410775, 0.00021402485435828567, 0.00023002951638773084, 0.00021021957218181342, 0.00020974603830836713, 0.00021931028459221125, 0.00021529258810915053, 0.00022061695926822722], "val_mse": [0.0010877375025302172, 0.00042901496635749936, 0.0002981532597914338, 0.0003151839191559702, 0.0002697010640986264, 0.00024281647347379476, 0.0002375472686253488, 0.0002442731347400695, 0.0002572032390162349, 0.00023428903659805655, 0.00023266737116500735, 0.00023158926342148334, 0.00022424649796448648, 0.0002369248541072011, 0.00022678608365822583, 0.00022269433247856796, 0.00022717323736287653, 0.00027435709489509463, 0.00022781970619689673, 0.00021761274547316134, 0.0002483534917701036, 0.00021702723461203277, 0.00023319694446399808, 0.00023154987138696015, 0.00022877591254655272, 0.00021499220747500658, 0.00023136247182264924, 0.00021622481290251017, 0.00022318674018606544, 0.00024130761448759586, 0.0002316563914064318, 0.00021224160445854068, 0.0002206130011472851, 0.00022305648599285632, 0.00021303584799170494, 0.0002197728172177449, 0.0002342743391636759, 0.0002175448025809601, 0.00020418236090335995, 0.00021925041801296175, 0.00021876768732909113, 0.00023629092902410775, 0.00021402485435828567, 0.00023002951638773084, 0.00021021957218181342, 0.00020974603830836713, 0.00021931028459221125, 0.00021529258810915053, 0.00022061695926822722]}