{"loss": [0.0030933853704482317, 0.0024436332751065493, 0.0021434833761304617, 0.001964839408174157, 0.0019013971323147416, 0.0018338911468163133, 0.0018213805742561817, 0.0018303202232345939, 0.0017887658905237913, 0.001746780821122229, 0.0017315836157649755, 0.0017151884967461228, 0.0017058621160686016, 0.001705783768557012, 0.0016892616404220462, 0.0016833340050652623, 0.0016631755279377103, 0.0016508038388565183, 0.001648074365220964], "mse": [0.0030933853704482317, 0.0024436332751065493, 0.0021434833761304617, 0.001964839408174157, 0.0019013971323147416, 0.0018338911468163133, 0.0018213805742561817, 0.0018303202232345939, 0.0017887658905237913, 0.001746780821122229, 0.0017315836157649755, 0.0017151884967461228, 0.0017058621160686016, 0.001705783768557012, 0.0016892616404220462, 0.0016833340050652623, 0.0016631755279377103, 0.0016508038388565183, 0.001648074365220964], "val_loss": [0.0039232955314219, 0.0034309709444642067, 0.0031100695487111807, 0.0028171974699944258, 0.002781516406685114, 0.002738700481131673, 0.0027226912789046764, 0.0027270037680864334, 0.002603985136374831, 0.0026861715596169233, 0.002620851155370474, 0.0026063215918838978, 0.002676338190212846, 0.002806523349136114, 0.002683507278561592, 0.0026170657947659492, 0.0026978144887834787, 0.002689841901883483, 0.0027887781616300344], "val_mse": [0.0039232955314219, 0.0034309709444642067, 0.0031100695487111807, 0.0028171974699944258, 0.002781516406685114, 0.002738700481131673, 0.0027226912789046764, 0.0027270037680864334, 0.002603985136374831, 0.0026861715596169233, 0.002620851155370474, 0.002606321359053254, 0.002676338190212846, 0.002806523349136114, 0.002683507278561592, 0.0026170657947659492, 0.0026978144887834787, 0.002689841901883483, 0.0027887781616300344]}