{"loss": [0.00017440205556340516, 1.8503458704799414e-05, 1.3617243894259445e-05, 1.0951420335914008e-05, 9.114953172684181e-06, 8.04670162324328e-06, 7.2246352829097304e-06, 6.915056928846752e-06, 6.753137768100714e-06, 5.814000815007603e-06, 5.6983326430781744e-06, 5.367571247916203e-06, 5.056596819486003e-06, 4.747673301608302e-06, 4.6337349886016455e-06, 4.289210664865095e-06, 4.029904175695265e-06, 4.053287284477847e-06, 4.03108151658671e-06, 3.7778956993861357e-06, 3.856965577142546e-06, 3.5432847198535455e-06, 3.6126348277321085e-06, 3.37442861564341e-06, 3.4301549476367654e-06, 3.308405212010257e-06, 3.4577210499264766e-06, 3.1319298159360187e-06, 3.0251599127950612e-06, 2.8843269319622777e-06, 2.951934447992244e-06, 3.070801085414132e-06, 2.85618034467916e-06, 2.884176865336485e-06, 2.7859300644195173e-06, 2.6701400202000514e-06, 2.6694101507018786e-06, 2.615810672068619e-06, 2.5929894036380574e-06, 2.552274281697464e-06, 2.4446071620332077e-06, 2.41759425989585e-06, 2.4694527382962406e-06, 2.2572342004423263e-06, 2.5505376015644288e-06, 2.183596279792255e-06, 2.419398470010492e-06, 2.11983433473506e-06, 2.3401494217978325e-06, 2.2883698420628207e-06, 2.213945435869391e-06, 2.225036269010161e-06], "mse": [0.00017440205556340516, 1.8503458704799414e-05, 1.3617243894259445e-05, 1.0951420335914008e-05, 9.114953172684181e-06, 8.04670162324328e-06, 7.2246352829097304e-06, 6.915056928846752e-06, 6.753137768100714e-06, 5.814000815007603e-06, 5.6983326430781744e-06, 5.367571247916203e-06, 5.056596819486003e-06, 4.747673301608302e-06, 4.6337349886016455e-06, 4.289210664865095e-06, 4.029903720947914e-06, 4.053287284477847e-06, 4.03108151658671e-06, 3.7778956993861357e-06, 3.856965577142546e-06, 3.5432847198535455e-06, 3.6126348277321085e-06, 3.37442861564341e-06, 3.4301549476367654e-06, 3.308405212010257e-06, 3.4577210499264766e-06, 3.1319298159360187e-06, 3.0251599127950612e-06, 2.8843269319622777e-06, 2.951934447992244e-06, 3.070801085414132e-06, 2.85618034467916e-06, 2.884176865336485e-06, 2.7859300644195173e-06, 2.6701400202000514e-06, 2.669409923328203e-06, 2.615810672068619e-06, 2.5929894036380574e-06, 2.552274281697464e-06, 2.4446071620332077e-06, 2.41759425989585e-06, 2.4694527382962406e-06, 2.2572342004423263e-06, 2.5505376015644288e-06, 2.183596279792255e-06, 2.419398470010492e-06, 2.11983433473506e-06, 2.3401494217978325e-06, 2.2883698420628207e-06, 2.213945435869391e-06, 2.225036269010161e-06], "val_loss": [2.519696317904163e-05, 1.3374127775023226e-05, 1.2227796105435118e-05, 9.036996743816417e-06, 7.427573109453078e-06, 6.2190961216401774e-06, 1.597622576809954e-05, 5.7040278989006765e-06, 5.76978982280707e-06, 5.1624929255922325e-06, 4.719917797046946e-06, 4.797490873897914e-06, 4.177312348474516e-06, 3.8030268569855252e-06, 3.7282438825059216e-06, 4.697958047472639e-06, 3.3539872674737126e-06, 3.7597865230054595e-06, 3.5141092666890472e-06, 3.6827077565249056e-06, 3.3863989301607944e-06, 3.95046026824275e-06, 6.5182853177248035e-06, 3.1494816994381836e-06, 2.940716967714252e-06, 4.244895080773858e-06, 3.679228939290624e-06, 3.3914627692865906e-06, 2.636444605741417e-06, 2.930831215053331e-06, 2.603946086310316e-06, 2.685030494831153e-06, 2.9308396278793225e-06, 2.9576212909887545e-06, 2.627467210913892e-06, 3.2005605135054793e-06, 3.016209575434914e-06, 2.9682396416319534e-06, 2.4288078748213593e-06, 2.2198887563718017e-06, 2.3395082280330826e-06, 2.1950477275822777e-06, 3.4195602438558126e-06, 2.6557045202935115e-06, 3.229178446417791e-06, 2.2378706034942297e-06, 2.28626117859676e-06, 2.363959083595546e-06, 2.5099111553572584e-06, 2.278090732943383e-06, 2.245270025014179e-06, 2.296559841852286e-06], "val_mse": [2.519696317904163e-05, 1.3374127775023226e-05, 1.2227796105435118e-05, 9.036996743816417e-06, 7.427573109453078e-06, 6.2190961216401774e-06, 1.597622576809954e-05, 5.7040278989006765e-06, 5.76978982280707e-06, 5.1624929255922325e-06, 4.719917797046946e-06, 4.797490873897914e-06, 4.177312348474516e-06, 3.8030268569855252e-06, 3.7282438825059216e-06, 4.697958047472639e-06, 3.3539872674737126e-06, 3.7597865230054595e-06, 3.5141092666890472e-06, 3.6827077565249056e-06, 3.3863989301607944e-06, 3.95046026824275e-06, 6.5182853177248035e-06, 3.1494812446908327e-06, 2.940716967714252e-06, 4.244895080773858e-06, 3.679228939290624e-06, 3.3914627692865906e-06, 2.636444605741417e-06, 2.930831215053331e-06, 2.603946086310316e-06, 2.685030494831153e-06, 2.9308396278793225e-06, 2.957621063615079e-06, 2.627467210913892e-06, 3.2005605135054793e-06, 3.0162098028085893e-06, 2.9682396416319534e-06, 2.4288078748213593e-06, 2.2198887563718017e-06, 2.339508455406758e-06, 2.1950477275822777e-06, 3.4195602438558126e-06, 2.6557045202935115e-06, 3.229178446417791e-06, 2.2378706034942297e-06, 2.28626117859676e-06, 2.363959083595546e-06, 2.5099111553572584e-06, 2.278090732943383e-06, 2.245270025014179e-06, 2.296559841852286e-06]}