{"loss": [0.0015201971400529146, 0.0006108285742811859, 0.0005015945644117892, 0.0004756901180371642, 0.00045321998186409473, 0.0004399198805913329, 0.00042924954323098063, 0.00043129664845764637, 0.00042230114922858775, 0.00042214940185658634, 0.00042116150143556297, 0.00041547216824255884, 0.00041057690395973623, 0.00041104928823187947, 0.0004045645473524928, 0.00040419423021376133, 0.0003998660249635577, 0.0003963079652749002, 0.0004064836248289794, 0.00040068101952783763, 0.0003921457100659609, 0.00039132070378400385, 0.00039435870712623, 0.0003979222383350134], "mse": [0.0015201971400529146, 0.0006108285742811859, 0.0005015945644117892, 0.0004756901180371642, 0.00045321998186409473, 0.0004399198805913329, 0.00042924954323098063, 0.00043129664845764637, 0.00042230114922858775, 0.00042214940185658634, 0.00042116150143556297, 0.00041547216824255884, 0.00041057690395973623, 0.00041104928823187947, 0.0004045645473524928, 0.00040419423021376133, 0.0003998660249635577, 0.0003963079652749002, 0.0004064836248289794, 0.00040068101952783763, 0.0003921457100659609, 0.00039132070378400385, 0.00039435870712623, 0.0003979222383350134], "val_loss": [0.0009674557368271053, 0.0006042490131221712, 0.0005461197579279542, 0.000509154109749943, 0.0004807380901183933, 0.000504740106407553, 0.00048822694225236773, 0.0004826423537451774, 0.0005007490981370211, 0.000486096745589748, 0.00047892401926219463, 0.0005252625560387969, 0.000484989199321717, 0.00046724718413315713, 0.0004790805687662214, 0.0004768989165313542, 0.0004716426774393767, 0.000475197855848819, 0.00047090984298847616, 0.0004674251831602305, 0.0004758595023304224, 0.00048290222184732556, 0.0004832214617636055, 0.00047329184599220753], "val_mse": [0.0009674557950347662, 0.0006042490131221712, 0.0005461197579279542, 0.000509154109749943, 0.0004807380901183933, 0.000504740106407553, 0.00048822694225236773, 0.0004826423537451774, 0.0005007490981370211, 0.000486096745589748, 0.00047892401926219463, 0.0005252625560387969, 0.000484989199321717, 0.0004672471550293267, 0.0004790805687662214, 0.0004768989165313542, 0.0004716426774393767, 0.000475197855848819, 0.00047090984298847616, 0.0004674251831602305, 0.0004758595023304224, 0.00048290222184732556, 0.0004832214617636055, 0.0004732917877845466]}