{"loss": [0.002199373906478286, 0.0016059905756264925, 0.0009996246080845594, 0.000578965584281832, 0.0003639187489170581, 0.0002332270669285208, 0.00016245459846686572, 0.00013553473399952054, 0.00012530593085102737, 0.00011520402040332556, 0.00011182120215380564, 9.657591726863757e-05, 9.127183875534683e-05, 8.891343895811588e-05, 8.236766734626144e-05, 8.198258001357317e-05, 7.512186130043119e-05, 7.175411155913025e-05, 6.664078682661057e-05, 6.470833614002913e-05, 6.161435885587707e-05, 5.972133294562809e-05, 6.014038808643818e-05, 5.668175799655728e-05, 5.272220732877031e-05, 5.2218623750377446e-05, 5.309344851411879e-05, 4.750958760268986e-05, 4.8280562623403966e-05, 4.640281986212358e-05, 4.4226631871424615e-05, 4.383178020361811e-05, 4.155658098170534e-05, 4.082521627424285e-05, 4.229923797538504e-05, 4.332271055318415e-05, 4.0593829908175394e-05, 4.374372656457126e-05, 4.2329604184487835e-05, 3.830789137282409e-05, 3.749067400349304e-05, 3.505653512547724e-05, 3.465614645392634e-05, 3.526516229612753e-05, 3.3757278288248926e-05, 3.965241921832785e-05, 3.633660526247695e-05, 3.3143114706035703e-05, 3.496986028039828e-05, 3.4077162126777694e-05, 3.1480078177992254e-05, 3.252717579016462e-05, 3.3941774745471776e-05, 3.281008321209811e-05, 3.294531052233651e-05, 3.074175037909299e-05, 3.074261621804908e-05, 2.8231301257619634e-05, 2.7682903237291612e-05, 2.6536645236774348e-05, 2.654563832038548e-05, 2.7810130632133223e-05, 2.7485721147968434e-05, 2.617271638882812e-05, 2.6523028282099403e-05, 2.4874452719814144e-05, 2.5260047550546005e-05, 2.5224686396541074e-05, 3.3649415854597464e-05, 2.7775924536399543e-05, 2.4911470973165706e-05, 2.4005359591683373e-05, 3.0438061003223993e-05, 3.385230229469016e-05, 2.7310350560583174e-05, 2.8798745915992185e-05, 2.4988239601952955e-05, 2.7067875635111704e-05], "mse": [0.0021993741393089294, 0.0016059905756264925, 0.0009996246080845594, 0.000578965584281832, 0.0003639187489170581, 0.0002332270669285208, 0.00016245459846686572, 0.00013553473399952054, 0.00012530593085102737, 0.00011520402040332556, 0.00011182120215380564, 9.657591726863757e-05, 9.127183875534683e-05, 8.891343895811588e-05, 8.236766734626144e-05, 8.198258001357317e-05, 7.512186130043119e-05, 7.175411155913025e-05, 6.664078682661057e-05, 6.470833614002913e-05, 6.161435885587707e-05, 5.972133294562809e-05, 6.014038808643818e-05, 5.668175799655728e-05, 5.272220732877031e-05, 5.2218623750377446e-05, 5.309344851411879e-05, 4.750958760268986e-05, 4.8280562623403966e-05, 4.640281986212358e-05, 4.4226631871424615e-05, 4.383178020361811e-05, 4.155658098170534e-05, 4.082521627424285e-05, 4.229923797538504e-05, 4.332271055318415e-05, 4.0593829908175394e-05, 4.374372656457126e-05, 4.2329604184487835e-05, 3.830789137282409e-05, 3.749067400349304e-05, 3.505653512547724e-05, 3.465614645392634e-05, 3.526516229612753e-05, 3.3757278288248926e-05, 3.965241921832785e-05, 3.633660526247695e-05, 3.3143114706035703e-05, 3.496986028039828e-05, 3.4077162126777694e-05, 3.1480078177992254e-05, 3.252717579016462e-05, 3.3941774745471776e-05, 3.281008321209811e-05, 3.294531052233651e-05, 3.074175037909299e-05, 3.074261621804908e-05, 2.8231301257619634e-05, 2.7682903237291612e-05, 2.6536645236774348e-05, 2.654563832038548e-05, 2.7810130632133223e-05, 2.7485721147968434e-05, 2.617271638882812e-05, 2.6523028282099403e-05, 2.4874452719814144e-05, 2.5260047550546005e-05, 2.5224686396541074e-05, 3.3649415854597464e-05, 2.7775924536399543e-05, 2.4911470973165706e-05, 2.4005359591683373e-05, 3.0438061003223993e-05, 3.385230229469016e-05, 2.7310350560583174e-05, 2.8798745915992185e-05, 2.4988239601952955e-05, 2.7067875635111704e-05], "val_loss": [0.00181671604514122, 0.0012654487509280443, 0.0007649994222447276, 0.0005275572766549885, 0.00033066654577851295, 0.0002742346259765327, 0.00022542031365446746, 0.0001728834758978337, 0.00016919532208703458, 0.00025400964659638703, 0.00013540196232497692, 0.00013458712783176452, 0.00013633110211230814, 0.00012759141100104898, 0.00011253412958467379, 0.00010648986790329218, 0.00010910583660006523, 0.00010154308984056115, 8.84222099557519e-05, 9.552623669151217e-05, 8.731437992537394e-05, 9.346739534521475e-05, 8.527470345143229e-05, 8.905485447030514e-05, 8.19721826701425e-05, 7.565451960545033e-05, 7.769674266455695e-05, 8.113023068290204e-05, 7.175085920607671e-05, 7.720530993537977e-05, 7.24324127077125e-05, 7.314186223084107e-05, 7.274145173141733e-05, 6.74148541293107e-05, 7.139895024010912e-05, 7.662682037334889e-05, 6.461580778704956e-05, 6.858121923869476e-05, 6.97353680152446e-05, 6.194064917508513e-05, 6.80586090311408e-05, 6.350852345349267e-05, 6.334554200293496e-05, 6.257453060243279e-05, 6.36316035524942e-05, 6.891831435495988e-05, 6.31060465821065e-05, 6.473295798059553e-05, 7.178079977165908e-05, 6.050888987374492e-05, 6.069747178116813e-05, 6.410826608771458e-05, 6.126578227849677e-05, 6.656225014012307e-05, 6.346773443510756e-05, 7.783488399581984e-05, 6.563887291122228e-05, 6.160165503388271e-05, 5.884435449843295e-05, 6.114871212048456e-05, 5.977458204142749e-05, 6.0941209085285664e-05, 6.245398981263861e-05, 5.832636816194281e-05, 5.902284101466648e-05, 6.393653166014701e-05, 5.890304964850657e-05, 5.7476376241538674e-05, 5.7850080338539556e-05, 6.0642290918622166e-05, 6.364844011841342e-05, 6.187812687130645e-05, 7.537927012890577e-05, 6.051897071301937e-05, 6.2671591877006e-05, 6.061702879378572e-05, 6.195327296154574e-05, 7.027449464658275e-05], "val_mse": [0.00181671604514122, 0.0012654487509280443, 0.0007649994222447276, 0.0005275572766549885, 0.00033066654577851295, 0.0002742346259765327, 0.00022542031365446746, 0.0001728834758978337, 0.00016919532208703458, 0.00025400964659638703, 0.00013540196232497692, 0.00013458712783176452, 0.00013633110211230814, 0.00012759141100104898, 0.00011253412958467379, 0.00010648986790329218, 0.00010910583660006523, 0.00010154308984056115, 8.84222099557519e-05, 9.552623669151217e-05, 8.731437992537394e-05, 9.346739534521475e-05, 8.527470345143229e-05, 8.905485447030514e-05, 8.19721826701425e-05, 7.565451960545033e-05, 7.769674266455695e-05, 8.113023068290204e-05, 7.175085920607671e-05, 7.720530993537977e-05, 7.24324127077125e-05, 7.314186223084107e-05, 7.274145173141733e-05, 6.74148541293107e-05, 7.139895024010912e-05, 7.662682037334889e-05, 6.461580778704956e-05, 6.858121923869476e-05, 6.97353680152446e-05, 6.194064917508513e-05, 6.80586090311408e-05, 6.350852345349267e-05, 6.334554200293496e-05, 6.257453060243279e-05, 6.36316035524942e-05, 6.891831435495988e-05, 6.31060465821065e-05, 6.473295798059553e-05, 7.178079977165908e-05, 6.050888987374492e-05, 6.069747178116813e-05, 6.410826608771458e-05, 6.126578227849677e-05, 6.656225014012307e-05, 6.346773443510756e-05, 7.783488399581984e-05, 6.563887291122228e-05, 6.160165503388271e-05, 5.884435449843295e-05, 6.114871212048456e-05, 5.977458204142749e-05, 6.0941209085285664e-05, 6.245398981263861e-05, 5.832636816194281e-05, 5.902284101466648e-05, 6.393653166014701e-05, 5.890304964850657e-05, 5.7476376241538674e-05, 5.7850080338539556e-05, 6.0642290918622166e-05, 6.364844011841342e-05, 6.187812687130645e-05, 7.537927012890577e-05, 6.051897071301937e-05, 6.2671591877006e-05, 6.061702879378572e-05, 6.195327296154574e-05, 7.027448737062514e-05]}