{"loss": [0.002167070284485817, 0.0015643801307305694, 0.0009238427737727761, 0.0005482701817527413, 0.00038971356116235256, 0.0002743130025919527, 0.0002212226390838623, 0.0001913165906444192, 0.00015849639021325856, 0.00014736840967088938, 0.0001414941216353327, 0.00012865883763879538, 0.00012299130321480334, 0.00011588488996494561, 0.00011043521953979507, 0.00010856768494704738, 0.00010361448221374303, 9.961302566807717e-05, 9.599058830644935e-05, 9.286263957619667e-05, 9.287495049647987e-05, 9.1768495622091e-05, 9.609489643480629e-05, 8.81100568221882e-05, 8.899524254957214e-05, 8.572493970859796e-05, 8.121401333482936e-05, 7.862244092393667e-05, 7.893938891356811e-05, 7.985273259691894e-05, 7.577738870168105e-05, 7.829928654246032e-05, 7.430741243297234e-05, 7.525843830080703e-05, 7.104218093445525e-05, 7.651426858501509e-05, 7.537219062214717e-05, 7.103301322786137e-05, 7.205122528830543e-05, 6.749005115125328e-05, 6.655290781054646e-05, 6.550106627400964e-05, 6.845110328868032e-05, 6.609800038859248e-05, 6.540979666169733e-05, 6.376714009093121e-05, 6.416492396965623e-05, 6.194369052536786e-05, 6.335142097668722e-05, 6.257866334635764e-05, 6.529247912112623e-05, 7.157581421779469e-05, 6.312895857263356e-05, 6.140305777080357e-05, 6.115150608820841e-05, 5.9279809647705406e-05, 5.74844962102361e-05, 5.842094469699077e-05, 5.6520737416576594e-05, 5.674247950082645e-05, 5.797386256745085e-05], "mse": [0.002167070284485817, 0.0015643801307305694, 0.0009238427737727761, 0.0005482701817527413, 0.00038971356116235256, 0.0002743130025919527, 0.0002212226390838623, 0.0001913165906444192, 0.00015849639021325856, 0.00014736840967088938, 0.0001414941216353327, 0.00012865883763879538, 0.00012299130321480334, 0.00011588488996494561, 0.00011043521953979507, 0.00010856768494704738, 0.00010361448221374303, 9.961302566807717e-05, 9.599058830644935e-05, 9.286263957619667e-05, 9.287495049647987e-05, 9.1768495622091e-05, 9.609489643480629e-05, 8.81100568221882e-05, 8.899524254957214e-05, 8.572493970859796e-05, 8.121401333482936e-05, 7.862244092393667e-05, 7.893938891356811e-05, 7.985273259691894e-05, 7.577738870168105e-05, 7.829928654246032e-05, 7.430741243297234e-05, 7.525843830080703e-05, 7.104218093445525e-05, 7.651426858501509e-05, 7.537219062214717e-05, 7.103301322786137e-05, 7.205122528830543e-05, 6.749005115125328e-05, 6.655290781054646e-05, 6.550106627400964e-05, 6.845110328868032e-05, 6.60980076645501e-05, 6.540979666169733e-05, 6.376714009093121e-05, 6.416492396965623e-05, 6.194369052536786e-05, 6.335142097668722e-05, 6.257866334635764e-05, 6.529247912112623e-05, 7.157581421779469e-05, 6.312895857263356e-05, 6.140305777080357e-05, 6.115150608820841e-05, 5.9279809647705406e-05, 5.74844962102361e-05, 5.842094469699077e-05, 5.6520737416576594e-05, 5.674247950082645e-05, 5.797386256745085e-05], "val_loss": [0.0017605687025934458, 0.0013438822934404016, 0.0008940578554756939, 0.0008271164260804653, 0.0005566856125369668, 0.0003631235449574888, 0.0004294052778277546, 0.00031469055102206767, 0.00030103622702881694, 0.00026131662889383733, 0.0002592391101643443, 0.00023432211310137063, 0.00022439812892116606, 0.0002561996807344258, 0.00021873365039937198, 0.00021814487990923226, 0.00022508075926452875, 0.00019988285202998668, 0.00019758632697630674, 0.0002070683112833649, 0.0002480755210854113, 0.00018576669390313327, 0.0002051350602414459, 0.00018485462351236492, 0.00020871133892796934, 0.00020019333169329911, 0.00021038739942014217, 0.00018927096971310675, 0.0001807429944165051, 0.0002026628062594682, 0.0001904034725157544, 0.00019937842444051057, 0.00018831684428732842, 0.00018412459758110344, 0.0001975844643311575, 0.00021800545800942928, 0.00017333621508441865, 0.00019123544916510582, 0.00018840187112800777, 0.00018105009803548455, 0.00016936617612373084, 0.0001815178693505004, 0.00017774675507098436, 0.000203865158255212, 0.00017645549087319523, 0.00019276855164207518, 0.00020279744057916105, 0.0001849769614636898, 0.00018091837409883738, 0.00017862227105069906, 0.0001682451693341136, 0.0001693825179245323, 0.00017185874457936734, 0.0001743270840961486, 0.0001806712825782597, 0.00017658461001701653, 0.00019935188174713403, 0.00018087404896505177, 0.00016826167120598257, 0.00017248463700525463, 0.00016847369261085987], "val_mse": [0.0017605687025934458, 0.0013438822934404016, 0.0008940578554756939, 0.0008271164260804653, 0.0005566856125369668, 0.0003631235449574888, 0.0004294052778277546, 0.00031469055102206767, 0.00030103622702881694, 0.00026131662889383733, 0.0002592391101643443, 0.00023432211310137063, 0.00022439812892116606, 0.0002561996807344258, 0.00021873365039937198, 0.00021814487990923226, 0.00022508075926452875, 0.00019988285202998668, 0.00019758632697630674, 0.0002070683112833649, 0.0002480755210854113, 0.00018576669390313327, 0.0002051350602414459, 0.00018485462351236492, 0.00020871133892796934, 0.00020019333169329911, 0.00021038739942014217, 0.00018927096971310675, 0.0001807429944165051, 0.0002026628062594682, 0.0001904034725157544, 0.00019937842444051057, 0.00018831684428732842, 0.00018412459758110344, 0.0001975844643311575, 0.00021800545800942928, 0.00017333621508441865, 0.00019123544916510582, 0.00018840187112800777, 0.00018105009803548455, 0.00016936617612373084, 0.0001815178693505004, 0.0001777467259671539, 0.000203865158255212, 0.00017645549087319523, 0.00019276855164207518, 0.00020279744057916105, 0.0001849769614636898, 0.00018091837409883738, 0.00017862227105069906, 0.0001682451693341136, 0.0001693825179245323, 0.00017185874457936734, 0.0001743270840961486, 0.0001806712825782597, 0.00017658461001701653, 0.00019935188174713403, 0.00018087404896505177, 0.00016826167120598257, 0.00017248463700525463, 0.00016847369261085987]}