{"loss": [0.001825976651161909, 0.0006335811922326684, 0.0002825964184012264, 0.00020109677279833704, 0.00016718330152798444, 0.00014772990834899247, 0.00013392795517574996, 0.00012327490549068898, 0.00011990375787718222, 0.00011445740528870374, 0.00010631830082274973, 0.0001013626460917294, 9.799426334211603e-05, 9.717635839479044e-05, 9.226716792909428e-05, 9.32965922402218e-05, 9.269620932172984e-05, 8.672727562952787e-05, 8.549170888727531e-05, 8.535757660865784e-05, 8.586581679992378e-05, 8.534287917427719e-05, 8.183627505786717e-05, 8.423459075856954e-05, 7.925231329863891e-05, 7.739504508208483e-05, 7.79837355366908e-05, 7.769672811264172e-05, 8.489558240398765e-05, 9.108800441026688e-05, 7.584360719192773e-05, 7.62950221542269e-05, 7.284029561560601e-05, 7.255069067468867e-05, 7.302502490347251e-05, 7.589520828332752e-05, 7.327692583203316e-05, 6.975915312068537e-05, 6.92622343194671e-05, 7.370670209638774e-05, 7.245331653393805e-05, 7.049964915495366e-05, 7.241837010951713e-05, 6.921377644175664e-05, 6.559573375852779e-05, 6.692011083941907e-05, 6.865468458272517e-05], "mse": [0.001825976651161909, 0.0006335811922326684, 0.0002825964184012264, 0.00020109677279833704, 0.00016718330152798444, 0.00014772990834899247, 0.00013392795517574996, 0.00012327490549068898, 0.00011990375787718222, 0.00011445740528870374, 0.0001063182862708345, 0.0001013626460917294, 9.799426334211603e-05, 9.717635839479044e-05, 9.226716792909428e-05, 9.32965922402218e-05, 9.269620932172984e-05, 8.672727562952787e-05, 8.549170888727531e-05, 8.535757660865784e-05, 8.586581679992378e-05, 8.534287917427719e-05, 8.183627505786717e-05, 8.423459075856954e-05, 7.925231329863891e-05, 7.739504508208483e-05, 7.79837355366908e-05, 7.769672811264172e-05, 8.489558240398765e-05, 9.108800441026688e-05, 7.584360719192773e-05, 7.62950221542269e-05, 7.284029561560601e-05, 7.255069067468867e-05, 7.302502490347251e-05, 7.589520828332752e-05, 7.327692583203316e-05, 6.975915312068537e-05, 6.926221976755187e-05, 7.370670209638774e-05, 7.245331653393805e-05, 7.049964915495366e-05, 7.241837010951713e-05, 6.921377644175664e-05, 6.559573375852779e-05, 6.692011083941907e-05, 6.865468458272517e-05], "val_loss": [0.0008326256065629423, 0.0003318580274935812, 0.00023725397477392107, 0.00018789138994179666, 0.0001668076147325337, 0.00015091254317667335, 0.00014787957479711622, 0.00013183064584154636, 0.00013743875024374574, 0.00013335273251868784, 0.00012614636216312647, 0.0001182558698928915, 0.00011026221909560263, 0.00011015111522283405, 0.00010748494241852313, 0.00011087241000495851, 0.0001100141744245775, 0.00010414371354272589, 0.00010712729999795556, 0.00010302545706508681, 0.0001109240110963583, 0.00010888939868891612, 0.00010168566950596869, 9.940480958903208e-05, 0.00011408851423766464, 9.923600009642541e-05, 0.00010562083480181172, 0.00011342548532411456, 0.00010349807416787371, 0.0001019559713313356, 0.00010681156709324569, 9.737921209307387e-05, 0.00010054435551865026, 0.00010266665049130097, 0.00010959944484056905, 0.0001002027202048339, 9.515143028693274e-05, 9.805829904507846e-05, 9.821877029025927e-05, 0.00010245975863654166, 0.00010390277748228982, 0.00010037738684331998, 9.965214849216864e-05, 9.531102114124224e-05, 0.00010364203626522794, 9.835548553382978e-05, 0.00010145690612262115], "val_mse": [0.0008326256065629423, 0.0003318580274935812, 0.00023725401842966676, 0.00018789138994179666, 0.0001668076147325337, 0.00015091254317667335, 0.00014787957479711622, 0.00013183064584154636, 0.00013743875024374574, 0.00013335273251868784, 0.00012614636216312647, 0.0001182558698928915, 0.00011026221909560263, 0.00011015111522283405, 0.00010748494241852313, 0.00011087241000495851, 0.00011001419625245035, 0.00010414370626676828, 0.00010712729999795556, 0.00010302545706508681, 0.0001109240110963583, 0.00010888939868891612, 0.00010168566950596869, 9.940480958903208e-05, 0.00011408851423766464, 9.923600009642541e-05, 0.00010562084935372695, 0.00011342547804815695, 0.00010349807416787371, 0.0001019559713313356, 0.00010681156709324569, 9.737921209307387e-05, 0.00010054435551865026, 0.00010266665049130097, 0.00010959944484056905, 0.0001002027202048339, 9.515143028693274e-05, 9.805829904507846e-05, 9.821876301430166e-05, 0.00010245975863654166, 0.00010390277748228982, 0.00010037738684331998, 9.965214849216864e-05, 9.531102114124224e-05, 0.00010364203626522794, 9.835548553382978e-05, 0.00010145691339857876]}