{"loss": [0.0016370443627238274, 0.000531966972630471, 0.00020402124209795147, 0.0001219123660121113, 8.698923193151131e-05, 7.187545270426199e-05, 5.569346103584394e-05, 4.688626722781919e-05, 4.130304660066031e-05, 4.0194514440372586e-05, 3.807595930993557e-05, 3.1852920074015856e-05, 3.142889909213409e-05, 3.11450166918803e-05, 2.736007809289731e-05, 2.6079400413436815e-05, 2.4684879463166e-05, 2.3555718144052662e-05, 2.2994345272309147e-05, 2.2408104996429756e-05, 2.2170750526129268e-05, 2.1879428459214978e-05, 2.1858382751815952e-05, 1.973603866645135e-05, 1.8644326701178215e-05, 1.7318569007329643e-05, 1.726533992041368e-05, 1.7078489690902643e-05, 1.6614769265288487e-05, 1.745256122376304e-05, 1.6584341210545972e-05, 1.711880395305343e-05, 1.5683872334193438e-05, 1.5072524547576904e-05, 1.4807184925302863e-05, 1.6237383533734828e-05, 1.5626468666596338e-05, 1.3417720765573904e-05, 1.2694095858023502e-05, 1.3247402421256993e-05, 1.250958757736953e-05, 1.3458730791171547e-05, 1.2752420843753498e-05, 1.2917224012198858e-05, 1.2660004358622245e-05, 1.3230175682110712e-05, 1.1164257557538804e-05, 1.2001621144008823e-05, 1.3648890671902336e-05, 1.128936855820939e-05, 1.1010734851879533e-05, 1.1582767001527827e-05, 1.08712356450269e-05, 1.1654128684313037e-05, 1.1611648005782627e-05, 1.0983848369505722e-05, 1.0536025911278557e-05, 1.0507385013625026e-05, 9.765129107108805e-06, 1.058202724379953e-05, 1.0188274245592766e-05, 1.0185402061324567e-05, 1.1600799552979879e-05, 1.0651006959960796e-05, 1.0064233720186166e-05, 9.858149496722035e-06, 9.815171324589755e-06, 1.0646909686329309e-05, 8.823503776511643e-06, 8.890824574336875e-06, 9.40559220907744e-06, 9.108660378842615e-06, 9.917357601807453e-06, 9.354000212624669e-06, 9.754053280630615e-06, 9.180525012197904e-06, 8.651432835904416e-06, 9.793795470613986e-06, 9.23155494092498e-06, 8.700216312718112e-06, 8.787155820755288e-06, 8.908040399546735e-06, 9.441801012144424e-06, 8.727146450837608e-06, 7.74739783082623e-06, 7.502669632231118e-06, 7.183845355029916e-06, 7.146364623622503e-06, 7.512305728596402e-06, 8.471156434097793e-06, 8.228012120525818e-06, 7.657578862563241e-06, 8.75608020578511e-06, 8.313249054481275e-06, 7.3254886956419796e-06, 8.027351213968359e-06, 7.047333838272607e-06, 7.554073818027973e-06, 8.649297342344653e-06, 7.567587090306915e-06, 7.944256140035577e-06, 9.039152246259619e-06, 7.429390279867221e-06, 7.475242455257103e-06, 8.298768989334349e-06], "mse": [0.0016370443627238274, 0.000531966972630471, 0.00020402124209795147, 0.0001219123660121113, 8.698923193151131e-05, 7.187545270426199e-05, 5.569346103584394e-05, 4.688626722781919e-05, 4.130304660066031e-05, 4.0194514440372586e-05, 3.807595930993557e-05, 3.1852920074015856e-05, 3.142889909213409e-05, 3.11450166918803e-05, 2.736007809289731e-05, 2.6079400413436815e-05, 2.4684879463166e-05, 2.3555718144052662e-05, 2.2994345272309147e-05, 2.2408104996429756e-05, 2.2170750526129268e-05, 2.1879428459214978e-05, 2.1858382751815952e-05, 1.9736040485440753e-05, 1.8644326701178215e-05, 1.7318569007329643e-05, 1.726533992041368e-05, 1.7078489690902643e-05, 1.6614769265288487e-05, 1.745256122376304e-05, 1.6584341210545972e-05, 1.711880395305343e-05, 1.5683872334193438e-05, 1.5072521819092799e-05, 1.4807184925302863e-05, 1.6237385352724232e-05, 1.5626468666596338e-05, 1.3417720765573904e-05, 1.2694095858023502e-05, 1.3247402421256993e-05, 1.250958757736953e-05, 1.3458730791171547e-05, 1.2752420843753498e-05, 1.2917224012198858e-05, 1.2660004358622245e-05, 1.3230175682110712e-05, 1.1164257557538804e-05, 1.2001621144008823e-05, 1.3648890671902336e-05, 1.128936855820939e-05, 1.1010734851879533e-05, 1.1582767001527827e-05, 1.08712356450269e-05, 1.1654128684313037e-05, 1.1611648005782627e-05, 1.0983848369505722e-05, 1.0536025911278557e-05, 1.0507385013625026e-05, 9.765129107108805e-06, 1.058202724379953e-05, 1.0188274245592766e-05, 1.0185402061324567e-05, 1.1600799552979879e-05, 1.0651006959960796e-05, 1.0064233720186166e-05, 9.858149496722035e-06, 9.815171324589755e-06, 1.0646909686329309e-05, 8.823503776511643e-06, 8.890824574336875e-06, 9.40559220907744e-06, 9.108660378842615e-06, 9.917357601807453e-06, 9.354001122119371e-06, 9.754053280630615e-06, 9.180525012197904e-06, 8.651432835904416e-06, 9.793795470613986e-06, 9.23155494092498e-06, 8.700216312718112e-06, 8.787155820755288e-06, 8.908040399546735e-06, 9.441801012144424e-06, 8.727146450837608e-06, 7.74739783082623e-06, 7.502669632231118e-06, 7.183845355029916e-06, 7.146364623622503e-06, 7.512305728596402e-06, 8.471156434097793e-06, 8.228012120525818e-06, 7.657578862563241e-06, 8.75608020578511e-06, 8.313249054481275e-06, 7.3254886956419796e-06, 8.027351213968359e-06, 7.047333838272607e-06, 7.554073818027973e-06, 8.649297342344653e-06, 7.567587090306915e-06, 7.944257049530279e-06, 9.039152246259619e-06, 7.429390279867221e-06, 7.475242455257103e-06, 8.298768989334349e-06], "val_loss": [0.0009386923629790545, 0.00035214118543080986, 0.00016482967475894839, 0.0001223137805936858, 9.989156387746334e-05, 8.505432197125629e-05, 7.390652172034606e-05, 6.920463056303561e-05, 6.300966924754903e-05, 8.427542343270034e-05, 5.732266799896024e-05, 5.602424789685756e-05, 5.667852747137658e-05, 5.058858369011432e-05, 4.892492142971605e-05, 4.772843749378808e-05, 4.602117769536562e-05, 4.8268469981849194e-05, 4.7940393415046856e-05, 5.220785169512965e-05, 4.332880416768603e-05, 4.300251021049917e-05, 4.390090180095285e-05, 4.244063893565908e-05, 3.907728387275711e-05, 4.0971575799630955e-05, 3.833534719888121e-05, 4.2347051930846646e-05, 3.799277328653261e-05, 3.955302236136049e-05, 3.698731597978622e-05, 3.606303289416246e-05, 4.2575156840030104e-05, 3.531271795509383e-05, 3.7636396882589906e-05, 4.174733112449758e-05, 3.5533936170395464e-05, 3.504790220176801e-05, 3.938124064006843e-05, 3.3703679946484044e-05, 3.7374120438471437e-05, 3.487988215056248e-05, 3.513167757773772e-05, 3.462171298451722e-05, 3.4395252441754565e-05, 3.2499650842510164e-05, 3.344757715240121e-05, 3.482544707367197e-05, 3.3385862479917705e-05, 3.2143179851118475e-05, 3.280695455032401e-05, 3.2313502742908895e-05, 3.1815958209335804e-05, 3.955731517635286e-05, 3.426313560339622e-05, 3.089348683715798e-05, 3.285431012045592e-05, 3.2383992220275104e-05, 3.060733433812857e-05, 3.044377990590874e-05, 3.3040400012396276e-05, 3.0677838367410004e-05, 3.080328315263614e-05, 3.15916258841753e-05, 3.208659836673178e-05, 3.242071397835389e-05, 3.061475217691623e-05, 2.9310418540262617e-05, 3.190858114976436e-05, 3.141065462841652e-05, 2.9369026378844865e-05, 3.051002204301767e-05, 2.9287208235473372e-05, 2.8600930818356574e-05, 3.068941077799536e-05, 3.258373908465728e-05, 2.9449656722135842e-05, 3.057307185372338e-05, 3.037356145796366e-05, 3.0809344025328755e-05, 2.8045287763234228e-05, 3.8365549698937684e-05, 3.098620436503552e-05, 2.811974445648957e-05, 2.904795292124618e-05, 2.794848842313513e-05, 2.8243521228432655e-05, 2.752983164100442e-05, 2.8548041882459074e-05, 2.9485132472473197e-05, 2.9076565624563955e-05, 2.8840897357440554e-05, 3.0432094717980362e-05, 2.85161477222573e-05, 2.7294530809740536e-05, 2.7849688194692135e-05, 2.942599166999571e-05, 2.9629398341057822e-05, 3.0345801860676147e-05, 2.7782611141446978e-05, 2.8079142794013023e-05, 3.087176810367964e-05, 2.892533302656375e-05, 3.183634180459194e-05, 2.7491152650327422e-05],