{"loss": [0.0017863708781078458, 0.0007228633621707559, 0.000299490726320073, 0.00012818376126233488, 9.414475061930716e-05, 8.07559845270589e-05, 6.618948100367561e-05, 5.5034943216014653e-05, 4.746012564282864e-05, 3.9783772081136703e-05, 3.605570236686617e-05, 3.3368549338774756e-05, 2.9403272492345423e-05, 2.6390771381556988e-05, 2.4255412427010015e-05, 2.334221062483266e-05, 2.1445592210511677e-05, 2.1221323549980298e-05, 2.0525210857158527e-05, 1.8076209016726352e-05, 1.9338631318532862e-05, 1.6830948879942298e-05, 1.6198820958379656e-05, 1.6347335986210965e-05, 1.570770109537989e-05, 1.4353606275108177e-05, 1.424543825123692e-05, 1.3372522516874596e-05, 1.3999994735058863e-05, 1.2494362636061851e-05, 1.1720781913027167e-05, 1.2028034689137712e-05, 1.1557376637938432e-05, 1.0920409295067657e-05, 1.0253457730868831e-05, 1.059869464370422e-05, 9.994287211156916e-06, 1.0265149285260122e-05, 1.011444146570284e-05, 9.498362487647682e-06, 9.3379594545695e-06, 9.341794793726876e-06, 9.109588063438423e-06, 1.4022675713931676e-05, 1.1633224858087488e-05, 7.808645023033023e-06, 7.525473847636022e-06, 7.648122846148908e-06, 8.250364771811292e-06, 7.904065569164231e-06, 7.867487511248328e-06, 7.112875664461171e-06, 7.036974238872062e-06, 6.59853049000958e-06, 7.085592187650036e-06, 6.611138815060258e-06, 5.968949608359253e-06, 1.0895866580540314e-05, 6.773204859200632e-06, 6.7808300627802964e-06, 8.099264960037544e-06, 5.7582401495892555e-06, 5.885388418391813e-06, 5.5275177146540955e-06, 5.961167516943533e-06, 6.2540661929233465e-06, 6.185233360156417e-06, 4.957479177392088e-06, 5.893966317671584e-06, 6.259196652536048e-06, 5.878513547941111e-06, 5.383579264162108e-06, 4.741444172395859e-06, 4.775741672347067e-06, 5.8993314269173425e-06, 5.06811193190515e-06, 5.73833858652506e-06], "mse": [0.0017863708781078458, 0.0007228633621707559, 0.000299490726320073, 0.00012818376126233488, 9.414475061930716e-05, 8.07559845270589e-05, 6.618948100367561e-05, 5.5034943216014653e-05, 4.746012564282864e-05, 3.9783772081136703e-05, 3.605570236686617e-05, 3.3368549338774756e-05, 2.9403272492345423e-05, 2.6390771381556988e-05, 2.4255412427010015e-05, 2.334221062483266e-05, 2.1445592210511677e-05, 2.1221323549980298e-05, 2.0525210857158527e-05, 1.8076209016726352e-05, 1.9338631318532862e-05, 1.6830948879942298e-05, 1.6198820958379656e-05, 1.6347335986210965e-05, 1.5707702914369293e-05, 1.4353606275108177e-05, 1.424543825123692e-05, 1.3372522516874596e-05, 1.3999994735058863e-05, 1.2494362636061851e-05, 1.1720781913027167e-05, 1.2028034689137712e-05, 1.1557376637938432e-05, 1.0920409295067657e-05, 1.0253457730868831e-05, 1.059869464370422e-05, 9.994287211156916e-06, 1.0265149285260122e-05, 1.011444146570284e-05, 9.49836157815298e-06, 9.3379594545695e-06, 9.341794793726876e-06, 9.109588063438423e-06, 1.4022675713931676e-05, 1.1633224858087488e-05, 7.808645023033023e-06, 7.525473847636022e-06, 7.648122846148908e-06, 8.250364771811292e-06, 7.904065569164231e-06, 7.867487511248328e-06, 7.112875664461171e-06, 7.036974238872062e-06, 6.59853049000958e-06, 7.085592187650036e-06, 6.611138815060258e-06, 5.968949608359253e-06, 1.0895866580540314e-05, 6.773204859200632e-06, 6.7808300627802964e-06, 8.099264960037544e-06, 5.758239240094554e-06, 5.885388418391813e-06, 5.5275177146540955e-06, 5.961167516943533e-06, 6.2540661929233465e-06, 6.185233360156417e-06, 4.957479177392088e-06, 5.893966317671584e-06, 6.259196652536048e-06, 5.878513547941111e-06, 5.383579264162108e-06, 4.741444172395859e-06, 4.775741672347067e-06, 5.8993314269173425e-06, 5.06811193190515e-06, 5.73833858652506e-06], "val_loss": [0.0009797395905479789, 0.0004043476947117597, 0.00014767413085792214, 0.00010802497126860544, 8.301970228785649e-05, 7.287974585779011e-05, 7.009380351519212e-05, 5.259895988274366e-05, 4.666898894356564e-05, 4.336197525844909e-05, 3.96688592445571e-05, 3.7914862332399935e-05, 3.534605639288202e-05, 3.473762990324758e-05, 3.236031989217736e-05, 3.27043017023243e-05, 3.2115010981215164e-05, 3.27269226545468e-05, 2.8677312002400868e-05, 3.8138361560413614e-05, 2.594435864011757e-05, 2.3999167751753703e-05, 2.556880281190388e-05, 2.5706853193696588e-05, 2.6342393539380282e-05, 2.8631009627133608e-05, 2.214326013927348e-05, 2.435228816466406e-05, 2.1800922695547342e-05, 2.0964564100722782e-05, 2.135881186404731e-05, 2.0555389710352756e-05, 2.1299569198163226e-05, 1.9573330064304173e-05, 2.3176353352027945e-05, 2.0173292796243913e-05, 1.986609277082607e-05, 3.0158082154230215e-05, 2.7072637749370188e-05, 1.936811167979613e-05, 2.300568849022966e-05, 1.8035074390354566e-05, 2.5915484002325684e-05, 2.0707833755295724e-05, 1.9612789401435293e-05, 1.9364888430573046e-05, 1.897968104458414e-05, 1.7465090422774665e-05, 2.0005516489618458e-05, 1.697086736385245e-05, 1.8274296962772496e-05, 1.7746675439411774e-05, 1.7429492800147273e-05, 2.181188392569311e-05, 2.0057173969689757e-05, 1.777462057361845e-05, 1.683896334725432e-05, 1.658449946262408e-05, 2.103446240653284e-05, 2.208032128692139e-05, 1.65379806276178e-05, 1.6294334272970445e-05, 1.6694795704097487e-05, 1.5932922906358726e-05, 1.763538966770284e-05, 1.604640419827774e-05, 1.4968066352594178e-05, 1.685552706476301e-05, 2.1146763174328953e-05, 1.666348907747306e-05, 1.9652192349894904e-05, 1.7080872567021288e-05, 1.6247544408543035e-05, 1.5026744222268462e-05, 1.4997705875430256e-05, 1.749995135469362e-05, 1.551514105813112e-05], "val_mse": [0.0009797395905479789, 0.0004043476947117597, 0.00014767413085792214, 0.00010802497126860544, 8.301970228785649e-05, 7.287974585779011e-05, 7.009380351519212e-05, 5.259895988274366e-05, 4.666898894356564e-05, 4.336197525844909e-05, 3.96688592445571e-05, 3.7914862332399935e-05, 3.534605639288202e-05, 3.473762990324758e-05, 3.236031989217736e-05, 3.27043017023243e-05, 3.2115010981215164e-05, 3.27269226545468e-05, 2.8677312002400868e-05, 3.8138361560413614e-05, 2.594435864011757e-05, 2.3999167751753703e-05, 2.5568799173925072e-05, 2.5706853193696588e-05, 2.6342393539380282e-05, 2.8631009627133608e-05, 2.214326013927348e-05, 2.435228816466406e-05, 2.1800922695547342e-05, 2.0964564100722782e-05, 2.135881186404731e-05, 2.0555389710352756e-05, 2.1299569198163226e-05, 1.9573330064304173e-05, 2.3176353352027945e-05, 2.0173292796243913e-05, 1.986609277082607e-05, 3.0158082154230215e-05, 2.7072637749370188e-05, 1.936811167979613e-05, 2.300568849022966e-05, 1.8035074390354566e-05, 2.5915484002325684e-05, 2.0707833755295724e-05, 1.9612789401435293e-05, 1.9364892068551853e-05, 1.897968104458414e-05, 1.7465090422774665e-05, 2.0005516489618458e-05, 1.697086736385245e-05, 1.8274296962772496e-05, 1.7746675439411774e-05, 1.7429492800147273e-05, 2.181188392569311e-05, 2.0057177607668564e-05, 1.777462057361845e-05, 1.683896334725432e-05, 1.658449946262408e-05, 2.103446240653284e-05, 2.208032128692139e-05, 1.65379806276178e-05, 1.6294334272970445e-05, 1.6694795704097487e-05, 1.5932922906358726e-05, 1.763538966770284e-05, 1.604640419827774e-05, 1.4968066352594178e-05, 1.685552706476301e-05, 2.1146763174328953e-05, 1.666348907747306e-05, 1.9652192349894904e-05, 1.7080872567021288e-05, 1.6247544408543035e-05, 1.5026744222268462e-05, 1.4997705875430256e-05, 1.749995135469362e-05, 1.551514105813112e-05]}