{"loss": [0.0038635977543890476, 0.0007953318418003619, 0.0004521686350926757, 0.00036183587508276105, 0.0003212968586012721, 0.0002991450601257384, 0.0002841988462023437, 0.000263557507423684, 0.00026000861544162035, 0.0002501375856809318, 0.00023040555242914706, 0.00022632726177107543, 0.00022519132471643388, 0.0002146805782103911, 0.00021301170636434108, 0.00021363813721109182, 0.0002217175206169486, 0.00021982188627589494, 0.00019885526853613555, 0.00019864205387420952, 0.00019870177493430674, 0.00020989010226912796, 0.0001927674893522635, 0.00018533591355662793, 0.00019002583576366305, 0.00018582027405500412, 0.00018446281319484115, 0.00019268464529886842, 0.00018990240641869605, 0.0001868558319984004, 0.0001795945136109367, 0.00017502455739304423, 0.00018714954785536975, 0.00018766721768770367, 0.00017692302935756743, 0.00018015086243394762, 0.00018973516125697643], "mse": [0.0038635977543890476, 0.0007953318418003619, 0.0004521686350926757, 0.00036183587508276105, 0.0003212968586012721, 0.0002991450601257384, 0.0002841988462023437, 0.000263557507423684, 0.00026000861544162035, 0.0002501375856809318, 0.00023040555242914706, 0.00022632726177107543, 0.00022519132471643388, 0.0002146805782103911, 0.00021301170636434108, 0.00021363813721109182, 0.0002217175206169486, 0.00021982188627589494, 0.00019885526853613555, 0.00019864205387420952, 0.00019870177493430674, 0.00020989010226912796, 0.0001927674893522635, 0.00018533591355662793, 0.00019002583576366305, 0.00018582027405500412, 0.00018446281319484115, 0.00019268464529886842, 0.00018990240641869605, 0.0001868558319984004, 0.0001795945136109367, 0.00017502455739304423, 0.00018714954785536975, 0.00018766721768770367, 0.00017692302935756743, 0.00018015086243394762, 0.0001897352049127221], "val_loss": [0.0010739074787124991, 0.00040592506411485374, 0.0003521488106343895, 0.00024776329519227147, 0.00022636314679402858, 0.00024081226729322225, 0.0002090072666760534, 0.0002081014245050028, 0.0001864424702944234, 0.0001588858722243458, 0.00016679662803653628, 0.00017232756363227963, 0.0001916128967422992, 0.00015431763313245028, 0.00016682835121173412, 0.00014179012214299291, 0.00016518152551725507, 0.00015350263856817037, 0.00014566561731044203, 0.00014717067824676633, 0.000147210928844288, 0.00016824041085783392, 0.0001353841507807374, 0.00016138871433213353, 0.00014100849512033165, 0.00014490500325337052, 0.00013340938312467188, 0.00016488369146827608, 0.00015140781761147082, 0.00014576659305021167, 0.00015230351709760725, 0.0001594101486261934, 0.00014009307778906077, 0.0001529879664303735, 0.0001499697973486036, 0.0001467586844228208, 0.00016517504991497844], "val_mse": [0.0010739074787124991, 0.00040592506411485374, 0.0003521488106343895, 0.00024776329519227147, 0.00022636314679402858, 0.00024081226729322225, 0.0002090072666760534, 0.0002081014245050028, 0.0001864424702944234, 0.00015888584312051535, 0.00016679662803653628, 0.00017232756363227963, 0.00019161288219038397, 0.00015431763313245028, 0.00016682835121173412, 0.00014179012214299291, 0.00016518152551725507, 0.00015350262401625514, 0.00014566561731044203, 0.00014717067824676633, 0.000147210928844288, 0.00016824041085783392, 0.0001353841507807374, 0.00016138871433213353, 0.00014100849512033165, 0.00014490500325337052, 0.00013340938312467188, 0.00016488369146827608, 0.00015140781761147082, 0.0001457665639463812, 0.00015230351709760725, 0.0001594101486261934, 0.00014009307778906077, 0.0001529879664303735, 0.0001499697973486036, 0.0001467586844228208, 0.00016517504991497844]}