{"loss": [0.006062926258891821, 0.004889367148280144, 0.0044513908214867115, 0.004181578289717436, 0.004100156016647816, 0.004065008368343115, 0.003944599535316229, 0.0038958352524787188, 0.0039078895933926105, 0.0038892438169568777, 0.00382781564258039, 0.0038261853624135256, 0.003830337431281805, 0.0038264556787908077, 0.0037952845450490713, 0.003754999954253435, 0.0037258118391036987, 0.0037209626752883196, 0.0037024628836661577, 0.0036779516376554966, 0.00367700750939548, 0.0036921631544828415, 0.0036915987730026245, 0.0036189393140375614, 0.00362836173735559, 0.0035922275856137276, 0.003604314988479018, 0.0035802992060780525, 0.0035851404536515474], "mse": [0.006062926258891821, 0.004889367148280144, 0.0044513908214867115, 0.0041815778240561485, 0.004100156016647816, 0.004065008368343115, 0.003944599535316229, 0.0038958352524787188, 0.0039078895933926105, 0.0038892438169568777, 0.00382781564258039, 0.0038261853624135256, 0.003830337431281805, 0.0038264556787908077, 0.0037952845450490713, 0.003754999954253435, 0.0037258118391036987, 0.0037209626752883196, 0.0037024628836661577, 0.0036779516376554966, 0.00367700750939548, 0.0036921631544828415, 0.0036915987730026245, 0.0036189393140375614, 0.00362836173735559, 0.0035922275856137276, 0.003604314988479018, 0.0035802992060780525, 0.0035851404536515474], "val_loss": [0.005840199533849955, 0.0055946302600204945, 0.00504325283691287, 0.004772989545017481, 0.0049481745809316635, 0.00454275356605649, 0.00450998404994607, 0.004527591168880463, 0.004428803455084562, 0.00454803416505456, 0.004439171403646469, 0.004504045471549034, 0.004838334862142801, 0.004410431254655123, 0.0044912551529705524, 0.004485901910811663, 0.004368931986391544, 0.004396156873553991, 0.004327221307903528, 0.0044517507776618, 0.004409111570566893, 0.004410053603351116, 0.004441665951162577, 0.00444272393360734, 0.004431950394064188, 0.004437595140188932, 0.004426661878824234, 0.004382507875561714, 0.004394197370857], "val_mse": [0.005840199533849955, 0.0055946302600204945, 0.00504325283691287, 0.004772989545017481, 0.0049481745809316635, 0.004542753100395203, 0.00450998404994607, 0.004527591168880463, 0.004428803455084562, 0.00454803416505456, 0.004439171403646469, 0.004504045471549034, 0.004838334862142801, 0.004410431254655123, 0.0044912551529705524, 0.004485901445150375, 0.004368931986391544, 0.004396156873553991, 0.004327221307903528, 0.0044517507776618, 0.004409111570566893, 0.004410053603351116, 0.004441665951162577, 0.00444272393360734, 0.004431950394064188, 0.004437595140188932, 0.004426661878824234, 0.004382507875561714, 0.004394197370857]}