{"loss": [0.00414219731464982, 0.0033728242851793766, 0.0026374973822385073, 0.0018838833784684539, 0.0013117038179188967, 0.0010292850201949477, 0.0008501961710862815, 0.0006909331423230469, 0.000562937231734395, 0.0004956370685249567, 0.00044700130820274353, 0.0004152084293309599, 0.0003640557115431875, 0.0003559005563147366, 0.00031502125784754753, 0.0003042973985429853, 0.0002929927140939981, 0.0002834147890098393, 0.0002682437770999968, 0.0002701152698136866, 0.0002575615362729877, 0.0002523462171666324, 0.00024409154138993472, 0.000245366885792464, 0.0002347674162592739, 0.00021807391021866351, 0.00021845621813554317, 0.0002065155131276697, 0.00020561592828016728, 0.00019992694433312863, 0.00020347019017208368, 0.0001917317567858845, 0.0001929586287587881], "mse": [0.00414219731464982, 0.0033728242851793766, 0.0026374973822385073, 0.0018838833784684539, 0.0013117038179188967, 0.0010292850201949477, 0.0008501961710862815, 0.0006909331423230469, 0.000562937231734395, 0.0004956370685249567, 0.00044700130820274353, 0.0004152084293309599, 0.0003640557115431875, 0.0003559005563147366, 0.00031502125784754753, 0.0003042973985429853, 0.0002929927140939981, 0.0002834147890098393, 0.0002682437770999968, 0.0002701152698136866, 0.0002575615362729877, 0.0002523462171666324, 0.00024409154138993472, 0.000245366885792464, 0.0002347674162592739, 0.00021807391021866351, 0.00021845621813554317, 0.0002065155131276697, 0.00020561592828016728, 0.00019992694433312863, 0.00020347019017208368, 0.0001917317567858845, 0.0001929586287587881], "val_loss": [0.004453258588910103, 0.003499475074931979, 0.002400500001385808, 0.0015348183223977685, 0.0010253502987325191, 0.000883653003256768, 0.0008072182536125183, 0.0007259800331667066, 0.0006582924979738891, 0.0006366543238982558, 0.0006174637237563729, 0.0005379787762649357, 0.0004929465940222144, 0.0005067820893600583, 0.000503265589941293, 0.0005696765147149563, 0.0006147735984995961, 0.0005850836751051247, 0.0004843409697059542, 0.00045371419400908053, 0.0004872248973697424, 0.0005499678081832826, 0.000436318019637838, 0.0005239167949184775, 0.0005702775670215487, 0.0005046147853136063, 0.00046451707021333277, 0.0004752850509248674, 0.0004750549851451069, 0.0005674879066646099, 0.0004764680634252727, 0.00046233792090788484, 0.0005983729497529566], "val_mse": [0.004453258588910103, 0.003499475074931979, 0.002400500001385808, 0.0015348183223977685, 0.0010253502987325191, 0.000883653003256768, 0.0008072182536125183, 0.0007259800331667066, 0.0006582924979738891, 0.0006366543238982558, 0.0006174637237563729, 0.0005379787762649357, 0.0004929465940222144, 0.0005067820893600583, 0.000503265589941293, 0.0005696765147149563, 0.0006147735984995961, 0.0005850836751051247, 0.0004843409697059542, 0.00045371419400908053, 0.0004872248391620815, 0.0005499678081832826, 0.000436318019637838, 0.0005239167949184775, 0.0005702775670215487, 0.0005046147853136063, 0.00046451707021333277, 0.0004752850509248674, 0.0004750549851451069, 0.0005674879066646099, 0.0004764680634252727, 0.00046233792090788484, 0.0005983729497529566]}