{"loss": [0.00031142428633756936, 2.922749445133377e-05, 1.9206625438528135e-05, 1.446446458430728e-05, 1.3032942661084235e-05, 1.1650326086964924e-05, 1.0152753020520322e-05, 8.810655344859697e-06, 8.601802619523369e-06, 8.111915121844504e-06, 7.7043423516443e-06, 7.222668955364497e-06, 6.873039183119545e-06, 6.125661002442939e-06, 6.024718459229916e-06, 6.134029263193952e-06, 6.053092420188477e-06, 5.404976036516018e-06, 5.2757754929189105e-06, 5.521192633750616e-06, 4.783567874255823e-06, 5.218201295065228e-06, 5.281106950860703e-06, 4.324522706156131e-06, 4.397037628223188e-06, 4.704738785221707e-06, 4.2608598960214294e-06, 4.22536140831653e-06, 4.0537129279982764e-06, 4.2923657019855455e-06, 4.691552931035403e-06, 3.7921192870271625e-06, 3.7020536183263175e-06, 3.6819437809754163e-06, 4.14312899010838e-06, 3.6283056488173315e-06, 3.666762722787098e-06, 3.650650796771515e-06, 3.3307405828963965e-06, 3.6438066217669984e-06, 3.3555143090779893e-06, 3.4168269849033095e-06, 3.2344801184081007e-06, 3.474038976492011e-06, 3.1661713819630677e-06, 3.163584096910199e-06, 3.1650797609472647e-06, 3.2766006370366085e-06, 3.0635353596153436e-06, 3.0566206987714395e-06, 3.4265844988112804e-06, 3.078083409491228e-06, 2.655929392858525e-06, 2.705515043999185e-06, 2.7496685106598306e-06, 2.8794827358069597e-06, 2.938044872280443e-06, 3.116135985692381e-06, 2.7736132324207574e-06, 2.6980455913871992e-06, 2.5269789603044046e-06, 2.6204647838312667e-06, 2.679809085748275e-06, 2.8564309104694985e-06, 2.4877326723071747e-06, 2.7772621251642704e-06, 2.582799652373069e-06, 2.4374940039706416e-06, 2.4611565550003434e-06, 2.2546241780219134e-06, 2.600439302113955e-06, 2.4280907382490113e-06, 2.4845217012625653e-06, 2.398646529400139e-06, 2.403782445981051e-06, 2.3707380023552105e-06, 2.4620508156658616e-06, 2.1948542325844755e-06], "mse": [0.00031142428633756936, 2.922749445133377e-05, 1.9206625438528135e-05, 1.446446458430728e-05, 1.3032942661084235e-05, 1.1650326086964924e-05, 1.0152753020520322e-05, 8.810655344859697e-06, 8.601802619523369e-06, 8.111915121844504e-06, 7.7043423516443e-06, 7.222668955364497e-06, 6.873039183119545e-06, 6.125661002442939e-06, 6.024718459229916e-06, 6.134028808446601e-06, 6.053092420188477e-06, 5.404976036516018e-06, 5.2757754929189105e-06, 5.521192633750616e-06, 4.783568329003174e-06, 5.218201295065228e-06, 5.281106950860703e-06, 4.324522706156131e-06, 4.397037628223188e-06, 4.704738785221707e-06, 4.2608598960214294e-06, 4.225360953569179e-06, 4.0537129279982764e-06, 4.2923657019855455e-06, 4.691552931035403e-06, 3.7921192870271625e-06, 3.7020540730736684e-06, 3.6819437809754163e-06, 4.14312899010838e-06, 3.6283056488173315e-06, 3.666762722787098e-06, 3.650650796771515e-06, 3.3307405828963965e-06, 3.6438066217669984e-06, 3.3555145364516648e-06, 3.4168269849033095e-06, 3.2344801184081007e-06, 3.474038976492011e-06, 3.1661713819630677e-06, 3.163584096910199e-06, 3.1650797609472647e-06, 3.2766006370366085e-06, 3.0635353596153436e-06, 3.0566206987714395e-06, 3.4265844988112804e-06, 3.078083409491228e-06, 2.655929392858525e-06, 2.705515043999185e-06, 2.7496685106598306e-06, 2.8794827358069597e-06, 2.938044872280443e-06, 3.116135985692381e-06, 2.7736132324207574e-06, 2.6980455913871992e-06, 2.5269789603044046e-06, 2.6204647838312667e-06, 2.679809085748275e-06, 2.8564309104694985e-06, 2.4877326723071747e-06, 2.7772621251642704e-06, 2.582799652373069e-06, 2.4374940039706416e-06, 2.4611565550003434e-06, 2.254623950648238e-06, 2.600439302113955e-06, 2.4280907382490113e-06, 2.4845217012625653e-06, 2.398646529400139e-06, 2.403782445981051e-06, 2.3707380023552105e-06, 2.4620508156658616e-06, 2.1948540052108e-06], "val_loss": [3.934932828997262e-05, 3.0484339731629007e-05, 1.8438082406646572e-05, 1.562775651109405e-05, 1.4601175280404277e-05, 1.2437086297722999e-05, 1.1024068044207525e-05, 1.1148952580697369e-05, 1.4406935406441335e-05, 8.131393769872375e-06, 7.733058737358078e-06, 7.773803190502804e-06, 8.91113631951157e-06, 6.793017291784054e-06, 1.0496266440895852e-05, 6.502405085484497e-06, 8.058396815613378e-06, 7.192501925601391e-06, 9.824455446505453e-06, 1.149940271716332e-05, 7.4331037467345595e-06, 5.392533239501063e-06, 4.867786174145294e-06, 5.262038939690683e-06, 5.862794296263019e-06, 6.326664788502967e-06, 6.314789516181918e-06, 6.644153472734615e-06, 4.808034645975567e-06, 5.0824182835640386e-06, 4.89870171804796e-06, 5.332422006176785e-06, 5.055178007751238e-06, 4.625106612365926e-06, 4.529531906882767e-06, 4.443908437679056e-06, 4.06963272325811e-06, 4.336758138379082e-06, 4.465405254450161e-06, 4.690633886639262e-06, 3.984928753197892e-06, 5.082599273009691e-06, 5.978235549264355e-06, 4.5091696847521234e-06, 3.969964836869622e-06, 4.712226655101404e-06, 4.380859991215402e-06, 4.036338395962957e-06, 4.092058134119725e-06, 4.1827001950878184e-06, 3.9509563976025674e-06, 3.3842304674180923e-06, 3.8286780181806535e-06, 4.243774583301274e-06, 6.181357093737461e-06, 3.7053609958093148e-06, 5.049431820225436e-06, 4.96640132041648e-06, 6.3121956372924615e-06, 3.342096988490084e-06, 3.6630488011724083e-06, 3.830260538961738e-06, 3.1798665531823644e-06, 3.4462166240700753e-06, 3.826061401923653e-06, 3.6306673791841604e-06, 4.353103577159345e-06, 3.165507678204449e-06, 3.7688571410399163e-06, 3.6577164337359136e-06, 3.3058142889785813e-06, 4.6923528316256125e-06, 3.3818871543189744e-06, 3.5728437524085166e-06, 3.3475498639745638e-06, 4.666867425839882e-06, 3.5281807413412025e-06, 3.3576411624380853e-06], "val_mse": [3.934932828997262e-05, 3.0484339731629007e-05, 1.8438082406646572e-05, 1.562775651109405e-05, 1.4601175280404277e-05, 1.2437086297722999e-05, 1.1024068044207525e-05, 1.1148952580697369e-05, 1.4406935406441335e-05, 8.131393769872375e-06, 7.733058737358078e-06, 7.773803190502804e-06, 8.91113631951157e-06, 6.793016382289352e-06, 1.0496266440895852e-05, 6.502405085484497e-06, 8.058396815613378e-06, 7.192501925601391e-06, 9.824455446505453e-06, 1.149940271716332e-05, 7.43310420148191e-06, 5.392533239501063e-06, 4.867786174145294e-06, 5.262038939690683e-06, 5.862794296263019e-06, 6.326664788502967e-06, 6.314789970929269e-06, 6.644153472734615e-06, 4.808034645975567e-06, 5.0824182835640386e-06, 4.89870171804796e-06, 5.332422006176785e-06, 5.055178007751238e-06, 4.625106612365926e-06, 4.529531906882767e-06, 4.443908437679056e-06, 4.06963272325811e-06, 4.336758138379082e-06, 4.465405254450161e-06, 4.690633886639262e-06, 3.984928753197892e-06, 5.082599273009691e-06, 5.978235549264355e-06, 4.5091696847521234e-06, 3.969964836869622e-06, 4.712226655101404e-06, 4.380859991215402e-06, 4.036338395962957e-06, 4.092058134119725e-06, 4.1827001950878184e-06, 3.9509563976025674e-06, 3.3842304674180923e-06, 3.8286780181806535e-06, 4.243774583301274e-06, 6.181357093737461e-06, 3.7053609958093148e-06, 5.049431820225436e-06, 4.96640132041648e-06, 6.3121956372924615e-06, 3.342096988490084e-06, 3.6630488011724083e-06, 3.830260538961738e-06, 3.1798665531823644e-06, 3.4462166240700753e-06, 3.826061401923653e-06, 3.6306673791841604e-06, 4.353103577159345e-06, 3.165507678204449e-06, 3.7688571410399163e-06, 3.6577164337359136e-06, 3.3058142889785813e-06, 4.6923528316256125e-06, 3.3818871543189744e-06, 3.5728437524085166e-06, 3.347549409227213e-06, 4.666867425839882e-06, 3.5281807413412025e-06, 3.3576411624380853e-06]}