{"loss": [0.0067044333554804325, 0.0033164415508508682, 0.0018912593368440866, 0.0014304849319159985, 0.0010782810859382153, 0.0008028204319998622, 0.000620002974756062, 0.0005422985414043069, 0.00045175926061347127, 0.0004416142182890326, 0.000388951797503978, 0.00035497124190442264, 0.0003313728957436979, 0.0003192010917700827, 0.0003070426173508167, 0.00029441126389428973, 0.0002766428515315056, 0.00026676998822949827, 0.00025868951342999935, 0.00026739086024463177, 0.00026776856975629926, 0.00024257029872387648, 0.0002426082210149616, 0.000253872771281749, 0.00023274761042557657, 0.00022510676353704184, 0.00021250071586109698, 0.00021212096908129752, 0.00022393844847101718, 0.00022281715064309537, 0.0002014480996876955, 0.00020138468244113028, 0.0002001317625399679, 0.0001939823414431885, 0.00018911507504526526, 0.00019345256441738456, 0.00018468653433956206, 0.00018848045147024095, 0.00017965282313525677, 0.00017878020298667252, 0.00017235198174603283, 0.00016927093383856118, 0.0001710928336251527, 0.00017197038687299937, 0.0001729874056763947, 0.00016068485274445266, 0.0001634987274883315, 0.00016874192806426436, 0.000162237134645693, 0.00015709201397839934, 0.0001662438444327563, 0.00015986728249117732, 0.00015813749632798135, 0.0001590820320416242, 0.0001599901297595352, 0.00015156681183725595, 0.00015196576714515686, 0.00014920250396244228, 0.00014086194278206676, 0.00014993958757258952, 0.00016728907939977944], "mse": [0.0067044333554804325, 0.0033164415508508682, 0.0018912593368440866, 0.0014304849319159985, 0.0010782810859382153, 0.0008028204319998622, 0.000620002974756062, 0.0005422985414043069, 0.00045175926061347127, 0.0004416142182890326, 0.000388951797503978, 0.00035497124190442264, 0.0003313728957436979, 0.0003192010917700827, 0.0003070426173508167, 0.00029441126389428973, 0.0002766428515315056, 0.00026676998822949827, 0.00025868951342999935, 0.00026739086024463177, 0.00026776856975629926, 0.00024257029872387648, 0.0002426082210149616, 0.000253872771281749, 0.00023274763952940702, 0.00022510676353704184, 0.00021250071586109698, 0.00021212096908129752, 0.00022393844847101718, 0.00022281715064309537, 0.0002014480996876955, 0.00020138468244113028, 0.0002001317625399679, 0.0001939823414431885, 0.00018911507504526526, 0.00019345256441738456, 0.00018468653433956206, 0.00018848045147024095, 0.00017965282313525677, 0.00017878020298667252, 0.00017235198174603283, 0.00016927093383856118, 0.0001710928336251527, 0.00017197038687299937, 0.0001729874056763947, 0.00016068485274445266, 0.0001634987274883315, 0.00016874192806426436, 0.000162237134645693, 0.00015709201397839934, 0.0001662438444327563, 0.00015986728249117732, 0.00015813749632798135, 0.0001590820320416242, 0.00015999011520761997, 0.00015156681183725595, 0.00015196576714515686, 0.00014920250396244228, 0.00014086194278206676, 0.00014993958757258952, 0.00016728909395169467], "val_loss": [0.004301209468394518, 0.002244600560516119, 0.0017230408266186714, 0.0012687939452007413, 0.0009781753178685904, 0.0006616768660023808, 0.0005384331452660263, 0.0004603758570738137, 0.000448303937446326, 0.0004395044525153935, 0.00038314511766657233, 0.00035873017623089254, 0.00034447203506715596, 0.0003260616213083267, 0.0003361398121342063, 0.00031207973370328546, 0.0003029911022167653, 0.0002904004941228777, 0.00031607248820364475, 0.0002931436465587467, 0.00027534758555702865, 0.0002845601411536336, 0.000325250526657328, 0.0002844248083420098, 0.0003065576311200857, 0.00025884760543704033, 0.0002704564540181309, 0.00025833668769337237, 0.0002641495375428349, 0.0002461815602146089, 0.0002534104569349438, 0.0002698988246265799, 0.0002727415703702718, 0.00024769120500423014, 0.00023983977735042572, 0.00023879071522969753, 0.0002574687823653221, 0.0002298852923559025, 0.0002501595299690962, 0.00023338862229138613, 0.00021537591237574816, 0.00023443065583705902, 0.000223108334466815, 0.0002230450336355716, 0.0002176138514187187, 0.00021259863569866866, 0.0002596517442725599, 0.00021468095656018704, 0.0002193828986492008, 0.00024963534087873995, 0.00020793519797734916, 0.00021881097927689552, 0.0002338100748602301, 0.00026166025782004, 0.00022536609321832657, 0.0002161997399525717, 0.00023131343186832964, 0.00021147506777197123, 0.00022399667068384588, 0.0002464044373482466, 0.000209631776669994], "val_mse": [0.004301209468394518, 0.002244600560516119, 0.0017230408266186714, 0.0012687939452007413, 0.0009781753178685904, 0.0006616768660023808, 0.0005384331452660263, 0.0004603758570738137, 0.000448303937446326, 0.0004395044525153935, 0.00038314511766657233, 0.00035873017623089254, 0.0003444720059633255, 0.0003260616213083267, 0.0003361398121342063, 0.00031207973370328546, 0.0003029911022167653, 0.0002904004941228777, 0.00031607248820364475, 0.0002931436465587467, 0.00027534758555702865, 0.0002845601411536336, 0.000325250526657328, 0.0002844248083420098, 0.0003065576311200857, 0.00025884760543704033, 0.0002704564540181309, 0.00025833668769337237, 0.0002641495375428349, 0.0002461815602146089, 0.0002534104569349438, 0.0002698988246265799, 0.0002727415703702718, 0.00024769120500423014, 0.00023983977735042572, 0.00023879071522969753, 0.0002574687823653221, 0.0002298852923559025, 0.0002501595299690962, 0.00023338862229138613, 0.00021537591237574816, 0.00023443065583705902, 0.000223108334466815, 0.0002230450336355716, 0.0002176138514187187, 0.00021259863569866866, 0.0002596517151687294, 0.00021468095656018704, 0.0002193828986492008, 0.00024963534087873995, 0.00020793519797734916, 0.00021881097927689552, 0.0002338100748602301, 0.00026166025782004, 0.00022536609321832657, 0.0002161997399525717, 0.00023131343186832964, 0.00021147506777197123, 0.00022399667068384588, 0.0002464044373482466, 0.000209631776669994]}