{"loss": [0.002071514492854476, 0.0018064917530864477, 0.0015794411301612854, 0.0013609036104753613, 0.001117174164392054, 0.0008993440424092114, 0.0007491082069464028, 0.0006341707194224, 0.0005486607551574707, 0.0005102147115394473, 0.0004052240983583033, 0.0003229349385946989, 0.00027149877860210836, 0.00021747092250734568, 0.00018841509881895036, 0.0001641237613512203, 0.00014552169886883348, 0.000134532485390082, 0.0001192119307233952, 0.0001194185097119771, 0.0001180986437248066, 0.00010648371244315058, 0.00010580707021290436, 9.970711835194379e-05, 9.555755968904123e-05, 0.00010011179983848706, 0.00010449862747918814], "mse": [0.002071514492854476, 0.0018064917530864477, 0.0015794411301612854, 0.0013609036104753613, 0.001117174164392054, 0.0008993440424092114, 0.0007491082069464028, 0.0006341707194224, 0.0005486607551574707, 0.0005102147115394473, 0.0004052240983583033, 0.0003229349385946989, 0.00027149877860210836, 0.00021747092250734568, 0.00018841509881895036, 0.0001641237613512203, 0.00014552169886883348, 0.000134532485390082, 0.0001192119307233952, 0.0001194185097119771, 0.0001180986437248066, 0.00010648371244315058, 0.00010580707021290436, 9.970711835194379e-05, 9.555755968904123e-05, 0.00010011179983848706, 0.00010449862747918814], "val_loss": [0.00300197908654809, 0.0028297635726630688, 0.002252471400424838, 0.001948793651536107, 0.0014171510701999068, 0.0010442767525091767, 0.0007727049523964524, 0.000659405195619911, 0.0006953453412279487, 0.000566088710911572, 0.0003790318442042917, 0.00033641592017374933, 0.00030537095153704286, 0.00029318610904738307, 0.00028284412110224366, 0.00023725042410660535, 0.00018492901290301234, 0.00021388722234405577, 0.00029425122193060815, 0.00021981999452691525, 0.00021949251822661608, 0.00024837101227603853, 0.00022135351900942624, 0.0002450008178129792, 0.00022004502534400672, 0.00028298943652771413, 0.00025434326380491257], "val_mse": [0.00300197908654809, 0.0028297635726630688, 0.002252471400424838, 0.001948793651536107, 0.0014171510701999068, 0.0010442767525091767, 0.0007727049523964524, 0.000659405195619911, 0.0006953453412279487, 0.000566088710911572, 0.0003790318442042917, 0.00033641592017374933, 0.00030537095153704286, 0.00029318610904738307, 0.00028284412110224366, 0.0002372503950027749, 0.00018492901290301234, 0.00021388722234405577, 0.00029425122193060815, 0.00021981999452691525, 0.00021949251822661608, 0.00024837101227603853, 0.00022135351900942624, 0.0002450008178129792, 0.00022004502534400672, 0.00028298943652771413, 0.00025434326380491257]}