{"loss": [0.0024892245419323444, 0.0017746195662766695, 0.0013796560233458877, 0.0010446442756801844, 0.0008084748988039792, 0.0006574561120942235, 0.000532643694896251, 0.00047693532542325556, 0.00045765694812871516, 0.0004365655477158725, 0.0004163562844041735, 0.0004106059204787016, 0.00040954313590191305, 0.0003961738257203251, 0.00038370623951777816, 0.00038140578544698656, 0.0003711192694026977, 0.0003626934776548296, 0.0003601810894906521, 0.00035555142676457763, 0.0003569602267816663, 0.00034954689908772707], "mse": [0.0024892245419323444, 0.0017746195662766695, 0.0013796560233458877, 0.0010446442756801844, 0.0008084748988039792, 0.0006574561120942235, 0.000532643694896251, 0.00047693532542325556, 0.00045765694812871516, 0.0004365655477158725, 0.0004163562844041735, 0.0004106059204787016, 0.00040954313590191305, 0.0003961738257203251, 0.00038370623951777816, 0.0003814057563431561, 0.0003711192694026977, 0.0003626934776548296, 0.0003601810894906521, 0.00035555142676457763, 0.0003569602267816663, 0.00034954689908772707], "val_loss": [0.0019977609626948833, 0.0014124637236818671, 0.0009824383305385709, 0.000898518250323832, 0.000544038659427315, 0.000517409760504961, 0.0005698342574760318, 0.0005119432462379336, 0.0005598600255325437, 0.0005719168111681938, 0.0005092576029710472, 0.00048372437595389783, 0.0005119722336530685, 0.0005383403040468693, 0.0005046905134804547, 0.000510195386596024, 0.0005200736923143268, 0.0005393348401412368, 0.0005385336698964238, 0.0005578332347795367, 0.000541998422704637, 0.0005135511746630073], "val_mse": [0.0019977609626948833, 0.0014124637236818671, 0.0009824383305385709, 0.000898518250323832, 0.000544038659427315, 0.000517409760504961, 0.0005698343156836927, 0.0005119432462379336, 0.0005598600255325437, 0.0005719168111681938, 0.0005092576029710472, 0.00048372437595389783, 0.0005119722336530685, 0.0005383403040468693, 0.0005046905134804547, 0.000510195386596024, 0.0005200736923143268, 0.0005393348401412368, 0.0005385336698964238, 0.0005578332347795367, 0.000541998422704637, 0.0005135511746630073]}