{"loss": [0.06939458101987839, 0.06616940349340439, 0.06437830626964569, 0.06322427839040756, 0.062270790338516235, 0.06123941019177437, 0.0602673664689064, 0.05957094952464104, 0.05887293815612793, 0.05767719820141792, 0.05684493109583855], "mse": [0.06939458101987839, 0.06616940349340439, 0.06437830626964569, 0.06322427839040756, 0.062270790338516235, 0.06123941019177437, 0.0602673664689064, 0.05957094952464104, 0.05887293815612793, 0.05767719820141792, 0.05684493109583855], "val_loss": [0.07245750725269318, 0.07416173070669174, 0.07279487699270248, 0.0739874467253685, 0.07433350384235382, 0.07354043424129486, 0.07390423119068146, 0.07668226957321167, 0.07430814206600189, 0.07833167910575867, 0.07578720152378082], "val_mse": [0.07245750725269318, 0.07416173070669174, 0.07279487699270248, 0.0739874467253685, 0.07433350384235382, 0.07354043424129486, 0.07390423119068146, 0.07668226957321167, 0.07430814206600189, 0.07833168655633926, 0.07578720152378082]}