{"loss": [0.0015995427966117859, 0.0005261035403236747, 0.0002065797889372334, 0.00011245077621424571, 8.10168421594426e-05, 5.988551856717095e-05, 4.9395981477573514e-05, 4.281073051970452e-05, 3.739660314749926e-05, 3.168824696331285e-05, 3.044852019229438e-05, 2.6044937840197235e-05, 2.4257475160993636e-05, 2.308453622390516e-05, 2.0708092051791027e-05, 1.8735052435658872e-05, 1.9266979506937787e-05, 1.8440325220581144e-05, 1.8212367649539374e-05, 1.642077768337913e-05, 1.4862279385852162e-05, 1.4026857570570428e-05, 1.2962401342520025e-05, 1.33264575197245e-05, 1.2462592167139519e-05, 1.2540729585452937e-05, 1.0681899766495917e-05, 1.0411096809548326e-05, 9.97113784251269e-06, 1.0756773008324672e-05, 1.1214440746698529e-05, 9.9486742328736e-06, 8.950170922616962e-06, 8.763194273342378e-06, 8.050601536524482e-06, 9.189807315124199e-06, 7.792313226673286e-06, 7.242578249133658e-06, 7.506407200708054e-06, 7.197093054855941e-06, 6.9889183578197844e-06, 6.564421255461639e-06, 6.1353248383966275e-06, 6.498870789073408e-06, 6.1335340433288366e-06, 8.645603884360753e-06, 6.8809267759206705e-06, 5.386193606682355e-06, 7.417870165227214e-06, 5.65886602998944e-06, 5.353435881261248e-06, 5.439086180558661e-06, 5.464033620228292e-06, 5.1133397391822655e-06, 5.2797763601120096e-06, 6.396247954398859e-06, 5.524403604795225e-06, 7.010873105173232e-06, 5.0957960411324166e-06, 5.7977963479061145e-06, 5.312409939506324e-06, 4.261493813828565e-06, 3.866961378662381e-06, 4.8258380047627725e-06, 3.8419625525421e-06, 5.615775535261491e-06, 5.940798928349977e-06, 4.073494437761838e-06, 4.194972916593542e-06, 3.3812925721576903e-06, 3.194859573341091e-06, 3.8449115891125984e-06, 5.848633009009063e-06, 4.1003386286320165e-06, 5.470663381856866e-06, 3.884365014528157e-06, 3.6919605008733924e-06, 3.734425490620197e-06, 3.8461971598735545e-06, 3.6292240110924467e-06], "mse": [0.0015995427966117859, 0.0005261035403236747, 0.0002065797889372334, 0.00011245077621424571, 8.10168421594426e-05, 5.988551856717095e-05, 4.9395981477573514e-05, 4.281073051970452e-05, 3.739660314749926e-05, 3.168824696331285e-05, 3.044852019229438e-05, 2.6044937840197235e-05, 2.4257475160993636e-05, 2.308453622390516e-05, 2.0708092051791027e-05, 1.8735052435658872e-05, 1.9266979506937787e-05, 1.8440325220581144e-05, 1.8212367649539374e-05, 1.642077768337913e-05, 1.4862279385852162e-05, 1.4026856661075726e-05, 1.2962401342520025e-05, 1.3326460248208605e-05, 1.2462592167139519e-05, 1.2540729585452937e-05, 1.0681899766495917e-05, 1.0411096809548326e-05, 9.97113784251269e-06, 1.0756773008324672e-05, 1.1214440746698529e-05, 9.9486742328736e-06, 8.950170922616962e-06, 8.763194273342378e-06, 8.050601536524482e-06, 9.189807315124199e-06, 7.792313226673286e-06, 7.242578249133658e-06, 7.506407200708054e-06, 7.197093054855941e-06, 6.9889183578197844e-06, 6.564421255461639e-06, 6.1353248383966275e-06, 6.498870789073408e-06, 6.1335340433288366e-06, 8.64560206537135e-06, 6.8809267759206705e-06, 5.386193606682355e-06, 7.417870165227214e-06, 5.65886602998944e-06, 5.353435881261248e-06, 5.439086180558661e-06, 5.464033620228292e-06, 5.1133397391822655e-06, 5.2797763601120096e-06, 6.396247954398859e-06, 5.524403604795225e-06, 7.010873105173232e-06, 5.0957960411324166e-06, 5.7977963479061145e-06, 5.312409939506324e-06, 4.261493813828565e-06, 3.866961378662381e-06, 4.8258380047627725e-06, 3.8419625525421e-06, 5.615775535261491e-06, 5.940798928349977e-06, 4.073494437761838e-06, 4.194972916593542e-06, 3.3812925721576903e-06, 3.194859573341091e-06, 3.8449115891125984e-06, 5.848634373251116e-06, 4.1003386286320165e-06, 5.470663381856866e-06, 3.884365014528157e-06, 3.6919605008733924e-06, 3.734425490620197e-06, 3.8461971598735545e-06, 3.6292240110924467e-06], "val_loss": [0.0008714399300515652, 0.00031872920226305723, 0.00015124659694265574, 0.00012113116099499166, 8.525802695658058e-05, 6.7512271925807e-05, 5.36739025847055e-05, 4.684483792516403e-05, 4.2854095227085054e-05, 4.2699259211076424e-05, 4.1519906517351046e-05, 3.5256598494015634e-05, 3.5589750041253865e-05, 3.144896982121281e-05, 3.039578405150678e-05, 2.7449761546449736e-05, 2.8148699129815213e-05, 2.9189155611675233e-05, 2.653414776432328e-05, 2.7139723897562362e-05, 2.2020887627149932e-05, 2.2501124476548284e-05, 2.250617581012193e-05, 2.4023418518481776e-05, 2.084544576064218e-05, 1.9731101929210126e-05, 2.0855472030234523e-05, 2.031375333899632e-05, 2.3138869437389076e-05, 2.2072967112762854e-05, 2.0914209017064422e-05, 1.917524241434876e-05, 1.8514576368033886e-05, 1.855771006376017e-05, 1.8002441720454954e-05, 1.700496068224311e-05, 1.860364864114672e-05, 1.629647522349842e-05, 1.737143065838609e-05, 1.6281965145026334e-05, 1.6000951291061938e-05, 1.5899666323093697e-05, 1.4985495909058955e-05, 1.5892843293840997e-05, 1.5782388800289482e-05, 1.877119211712852e-05, 1.4296811059466563e-05, 1.5681735021644272e-05, 1.5005232853582129e-05, 1.5250846445269417e-05, 1.5225719835143536e-05, 1.6729358321754262e-05, 1.629788130230736e-05, 1.358308145427145e-05, 1.408233856636798e-05, 1.4086953342484776e-05, 1.5739340597065166e-05, 1.401146892021643e-05, 1.744809742376674e-05, 1.5069801520439796e-05, 1.3918906915932894e-05, 1.283102756133303e-05, 1.6206269719987176e-05, 1.2947508366778493e-05, 1.4074882528802846e-05, 2.1006488168495707e-05, 1.3213913916843012e-05, 1.2100741514586844e-05, 1.2034116480208468e-05, 1.1804582754848525e-05, 1.1946597624046262e-05, 1.4129592273093294e-05, 1.4314212421595585e-05, 1.8876249669119716e-05, 1.3815837519359775e-05, 1.2911942576465663e-05, 1.230710495292442e-05, 1.526488267700188e-05, 1.196274024550803e-05, 1.362926559522748e-05], "val_mse": [0.0008714399300515652, 0.00031872920226305723, 0.00015124659694265574, 0.00012113116099499166, 8.525802695658058e-05, 6.7512271925807e-05, 5.36739025847055e-05, 4.684483792516403e-05, 4.2854095227085054e-05, 4.2699259211076424e-05, 4.1519906517351046e-05, 3.5256598494015634e-05, 3.5589750041253865e-05, 3.144896982121281e-05, 3.039578405150678e-05, 2.7449761546449736e-05, 2.8148699129815213e-05, 2.9189155611675233e-05, 2.653414776432328e-05, 2.7139723897562362e-05, 2.2020887627149932e-05, 2.2501124476548284e-05, 2.250617581012193e-05, 2.4023418518481776e-05, 2.084544576064218e-05, 1.9731101929210126e-05, 2.0855472030234523e-05, 2.031375333899632e-05, 2.3138869437389076e-05, 2.2072967112762854e-05, 2.0914209017064422e-05, 1.9175244233338162e-05, 1.8514576368033886e-05, 1.855771006376017e-05, 1.8002441720454954e-05, 1.700496068224311e-05, 1.860364864114672e-05, 1.629647522349842e-05, 1.737143065838609e-05, 1.6281965145026334e-05, 1.6000951291061938e-05, 1.5899666323093697e-05, 1.4985495909058955e-05, 1.5892843293840997e-05, 1.5782388800289482e-05, 1.877119211712852e-05, 1.4296811059466563e-05, 1.5681735021644272e-05, 1.5005232853582129e-05, 1.5250846445269417e-05, 1.5225719835143536e-05, 1.6729358321754262e-05, 1.629788130230736e-05, 1.358308145427145e-05, 1.408233856636798e-05, 1.4086953342484776e-05, 1.5739340597065166e-05, 1.401146892021643e-05, 1.744809742376674e-05, 1.5069801520439796e-05, 1.3918906915932894e-05, 1.283102756133303e-05, 1.6206269719987176e-05, 1.2947508366778493e-05, 1.4074882528802846e-05, 2.1006488168495707e-05, 1.3213913916843012e-05, 1.2100741514586844e-05, 1.2034116480208468e-05, 1.1804582754848525e-05, 1.1946597624046262e-05, 1.4129592273093294e-05, 1.4314212421595585e-05, 1.8876249669119716e-05, 1.3815838428854477e-05, 1.2911942576465663e-05, 1.230710495292442e-05, 1.526488267700188e-05, 1.196274024550803e-05, 1.362926559522748e-05]}