{"loss": [0.0032173728104680777, 0.0022822387982159853, 0.002149794716387987, 0.0020888785365968943, 0.0020789059344679117, 0.0020618855487555265, 0.002045301254838705, 0.0020202670712023973, 0.002006598748266697, 0.0019951730500906706, 0.0019864230416715145, 0.001990998163819313, 0.0019726320169866085, 0.001965749077498913, 0.001968579599633813, 0.00196046382188797, 0.001957678934559226, 0.001967236865311861, 0.0019430103711783886, 0.0019477671012282372], "mse": [0.0032173728104680777, 0.0022822387982159853, 0.002149794716387987, 0.0020888785365968943, 0.0020789059344679117, 0.0020618855487555265, 0.002045301254838705, 0.0020202670712023973, 0.002006598748266697, 0.0019951730500906706, 0.0019864230416715145, 0.001990998163819313, 0.0019726320169866085, 0.001965749077498913, 0.001968579599633813, 0.00196046382188797, 0.001957678934559226, 0.001967236865311861, 0.0019430103711783886, 0.0019477671012282372], "val_loss": [0.0028085545636713505, 0.002750079846009612, 0.0025551915168762207, 0.0025386051274836063, 0.0026236525736749172, 0.002523427829146385, 0.002516243141144514, 0.0025071664713323116, 0.0025904581416398287, 0.002470513107255101, 0.002515518106520176, 0.002520601265132427, 0.002557865111157298, 0.0026316260918974876, 0.0024888217449188232, 0.002676003845408559, 0.002481373492628336, 0.0025010714307427406, 0.002583650406450033, 0.0025773763190954924], "val_mse": [0.0028085545636713505, 0.002750079846009612, 0.0025551915168762207, 0.0025386051274836063, 0.0026236525736749172, 0.002523427829146385, 0.002516243141144514, 0.0025071664713323116, 0.0025904581416398287, 0.002470513107255101, 0.002515518106520176, 0.002520601265132427, 0.002557865111157298, 0.0026316260918974876, 0.0024888217449188232, 0.002676003845408559, 0.002481373492628336, 0.0025010714307427406, 0.002583650406450033, 0.0025773763190954924]}