{"loss": [0.0015985523350536823, 0.00032911633024923503, 0.00022575394541490823, 0.00019714735390152782, 0.00018180639017373323, 0.00017070524336304516, 0.00016307360783685, 0.00015733650070615113, 0.00015378159878309816, 0.00015337960212491453, 0.00014259871386457235, 0.0001404911163263023, 0.00013704410230275244, 0.00014182241284288466, 0.000132402652525343, 0.000132483197376132, 0.0001329303195234388, 0.0001290214277105406, 0.00012337959196884185, 0.00012358387175481766, 0.00011941136472159997, 0.00011899398668901995, 0.00012070689263055101, 0.00011849003203678876, 0.0001184310094686225, 0.0001147559960372746, 0.0001172470219898969, 0.00011324086517561227, 0.000111434179416392, 0.0001127613359130919, 0.0001123975744121708, 0.00011029469169443473, 0.00010546843259362504, 0.00010661890701157972, 0.00010718142584664747, 0.00010424533684272319, 0.00011306582018733025, 0.00010427486995467916, 0.00010347227362217382], "mse": [0.0015985523350536823, 0.00032911633024923503, 0.00022575394541490823, 0.00019714735390152782, 0.00018180639017373323, 0.00017070524336304516, 0.00016307360783685, 0.00015733650070615113, 0.0001537815696792677, 0.00015337960212491453, 0.00014259871386457235, 0.0001404911163263023, 0.00013704410230275244, 0.00014182241284288466, 0.000132402652525343, 0.000132483197376132, 0.0001329303195234388, 0.0001290214277105406, 0.00012337959196884185, 0.00012358387175481766, 0.00011941136472159997, 0.00011899398668901995, 0.00012070689263055101, 0.00011849001748487353, 0.0001184310094686225, 0.0001147559960372746, 0.0001172470219898969, 0.00011324086517561227, 0.000111434179416392, 0.0001127613359130919, 0.0001123975744121708, 0.00011029469169443473, 0.00010546843259362504, 0.00010661892883945256, 0.00010718142584664747, 0.00010424533684272319, 0.00011306582018733025, 0.00010427486995467916, 0.00010347227362217382], "val_loss": [0.00041901986696757376, 0.0002283003559568897, 0.00017234490951523185, 0.0001573171466588974, 0.00013709237100556493, 0.00015299588267225772, 0.0001335366105195135, 0.00011884330160683021, 0.00015591343981213868, 0.00011895719944732264, 0.00012780188990291208, 0.00011389000428607687, 0.00014245111378841102, 0.00011524897126946598, 0.00010842274787137285, 0.00013139091606717557, 0.00011008397996192798, 0.00010595420462777838, 0.00010332050442229956, 0.0001111884048441425, 0.00010333646059734747, 0.00010819035378517583, 0.00010454520815983415, 0.00010895169543800876, 0.0001156746584456414, 0.0001029988779919222, 0.00010652872151695192, 0.00010500484495423734, 0.00010046540410257876, 0.00010611594916554168, 0.00010215843940386549, 0.00010653852223185822, 0.00010111065785167739, 0.00010696947720134631, 0.00010096385813085362, 0.00011096691014245152, 0.00012141402839915827, 0.00010382576147094369, 0.0001082336893887259], "val_mse": [0.00041901986696757376, 0.0002283003559568897, 0.00017234490951523185, 0.0001573171466588974, 0.0001370923564536497, 0.00015299588267225772, 0.0001335366105195135, 0.00011884330160683021, 0.00015591343981213868, 0.00011895719944732264, 0.00012780188990291208, 0.00011389000428607687, 0.00014245111378841102, 0.00011524897126946598, 0.00010842274787137285, 0.00013139091606717557, 0.00011008397996192798, 0.00010595420462777838, 0.00010332050442229956, 0.0001111884048441425, 0.00010333646059734747, 0.00010819035378517583, 0.00010454520815983415, 0.00010895169543800876, 0.0001156746584456414, 0.0001029988779919222, 0.00010652872151695192, 0.00010500484495423734, 0.00010046540410257876, 0.00010611594916554168, 0.00010215843940386549, 0.00010653852223185822, 0.00010111065785167739, 0.00010696947720134631, 0.00010096385813085362, 0.00011096691014245152, 0.00012141402839915827, 0.00010382576147094369, 0.0001082336893887259]}