{"loss": [0.005279586650431156, 0.004669817630201578, 0.0040525589138269424, 0.003370822174474597, 0.002572453347966075, 0.0017170526552945375, 0.0010182536207139492, 0.0006806258461438119, 0.0005623683100566268, 0.0004334898549132049, 0.0003606679383665323, 0.0003034886030945927, 0.0002864676353055984, 0.00025956970057450235, 0.00022264965809881687, 0.00020708885858766735, 0.0002056075754808262, 0.00018056987028103322, 0.000173068925505504, 0.00016329644131474197, 0.00016218666860368103, 0.00015627483662683517, 0.00014530080079566687, 0.00014008900325279683, 0.00013590467278845608, 0.00013457235763780773, 0.0001342215109616518, 0.0001301445154240355, 0.0001327275822404772, 0.00012575504661072046, 0.0001229563495144248, 0.00011779261694755405, 0.00011010165326297283, 0.00010635991202434525, 0.0001080132569768466, 0.00010089595889439806, 0.00010303354065399617, 0.00010568149446044117, 0.00010463786020409316, 9.523623157292604e-05, 8.874275954440236e-05, 9.389240585733205e-05, 9.005289030028507e-05, 9.065703488886356e-05, 8.235203858930618e-05, 8.195215923478827e-05, 8.251047984231263e-05, 7.639585965080187e-05, 7.99429471953772e-05, 7.585126877529547e-05, 7.905081292847171e-05, 7.572100730612874e-05, 7.414065476041287e-05, 7.159749657148495e-05, 7.034523150650784e-05, 7.142627146095037e-05, 7.146007556002587e-05, 6.915567064424977e-05, 6.689172005280852e-05, 6.754980131518096e-05, 6.884966569487005e-05, 6.3235784182325e-05, 6.542962364619598e-05, 6.504661723738536e-05, 6.11304712947458e-05, 5.8631580031942576e-05, 5.7567976909922436e-05, 5.731424244004302e-05, 5.601731754723005e-05, 6.064407716621645e-05, 6.032369492459111e-05, 5.595388211077079e-05, 5.4120271670399234e-05, 5.311067798174918e-05, 5.236955621512607e-05, 5.396730193751864e-05, 5.721391789847985e-05, 6.347782618831843e-05], "mse": [0.005279586650431156, 0.004669817630201578, 0.0040525589138269424, 0.003370822174474597, 0.002572453347966075, 0.0017170526552945375, 0.0010182536207139492, 0.0006806258461438119, 0.0005623683100566268, 0.0004334898549132049, 0.0003606679383665323, 0.0003034886030945927, 0.0002864676353055984, 0.00025956970057450235, 0.00022264965809881687, 0.00020708885858766735, 0.0002056075754808262, 0.00018056987028103322, 0.000173068925505504, 0.00016329644131474197, 0.00016218666860368103, 0.00015627483662683517, 0.00014530080079566687, 0.00014008900325279683, 0.00013590467278845608, 0.00013457235763780773, 0.0001342215109616518, 0.0001301445154240355, 0.0001327275822404772, 0.00012575504661072046, 0.0001229563495144248, 0.00011779261694755405, 0.00011010165326297283, 0.00010635991202434525, 0.0001080132569768466, 0.00010089595889439806, 0.00010303354065399617, 0.00010568149446044117, 0.00010463786020409316, 9.523623157292604e-05, 8.874275954440236e-05, 9.389240585733205e-05, 9.005289030028507e-05, 9.065703488886356e-05, 8.235203858930618e-05, 8.195215923478827e-05, 8.251047984231263e-05, 7.639585965080187e-05, 7.99429471953772e-05, 7.585126877529547e-05, 7.905081292847171e-05, 7.572100730612874e-05, 7.414065476041287e-05, 7.159750384744257e-05, 7.034523150650784e-05, 7.142627146095037e-05, 7.146007556002587e-05, 6.915566336829215e-05, 6.689172005280852e-05, 6.754980131518096e-05, 6.884966569487005e-05, 6.3235784182325e-05, 6.542962364619598e-05, 6.504661723738536e-05, 6.11304712947458e-05, 5.8631580031942576e-05, 5.7567976909922436e-05, 5.731424244004302e-05, 5.601731754723005e-05, 6.064407716621645e-05, 6.032369492459111e-05, 5.595388211077079e-05, 5.4120271670399234e-05, 5.311067798174918e-05, 5.236955621512607e-05, 5.396730193751864e-05, 5.721391789847985e-05, 6.347782618831843e-05], "val_loss": [0.00794316828250885, 0.0073672011494636536, 0.006046550814062357, 0.004768060054630041, 0.0030990915838629007, 0.0016760239377617836, 0.0007877741008996964, 0.0004806346260011196, 0.00042209547245875, 0.0004143842088524252, 0.0004525750409811735, 0.00044056092156097293, 0.000447421392891556, 0.0005470377509482205, 0.0006128692184574902, 0.0005338924238458276, 0.0005000542150810361, 0.00040601068758405745, 0.00038633093936368823, 0.0003939257876481861, 0.0004534850886557251, 0.00036652121343649924, 0.0003790602495428175, 0.00040479033486917615, 0.0004073913733009249, 0.0004201637930236757, 0.0003449580108281225, 0.0003426544717513025, 0.00035095360362902284, 0.00035060339723713696, 0.00036178473965264857, 0.00035852930159308016, 0.00034793559461832047, 0.00033755062031559646, 0.00034253261401318014, 0.00031040358589962125, 0.00029452634043991566, 0.00034245691495016217, 0.0002872307668440044, 0.00029898443608544767, 0.00029607285978272557, 0.0002797296328935772, 0.00037163952947594225, 0.0002845351700671017, 0.0002811524027492851, 0.0003159153857268393, 0.0002889189054258168, 0.00027714823954738677, 0.00028628358268179, 0.0002551017387304455, 0.0002845223934855312, 0.000290783034870401, 0.0002662302867975086, 0.00028790655778720975, 0.0002684110659174621, 0.00025207179714925587, 0.0002844693372026086, 0.0002651913673616946, 0.0002557845728006214, 0.0002848485892172903, 0.00025327398907393217, 0.0002737921313382685, 0.0002489303005859256, 0.00025550625286996365, 0.00025792582891881466, 0.0002661665785126388, 0.0002579013234935701, 0.00024617736926302314, 0.0002711228735279292, 0.00025270000332966447, 0.0002633782278280705, 0.0002480131224729121, 0.0002583405585028231, 0.0002503638679627329, 0.00025000557070598006, 0.00025152359739877284, 0.0002880519605241716, 0.00025172054301947355], "val_mse": [0.00794316828250885, 0.0073672011494636536, 0.006046550814062357, 0.004768060054630041, 0.0030990915838629007, 0.0016760239377617836, 0.0007877741008996964, 0.0004806346260011196, 0.0004220954142510891, 0.0004143842088524252, 0.0004525750409811735, 0.00044056092156097293, 0.000447421392891556, 0.0005470377509482205, 0.0006128691020421684, 0.0005338924238458276, 0.0005000542150810361, 0.00040601068758405745, 0.00038633093936368823, 0.0003939257876481861, 0.0004534850886557251, 0.00036652121343649924, 0.0003790602495428175, 0.00040479033486917615, 0.0004073913733009249, 0.0004201637930236757, 0.0003449580108281225, 0.0003426544717513025, 0.00035095360362902284, 0.0003506034263409674, 0.00036178473965264857, 0.00035852930159308016, 0.00034793556551449, 0.00033755062031559646, 0.00034253261401318014, 0.00031040358589962125, 0.00029452634043991566, 0.00034245691495016217, 0.0002872307668440044, 0.00029898443608544767, 0.00029607285978272557, 0.0002797296328935772, 0.00037163952947594225, 0.0002845351700671017, 0.0002811524027492851, 0.0003159153857268393, 0.0002889189054258168, 0.00027714823954738677, 0.00028628358268179, 0.0002551017387304455, 0.0002845223934855312, 0.000290783034870401, 0.0002662302867975086, 0.00028790655778720975, 0.0002684110659174621, 0.00025207179714925587, 0.0002844693372026086, 0.0002651913673616946, 0.0002557845728006214, 0.0002848485892172903, 0.00025327398907393217, 0.0002737921313382685, 0.0002489303005859256, 0.00025550625286996365, 0.00025792582891881466, 0.0002661665785126388, 0.0002579013234935701, 0.00024617736926302314, 0.0002711228735279292, 0.00025270000332966447, 0.0002633782278280705, 0.00024801315157674253, 0.0002583405585028231, 0.0002503638679627329, 0.00025000557070598006, 0.00025152359739877284, 0.0002880519605241716, 0.00025172054301947355]}