{"loss": [0.002743206452578306, 0.0025531877763569355, 0.0024688616394996643, 0.002382624428719282, 0.0023151610512286425, 0.0022086414974182844, 0.0021199421025812626, 0.0020367077086120844, 0.001958567416295409, 0.0018712400924414396, 0.001798371085897088, 0.0017392488662153482, 0.0016899548936635256, 0.0016180684324353933, 0.0016225859289988875, 0.0015701049705967307, 0.0015246609691530466, 0.0014895800268277526, 0.0014780262717977166, 0.001446823007427156, 0.0014356181491166353, 0.0014169559581205249, 0.0014234797563403845, 0.0014075476210564375, 0.0013493712758645415, 0.001379289198666811, 0.001355550019070506, 0.0013292029034346342, 0.0012981356121599674, 0.001286612474359572, 0.0012781370896846056, 0.0012892617378383875, 0.0012591551057994366, 0.0012447249609977007], "mse": [0.002743206452578306, 0.0025531877763569355, 0.0024688616394996643, 0.002382624428719282, 0.0023151610512286425, 0.0022086414974182844, 0.0021199421025812626, 0.002036707941442728, 0.001958567416295409, 0.0018712400924414396, 0.001798371085897088, 0.0017392488662153482, 0.0016899548936635256, 0.0016180684324353933, 0.0016225859289988875, 0.0015701049705967307, 0.0015246609691530466, 0.0014895800268277526, 0.0014780262717977166, 0.001446823007427156, 0.0014356181491166353, 0.0014169559581205249, 0.0014234797563403845, 0.0014075476210564375, 0.0013493712758645415, 0.001379289198666811, 0.001355550019070506, 0.0013292029034346342, 0.0012981356121599674, 0.001286612474359572, 0.0012781370896846056, 0.0012892617378383875, 0.0012591551057994366, 0.0012447249609977007], "val_loss": [0.0036899286787956953, 0.0034380697179585695, 0.003253720700740814, 0.0030984024051576853, 0.0029480005614459515, 0.0028211772441864014, 0.0027092951349914074, 0.0025511360727250576, 0.002460085554048419, 0.002326845657080412, 0.002212714869529009, 0.0021847516763955355, 0.002017649356275797, 0.002111277775838971, 0.0021556082647293806, 0.0019359610741958022, 0.0018838277319446206, 0.0018995385617017746, 0.0018768735462799668, 0.0019150316948071122, 0.0018479622667655349, 0.002020828425884247, 0.0019014698918908834, 0.0017682577017694712, 0.0017696900758892298, 0.0018111371900886297, 0.001937865512445569, 0.001904448145069182, 0.0017704602796584368, 0.0018093312392011285, 0.0020174221135675907, 0.0018246585968881845, 0.0019452314591035247, 0.0018209933768957853], "val_mse": [0.0036899286787956953, 0.0034380697179585695, 0.003253720700740814, 0.0030984024051576853, 0.0029480005614459515, 0.0028211772441864014, 0.0027092951349914074, 0.0025511360727250576, 0.002460085554048419, 0.002326845657080412, 0.002212714869529009, 0.0021847516763955355, 0.002017649356275797, 0.002111277775838971, 0.0021556082647293806, 0.0019359610741958022, 0.0018838277319446206, 0.0018995385617017746, 0.0018768735462799668, 0.0019150316948071122, 0.0018479622667655349, 0.002020828425884247, 0.0019014698918908834, 0.0017682577017694712, 0.0017696900758892298, 0.0018111371900886297, 0.001937865512445569, 0.001904448145069182, 0.0017704602796584368, 0.0018093312392011285, 0.0020174221135675907, 0.0018246585968881845, 0.0019452314591035247, 0.0018209932604804635]}