{"loss": [0.02589789405465126, 0.024885382503271103, 0.02450617030262947, 0.02424410916864872, 0.024075036868453026, 0.023822829127311707, 0.023621972650289536, 0.023589203134179115, 0.02334202080965042, 0.023131463676691055, 0.022903118282556534, 0.022640038281679153, 0.022458676248788834, 0.022268619388341904, 0.02218770608305931, 0.02180524170398712], "mse": [0.02589789405465126, 0.024885382503271103, 0.02450617030262947, 0.02424411103129387, 0.024075036868453026, 0.023822829127311707, 0.023621972650289536, 0.023589203134179115, 0.02334202080965042, 0.023131463676691055, 0.022903118282556534, 0.022640038281679153, 0.022458676248788834, 0.022268619388341904, 0.02218770608305931, 0.02180524170398712], "val_loss": [0.03218942880630493, 0.030656466260552406, 0.030279722064733505, 0.031325578689575195, 0.030267711728811264, 0.030234452337026596, 0.03118572197854519, 0.031924884766340256, 0.030712705105543137, 0.0325765386223793, 0.031143764033913612, 0.032319050282239914, 0.0320916511118412, 0.030347373336553574, 0.03211094066500664, 0.03265255689620972], "val_mse": [0.03218942508101463, 0.030656466260552406, 0.030279722064733505, 0.031325578689575195, 0.030267711728811264, 0.030234452337026596, 0.03118572197854519, 0.031924884766340256, 0.030712705105543137, 0.0325765386223793, 0.031143764033913612, 0.032319050282239914, 0.0320916511118412, 0.030347373336553574, 0.03211094066500664, 0.03265255689620972]}