{"loss": [0.0029760487377643585, 0.0025412989780306816, 0.002348170382902026, 0.002217866014689207, 0.002092668553814292, 0.0019712834618985653, 0.0019116332987323403, 0.0018528166692703962, 0.0018239956116303802, 0.0017581883585080504, 0.0017161676660180092, 0.0017020466038957238, 0.0016636410728096962, 0.0016513041919097304, 0.0016538655618205667, 0.001653210842050612, 0.001596044166944921, 0.001595042645931244, 0.0015764603158459067, 0.0015786262229084969, 0.0015592050040140748, 0.0015608987305313349, 0.0015297213103622198, 0.0015166730154305696, 0.0015075335977599025, 0.0014946797164157033, 0.0014967923052608967, 0.0014852100284770131, 0.0014632828533649445, 0.0014407607959583402, 0.001429836149327457], "mse": [0.0029760487377643585, 0.0025412989780306816, 0.002348170382902026, 0.002217866014689207, 0.002092668553814292, 0.0019712834618985653, 0.0019116332987323403, 0.0018528166692703962, 0.0018239956116303802, 0.0017581883585080504, 0.0017161676660180092, 0.0017020466038957238, 0.0016636410728096962, 0.0016513041919097304, 0.0016538655618205667, 0.001653210842050612, 0.001596044166944921, 0.001595042645931244, 0.0015764603158459067, 0.0015786262229084969, 0.0015592050040140748, 0.0015608987305313349, 0.0015297213103622198, 0.0015166730154305696, 0.0015075335977599025, 0.0014946797164157033, 0.0014967923052608967, 0.0014852100284770131, 0.0014632828533649445, 0.0014407607959583402, 0.001429836149327457], "val_loss": [0.003967271652072668, 0.0038048848509788513, 0.003259249497205019, 0.0034211718011647463, 0.003048085607588291, 0.002781686605885625, 0.0027736867778003216, 0.0025005764327943325, 0.0029937003273516893, 0.002585555659607053, 0.0026338323950767517, 0.0025224341079592705, 0.002415515249595046, 0.0024440616834908724, 0.0022472848650068045, 0.0025517218746244907, 0.0023669893853366375, 0.002454318106174469, 0.002371810143813491, 0.0025178478099405766, 0.0021220180206000805, 0.0024902974255383015, 0.0023631942458450794, 0.0021763374097645283, 0.0021989294327795506, 0.0027235590387135744, 0.002303776331245899, 0.0023209794890135527, 0.002184408949688077, 0.0022109549026936293, 0.0022943918593227863], "val_mse": [0.003967271652072668, 0.0038048848509788513, 0.003259249497205019, 0.0034211718011647463, 0.0030480853747576475, 0.002781686605885625, 0.0027736867778003216, 0.0025005764327943325, 0.0029937003273516893, 0.002585555659607053, 0.0026338323950767517, 0.0025224341079592705, 0.002415515249595046, 0.0024440616834908724, 0.0022472848650068045, 0.0025517218746244907, 0.0023669893853366375, 0.002454318106174469, 0.002371810143813491, 0.0025178478099405766, 0.0021220180206000805, 0.0024902974255383015, 0.0023631942458450794, 0.0021763374097645283, 0.0021989294327795506, 0.002723559271544218, 0.002303776331245899, 0.0023209794890135527, 0.002184408949688077, 0.0022109549026936293, 0.0022943918593227863]}