{"loss": [0.0022556164767593145, 0.0019120167708024383, 0.0016641909023746848, 0.001382581191137433, 0.0011236384743824601, 0.0008926762966439128, 0.0007059110212139785, 0.0005782106891274452, 0.0004467698745429516, 0.00031885833595879376, 0.00022169333533383906, 0.00015889652422629297, 0.00012340021203272045, 0.0001085349140339531, 9.713874896988273e-05, 8.017275104066357e-05, 6.667974957963452e-05, 6.197312904987484e-05, 5.871024768566713e-05, 5.5371907365042716e-05, 5.1415921916486695e-05, 4.6660170482937247e-05, 4.424366488819942e-05, 4.105882180738263e-05, 3.911324529326521e-05, 3.7514873838517815e-05, 3.421282599447295e-05, 3.2743926567491144e-05, 3.2288597139995545e-05, 3.0535022233380005e-05, 3.248114080633968e-05, 2.960025994980242e-05, 2.702845449675806e-05, 2.4697024855413474e-05, 2.339485399716068e-05, 2.2793785319663584e-05, 2.19572611968033e-05, 2.174135261157062e-05, 2.1318499420885928e-05, 2.0385352399898693e-05, 2.0415443941601552e-05, 2.140995638910681e-05, 1.9171009626006708e-05, 1.8366932636126876e-05, 1.785933091014158e-05, 1.676712417975068e-05, 1.6898327885428444e-05, 1.6055151718319394e-05, 1.5963893019943498e-05, 1.5407018508994952e-05, 1.520934165455401e-05, 1.6335354303009808e-05, 1.473521570005687e-05, 1.607452031748835e-05, 1.517079090262996e-05, 1.4506515981338453e-05, 1.3530987416743301e-05, 1.2813376088161021e-05, 1.2545380741357803e-05, 1.2971517207915895e-05, 1.2621234418475069e-05, 1.2263963981240522e-05, 1.2249794963281602e-05, 1.252541824214859e-05, 1.1999385606031865e-05, 1.2416770914569497e-05, 1.1582839761103969e-05, 1.1496926163090393e-05, 1.1222668035770766e-05, 1.079629328160081e-05, 1.0327288691769354e-05, 1.0276153261656873e-05, 1.0341334927943535e-05, 9.879037861537654e-06, 9.713730833027512e-06], "mse": [0.0022556164767593145, 0.0019120167708024383, 0.0016641909023746848, 0.001382581191137433, 0.0011236384743824601, 0.0008926762966439128, 0.0007059110212139785, 0.0005782106891274452, 0.0004467698745429516, 0.00031885833595879376, 0.00022169333533383906, 0.00015889652422629297, 0.00012340021203272045, 0.0001085349140339531, 9.713874896988273e-05, 8.017275104066357e-05, 6.667974957963452e-05, 6.197312904987484e-05, 5.871024768566713e-05, 5.5371907365042716e-05, 5.1415921916486695e-05, 4.6660170482937247e-05, 4.424366488819942e-05, 4.105882180738263e-05, 3.911324529326521e-05, 3.7514873838517815e-05, 3.421282963245176e-05, 3.2743926567491144e-05, 3.2288597139995545e-05, 3.0535022233380005e-05, 3.248114080633968e-05, 2.9600258130813017e-05, 2.702845449675806e-05, 2.4697024855413474e-05, 2.339485399716068e-05, 2.2793785319663584e-05, 2.19572611968033e-05, 2.174135261157062e-05, 2.1318499420885928e-05, 2.0385352399898693e-05, 2.0415443941601552e-05, 2.140995638910681e-05, 1.9171009626006708e-05, 1.8366932636126876e-05, 1.7859329091152176e-05, 1.676712417975068e-05, 1.6898327885428444e-05, 1.6055151718319394e-05, 1.5963893019943498e-05, 1.5407018508994952e-05, 1.520934165455401e-05, 1.6335354303009808e-05, 1.473521570005687e-05, 1.6074518498498946e-05, 1.517079090262996e-05, 1.4506515981338453e-05, 1.3530987416743301e-05, 1.2813376088161021e-05, 1.2545380741357803e-05, 1.2971517207915895e-05, 1.2621234418475069e-05, 1.2263963981240522e-05, 1.2249794963281602e-05, 1.252541824214859e-05, 1.1999385606031865e-05, 1.2416770914569497e-05, 1.1582839761103969e-05, 1.1496926163090393e-05, 1.1222668035770766e-05, 1.079629328160081e-05, 1.0327288691769354e-05, 1.0276153261656873e-05, 1.0341334018448833e-05, 9.879037861537654e-06, 9.713730833027512e-06], "val_loss": [0.0022238357923924923, 0.002047365065664053, 0.0018027030164375901, 0.0016089838463813066, 0.0013547708513215184, 0.0010752504458650947, 0.0008752224966883659, 0.0007911829161457717, 0.0007640729891136289, 0.0005576486000791192, 0.0003516259021125734, 0.0002717046008910984, 0.0002252233971375972, 0.0002660925965756178, 0.00024867255706340075, 0.00020172810764051974, 0.00018881986034102738, 0.00018640843336470425, 0.00018459779676049948, 0.00017926920554600656, 0.00015687206177972257, 0.00015625535161234438, 0.00016209084424190223, 0.000145621583214961, 0.00014256946451496333, 0.00014822380035184324, 0.00014082765846978873, 0.0001394158462062478, 0.00013373517140280455, 0.00012174977746326476, 0.00013680192932952195, 0.00014530192129313946, 0.00012056161358486861, 0.0001341700117336586, 0.00012431421782821417, 0.0001216027740156278, 0.00011749134864658117, 0.00011402971722418442, 0.000122764176921919, 0.00010844996722880751, 0.00013592478353530169, 0.00010694481898099184, 0.00011422442184993997, 0.00010509690036997199, 0.00010751686932053417, 0.00010657325765350834, 0.00010116463818121701, 0.00011346560495439917, 9.792800847208127e-05, 0.00010734943498391658, 9.97772003756836e-05, 0.00010133039904758334, 0.0001070023063221015, 9.590603440301493e-05, 0.00011457038635853678, 0.00010100957297254354, 9.835894161369652e-05, 0.00010092577576870099, 9.875495743472129e-05, 0.0001125242342823185, 9.540368046145886e-05, 0.00010505400132387877, 9.006631444208324e-05, 0.00010342862515244633, 8.90387236722745e-05, 9.841958672041073e-05, 0.00010332071542507038, 8.965054439613596e-05, 0.00010029164695879444, 0.00010144273983314633, 9.26718203118071e-05, 9.03752661542967e-05, 9.679275535745546e-05, 9.574741852702573e-05, 9.127849625656381e-05], "val_mse": [0.0022238357923924923, 0.002047365065664053, 0.0018027030164375901, 0.0016089838463813066, 0.0013547708513215184, 0.0010752505622804165, 0.0008752226131036878, 0.0007911829161457717, 0.0007640729891136289, 0.0005576486000791192, 0.0003516259021125734, 0.0002717046008910984, 0.0002252233971375972, 0.0002660925965756178, 0.00024867255706340075, 0.00020172810764051974, 0.00018881986034102738, 0.00018640843336470425, 0.00018459779676049948, 0.00017926920554600656, 0.00015687206177972257, 0.00015625535161234438, 0.00016209084424190223, 0.000145621583214961, 0.00014256946451496333, 0.00014822380035184324, 0.00014082765846978873, 0.0001394158462062478, 0.00013373517140280455, 0.00012174977746326476, 0.00013680192932952195, 0.00014530192129313946, 0.00012056161358486861, 0.0001341700117336586, 0.00012431421782821417, 0.0001216027740156278, 0.00011749134864658117, 0.00011402971722418442, 0.000122764176921919, 0.00010844996722880751, 0.00013592478353530169, 0.00010694481898099184, 0.00011422442184993997, 0.00010509688581805676, 0.00010751686932053417, 0.00010657325765350834, 0.00010116463818121701, 0.00011346560495439917, 9.792800847208127e-05, 0.00010734943498391658, 9.97772003756836e-05, 0.00010133039904758334, 0.0001070023063221015, 9.590603440301493e-05, 0.00011457038635853678, 0.00010100957297254354, 9.835894161369652e-05, 0.00010092577576870099, 9.875494288280606e-05, 0.0001125242342823185, 9.540368046145886e-05, 0.00010505400132387877, 9.006631444208324e-05, 0.00010342862515244633, 8.90387236722745e-05, 9.841958672041073e-05, 0.00010332071542507038, 8.965054439613596e-05, 0.00010029164695879444, 0.00010144273983314633, 9.26718203118071e-05, 9.03752661542967e-05, 9.679275535745546e-05, 9.574741852702573e-05, 9.127849625656381e-05]}