{"loss": [0.0018681208603084087, 0.0006103804334998131, 0.0002420486562186852, 0.0001289166248170659, 9.470203804085031e-05, 7.365558121819049e-05, 6.348413444356993e-05, 5.4074949730420485e-05, 4.482814983930439e-05, 4.480531788431108e-05, 3.9268499676836655e-05, 3.576126982807182e-05, 3.267278952989727e-05, 3.143785215797834e-05, 2.908008718804922e-05, 2.925222725025378e-05, 2.6687797799240798e-05, 2.533997940190602e-05, 2.3501541363657452e-05, 2.2645865101367235e-05, 2.181841955462005e-05, 2.0367651814012788e-05, 2.041302650468424e-05, 2.1003123038099147e-05, 1.9829625671263784e-05, 1.8392935089650564e-05, 1.765320121194236e-05, 1.752257412590552e-05, 1.6478970792377368e-05, 1.6320900613209233e-05, 1.4362417459778953e-05, 1.4852341337245889e-05, 1.687340045464225e-05, 1.4197990822140127e-05, 1.5097042705747299e-05, 1.387354677717667e-05, 1.3032973583904095e-05, 1.2998536476516165e-05, 1.2599671208590735e-05, 1.3320021935214754e-05, 1.2873788364231586e-05, 1.1488922609714791e-05, 1.2662272638408467e-05, 1.215772226714762e-05, 1.0471636414877139e-05, 1.0922717592620756e-05, 9.955280802387279e-06, 1.0540337825659662e-05, 1.070020971383201e-05, 9.775838407222182e-06, 1.0334958460589405e-05, 9.893364222079981e-06, 9.299980774812866e-06, 1.349893045698991e-05, 1.001173131953692e-05, 8.753270776651334e-06, 8.742411409912165e-06, 8.204036930692382e-06, 9.296640200773254e-06, 9.092744221561588e-06, 7.761374945403077e-06, 8.130528840410989e-06, 8.98713096830761e-06, 8.825717486615758e-06, 1.0976675184792839e-05, 8.369462193513755e-06, 6.986093922023429e-06, 6.909478543093428e-06, 8.136002179526258e-06, 7.057730272208573e-06, 7.72974090068601e-06, 9.103178854275029e-06, 7.685646778554656e-06, 6.778040642529959e-06, 6.612403467443073e-06, 6.614407084271079e-06, 7.765520422253758e-06, 7.324697435251437e-06, 6.513780135719571e-06, 6.421525995392585e-06, 7.451138117176015e-06, 6.68900156597374e-06, 7.084653589117806e-06, 6.1927007664053235e-06, 5.724550646846183e-06, 6.826108801760711e-06, 5.6962576309160795e-06, 6.090250280976761e-06, 6.24371568846982e-06, 5.784833774669096e-06, 5.965349828329636e-06, 6.016506176820258e-06, 6.284999926720047e-06, 5.773871180281276e-06, 5.906229034735588e-06], "mse": [0.0018681208603084087, 0.0006103804334998131, 0.0002420486562186852, 0.0001289166248170659, 9.470203804085031e-05, 7.365558121819049e-05, 6.348413444356993e-05, 5.4074949730420485e-05, 4.482814983930439e-05, 4.480531788431108e-05, 3.9268499676836655e-05, 3.576126982807182e-05, 3.267278952989727e-05, 3.143785215797834e-05, 2.908008718804922e-05, 2.925222725025378e-05, 2.6687797799240798e-05, 2.533997940190602e-05, 2.3501541363657452e-05, 2.2645865101367235e-05, 2.181841955462005e-05, 2.0367649995023385e-05, 2.041302650468424e-05, 2.1003123038099147e-05, 1.9829625671263784e-05, 1.8392936908639967e-05, 1.765320121194236e-05, 1.7522575944894925e-05, 1.6478970792377368e-05, 1.6320900613209233e-05, 1.4362416550284252e-05, 1.4852341337245889e-05, 1.687340045464225e-05, 1.4197990822140127e-05, 1.5097042705747299e-05, 1.387354677717667e-05, 1.3032973583904095e-05, 1.2998536476516165e-05, 1.2599671208590735e-05, 1.3320021935214754e-05, 1.2873788364231586e-05, 1.1488922609714791e-05, 1.2662273547903169e-05, 1.2157723176642321e-05, 1.0471636414877139e-05, 1.0922717592620756e-05, 9.955280802387279e-06, 1.0540337825659662e-05, 1.070020971383201e-05, 9.775838407222182e-06, 1.0334957551094703e-05, 9.893364222079981e-06, 9.299980774812866e-06, 1.349893045698991e-05, 1.001173131953692e-05, 8.753270776651334e-06, 8.742411409912165e-06, 8.20403602119768e-06, 9.296640200773254e-06, 9.092744221561588e-06, 7.761374945403077e-06, 8.130528840410989e-06, 8.98713096830761e-06, 8.825717486615758e-06, 1.0976675184792839e-05, 8.369462193513755e-06, 6.986093922023429e-06, 6.909478543093428e-06, 8.136002179526258e-06, 7.057730272208573e-06, 7.72974090068601e-06, 9.103178854275029e-06, 7.685646778554656e-06, 6.778040642529959e-06, 6.612403467443073e-06, 6.614407084271079e-06, 7.765520422253758e-06, 7.324697435251437e-06, 6.513780135719571e-06, 6.421525995392585e-06, 7.451138117176015e-06, 6.68900156597374e-06, 7.084653589117806e-06, 6.1927007664053235e-06, 5.724550646846183e-06, 6.826108801760711e-06, 5.6962576309160795e-06, 6.090250280976761e-06, 6.24371568846982e-06, 5.784833774669096e-06, 5.965349828329636e-06, 6.016506176820258e-06, 6.284999926720047e-06, 5.773871180281276e-06, 5.906229034735588e-06], "val_loss": [0.0008409239235334098, 0.0002688906097318977, 0.0001313305547228083, 0.00010204554564552382, 7.65610093367286e-05, 6.717973883496597e-05, 5.809432332171127e-05, 4.98973713547457e-05, 4.914129021926783e-05, 4.4220378185855225e-05, 4.196163354208693e-05, 3.819794801529497e-05, 3.7351219361880794e-05, 3.491050301818177e-05, 3.65486994269304e-05, 3.805554297287017e-05, 3.055977140320465e-05, 3.0318618883029558e-05, 2.9184733648435213e-05, 2.8910599212395027e-05, 2.6805108063854277e-05, 2.7875415980815887e-05, 2.6416008040541783e-05, 2.8896383810206316e-05, 3.186690082657151e-05, 2.4276650947285816e-05, 2.718450195970945e-05, 2.2367925339494832e-05, 2.147442864952609e-05, 2.0711328033939935e-05, 2.011841206694953e-05, 2.2015154172549956e-05, 2.3509448510594666e-05, 2.0384810341056436e-05, 2.017507176788058e-05, 1.9224391508032568e-05, 1.8865615857066587e-05, 1.9583607354434207e-05, 1.8153026758227497e-05, 1.860790143837221e-05, 1.9999519281554967e-05, 1.8632978026289493e-05, 2.0528181266854517e-05, 1.8786429791362025e-05, 1.658805376791861e-05, 1.707606679701712e-05, 1.8268698113388382e-05, 1.8978165826410986e-05, 1.6369742297683842e-05, 1.8082802853314206e-05, 1.724869798636064e-05, 1.784416781447362e-05, 1.6320000213454477e-05, 2.7234917070018128e-05, 1.576884460519068e-05, 1.7043381376424804e-05, 1.7905569620779715e-05, 1.551127206766978e-05, 1.5150010767683852e-05, 1.4877266039547976e-05, 1.5420338968397118e-05, 1.570228414493613e-05, 1.549562693980988e-05, 1.7462429241277277e-05, 1.7267168004764244e-05, 1.5030273971206043e-05, 1.4399523024621885e-05, 1.6430121831945144e-05, 1.586727739777416e-05, 1.4556619134964421e-05, 2.194684202549979e-05, 1.5652798538212664e-05, 1.4696827747684438e-05, 1.3928208318247925e-05, 1.4925192772352602e-05, 1.477584464737447e-05, 1.4427183486986905e-05, 1.3992959793540649e-05, 1.4135797755443491e-05, 1.6364456314477138e-05, 1.3568729627877474e-05, 1.3248887626104988e-05, 1.4227443898562342e-05, 1.3308251254784409e-05, 1.2833416803914588e-05, 1.3743568160862196e-05, 1.3288442460179795e-05, 1.3118426977598574e-05, 1.430265729140956e-05, 1.4816643670201302e-05, 1.5060965779412072e-05, 1.3786646377411671e-05, 1.3504174603440333e-05, 1.4308016034192406e-05, 1.4002056559547782e-05],