{"loss": [0.0020630091894418, 0.0007385425269603729, 0.00019222471746616066, 0.00012565444922074676, 8.78135979291983e-05, 6.96522110956721e-05, 6.337088416330516e-05, 5.409331060945988e-05, 4.7259567509172484e-05, 4.229247133480385e-05, 3.9067155739758164e-05, 3.7371784856077284e-05, 3.728038427652791e-05, 3.673280662042089e-05, 3.241057493141852e-05, 3.184906381648034e-05, 3.1082214263733476e-05, 2.9765251383651048e-05, 2.9427706977003254e-05, 2.6504016204853542e-05, 2.699714241316542e-05, 2.8959317205590196e-05, 2.5383264073752798e-05, 2.4303946702275425e-05, 2.5515371817164123e-05, 2.4467733965138905e-05, 2.264711474708747e-05, 2.3483562472392805e-05, 2.2238575184019282e-05, 2.217137262050528e-05, 2.233304076071363e-05, 2.0256788047845475e-05, 2.453111119393725e-05, 2.188447797379922e-05, 2.1204665245022625e-05, 2.3854181563365273e-05], "mse": [0.0020630091894418, 0.000738542468752712, 0.00019222471746616066, 0.00012565444922074676, 8.78135979291983e-05, 6.96522110956721e-05, 6.337088416330516e-05, 5.409331060945988e-05, 4.7259567509172484e-05, 4.229247133480385e-05, 3.906716301571578e-05, 3.7371784856077284e-05, 3.728038427652791e-05, 3.673280662042089e-05, 3.241057493141852e-05, 3.184906381648034e-05, 3.1082214263733476e-05, 2.9765251383651048e-05, 2.9427706977003254e-05, 2.6504018023842946e-05, 2.699714241316542e-05, 2.8959317205590196e-05, 2.5383264073752798e-05, 2.4303946702275425e-05, 2.5515371817164123e-05, 2.4467733965138905e-05, 2.264711474708747e-05, 2.3483562472392805e-05, 2.2238575184019282e-05, 2.217137262050528e-05, 2.233304076071363e-05, 2.0256788047845475e-05, 2.453111119393725e-05, 2.1884476154809818e-05, 2.1204665245022625e-05, 2.3854181563365273e-05], "val_loss": [0.001720187021419406, 0.00036767934216186404, 0.00023080466780811548, 0.00020254643459338695, 0.00012377099483273923, 0.00011922042904188856, 0.0001005062586045824, 0.00010852568811969832, 8.165675535565242e-05, 7.60933180572465e-05, 7.166619616327807e-05, 7.399501919280738e-05, 9.521166066406295e-05, 6.431435758713633e-05, 6.3738611061126e-05, 7.039723277557641e-05, 8.037011866690591e-05, 6.308932643150911e-05, 6.479406147263944e-05, 6.267052958719432e-05, 6.129640678409487e-05, 5.9620844695018604e-05, 5.669259553542361e-05, 6.452941306633875e-05, 5.634875924442895e-05, 5.3847212257096544e-05, 5.872574547538534e-05, 6.979898898862302e-05, 6.318021769402549e-05, 5.43848036613781e-05, 6.343468703562394e-05, 5.939721086178906e-05, 5.707272794097662e-05, 5.974814121145755e-05, 5.517162207979709e-05, 5.453344056149945e-05], "val_mse": [0.001720187021419406, 0.00036767934216186404, 0.00023080466780811548, 0.00020254643459338695, 0.00012377099483273923, 0.00011922042904188856, 0.0001005062586045824, 0.00010852568811969832, 8.165675535565242e-05, 7.60933180572465e-05, 7.166619616327807e-05, 7.399501191684976e-05, 9.521166066406295e-05, 6.431435758713633e-05, 6.373860378516838e-05, 7.039723277557641e-05, 8.037011866690591e-05, 6.308932643150911e-05, 6.479406147263944e-05, 6.267052958719432e-05, 6.129640678409487e-05, 5.962084833299741e-05, 5.669259553542361e-05, 6.452941306633875e-05, 5.634875924442895e-05, 5.3847212257096544e-05, 5.872574547538534e-05, 6.979898898862302e-05, 6.318021769402549e-05, 5.43848036613781e-05, 6.343468703562394e-05, 5.939721086178906e-05, 5.707272794097662e-05, 5.974814121145755e-05, 5.517162207979709e-05, 5.453344056149945e-05]}