{"loss": [0.0054074120707809925, 0.0019064380321651697, 0.0013888857793062925, 0.001024144235998392, 0.0007331496453844011, 0.0005633959663100541, 0.0004547731950879097, 0.0003756302176043391, 0.00034322726423852146, 0.0003491317911539227, 0.00031573951127938926, 0.00029553950298577547, 0.00027252416475676, 0.0002674696734175086, 0.0002696037699934095, 0.0002462624979671091, 0.0002456685760989785, 0.00023678867728449404, 0.00024343626864720136, 0.0002250937686767429, 0.00022712547797709703, 0.00024149453383870423, 0.00022658024681732059, 0.00022207325673662126, 0.00021875821403227746, 0.00022488700051326305, 0.00021976541029289365, 0.00021073102834634483, 0.00021550492965616286, 0.00020852871239185333, 0.0002094508963637054, 0.00020868709543719888, 0.0002031506592174992, 0.0001997905783355236, 0.00021431376808322966, 0.0001944904652191326, 0.00019150538719259202, 0.00019020691979676485, 0.00019402895122766495, 0.00020650595251936466, 0.00021129127708263695, 0.0001954489416675642, 0.00018342059047427028], "mse": [0.0054074120707809925, 0.0019064380321651697, 0.0013888857793062925, 0.001024144235998392, 0.0007331496453844011, 0.0005633959663100541, 0.0004547731950879097, 0.0003756302176043391, 0.00034322732244618237, 0.0003491317911539227, 0.00031573951127938926, 0.00029553950298577547, 0.00027252416475676, 0.0002674696734175086, 0.0002696037699934095, 0.0002462624979671091, 0.0002456685760989785, 0.00023678863362874836, 0.00024343626864720136, 0.0002250937686767429, 0.00022712547797709703, 0.00024149453383870423, 0.00022658024681732059, 0.00022207325673662126, 0.00021875821403227746, 0.00022488700051326305, 0.00021976539574097842, 0.00021073102834634483, 0.00021550492965616286, 0.00020852871239185333, 0.0002094508963637054, 0.00020868709543719888, 0.0002031506592174992, 0.0001997905783355236, 0.00021431376808322966, 0.0001944904652191326, 0.00019150538719259202, 0.00019020691979676485, 0.00019402895122766495, 0.00020650595251936466, 0.00021129127708263695, 0.0001954489416675642, 0.0001834206050261855], "val_loss": [0.002199278213083744, 0.0015318895457312465, 0.0010605111019685864, 0.0006537512526847422, 0.0005228082300163805, 0.0003447382478043437, 0.00028705719159916043, 0.0002827068092301488, 0.0002451924665365368, 0.000315849669277668, 0.00030129984952509403, 0.0002488812315277755, 0.0002528848999645561, 0.00021692179143428802, 0.00022992148296907544, 0.000239754153881222, 0.00024001272686291486, 0.00023096537915989757, 0.00023749901447445154, 0.0002645460772328079, 0.00019757577683776617, 0.00019713623623829335, 0.00020365315140224993, 0.00021632679272443056, 0.00020813457376789302, 0.00019615038763731718, 0.00020226504420861602, 0.00018047050980385393, 0.00019003625493496656, 0.0001869427360361442, 0.00019534389139153063, 0.00018829054897651076, 0.00017563014989718795, 0.00023200613213703036, 0.00028505950467661023, 0.00019791191152762622, 0.0001833802816690877, 0.00018208187248092145, 0.00017764646327123046, 0.0002266721858177334, 0.00017940900579560548, 0.00020851512090303004, 0.00018564281344879419], "val_mse": [0.002199278213083744, 0.0015318895457312465, 0.0010605111019685864, 0.0006537512526847422, 0.0005228082300163805, 0.0003447382478043437, 0.00028705719159916043, 0.0002827068092301488, 0.0002451924665365368, 0.000315849669277668, 0.00030129984952509403, 0.0002488812315277755, 0.0002528848999645561, 0.0002169217768823728, 0.00022992148296907544, 0.000239754153881222, 0.00024001272686291486, 0.00023096537915989757, 0.00023749901447445154, 0.0002645460772328079, 0.00019757577683776617, 0.00019713623623829335, 0.00020365315140224993, 0.00021632679272443056, 0.00020813458831980824, 0.00019615038763731718, 0.00020226504420861602, 0.00018047050980385393, 0.00019003625493496656, 0.0001869427360361442, 0.00019534389139153063, 0.00018829054897651076, 0.00017563014989718795, 0.0002320061466889456, 0.00028505950467661023, 0.00019791191152762622, 0.0001833802816690877, 0.00018208187248092145, 0.00017764646327123046, 0.0002266721858177334, 0.00017940900579560548, 0.00020851512090303004, 0.00018564281344879419]}