{"loss": [0.007259456906467676, 0.006248712074011564, 0.005197579972445965, 0.004008171148598194, 0.0026497056242078543, 0.0016577154165133834, 0.001225323067046702, 0.001088691409677267, 0.0008759595220908523, 0.0007612736662849784, 0.0006795491790398955, 0.0005563675658777356, 0.0004944100510329008, 0.000439795374404639, 0.0003978802415076643, 0.0003690222220029682, 0.0003536412841640413, 0.00031966198002919555, 0.00030877330573275685, 0.00029184334562160075, 0.0002843113034032285, 0.0002514291263651103, 0.0002533548104111105, 0.00022151230950839818, 0.00022757690749131143, 0.00021067235502414405, 0.0001955745683517307, 0.00018743147666100413, 0.00018270322470925748, 0.00018461860599927604, 0.00017925899010151625, 0.00017366951215080917, 0.00016471502021886408, 0.00016476130986120552, 0.00015131881809793413, 0.00015124808123800904, 0.00015072160749696195, 0.00014215512783266604, 0.0001519864599686116, 0.00014286828809417784, 0.00013722192670684308, 0.00014317271416075528, 0.00013891047274228185, 0.00014771675341762602, 0.00013624208804685622, 0.000122392360935919, 0.00012400203559082001, 0.00012538061127997935, 0.00012565680663101375, 0.00012280340888537467, 0.0001230672060046345, 0.00011703148629749194, 0.00011371215805411339, 0.00011523780267452821, 0.00011154756793985143, 0.00011307152453809977, 0.00010680975537979975, 0.00010516023030504584, 0.0001028473925543949, 0.00010263109288644046, 0.00010363850742578506, 0.00010197328811045736, 9.884570317808539e-05, 9.866363689070567e-05, 9.553309791954234e-05, 9.490652882959694e-05, 9.447716729482636e-05, 9.497184510109946e-05, 9.771126497071236e-05, 9.732065518619493e-05, 0.0001015960006043315, 9.763046546140686e-05, 9.080539166461676e-05, 0.00010367242794018239, 0.00011303743667667732, 0.00010759740689536557, 9.745355055201799e-05, 9.255353506887332e-05, 9.53626586124301e-05, 9.490200318396091e-05, 9.209247946273535e-05, 8.707479719305411e-05, 8.657381113152951e-05, 8.304615766974166e-05, 7.99890622147359e-05, 8.562834409531206e-05, 8.328999683726579e-05, 8.103590516839176e-05, 7.702123548369855e-05, 7.667946920264512e-05, 7.67287056078203e-05, 8.669053204357624e-05, 9.518447041045874e-05, 8.806835830910131e-05, 7.942733645904809e-05, 8.209303632611409e-05, 8.033475751290098e-05, 8.011009776964784e-05, 7.593780901515856e-05, 7.115585322026163e-05, 7.329391519306228e-05, 7.130325684556738e-05, 7.265096792252734e-05, 6.891792145324871e-05, 7.062284566927701e-05], "mse": [0.007259456906467676, 0.006248712074011564, 0.005197579972445965, 0.004008171148598194, 0.0026497056242078543, 0.0016577154165133834, 0.001225323067046702, 0.001088691409677267, 0.0008759595220908523, 0.0007612736662849784, 0.0006795491790398955, 0.0005563675658777356, 0.0004944100510329008, 0.000439795374404639, 0.0003978802415076643, 0.0003690222220029682, 0.0003536412841640413, 0.00031966198002919555, 0.00030877330573275685, 0.00029184334562160075, 0.0002843113034032285, 0.0002514291263651103, 0.0002533548104111105, 0.00022151230950839818, 0.00022757690749131143, 0.00021067235502414405, 0.0001955745683517307, 0.00018743147666100413, 0.00018270322470925748, 0.00018461860599927604, 0.00017925899010151625, 0.00017366951215080917, 0.00016471502021886408, 0.00016476130986120552, 0.00015131881809793413, 0.00015124808123800904, 0.00015072160749696195, 0.00014215512783266604, 0.0001519864599686116, 0.00014286828809417784, 0.00013722191215492785, 0.00014317271416075528, 0.00013891047274228185, 0.00014771675341762602, 0.00013624208804685622, 0.000122392360935919, 0.00012400203559082001, 0.00012538061127997935, 0.00012565680663101375, 0.00012280340888537467, 0.0001230672060046345, 0.00011703148629749194, 0.00011371215805411339, 0.00011523780267452821, 0.00011154756793985143, 0.00011307152453809977, 0.00010680975537979975, 0.00010516023030504584, 0.0001028473925543949, 0.00010263109288644046, 0.00010363850742578506, 0.00010197328811045736, 9.884570317808539e-05, 9.866363689070567e-05, 9.553309791954234e-05, 9.490652882959694e-05, 9.447716729482636e-05, 9.497184510109946e-05, 9.771126497071236e-05, 9.732065518619493e-05, 0.0001015960006043315, 9.763046546140686e-05, 9.080539166461676e-05, 0.00010367242794018239, 0.00011303745122859254, 0.00010759739961940795, 9.745355055201799e-05, 9.255353506887332e-05, 9.536265133647248e-05, 9.490200318396091e-05, 9.209247946273535e-05, 8.707479719305411e-05, 8.657381113152951e-05, 8.304615766974166e-05, 7.99890622147359e-05, 8.562834409531206e-05, 8.328999683726579e-05, 8.103590516839176e-05, 7.702123548369855e-05, 7.667946920264512e-05, 7.67287056078203e-05, 8.669053204357624e-05, 9.518447041045874e-05, 8.806835830910131e-05, 7.942733645904809e-05, 8.209303632611409e-05, 8.033475751290098e-05, 8.011010504560545e-05, 7.593780901515856e-05, 7.115585322026163e-05, 7.329391519306228e-05, 7.130325684556738e-05, 7.265096792252734e-05, 6.891792145324871e-05, 7.062284566927701e-05], "val_loss": [0.004480211529880762, 0.003664349438622594, 0.003051554784178734, 0.0022170960437506437, 0.0013549859868362546, 0.0010241304989904165, 0.0010222943965345621, 0.00078714604023844, 0.0006771499756723642, 0.0005903682322241366, 0.0005475053330883384, 0.0005508859758265316, 0.0005529664340429008, 0.0004889662377536297, 0.0004830123798456043, 0.00046899254084564745, 0.00044918525964021683, 0.0005678868037648499, 0.0004527128767222166, 0.0004750541993416846, 0.00044000879279337823, 0.00045321127981878817, 0.00043399157584644854, 0.00047676535905338824, 0.00039968680357560515, 0.00039252670831047, 0.00041284257895313203, 0.00038656656397506595, 0.0003987134841736406, 0.0004132573085371405, 0.0004302936140447855, 0.00038221204886212945, 0.0003631347790360451, 0.00037945405347272754, 0.0003777224919758737, 0.0003840897115878761, 0.0003550217370502651, 0.00036489858757704496, 0.0003633653686847538, 0.0003476872807368636, 0.00034942562342621386, 0.00034816679544746876, 0.0003586960956454277, 0.00035498445504345, 0.0003379455010872334, 0.0003370425838511437, 0.0003416509716771543, 0.0003281008393969387, 0.0003446374030318111, 0.00033304677344858646, 0.00033610782702453434, 0.0003316334914416075, 0.00032525305869057775, 0.0003203707456123084, 0.00034101534401997924, 0.0003192843869328499, 0.0003131598641630262, 0.0003243402170483023, 0.000306772708427161, 0.0003156744933221489, 0.0003111489349976182, 0.00031842972384765744, 0.00031323605799116194, 0.0003061519528273493, 0.00030748656718060374, 0.0003076791181229055, 0.0003009040665347129, 0.00031256600050255656, 0.00030135345878079534, 0.0003023179015144706, 0.00033511000219732523, 0.0003023641766048968, 0.0003280108794569969, 0.0003142950008623302, 0.00032322571496479213, 0.00030272104777395725, 0.0002984346356242895, 0.00030773726757615805, 0.0003102841437794268, 0.000315448094625026, 0.0002967587497550994, 0.0002959480625577271, 0.00029457532218657434, 0.00029938045190647244, 0.000294672412564978, 0.00031270188628695905, 0.0003035452973563224, 0.00029891819576732814, 0.00029068387812003493, 0.00029146086308173835, 0.0002909624017775059, 0.0002957452379632741, 0.0003242518287152052, 0.00030339296790771186, 0.0002857681247405708, 0.00030034544761292636, 0.0003052332322113216, 0.00029527751030400395, 0.0002934183576144278, 0.00029366076341830194, 0.00029098911909386516, 0.0002939366386272013, 0.0002870653406716883, 0.00029201083816587925, 0.00029138464014977217],