{"loss": [0.002264277311041951, 0.001960648689419031, 0.0016830585664138198, 0.0013713863445445895, 0.0010694408556446433, 0.0008053144556470215, 0.0006476799608208239, 0.0005620179581455886, 0.00043676100904121995, 0.0003612084547057748, 0.00028300174744799733, 0.00026941788382828236, 0.00020652031525969505, 0.00018601087504066527, 0.00016885274089872837, 0.00016169955779332668, 0.00016049262194428593, 0.00014832486340310425, 0.0001366677024634555, 0.00012714079639408737, 0.00013511972792912275, 0.000123181045637466, 0.00011642008030321449, 0.00011053842899855226, 0.0001021158168441616, 0.0001019027185975574, 9.626567043596879e-05, 9.531421528663486e-05, 8.895355858840048e-05, 8.49435236887075e-05, 8.808948041405529e-05, 0.00010002355702454224, 8.846553828334436e-05, 8.433976472588256e-05, 8.355436875717714e-05, 7.415081927319989e-05, 7.232731877593324e-05, 6.873176607768983e-05, 6.943578773643821e-05, 6.873863458167762e-05, 6.797864625696093e-05, 6.666618719464168e-05, 6.260133523028344e-05, 6.36995755485259e-05, 6.279796070884913e-05, 6.24331587459892e-05, 6.172722351038828e-05, 6.314802158158273e-05, 5.9441314078867435e-05, 5.701925329049118e-05, 5.733677608077414e-05, 5.5282282119151205e-05, 5.777345359092578e-05, 5.548993794946e-05, 5.340793723007664e-05, 5.061261617811397e-05, 5.1681174227269366e-05, 4.868819814873859e-05, 4.913194425171241e-05], "mse": [0.002264277311041951, 0.001960648689419031, 0.0016830585664138198, 0.0013713863445445895, 0.0010694408556446433, 0.0008053144556470215, 0.0006476799608208239, 0.0005620179581455886, 0.00043676100904121995, 0.0003612084547057748, 0.00028300174744799733, 0.00026941788382828236, 0.00020652031525969505, 0.00018601087504066527, 0.00016885274089872837, 0.00016169955779332668, 0.00016049262194428593, 0.00014832486340310425, 0.0001366677024634555, 0.00012714079639408737, 0.00013511972792912275, 0.000123181045637466, 0.00011642008030321449, 0.00011053842899855226, 0.0001021158168441616, 0.0001019027185975574, 9.626567043596879e-05, 9.531421528663486e-05, 8.895355858840048e-05, 8.49435236887075e-05, 8.808948041405529e-05, 0.00010002355702454224, 8.846553828334436e-05, 8.433976472588256e-05, 8.355436875717714e-05, 7.415081927319989e-05, 7.232731877593324e-05, 6.873176607768983e-05, 6.943578773643821e-05, 6.873863458167762e-05, 6.79786317050457e-05, 6.666618719464168e-05, 6.260133523028344e-05, 6.36995755485259e-05, 6.279796070884913e-05, 6.24331587459892e-05, 6.172722351038828e-05, 6.314802158158273e-05, 5.9441314078867435e-05, 5.701925329049118e-05, 5.733677608077414e-05, 5.5282282119151205e-05, 5.777345359092578e-05, 5.548993794946e-05, 5.3407944506034255e-05, 5.061261617811397e-05, 5.1681174227269366e-05, 4.868819814873859e-05, 4.913194425171241e-05], "val_loss": [0.0024879928678274155, 0.0021852464415133, 0.0018676919862627983, 0.0015295015182346106, 0.001192005816847086, 0.0008971712668426335, 0.0007142469985410571, 0.0005595599068328738, 0.00046694735647179186, 0.0003844438469968736, 0.0003829538181889802, 0.0002757726761046797, 0.0002827602147590369, 0.00026873318711295724, 0.00027128634974360466, 0.00023236023844219744, 0.00027375546051189303, 0.0002311373536940664, 0.00024092281819321215, 0.000223453578655608, 0.00023933751799631864, 0.00024105911143124104, 0.00021530003868974745, 0.00022165861446410418, 0.00023545787553302944, 0.00021997831936459988, 0.00020810600835829973, 0.00020796441822312772, 0.00021817577362526208, 0.00020464004774112254, 0.00024478405248373747, 0.00020927069999743253, 0.00021718590869568288, 0.00020378190674819052, 0.00020580226555466652, 0.00020008689898531884, 0.00020529302128124982, 0.00020986035815440118, 0.000198401598026976, 0.0002013078919844702, 0.00019634752243291587, 0.00021428652689792216, 0.00019351541413925588, 0.0002055849472526461, 0.00019808676734101027, 0.0002166332269553095, 0.0001906883844640106, 0.0002153383829863742, 0.00018834826187230647, 0.0001929722639033571, 0.0002057100209640339, 0.00019973314192611724, 0.00020290710381232202, 0.00019522161164786667, 0.00018968388030771166, 0.00021035729150753468, 0.00019279832486063242, 0.0001956016494659707, 0.00019038046593777835], "val_mse": [0.0024879928678274155, 0.0021852464415133, 0.0018676917534321547, 0.0015295015182346106, 0.0011920057004317641, 0.0008971712668426335, 0.0007142469985410571, 0.0005595599068328738, 0.00046694735647179186, 0.0003844438469968736, 0.0003829538181889802, 0.0002757726761046797, 0.0002827602147590369, 0.00026873318711295724, 0.00027128634974360466, 0.00023236023844219744, 0.00027375546051189303, 0.0002311373536940664, 0.00024092281819321215, 0.000223453578655608, 0.00023933751799631864, 0.00024105911143124104, 0.00021530003868974745, 0.00022165861446410418, 0.00023545787553302944, 0.00021997831936459988, 0.00020810600835829973, 0.00020796441822312772, 0.00021817577362526208, 0.00020464004774112254, 0.000244784023379907, 0.00020927069999743253, 0.00021718590869568288, 0.00020378190674819052, 0.00020580226555466652, 0.00020008689898531884, 0.00020529302128124982, 0.00020986035815440118, 0.000198401598026976, 0.0002013078919844702, 0.00019634752243291587, 0.00021428652689792216, 0.00019351541413925588, 0.0002055849472526461, 0.00019808676734101027, 0.0002166332269553095, 0.0001906883844640106, 0.0002153383829863742, 0.00018834826187230647, 0.0001929722639033571, 0.0002057100209640339, 0.00019973314192611724, 0.00020290710381232202, 0.00019522161164786667, 0.00018968388030771166, 0.00021035729150753468, 0.00019279832486063242, 0.0001956016494659707, 0.00019038046593777835]}