{"loss": [0.002729517174884677, 0.002429985674098134, 0.002141102682799101, 0.0018669083947315812, 0.001573116285726428, 0.0012865319149568677, 0.0010539977811276913, 0.0008566879550926387, 0.0007128988509066403, 0.0005727807292714715, 0.00046345213195309043, 0.00040014213300310075, 0.0003301136603113264, 0.0002848840376827866, 0.00025576623738743365, 0.00024032853252720088, 0.00022732529032509774, 0.00021422505960799754, 0.00020649749785661697, 0.00018957071006298065, 0.00018841955170501024, 0.00018160624313168228, 0.00017846841365098953, 0.00017929419118445367, 0.00016268002218566835, 0.00015912394155748188, 0.00016041628259699792, 0.00015357736265286803, 0.00015563724446110427, 0.00014661625027656555, 0.00014352229482028633, 0.00014051026664674282, 0.00013873513671569526, 0.0001391196419717744, 0.0001398646563757211, 0.00012927016359753907, 0.00012739369412884116, 0.00012895939289592206, 0.0001247843902092427, 0.0001185552537208423, 0.00011926823935937136, 0.00011791275755967945, 0.00011702274059643969, 0.00011751971760531887, 0.00011053155321860686, 0.00011093034117948264, 0.000113717294880189, 0.00011490780161693692, 0.00010973979078698903, 0.00010620272951200604, 0.00010933705198112875, 0.00010791525710374117, 0.00010355238191550598, 0.00010491719876881689, 0.00010822659533005208, 0.00010649593605194241, 9.897704148897901e-05, 9.516025602351874e-05, 9.640455391490832e-05, 9.803062857827172e-05, 9.434267121832818e-05, 0.00010036393359769136, 9.863437298918143e-05, 9.629353735363111e-05, 9.518487058812752e-05, 9.158456668956205e-05, 8.865132986102253e-05, 8.579202403780073e-05, 8.626953058410436e-05, 8.523318683728576e-05, 8.803889068076387e-05], "mse": [0.002729517174884677, 0.002429985674098134, 0.002141102682799101, 0.0018669083947315812, 0.001573116285726428, 0.0012865319149568677, 0.0010539977811276913, 0.0008566879550926387, 0.0007128988509066403, 0.0005727807292714715, 0.00046345213195309043, 0.00040014213300310075, 0.0003301136603113264, 0.0002848840376827866, 0.00025576623738743365, 0.00024032853252720088, 0.00022732529032509774, 0.00021422505960799754, 0.00020649749785661697, 0.00018957071006298065, 0.00018841955170501024, 0.00018160624313168228, 0.00017846841365098953, 0.00017929419118445367, 0.00016268002218566835, 0.00015912394155748188, 0.00016041628259699792, 0.00015357736265286803, 0.00015563724446110427, 0.00014661625027656555, 0.00014352229482028633, 0.00014051026664674282, 0.00013873513671569526, 0.00013911965652368963, 0.0001398646563757211, 0.00012927016359753907, 0.00012739369412884116, 0.00012895939289592206, 0.0001247843902092427, 0.0001185552537208423, 0.00011926823935937136, 0.00011791275755967945, 0.00011702274059643969, 0.00011751971760531887, 0.00011053155321860686, 0.00011093034117948264, 0.000113717294880189, 0.00011490780161693692, 0.00010973979078698903, 0.00010620272951200604, 0.00010933705198112875, 0.00010791525710374117, 0.00010355238191550598, 0.00010491719876881689, 0.00010822659533005208, 0.00010649593605194241, 9.897704148897901e-05, 9.516025602351874e-05, 9.640455391490832e-05, 9.803062857827172e-05, 9.434267121832818e-05, 0.00010036393359769136, 9.863437298918143e-05, 9.629353735363111e-05, 9.518487058812752e-05, 9.158456668956205e-05, 8.865132986102253e-05, 8.579202403780073e-05, 8.626953058410436e-05, 8.523318683728576e-05, 8.803889068076387e-05], "val_loss": [0.002667924389243126, 0.0025515768211334944, 0.002225720789283514, 0.0020449566654860973, 0.0017539088148623705, 0.0015667376574128866, 0.0012431328650563955, 0.001024738303385675, 0.000915217213332653, 0.0007952689193189144, 0.0005720622139051557, 0.0005340093048289418, 0.0005650086095556617, 0.0005796387558802962, 0.0005464875139296055, 0.00046339831897057593, 0.0004748834762722254, 0.0004487140104174614, 0.0004892166471108794, 0.00047773466212674975, 0.0005265342770144343, 0.000504790514241904, 0.00044210246414877474, 0.0004421294725034386, 0.0004540535155683756, 0.0004484116507228464, 0.0004541089874692261, 0.0004745722690131515, 0.00044096680358052254, 0.0004510340222623199, 0.0004322813474573195, 0.0004388829693198204, 0.000445493875304237, 0.00045590451918542385, 0.00042049618787132204, 0.00043541117338463664, 0.00043324200669303536, 0.00041963672265410423, 0.0004211809136904776, 0.0004219909314997494, 0.00041724578477442265, 0.00042831170139834285, 0.0004276782274246216, 0.0004126400745008141, 0.0004178505332674831, 0.00041712564416229725, 0.00042161959572695196, 0.0004197973175905645, 0.0004169538733549416, 0.0004298409912735224, 0.00041447539115324616, 0.0004184442514088005, 0.0004496014735195786, 0.0004069016722496599, 0.0004338149446994066, 0.00042131420923396945, 0.00041209618211723864, 0.00041588390013203025, 0.00043805563473142684, 0.0004194617213215679, 0.0004018846957478672, 0.00043559871846809983, 0.0004253796359989792, 0.00041908537968993187, 0.00041226911707781255, 0.00041068968130275607, 0.0004218209069222212, 0.0004195439978502691, 0.00042282184585928917, 0.0004252739599905908, 0.0004054415039718151], "val_mse": [0.002667924389243126, 0.0025515768211334944, 0.002225720789283514, 0.0020449566654860973, 0.0017539088148623705, 0.0015667376574128866, 0.0012431328650563955, 0.001024738303385675, 0.000915217213332653, 0.0007952689193189144, 0.0005720622139051557, 0.0005340093048289418, 0.0005650086095556617, 0.0005796387558802962, 0.0005464875139296055, 0.00046339831897057593, 0.0004748834762722254, 0.0004487140104174614, 0.0004892166471108794, 0.00047773466212674975, 0.0005265342770144343, 0.000504790514241904, 0.00044210246414877474, 0.0004421294725034386, 0.0004540535155683756, 0.0004484116507228464, 0.0004541089874692261, 0.0004745722690131515, 0.00044096680358052254, 0.0004510340222623199, 0.0004322813474573195, 0.0004388829693198204, 0.000445493875304237, 0.00045590451918542385, 0.00042049618787132204, 0.00043541117338463664, 0.00043324200669303536, 0.00041963678086176515, 0.00042118094279430807, 0.0004219909314997494, 0.00041724578477442265, 0.00042831175960600376, 0.0004276782274246216, 0.0004126400745008141, 0.0004178505332674831, 0.00041712564416229725, 0.00042161959572695196, 0.0004197973175905645, 0.0004169538733549416, 0.0004298409912735224, 0.00041447539115324616, 0.0004184442514088005, 0.0004496014735195786, 0.0004069016722496599, 0.0004338149446994066, 0.00042131420923396945, 0.00041209618211723864, 0.0004158838710281998, 0.00043805563473142684, 0.0004194617213215679, 0.0004018846957478672, 0.00043559871846809983, 0.0004253796359989792, 0.00041908537968993187, 0.00041226911707781255, 0.00041068968130275607, 0.0004218209069222212, 0.0004195439978502691, 0.00042282184585928917, 0.0004252739599905908, 0.0004054415039718151]}