{"loss": [0.001298398245126009, 0.00022508882102556527, 0.00014420170919038355, 0.00011300597543595359, 9.89433829090558e-05, 8.528347825631499e-05, 8.015844650799409e-05, 7.762860332150012e-05, 7.351581007242203e-05, 7.445975643349811e-05, 7.02994511811994e-05, 7.108569116098806e-05, 6.792070053052157e-05, 6.45190229988657e-05, 6.660174403805286e-05, 6.317177758319303e-05, 6.278976070461795e-05, 6.253125320654362e-05, 6.060729720047675e-05, 5.968603363726288e-05, 6.0417591157602146e-05, 6.001783913234249e-05, 5.6505588872823864e-05, 5.6997356296051294e-05, 6.0279591707512736e-05, 5.907365994062275e-05, 5.433564365375787e-05, 5.328691622707993e-05, 5.4639833251712844e-05, 5.394412073655985e-05, 5.232674448052421e-05, 5.339900599210523e-05, 5.3334817494032905e-05, 5.2162711654091254e-05, 5.22340924362652e-05, 5.2361803682288155e-05, 5.095918822917156e-05, 5.221492028795183e-05, 5.008351945434697e-05, 4.86302851641085e-05, 4.9784761358750984e-05], "mse": [0.001298398245126009, 0.00022508882102556527, 0.00014420170919038355, 0.00011300597543595359, 9.89433829090558e-05, 8.528347825631499e-05, 8.015844650799409e-05, 7.762860332150012e-05, 7.351581007242203e-05, 7.445975643349811e-05, 7.02994511811994e-05, 7.108569116098806e-05, 6.792070053052157e-05, 6.45190229988657e-05, 6.660174403805286e-05, 6.317177758319303e-05, 6.278976070461795e-05, 6.253125320654362e-05, 6.060729720047675e-05, 5.968603363726288e-05, 6.0417591157602146e-05, 6.001783913234249e-05, 5.6505588872823864e-05, 5.6997356296051294e-05, 6.0279591707512736e-05, 5.907365994062275e-05, 5.433564365375787e-05, 5.328691622707993e-05, 5.4639833251712844e-05, 5.3944131650496274e-05, 5.232674448052421e-05, 5.339900599210523e-05, 5.3334817494032905e-05, 5.2162711654091254e-05, 5.22340924362652e-05, 5.2361803682288155e-05, 5.095918822917156e-05, 5.221492028795183e-05, 5.008351945434697e-05, 4.86302851641085e-05, 4.9784761358750984e-05], "val_loss": [0.0003054336993955076, 0.00015852109936531633, 0.00010906958050327376, 0.0001228360488312319, 8.556452667107806e-05, 8.311308192787692e-05, 7.529449794674292e-05, 8.110482303891331e-05, 7.545657717855647e-05, 7.331277447519824e-05, 7.103959796950221e-05, 7.810661190887913e-05, 7.745211769361049e-05, 7.185053254943341e-05, 6.555395520990714e-05, 6.563812348758802e-05, 6.608039257116616e-05, 6.927389040356502e-05, 6.923313048901036e-05, 6.609832780668512e-05, 6.507380749098957e-05, 6.455721450038254e-05, 6.569278775714338e-05, 6.615462189074606e-05, 7.311680383281782e-05, 6.280175875872374e-05, 6.34336902294308e-05, 6.395931268343702e-05, 6.275858322624117e-05, 6.428937194868922e-05, 6.147732347017154e-05, 6.582596688531339e-05, 6.175519956741482e-05, 6.321966793620959e-05, 6.175415910547599e-05, 7.014829316176474e-05, 6.432323425542563e-05, 6.608940748265013e-05, 6.564561772393063e-05, 6.335312355076894e-05, 6.160299381008372e-05], "val_mse": [0.0003054336993955076, 0.00015852109936531633, 0.00010906958050327376, 0.0001228360488312319, 8.556452667107806e-05, 8.311308192787692e-05, 7.529449794674292e-05, 8.110483031487092e-05, 7.545657717855647e-05, 7.331277447519824e-05, 7.103959796950221e-05, 7.810661190887913e-05, 7.745211769361049e-05, 7.185053254943341e-05, 6.555395520990714e-05, 6.563812348758802e-05, 6.608039257116616e-05, 6.927389040356502e-05, 6.923313048901036e-05, 6.60983205307275e-05, 6.507380749098957e-05, 6.455721450038254e-05, 6.569278775714338e-05, 6.615462189074606e-05, 7.311680383281782e-05, 6.280175875872374e-05, 6.34336902294308e-05, 6.395931268343702e-05, 6.275858322624117e-05, 6.428937194868922e-05, 6.147732347017154e-05, 6.582595960935578e-05, 6.175519956741482e-05, 6.321966793620959e-05, 6.175415910547599e-05, 7.014829316176474e-05, 6.432323425542563e-05, 6.608940748265013e-05, 6.564561772393063e-05, 6.335312355076894e-05, 6.160299381008372e-05]}