{"loss": [0.0013387639774009585, 0.00027019527624361217, 0.00017598728300072253, 0.00015060656005516648, 0.0001320193405263126, 0.0001172946795122698, 0.00011346788960509002, 0.0001085420954041183, 9.971079271053895e-05, 0.00010123077663592994, 0.0001039056878653355, 9.630400745663792e-05, 9.230109571944922e-05, 8.814076863927767e-05, 9.164361108560115e-05, 8.854102634359151e-05, 8.563737355871126e-05, 8.606452320236713e-05, 8.446347783319652e-05, 8.5582556494046e-05, 8.366462134290487e-05, 8.235653513111174e-05, 8.20272762211971e-05, 7.964763062773272e-05, 8.223258191719651e-05, 8.09776975074783e-05, 7.746845221845433e-05, 7.70033075241372e-05, 7.852449198253453e-05, 7.498005288653076e-05, 7.841691694920883e-05, 7.69800681155175e-05, 7.525291584897786e-05, 7.376363646471873e-05, 7.489787822123617e-05, 7.4545678216964e-05, 7.850837573641911e-05, 7.291201472980902e-05, 7.389975507976487e-05, 7.722841837676242e-05, 7.036404713289812e-05, 6.922316242707893e-05, 7.099040522007272e-05, 6.898958963574842e-05, 7.086058030836284e-05, 7.013528374955058e-05, 6.744841812178493e-05, 6.764976569684222e-05, 6.847620534244925e-05, 6.854921230114996e-05, 6.911555828992277e-05], "mse": [0.0013387639774009585, 0.00027019527624361217, 0.00017598728300072253, 0.00015060658915899694, 0.0001320193405263126, 0.0001172946795122698, 0.00011346788960509002, 0.0001085420954041183, 9.971079271053895e-05, 0.00010123077663592994, 0.0001039056878653355, 9.630400745663792e-05, 9.230109571944922e-05, 8.814076863927767e-05, 9.164361108560115e-05, 8.854102634359151e-05, 8.563737355871126e-05, 8.606452320236713e-05, 8.446348510915413e-05, 8.5582556494046e-05, 8.366462134290487e-05, 8.235653513111174e-05, 8.20272762211971e-05, 7.964763062773272e-05, 8.223258191719651e-05, 8.09776975074783e-05, 7.746845221845433e-05, 7.70033075241372e-05, 7.852449198253453e-05, 7.498005288653076e-05, 7.841691694920883e-05, 7.69800681155175e-05, 7.525291584897786e-05, 7.376363646471873e-05, 7.489787822123617e-05, 7.4545678216964e-05, 7.850837573641911e-05, 7.291201472980902e-05, 7.389975507976487e-05, 7.722841837676242e-05, 7.036404713289812e-05, 6.922316970303655e-05, 7.099040522007272e-05, 6.898958963574842e-05, 7.086058030836284e-05, 7.013528374955058e-05, 6.744841812178493e-05, 6.764976569684222e-05, 6.847620534244925e-05, 6.854921957710758e-05, 6.911555828992277e-05], "val_loss": [0.0003904728509951383, 0.00018324883421882987, 0.00013950954598840326, 0.00015167309902608395, 0.00011469025776023045, 0.00010767166531877592, 0.00010195919458055869, 0.00011112743959529325, 9.749949822435156e-05, 0.00010012995335273445, 9.233205491909757e-05, 9.258872887585312e-05, 9.126905933953822e-05, 9.304397826781496e-05, 9.038887219503522e-05, 9.186176612274721e-05, 8.765338134253398e-05, 8.710560359759256e-05, 8.98573052836582e-05, 8.857170178089291e-05, 9.416795364813879e-05, 8.929601608542725e-05, 8.746479579713196e-05, 9.194164886139333e-05, 8.740009070606902e-05, 8.600312139606103e-05, 8.76999765750952e-05, 8.752354187890887e-05, 8.5989355284255e-05, 0.00011466351134004071, 9.020339348353446e-05, 8.686201908858493e-05, 8.627815259387717e-05, 0.00010140513040823862, 8.67005146574229e-05, 8.58121202327311e-05, 9.348071762360632e-05, 8.268145757028833e-05, 8.811516454443336e-05, 8.36269828141667e-05, 8.194029214791954e-05, 0.00010242375719826669, 8.244017226388678e-05, 8.37327097542584e-05, 8.432655886281282e-05, 8.51323056849651e-05, 8.5249419498723e-05, 8.5699517512694e-05, 8.63040258991532e-05, 8.538467227481306e-05, 8.534130029147491e-05], "val_mse": [0.00039047293830662966, 0.00018324883421882987, 0.00013950954598840326, 0.00015167309902608395, 0.00011469025776023045, 0.00010767166531877592, 0.00010195919458055869, 0.00011112743959529325, 9.749949822435156e-05, 0.00010012995335273445, 9.233205491909757e-05, 9.258872887585312e-05, 9.126905933953822e-05, 9.304397826781496e-05, 9.038887219503522e-05, 9.186176612274721e-05, 8.765338134253398e-05, 8.710560359759256e-05, 8.98573052836582e-05, 8.857170178089291e-05, 9.416795364813879e-05, 8.929601608542725e-05, 8.746479579713196e-05, 9.194164886139333e-05, 8.74000761541538e-05, 8.600312139606103e-05, 8.76999765750952e-05, 8.752353460295126e-05, 8.5989355284255e-05, 0.00011466351134004071, 9.020339348353446e-05, 8.686201908858493e-05, 8.627815259387717e-05, 0.00010140513040823862, 8.67005146574229e-05, 8.58121202327311e-05, 9.348071762360632e-05, 8.268145757028833e-05, 8.811516454443336e-05, 8.36269828141667e-05, 8.194029214791954e-05, 0.00010242375719826669, 8.244017226388678e-05, 8.37327097542584e-05, 8.432655886281282e-05, 8.51323056849651e-05, 8.5249419498723e-05, 8.5699517512694e-05, 8.63040258991532e-05, 8.538467227481306e-05, 8.534130029147491e-05]}