{"loss": [0.0028891535475850105, 0.0022766566835343838, 0.0016414730343967676, 0.0011571336071938276, 0.0008160692523233593, 0.0005825040861964226, 0.00041916780173778534, 0.0003280206583440304, 0.00028054273570887744, 0.0002588292700238526, 0.00023932437761686742, 0.00023825143580324948, 0.0002456997463013977, 0.00022398820146918297, 0.00020931260951329023, 0.00021445662423502654, 0.00020858077914454043, 0.00018949824152514338, 0.00018680303764995188, 0.0001890226558316499, 0.0001922869123518467, 0.00017871620366349816, 0.00017332452989649028, 0.00017735842266120017, 0.00017925439169630408, 0.0001648752368055284, 0.0001612681517144665, 0.00015668135893065482, 0.00016184170090127736, 0.00015768478624522686, 0.0001558892836328596, 0.00015485096082556993, 0.00014762106002308428, 0.00015437552065122873, 0.00014833528257440776, 0.00014340924099087715, 0.00014425798144657165, 0.00013743038289248943, 0.00014030841703061014, 0.00013539279461838305, 0.00013468219549395144, 0.00013468970428220928, 0.00013624584244098514, 0.00014282396296039224, 0.0001362737821182236, 0.00013313713134266436, 0.00012991236872039735, 0.00013201091496739537, 0.00012954004341736436, 0.00012438937847036868, 0.00013627727457787842, 0.0001336280256509781, 0.00012842068099416792, 0.0001261091383639723, 0.00012162984057795256, 0.00011820463987533003], "mse": [0.002889153314754367, 0.0022766566835343838, 0.0016414730343967676, 0.0011571336071938276, 0.0008160692523233593, 0.0005825040861964226, 0.00041916780173778534, 0.0003280206583440304, 0.00028054273570887744, 0.0002588292700238526, 0.00023932437761686742, 0.00023825143580324948, 0.0002456997463013977, 0.00022398820146918297, 0.00020931260951329023, 0.00021445662423502654, 0.00020858077914454043, 0.00018949824152514338, 0.00018680303764995188, 0.0001890226558316499, 0.0001922869123518467, 0.00017871620366349816, 0.0001733245444484055, 0.00017735842266120017, 0.00017925439169630408, 0.0001648752368055284, 0.0001612681517144665, 0.00015668135893065482, 0.00016184170090127736, 0.00015768478624522686, 0.00015588929818477482, 0.00015485096082556993, 0.00014762106002308428, 0.00015437552065122873, 0.00014833528257440776, 0.00014340924099087715, 0.00014425798144657165, 0.00013743038289248943, 0.00014030841703061014, 0.00013539279461838305, 0.00013468219549395144, 0.00013468970428220928, 0.00013624584244098514, 0.00014282396296039224, 0.0001362737821182236, 0.00013313713134266436, 0.00012991238327231258, 0.00013201091496739537, 0.00012954004341736436, 0.00012438937847036868, 0.00013627727457787842, 0.0001336280256509781, 0.00012842068099416792, 0.0001261091383639723, 0.00012162984057795256, 0.00011820463987533003], "val_loss": [0.0022484876681119204, 0.0017717421287670732, 0.0012872088700532913, 0.001007493119686842, 0.0008037028601393104, 0.0005688660894520581, 0.0004382480983622372, 0.00039658710011281073, 0.0003504181804601103, 0.00032913449103944004, 0.00031102620414458215, 0.00030686822719872, 0.00028644315898418427, 0.0002789461868815124, 0.0002700348850339651, 0.00031279673567041755, 0.00025844754418358207, 0.00025295367231592536, 0.0002687204978428781, 0.00027760694501921535, 0.00024750124430283904, 0.00023766953381709754, 0.0002365412365179509, 0.00025310105411335826, 0.0002338822523597628, 0.00023625782341696322, 0.00022577409981749952, 0.00022636601352132857, 0.00022521510254591703, 0.0002299321349710226, 0.00023678650904912502, 0.00022094641462899745, 0.00022688749595545232, 0.00021900329738855362, 0.0002119382843375206, 0.00021894313977099955, 0.00021138027659617364, 0.00021273289166856557, 0.00021292832389008254, 0.00020851702720392495, 0.0002151558146579191, 0.00022400097805075347, 0.00021874676167499274, 0.0002114633098244667, 0.0002083882864098996, 0.00020552260684780777, 0.00020993237558286637, 0.00021087806089781225, 0.0002064206637442112, 0.00021173548884689808, 0.00021338663646019995, 0.00021143229969311506, 0.00021134484268259257, 0.0002094043156830594, 0.00021211899002082646, 0.00021246094547677785], "val_mse": [0.0022484876681119204, 0.0017717421287670732, 0.0012872088700532913, 0.001007493119686842, 0.0008037028601393104, 0.0005688660894520581, 0.0004382480983622372, 0.00039658710011281073, 0.0003504181804601103, 0.00032913449103944004, 0.00031102620414458215, 0.00030686822719872, 0.00028644315898418427, 0.0002789461868815124, 0.0002700348850339651, 0.00031279673567041755, 0.00025844754418358207, 0.00025295367231592536, 0.0002687204978428781, 0.00027760694501921535, 0.00024750124430283904, 0.00023766953381709754, 0.0002365412365179509, 0.00025310105411335826, 0.0002338822523597628, 0.00023625782341696322, 0.00022577409981749952, 0.00022636601352132857, 0.00022521510254591703, 0.0002299321349710226, 0.00023678650904912502, 0.00022094641462899745, 0.00022688745229970664, 0.00021900329738855362, 0.0002119382843375206, 0.00021894313977099955, 0.00021138027659617364, 0.00021273289166856557, 0.00021292832389008254, 0.00020851702720392495, 0.0002151558146579191, 0.00022400097805075347, 0.00021874676167499274, 0.0002114633098244667, 0.0002083882864098996, 0.00020552260684780777, 0.00020993237558286637, 0.00021087806089781225, 0.0002064206637442112, 0.00021173548884689808, 0.00021338663646019995, 0.00021143229969311506, 0.00021134484268259257, 0.0002094043156830594, 0.00021211899002082646, 0.00021246094547677785]}