{"loss": [0.004757946822792292, 0.0036793923936784267, 0.0026394431479275227, 0.0017443930264562368, 0.0013011270202696323, 0.0012246649712324142, 0.0011106107849627733, 0.0009935576235875487, 0.000949100882280618, 0.0008981948485597968, 0.000838233798276633, 0.000806794676464051, 0.0007615640060976148, 0.0007673889631405473, 0.0007334817200899124, 0.0006947573274374008, 0.0006671958835795522, 0.0006416428368538618, 0.000640818034298718, 0.0006304833805188537, 0.0006084429332986474, 0.0006387025350704789, 0.0006064751651138067, 0.0005891777691431344, 0.0005542906583286822, 0.0005505626904778183, 0.0005376877961680293, 0.0005533347139135003, 0.0005297799361869693, 0.0005208151997067034, 0.0005228111403994262, 0.0005088177276775241, 0.0005213793483562768, 0.000511027523316443, 0.0004955281619913876, 0.0004983482649549842, 0.0004911409923806787, 0.00048003517440520227, 0.0004797300207428634, 0.000469413585960865, 0.0004678757395595312, 0.0004622543347068131, 0.00046801083954051137, 0.00046624598326161504, 0.00046029998338781297, 0.00045387697173282504, 0.00045027383021079004, 0.0004474259039852768, 0.0004350673989392817, 0.0004447978863026947, 0.00043663446558639407, 0.0004400286707095802, 0.00042911633499898016, 0.0004317483981139958, 0.0004489720449782908, 0.0004569099401123822, 0.0004603324050549418], "mse": [0.004757946822792292, 0.0036793923936784267, 0.002639442915096879, 0.0017443930264562368, 0.0013011270202696323, 0.0012246649712324142, 0.0011106107849627733, 0.0009935576235875487, 0.000949100882280618, 0.0008981948485597968, 0.000838233798276633, 0.000806794676464051, 0.0007615640060976148, 0.0007673889631405473, 0.0007334817200899124, 0.0006947573274374008, 0.0006671958835795522, 0.0006416428368538618, 0.000640818034298718, 0.0006304833805188537, 0.0006084429332986474, 0.0006387025350704789, 0.0006064751651138067, 0.0005891777109354734, 0.0005542906583286822, 0.0005505626904778183, 0.0005376877961680293, 0.0005533347139135003, 0.0005297799361869693, 0.0005208151997067034, 0.0005228111403994262, 0.0005088177276775241, 0.0005213793483562768, 0.000511027523316443, 0.0004955281619913876, 0.0004983482649549842, 0.0004911409923806787, 0.00048003517440520227, 0.0004797300207428634, 0.000469413585960865, 0.0004678757395595312, 0.0004622543347068131, 0.00046801083954051137, 0.0004662458668462932, 0.0004602999542839825, 0.00045387697173282504, 0.00045027383021079004, 0.0004474259039852768, 0.0004350673989392817, 0.0004447978863026947, 0.00043663446558639407, 0.0004400286707095802, 0.00042911633499898016, 0.0004317483981139958, 0.0004489720449782908, 0.0004569099401123822, 0.0004603324050549418], "val_loss": [0.0065801069140434265, 0.005033781286329031, 0.003946153912693262, 0.0027113009709864855, 0.002692539244890213, 0.0026621846482157707, 0.0026232698000967503, 0.0023184935562312603, 0.0022227312438189983, 0.0021038157865405083, 0.0021991305984556675, 0.0020678408909589052, 0.0018744159024208784, 0.0018027250189334154, 0.0018239660421386361, 0.0017119513358920813, 0.0018241822253912687, 0.002028550487011671, 0.0016387447249144316, 0.001611035317182541, 0.0015882514417171478, 0.0017437819624319673, 0.001575332717038691, 0.0015199874760583043, 0.001497917459346354, 0.0014811574947088957, 0.0015617383178323507, 0.0015176052693277597, 0.0015943817561492324, 0.0013841232284903526, 0.0014361802022904158, 0.0016149301081895828, 0.0015425080200657248, 0.0013940628850832582, 0.001304905628785491, 0.001564742298796773, 0.0014445813139900565, 0.0014901524409651756, 0.0014266461366787553, 0.0013401709729805589, 0.0013308350462466478, 0.0013481536880135536, 0.001236596843227744, 0.0013163010589778423, 0.0014854645123705268, 0.0012175694573670626, 0.0011869779555127025, 0.0013190153986215591, 0.0012650330318138003, 0.001273595611564815, 0.0012060456210747361, 0.00129223451949656, 0.0012435303069651127, 0.0013939639320597053, 0.0015501113375648856, 0.0015566520160064101, 0.0017223693430423737], "val_mse": [0.0065801069140434265, 0.005033781286329031, 0.003946154378354549, 0.0027113009709864855, 0.002692539244890213, 0.0026621846482157707, 0.0026232698000967503, 0.0023184935562312603, 0.0022227312438189983, 0.0021038157865405083, 0.0021991305984556675, 0.0020678408909589052, 0.0018744159024208784, 0.0018027250189334154, 0.0018239660421386361, 0.0017119513358920813, 0.0018241822253912687, 0.002028550487011671, 0.0016387447249144316, 0.001611035317182541, 0.0015882514417171478, 0.0017437819624319673, 0.001575332717038691, 0.0015199874760583043, 0.001497917459346354, 0.0014811574947088957, 0.0015617383178323507, 0.0015176052693277597, 0.0015943817561492324, 0.0013841232284903526, 0.001436180085875094, 0.0016149301081895828, 0.0015425080200657248, 0.0013940628850832582, 0.001304905628785491, 0.001564742298796773, 0.0014445813139900565, 0.0014901524409651756, 0.0014266461366787553, 0.0013401709729805589, 0.0013308350462466478, 0.0013481536880135536, 0.001236596843227744, 0.0013163010589778423, 0.0014854645123705268, 0.0012175694573670626, 0.0011869779555127025, 0.0013190153986215591, 0.0012650330318138003, 0.001273595611564815, 0.0012060456210747361, 0.00129223451949656, 0.0012435303069651127, 0.0013939639320597053, 0.0015501113375648856, 0.0015566520160064101, 0.0017223693430423737]}