{"loss": [0.00628612469881773, 0.004324990324676037, 0.0023215999826788902, 0.001666314317844808, 0.0012394925579428673, 0.0009528779191896319, 0.0007763301837258041, 0.0007162842666730285, 0.0006513936095871031, 0.0006039305008016527, 0.0005613037501461804, 0.0005367695703171194, 0.0005259625613689423, 0.0005030567990615964, 0.0004969110595993698, 0.0004933144664391875, 0.0004739734868053347, 0.00046136631863191724, 0.0004736222908832133, 0.0004457552859093994, 0.00044490621075965464, 0.00043781293788924813, 0.0004349204828031361, 0.000431467400630936, 0.00041606969898566604, 0.00041145566501654685, 0.000413625908549875, 0.0003998707397840917, 0.0004149020533077419, 0.00040245213313028216, 0.00040030331001617014, 0.0003998805186711252, 0.0003891873930115253, 0.000378953292965889, 0.00040853925747796893, 0.0004009424592368305, 0.0003846964391414076, 0.00038306659553200006, 0.0003692743484862149, 0.0003592701395973563, 0.00035979351378045976, 0.00035604852018877864, 0.0003550554101821035, 0.00035869638668373227, 0.00036344275576993823, 0.00035430066054686904, 0.00035245323670096695, 0.0003637154004536569, 0.00035330778337083757, 0.0003496405261103064, 0.00034418742870911956, 0.00036370864836499095, 0.0003399952547624707, 0.00034926459193229675, 0.0003558481694199145, 0.0003477921709418297, 0.0003490379895083606, 0.00034281419357284904, 0.00033974251709878445, 0.0003297856019344181, 0.00033504865132272243, 0.0003505994682200253, 0.00032777810702100396, 0.00033965788315981627, 0.0003622842486947775, 0.0003355042135808617, 0.0003286402497906238, 0.0003308383747935295, 0.0003194705059286207, 0.0003262349055148661, 0.0003382935537956655, 0.00032973018824122846, 0.0003387932083569467], "mse": [0.00628612469881773, 0.004324990324676037, 0.0023215999826788902, 0.001666314317844808, 0.0012394925579428673, 0.0009528779191896319, 0.0007763301837258041, 0.0007162842666730285, 0.0006513936095871031, 0.0006039305008016527, 0.0005613037501461804, 0.0005367695703171194, 0.0005259626777842641, 0.0005030567990615964, 0.0004969110595993698, 0.0004933144664391875, 0.0004739734868053347, 0.00046136631863191724, 0.0004736222908832133, 0.0004457552859093994, 0.00044490621075965464, 0.00043781293788924813, 0.0004349204828031361, 0.000431467400630936, 0.00041606969898566604, 0.00041145566501654685, 0.000413625908549875, 0.0003998707397840917, 0.0004149020533077419, 0.00040245213313028216, 0.00040030325180850923, 0.0003998805186711252, 0.0003891873930115253, 0.000378953292965889, 0.00040853925747796893, 0.0004009424592368305, 0.0003846964391414076, 0.00038306659553200006, 0.0003692743484862149, 0.0003592701395973563, 0.00035979351378045976, 0.00035604852018877864, 0.0003550554101821035, 0.00035869638668373227, 0.00036344275576993823, 0.00035430066054686904, 0.00035245323670096695, 0.0003637154004536569, 0.00035330778337083757, 0.0003496405261103064, 0.00034418742870911956, 0.00036370864836499095, 0.0003399952547624707, 0.00034926459193229675, 0.0003558481694199145, 0.0003477921709418297, 0.0003490379895083606, 0.00034281419357284904, 0.00033974251709878445, 0.0003297856019344181, 0.00033504865132272243, 0.0003505994682200253, 0.00032777810702100396, 0.00033965788315981627, 0.0003622842486947775, 0.0003355042135808617, 0.0003286402497906238, 0.0003308383747935295, 0.0003194705059286207, 0.0003262349055148661, 0.0003382935537956655, 0.00032973018824122846, 0.0003387932083569467], "val_loss": [0.006851266138255596, 0.003453292418271303, 0.0012909079669043422, 0.0008610479417257011, 0.000845191185362637, 0.000810939643997699, 0.0006444698665291071, 0.0006757754599675536, 0.0006921732565388083, 0.0006371521158143878, 0.0006682198727503419, 0.0006440561264753342, 0.000639208359643817, 0.0006395644741132855, 0.000680722005199641, 0.0006537038716487586, 0.0006390210473909974, 0.0006030782824382186, 0.0006581543129868805, 0.0006346002337522805, 0.0006719749653711915, 0.0006123220664449036, 0.0006833276711404324, 0.0005924503202550113, 0.000598181679379195, 0.0006359444232657552, 0.0006255563348531723, 0.0006491252570413053, 0.0005714660510420799, 0.0005870779859833419, 0.0006128654349595308, 0.0005653375410474837, 0.0006516864523291588, 0.0006645758403465152, 0.0005825402913615108, 0.0006952080875635147, 0.0005880269454792142, 0.0005819523939862847, 0.0005624542245641351, 0.0006039830623194575, 0.0005674271378666162, 0.0006167321698740125, 0.0005865329876542091, 0.000558605301193893, 0.0006516118301078677, 0.0005907748709432781, 0.0007147873984649777, 0.0005635819397866726, 0.0005911461776122451, 0.000582086038775742, 0.0005616788985207677, 0.0006058759754523635, 0.0005551157519221306, 0.0005879717646166682, 0.0006269972072914243, 0.0005549684865400195, 0.0006496093119494617, 0.000567294773645699, 0.0005943704163655639, 0.0005804264801554382, 0.0005584292230196297, 0.000602501560933888, 0.0005533035728149116, 0.0006650618161074817, 0.0005604048492386937, 0.0006012224475853145, 0.0005593920359387994, 0.000631138333119452, 0.0005553503287956119, 0.0006608109688386321, 0.0005574551178142428, 0.0006137688760645688, 0.0006021062145009637], "val_mse": [0.006851266138255596, 0.003453292418271303, 0.0012909079669043422, 0.0008610479417257011, 0.000845191185362637, 0.000810939643997699, 0.0006444698083214462, 0.0006757754599675536, 0.0006921732565388083, 0.0006371521158143878, 0.0006682198727503419, 0.0006440561264753342, 0.000639208359643817, 0.0006395644741132855, 0.000680722005199641, 0.0006537038716487586, 0.0006390210473909974, 0.0006030783406458795, 0.0006581543129868805, 0.0006346002337522805, 0.0006719749653711915, 0.0006123220664449036, 0.0006833276711404324, 0.0005924503202550113, 0.000598181679379195, 0.0006359444232657552, 0.0006255563348531723, 0.0006491252570413053, 0.0005714660510420799, 0.0005870779859833419, 0.0006128654349595308, 0.0005653375410474837, 0.0006516865105368197, 0.0006645758403465152, 0.0005825402913615108, 0.0006952080875635147, 0.0005880269454792142, 0.0005819523939862847, 0.0005624542245641351, 0.0006039830623194575, 0.0005674271378666162, 0.0006167321698740125, 0.0005865329876542091, 0.000558605301193893, 0.0006516118301078677, 0.0005907748709432781, 0.0007147873984649777, 0.0005635819397866726, 0.0005911461776122451, 0.000582086038775742, 0.0005616788985207677, 0.0006058759754523635, 0.0005551156355068088, 0.0005879717646166682, 0.0006269972072914243, 0.0005549684865400195, 0.0006496093119494617, 0.000567294773645699, 0.0005943704163655639, 0.0005804264801554382, 0.0005584292230196297, 0.000602501560933888, 0.0005533035728149116, 0.0006650618161074817, 0.0005604048492386937, 0.0006012224475853145, 0.0005593920359387994, 0.000631138333119452, 0.0005553503287956119, 0.0006608109688386321, 0.0005574551178142428, 0.0006137688760645688, 0.0006021062145009637]}