{"loss": [0.001354313688352704, 0.000166091020219028, 7.443768117809668e-05, 5.0246893806615844e-05, 3.761959305847995e-05, 3.131726771243848e-05, 2.746957034105435e-05, 2.4432290956610814e-05, 2.222249713668134e-05, 2.0039515220560133e-05, 1.9234366845921613e-05, 1.9943294319091365e-05, 1.601187432243023e-05, 1.759410952217877e-05, 1.5334140698541887e-05, 1.4018405636306852e-05, 1.587084261700511e-05, 1.4905584066582378e-05, 1.2961304491909686e-05, 1.1984698176092934e-05, 1.2073795915057417e-05, 1.1887163964274805e-05, 1.0213323548668995e-05, 1.0173052032769192e-05, 1.1054788046749309e-05, 1.1185715266037732e-05, 1.1965867997787427e-05, 1.0467208994668908e-05, 9.317141120845918e-06, 8.792127118795179e-06, 9.02327610674547e-06, 9.984189091483131e-06, 8.446383617410902e-06, 8.493040695611853e-06, 9.940144082065672e-06, 9.099676390178502e-06, 8.086799425655045e-06, 7.268221906997496e-06, 8.638311555841938e-06, 7.929354069347028e-06, 7.931046638987027e-06, 6.818257588747656e-06, 7.2660941441426985e-06, 7.84429630584782e-06, 6.58088902127929e-06, 6.364121873048134e-06, 6.78214519211906e-06, 6.876110091980081e-06, 7.094608008628711e-06, 7.220027782750549e-06, 7.94048173702322e-06, 6.17331807006849e-06, 5.825354492117185e-06, 5.683864401362371e-06, 5.3449189181264956e-06, 5.703598162654089e-06, 5.81649783271132e-06, 6.5074705162260216e-06, 5.060559033154277e-06, 5.244633030088153e-06, 6.323416982922936e-06, 5.555328698392259e-06, 5.4361003094527405e-06, 6.100038717704592e-06, 7.248057499964489e-06, 5.321834578353446e-06, 5.590344699157868e-06, 7.443374670401681e-06, 4.908641585643636e-06, 4.455841462913668e-06, 4.857794920098968e-06, 4.617087142833043e-06, 4.437848019733792e-06, 5.2428713388508186e-06, 4.971557700628182e-06, 5.865756975254044e-06, 5.606154445558786e-06, 4.9269560804532375e-06, 6.251762897591107e-06, 4.588916908687679e-06, 4.4794742279918864e-06, 5.536155640584184e-06, 4.5751248762826435e-06, 4.549849563773023e-06, 3.998091870016651e-06, 3.89191745853168e-06, 3.977995675086277e-06, 4.182972588750999e-06, 3.890274456352927e-06, 4.9530735850567e-06, 5.2381651585164946e-06, 6.830429356341483e-06, 3.662108838398126e-06, 4.075274318893207e-06, 4.864753009314882e-06, 3.92291258322075e-06, 3.7345039345382247e-06, 4.08118557970738e-06, 3.839766122837318e-06, 3.627204023359809e-06, 3.6302062653703615e-06, 3.4392717225273373e-06, 3.473087872407632e-06], "mse": [0.001354313688352704, 0.00016609100566711277, 7.443768117809668e-05, 5.0246893806615844e-05, 3.761959305847995e-05, 3.131726771243848e-05, 2.746957034105435e-05, 2.4432290956610814e-05, 2.222249713668134e-05, 2.0039515220560133e-05, 1.9234366845921613e-05, 1.9943294319091365e-05, 1.601187432243023e-05, 1.759410952217877e-05, 1.5334140698541887e-05, 1.4018405636306852e-05, 1.587084261700511e-05, 1.4905584066582378e-05, 1.2961304491909686e-05, 1.1984698176092934e-05, 1.2073795915057417e-05, 1.1887163964274805e-05, 1.0213323548668995e-05, 1.0173052032769192e-05, 1.1054788046749309e-05, 1.1185715266037732e-05, 1.1965867997787427e-05, 1.0467208994668908e-05, 9.317141120845918e-06, 8.792127118795179e-06, 9.02327610674547e-06, 9.984189091483131e-06, 8.446383617410902e-06, 8.493040695611853e-06, 9.940144082065672e-06, 9.099676390178502e-06, 8.086799425655045e-06, 7.268221906997496e-06, 8.638311555841938e-06, 7.929354069347028e-06, 7.931047548481729e-06, 6.818257588747656e-06, 7.2660941441426985e-06, 7.84429630584782e-06, 6.58088902127929e-06, 6.364121873048134e-06, 6.78214519211906e-06, 6.876110091980081e-06, 7.094608008628711e-06, 7.220027782750549e-06, 7.94048173702322e-06, 6.17331807006849e-06, 5.825354492117185e-06, 5.683864401362371e-06, 5.3449189181264956e-06, 5.703598162654089e-06, 5.81649783271132e-06, 6.5074705162260216e-06, 5.060559033154277e-06, 5.244633030088153e-06, 6.323416982922936e-06, 5.555328698392259e-06, 5.4361003094527405e-06, 6.100038717704592e-06, 7.248057499964489e-06, 5.321834578353446e-06, 5.590344699157868e-06, 7.443374670401681e-06, 4.908641585643636e-06, 4.455841462913668e-06, 4.857794920098968e-06, 4.617087142833043e-06, 4.437848019733792e-06, 5.2428713388508186e-06, 4.971557700628182e-06, 5.865756975254044e-06, 5.606154445558786e-06, 4.9269560804532375e-06, 6.251762897591107e-06, 4.588916908687679e-06, 4.4794742279918864e-06, 5.536155640584184e-06, 4.5751248762826435e-06, 4.549849563773023e-06, 3.998091870016651e-06, 3.89191745853168e-06, 3.977995675086277e-06, 4.182972588750999e-06, 3.890274456352927e-06, 4.9530735850567e-06, 5.2381651585164946e-06, 6.830428446846781e-06, 3.662108838398126e-06, 4.075274318893207e-06, 4.864753009314882e-06, 3.92291258322075e-06, 3.7345039345382247e-06, 4.08118557970738e-06, 3.839766122837318e-06, 3.627204023359809e-06, 3.6302062653703615e-06, 3.4392717225273373e-06, 3.473087872407632e-06], "val_loss": [0.00027736241463571787, 9.363240678794682e-05, 5.592037632595748e-05, 4.6951296098995954e-05, 3.345226286910474e-05, 2.8117186957388185e-05, 2.683363163669128e-05, 2.4391227270825766e-05, 2.3245231204782613e-05, 2.3505725039285608e-05, 2.5548220946802758e-05, 2.0966921510989778e-05, 1.92774004972307e-05, 1.8956809071823955e-05, 1.8427188479108736e-05, 1.7845581169240177e-05, 1.954104118340183e-05, 1.8617247405927628e-05, 1.7377031326759607e-05, 1.5098953554115724e-05, 1.9943821826018393e-05, 1.5370404071290977e-05, 1.3918399417889304e-05, 1.6222315025515854e-05, 1.4537730748998001e-05, 1.891749707283452e-05, 1.8030350474873558e-05, 2.033691998803988e-05, 1.510315269115381e-05, 1.6711994248908013e-05, 1.8986176655744202e-05, 1.560751479701139e-05, 1.3636923540616408e-05, 1.5700239600846544e-05, 1.321494892181363e-05, 1.2480491932365112e-05, 1.2357398190943059e-05, 1.4370172721100971e-05, 1.1627014828263782e-05, 1.4777977412450127e-05, 1.1786485629272647e-05, 1.743276880006306e-05, 1.1146476026624441e-05, 1.282995526707964e-05, 1.1027336768165696e-05, 1.1998864465567749e-05, 1.2934241567563731e-05, 1.4399705833056942e-05, 1.385284213029081e-05, 1.3547738490160555e-05, 1.131485896621598e-05, 1.047286332322983e-05, 1.075546879292233e-05, 1.1072244888055138e-05, 1.0847421435755678e-05, 1.1358614756318275e-05, 1.1582820661715232e-05, 1.1055667528125923e-05, 9.773340934771113e-06, 9.762517947820015e-06, 1.105431147152558e-05, 9.780267646419816e-06, 1.0182585356233176e-05, 1.0042247595265508e-05, 1.0171733265451621e-05, 9.649428648117464e-06, 1.023158347379649e-05, 1.1343480764480773e-05, 1.2094134035578463e-05, 9.789730938791763e-06, 9.317125659435987e-06, 1.0219075193163007e-05, 1.1983224794676062e-05, 9.513625627732836e-06, 1.1123576769023202e-05, 9.68641870713327e-06, 9.228720955434255e-06, 9.780404980119783e-06, 1.136417267844081e-05, 9.884467544907238e-06, 9.453622624278069e-06, 9.220991159963887e-06, 9.529601811664179e-06, 8.625644113635644e-06, 8.93817559699528e-06, 9.184656846628059e-06, 8.963604159362148e-06, 9.310266250395216e-06, 9.067079190572258e-06, 1.211504695675103e-05, 1.1023807019228116e-05, 9.895868060993962e-06, 8.261861694336403e-06, 8.474588867102284e-06, 1.113684174924856e-05, 8.7201651695068e-06, 8.719568540982436e-06, 9.084987141250167e-06, 8.630018783151172e-06, 9.601630154065788e-06, 1.1141192771901842e-05, 8.716901902516838e-06, 8.343903573404532e-06],