{"loss": [0.002122649922966957, 0.001912902807816863, 0.001719422871246934, 0.0015158943133428693, 0.0012955369893461466, 0.0010404190979897976, 0.0008009656448848546, 0.0005860262899659574, 0.00040694273775443435, 0.0002825456322170794, 0.00018418231047689915, 0.00014731395640410483, 0.00013724496238864958, 0.00012157603487139568, 0.00010693548392737284, 9.927481733029708e-05, 9.648781269788742e-05, 8.562240691389889e-05, 7.642777927685529e-05, 7.096108311088756e-05, 6.591541750822216e-05, 6.457698327722028e-05, 6.033396493876353e-05, 5.6722830777289346e-05, 5.4239779274212196e-05, 5.230236638453789e-05, 5.041543045081198e-05, 4.8698439059080556e-05, 5.524584048544057e-05, 4.516117041930556e-05, 4.12675944971852e-05, 3.9146787457866594e-05, 3.9392376493196934e-05, 3.761766492971219e-05, 3.809028203249909e-05, 3.382521026651375e-05, 3.4462576877558604e-05, 3.446924893069081e-05, 3.1953706638887525e-05, 3.319926327094436e-05, 3.262476820964366e-05, 3.108621240244247e-05, 2.90830012090737e-05, 2.7890142519026995e-05, 2.7450971174403094e-05, 2.5253471903852187e-05, 2.690498877200298e-05, 2.5076273232116364e-05, 2.452601256663911e-05, 2.394715374975931e-05, 2.406771636742633e-05, 2.4179689717129804e-05, 2.1579435269813985e-05, 2.017516817431897e-05, 2.0191831936244853e-05, 2.1312542230589315e-05, 2.187125210184604e-05, 2.206897988799028e-05, 2.1902438675169833e-05, 2.5319261112599634e-05, 2.0131601559114642e-05, 2.0905101337120868e-05, 1.9804985640803352e-05, 1.8878428818425164e-05, 1.777330726326909e-05, 1.786261418601498e-05, 1.7282265616813675e-05, 1.601844996912405e-05, 1.612915366422385e-05, 1.5678489944548346e-05], "mse": [0.002122649922966957, 0.001912902807816863, 0.0017194229876622558, 0.0015158940805122256, 0.0012955369893461466, 0.0010404190979897976, 0.0008009656448848546, 0.0005860262899659574, 0.00040694273775443435, 0.0002825456322170794, 0.00018418231047689915, 0.00014731395640410483, 0.00013724496238864958, 0.00012157603487139568, 0.00010693548392737284, 9.927481733029708e-05, 9.648781269788742e-05, 8.562240691389889e-05, 7.642777927685529e-05, 7.096108311088756e-05, 6.591541750822216e-05, 6.457698327722028e-05, 6.033396493876353e-05, 5.6722830777289346e-05, 5.4239782912191004e-05, 5.230236638453789e-05, 5.041543045081198e-05, 4.8698439059080556e-05, 5.524584048544057e-05, 4.516117041930556e-05, 4.126759085920639e-05, 3.9146787457866594e-05, 3.9392376493196934e-05, 3.761766492971219e-05, 3.809028203249909e-05, 3.382521390449256e-05, 3.4462576877558604e-05, 3.446924893069081e-05, 3.1953706638887525e-05, 3.319926327094436e-05, 3.262476820964366e-05, 3.108621240244247e-05, 2.90830012090737e-05, 2.7890146157005802e-05, 2.7450971174403094e-05, 2.5253471903852187e-05, 2.690498877200298e-05, 2.5076273232116364e-05, 2.452601256663911e-05, 2.394715374975931e-05, 2.406771636742633e-05, 2.4179686079150997e-05, 2.1579435269813985e-05, 2.017516817431897e-05, 2.0191831936244853e-05, 2.1312542230589315e-05, 2.187125210184604e-05, 2.206897988799028e-05, 2.1902438675169833e-05, 2.5319261112599634e-05, 2.0131601559114642e-05, 2.090509769914206e-05, 1.9804985640803352e-05, 1.8878430637414567e-05, 1.777330726326909e-05, 1.786261418601498e-05, 1.7282265616813675e-05, 1.601844996912405e-05, 1.612915366422385e-05, 1.5678489944548346e-05], "val_loss": [0.002940720645710826, 0.0028369533829391003, 0.0024362714029848576, 0.0021540499292314053, 0.001772193587385118, 0.0013111471198499203, 0.000971463683526963, 0.0006612316938117146, 0.0004685224557761103, 0.00036169722443446517, 0.0003084195777773857, 0.0003484315820969641, 0.00031583517557010055, 0.00024529252550564706, 0.0002419617958366871, 0.00028594786999747157, 0.00025222275871783495, 0.0002072987554129213, 0.00023304442584048957, 0.00022193929180502892, 0.0002205459459219128, 0.0002145964390365407, 0.00020115981169510633, 0.00020231970120221376, 0.0001861735072452575, 0.00017773022409528494, 0.0001692563237156719, 0.00025997706688940525, 0.0001850525295594707, 0.00018860766431316733, 0.0001865763624664396, 0.00016708210750948638, 0.00016343442257493734, 0.00019718994735740125, 0.0001589194143889472, 0.00017732410924509168, 0.00016028000391088426, 0.00017922374536283314, 0.0001613074418855831, 0.0001738416904117912, 0.00015171167615335435, 0.0001682989386608824, 0.00016142005915753543, 0.0001459626801079139, 0.00017010430747177452, 0.0001445233210688457, 0.00015300029190257192, 0.0001676718529779464, 0.00014124743756838143, 0.00017875809862744063, 0.00014094720245338976, 0.00015931771486066282, 0.0001378030574414879, 0.00014215082046575844, 0.0001530391746200621, 0.00013328991190064698, 0.0001539493096061051, 0.00012794086069334298, 0.00016725952445995063, 0.00012768292799592018, 0.0001441925996914506, 0.00014040805399417877, 0.00012789363972842693, 0.00014672419638372958, 0.00012962166510988027, 0.00013730276259593666, 0.0001308935898123309, 0.00013439034228213131, 0.0001323113974649459, 0.00013738423876930028], "val_mse": [0.002940720645710826, 0.0028369531501084566, 0.0024362714029848576, 0.0021540499292314053, 0.001772193587385118, 0.0013111471198499203, 0.000971463683526963, 0.0006612316938117146, 0.0004685224557761103, 0.00036169722443446517, 0.0003084195777773857, 0.0003484315820969641, 0.00031583517557010055, 0.00024529252550564706, 0.0002419617958366871, 0.00028594786999747157, 0.00025222275871783495, 0.0002072987554129213, 0.00023304442584048957, 0.00022193929180502892, 0.0002205459459219128, 0.0002145964390365407, 0.00020115981169510633, 0.00020231970120221376, 0.0001861735072452575, 0.00017773022409528494, 0.0001692563237156719, 0.00025997706688940525, 0.00018505251500755548, 0.00018860767886508256, 0.0001865763624664396, 0.00016708210750948638, 0.00016343442257493734, 0.00019718994735740125, 0.0001589194143889472, 0.00017732410924509168, 0.00016028000391088426, 0.00017922374536283314, 0.0001613074418855831, 0.0001738416904117912, 0.00015171167615335435, 0.0001682989386608824, 0.00016142005915753543, 0.0001459626801079139, 0.00017010430747177452, 0.0001445233210688457, 0.00015300029190257192, 0.0001676718529779464, 0.00014124743756838143, 0.00017875809862744063, 0.00014094720245338976, 0.00015931771486066282, 0.0001378030574414879, 0.00014215082046575844, 0.0001530391746200621, 0.00013328991190064698, 0.0001539493096061051, 0.00012794086069334298, 0.00016725952445995063, 0.00012768292799592018, 0.0001441925996914506, 0.00014040805399417877, 0.00012789365428034216, 0.00014672419638372958, 0.00012962166510988027, 0.00013730276259593666, 0.0001308935898123309, 0.00013439034228213131, 0.0001323113974649459, 0.00013738423876930028]}