{"loss": [0.006606088485568762, 0.003653408493846655, 0.002003055065870285, 0.0015627701068297029, 0.0013163334224373102, 0.001061621936969459, 0.0009129839017987251, 0.0007684162119403481, 0.0006911354139447212, 0.000650007976219058, 0.0006156835006549954, 0.0005981766153126955, 0.0006142189959064126, 0.0005649733357131481, 0.0005268726381473243, 0.0005140256835147738, 0.0005076938541606069, 0.0004951403825543821, 0.0004923220258206129, 0.0004914449527859688, 0.0004847794771194458, 0.0004861069901380688, 0.0004853122809436172, 0.00046654907055199146, 0.000446791120339185, 0.00044663756852969527, 0.0004509257269091904, 0.000443221622845158, 0.0004488764388952404, 0.0004329649673309177, 0.0004296955594327301, 0.0004199663526378572, 0.00041231123032048345, 0.00044478647760115564, 0.0004366115608718246, 0.00047550193266943097, 0.0004150716704316437, 0.00042285388917662203, 0.0004164071287959814, 0.00039357328205369413, 0.0003909445949830115, 0.00038975340430624783, 0.00038545235292986035, 0.0003871773951686919, 0.00037683421396650374, 0.0003767654416151345, 0.00037666241405531764], "mse": [0.006606088485568762, 0.003653408493846655, 0.002003055065870285, 0.0015627701068297029, 0.0013163334224373102, 0.001061621936969459, 0.0009129839017987251, 0.0007684162119403481, 0.0006911354139447212, 0.000650007976219058, 0.0006156835006549954, 0.0005981766153126955, 0.0006142189959064126, 0.0005649733357131481, 0.0005268726381473243, 0.0005140256835147738, 0.0005076938541606069, 0.0004951403825543821, 0.0004923220258206129, 0.0004914449527859688, 0.0004847794771194458, 0.0004861069901380688, 0.0004853122809436172, 0.00046654907055199146, 0.000446791120339185, 0.00044663756852969527, 0.0004509257269091904, 0.000443221622845158, 0.0004488764388952404, 0.0004329649673309177, 0.0004296955594327301, 0.0004199663526378572, 0.00041231123032048345, 0.00044478647760115564, 0.0004366115608718246, 0.00047550193266943097, 0.0004150716704316437, 0.00042285388917662203, 0.0004164071870036423, 0.00039357328205369413, 0.0003909445949830115, 0.00038975340430624783, 0.00038545235292986035, 0.0003871773951686919, 0.00037683421396650374, 0.0003767654416151345, 0.00037666241405531764], "val_loss": [0.004320698324590921, 0.0025197265204042196, 0.0023310575634241104, 0.0020371652208268642, 0.0018455010140314698, 0.0011513489298522472, 0.001010765554383397, 0.0009948676452040672, 0.0009191049030050635, 0.0008410020964220166, 0.0007606638828292489, 0.0007436282467097044, 0.0009826130699366331, 0.0008246492361649871, 0.0007998297223821282, 0.0007013985305093229, 0.0007163700647652149, 0.0007051623542793095, 0.0007114564068615437, 0.0006996612064540386, 0.0008561015129089355, 0.0007363808108493686, 0.0006765989819541574, 0.0006855069659650326, 0.0007421278860419989, 0.0006720906239934266, 0.0007694753003306687, 0.0006999277393333614, 0.0007411109399981797, 0.0006835999665781856, 0.0006997453165240586, 0.0007502998923882842, 0.000671455985866487, 0.0007151028839871287, 0.0009970493847504258, 0.0008140161517076194, 0.000661683501675725, 0.0006764292484149337, 0.000714730704203248, 0.0006721823592670262, 0.0006791811319999397, 0.0007531875744462013, 0.0008209208026528358, 0.0007583798724226654, 0.0007582823745906353, 0.0007076826877892017, 0.0006899509462527931], "val_mse": [0.004320698324590921, 0.0025197265204042196, 0.0023310575634241104, 0.0020371652208268642, 0.0018455010140314698, 0.0011513489298522472, 0.001010765554383397, 0.0009948676452040672, 0.0009191049030050635, 0.0008410020964220166, 0.0007606638828292489, 0.0007436282467097044, 0.0009826130699366331, 0.0008246492361649871, 0.0007998297223821282, 0.0007013985305093229, 0.0007163700647652149, 0.0007051623542793095, 0.0007114564068615437, 0.0006996612064540386, 0.0008561015129089355, 0.0007363808108493686, 0.0006765989819541574, 0.0006855069659650326, 0.0007421278860419989, 0.0006720906239934266, 0.0007694753003306687, 0.0006999277393333614, 0.0007411109399981797, 0.0006835999665781856, 0.0006997453165240586, 0.0007502998923882842, 0.000671455985866487, 0.0007151028839871287, 0.0009970493847504258, 0.0008140161517076194, 0.000661683501675725, 0.0006764292484149337, 0.000714730704203248, 0.0006721823592670262, 0.0006791811319999397, 0.0007531875744462013, 0.0008209208026528358, 0.0007583798724226654, 0.0007582823745906353, 0.0007076826877892017, 0.0006899509462527931]}