{"loss": [0.003375320229679346, 0.0024854133371263742, 0.002320721512660384, 0.00223966920748353, 0.0022232907358556986, 0.0021916686091572046, 0.0021795863285660744, 0.0021593195851892233, 0.0021634616423398256, 0.00216028094291687, 0.0021475646644830704, 0.0021490869112312794, 0.0021413497161120176, 0.0021241139620542526, 0.0021165860816836357, 0.002110875677317381, 0.002106004860252142, 0.002096115844324231, 0.0021038968116045, 0.002080916427075863, 0.002086477354168892, 0.0021035538520663977, 0.002078642603009939, 0.0020691787358373404, 0.00207269424572587, 0.002058927435427904], "mse": [0.003375320229679346, 0.0024854133371263742, 0.002320721512660384, 0.00223966920748353, 0.0022232909686863422, 0.0021916686091572046, 0.0021795863285660744, 0.0021593195851892233, 0.002163462108001113, 0.00216028094291687, 0.0021475646644830704, 0.0021490869112312794, 0.0021413497161120176, 0.0021241139620542526, 0.0021165860816836357, 0.002110875677317381, 0.002106004860252142, 0.002096115844324231, 0.0021038968116045, 0.002080916427075863, 0.002086477354168892, 0.0021035538520663977, 0.002078642603009939, 0.0020691787358373404, 0.00207269424572587, 0.002058927435427904], "val_loss": [0.0024182917550206184, 0.0022774734534323215, 0.0020037635695189238, 0.002012471668422222, 0.0020509178284555674, 0.0019293619552627206, 0.0019457291346043348, 0.0018778847297653556, 0.0018808901077136397, 0.0020013602916151285, 0.002010750351473689, 0.0020498400554060936, 0.0018737921491265297, 0.0018723387038335204, 0.0019153879256919026, 0.001863588229753077, 0.0019684291910380125, 0.001964961178600788, 0.0018910168437287211, 0.001921498216688633, 0.002193678868934512, 0.0020444439724087715, 0.0019069570116698742, 0.0019318355480208993, 0.0020341419149190187, 0.0020153592340648174], "val_mse": [0.0024182917550206184, 0.0022774734534323215, 0.0020037638023495674, 0.002012471668422222, 0.0020509178284555674, 0.0019293619552627206, 0.0019457291346043348, 0.0018778847297653556, 0.0018808901077136397, 0.0020013602916151285, 0.002010750351473689, 0.0020498400554060936, 0.0018737921491265297, 0.0018723387038335204, 0.0019153881585225463, 0.001863588229753077, 0.0019684291910380125, 0.001964961178600788, 0.0018910168437287211, 0.001921498216688633, 0.002193678868934512, 0.0020444439724087715, 0.0019069570116698742, 0.0019318355480208993, 0.0020341419149190187, 0.0020153592340648174]}