{"loss": [0.0013463943032547832, 0.00024498114362359047, 0.00012506276834756136, 8.006091229617596e-05, 6.13980955677107e-05, 4.792529944097623e-05, 4.3033473048126325e-05, 3.561418998287991e-05, 3.257695061620325e-05, 2.9520026146201417e-05, 2.6877398340729997e-05, 2.5068753529922105e-05, 2.34573981288122e-05, 2.2229536625673063e-05, 2.3051830794429407e-05, 1.935523505380843e-05, 1.8362747141509317e-05, 1.786466600606218e-05, 1.791097383829765e-05, 1.634132058825344e-05, 1.4700182873639278e-05, 1.4916162399458699e-05, 1.4894518244545907e-05, 1.4926403309800662e-05, 1.3785196642857045e-05, 1.3854932149115484e-05, 1.2636169230972882e-05, 1.2879845598945394e-05, 1.2122532098146621e-05, 1.2991833500564098e-05, 1.2041910849802662e-05, 1.2489903383539058e-05, 1.452395099477144e-05, 9.88180090644164e-06, 1.2174967196187936e-05, 9.4041351985652e-06, 9.430602403881494e-06, 8.62840715853963e-06, 1.0765747902041767e-05, 8.79675008036429e-06, 9.446674084756523e-06, 8.976056051324122e-06, 8.067935596045572e-06, 8.346495633304585e-06, 1.1625222214206588e-05, 8.936284757510293e-06, 7.076535439409781e-06, 9.005673746287357e-06, 8.629363946965896e-06, 7.370337698375806e-06, 7.5153448051423766e-06, 8.244051969086286e-06, 7.943142918520607e-06, 6.7882915573136415e-06, 7.119686415535398e-06, 7.484550678782398e-06, 7.739356078673154e-06, 7.4221011345798615e-06, 6.820469479862368e-06, 5.776523721578997e-06, 6.3113666328717954e-06, 6.884089088998735e-06, 6.3869028963381425e-06, 9.425553798791952e-06, 6.791057330701733e-06, 6.332516022666823e-06, 5.7561533139960375e-06, 6.989189841988264e-06, 6.755004960723454e-06, 6.056302026991034e-06, 5.967900960968109e-06, 5.362830506783212e-06, 6.936085355846444e-06, 6.505379587906646e-06, 4.8822566895978525e-06, 5.92264541410259e-06, 6.620452040806413e-06], "mse": [0.0013463943032547832, 0.00024498114362359047, 0.00012506276834756136, 8.006091229617596e-05, 6.13980955677107e-05, 4.792529944097623e-05, 4.3033473048126325e-05, 3.561418998287991e-05, 3.257695061620325e-05, 2.9520026146201417e-05, 2.6877398340729997e-05, 2.5068753529922105e-05, 2.34573981288122e-05, 2.2229536625673063e-05, 2.3051830794429407e-05, 1.935523505380843e-05, 1.8362747141509317e-05, 1.786466600606218e-05, 1.791097383829765e-05, 1.634132058825344e-05, 1.4700182873639278e-05, 1.4916162399458699e-05, 1.4894518244545907e-05, 1.4926403309800662e-05, 1.3785196642857045e-05, 1.3854932149115484e-05, 1.2636169230972882e-05, 1.2879845598945394e-05, 1.2122532098146621e-05, 1.2991833500564098e-05, 1.2041910849802662e-05, 1.2489903383539058e-05, 1.452395099477144e-05, 9.88180090644164e-06, 1.2174967196187936e-05, 9.4041351985652e-06, 9.430602403881494e-06, 8.62840715853963e-06, 1.0765747902041767e-05, 8.79675008036429e-06, 9.446674084756523e-06, 8.976056051324122e-06, 8.067935596045572e-06, 8.346495633304585e-06, 1.1625222214206588e-05, 8.936284757510293e-06, 7.076535439409781e-06, 9.005673746287357e-06, 8.629363946965896e-06, 7.370337698375806e-06, 7.5153448051423766e-06, 8.244051969086286e-06, 7.943142918520607e-06, 6.7882915573136415e-06, 7.119686415535398e-06, 7.484550678782398e-06, 7.739356078673154e-06, 7.4221011345798615e-06, 6.820469479862368e-06, 5.776523721578997e-06, 6.3113666328717954e-06, 6.884089088998735e-06, 6.3869028963381425e-06, 9.425553798791952e-06, 6.791057330701733e-06, 6.332516022666823e-06, 5.7561533139960375e-06, 6.989189841988264e-06, 6.755004960723454e-06, 6.056302026991034e-06, 5.967900960968109e-06, 5.362830506783212e-06, 6.936085810593795e-06, 6.505379587906646e-06, 4.8822566895978525e-06, 5.92264541410259e-06, 6.620452040806413e-06], "val_loss": [0.00042652050615288317, 0.00014347721298690885, 9.657377086114138e-05, 7.325112528633326e-05, 5.195768244448118e-05, 4.4399308535503224e-05, 4.570810415316373e-05, 3.769367322092876e-05, 3.499671583995223e-05, 3.214137541363016e-05, 3.23164276778698e-05, 2.836052044585813e-05, 3.070323509746231e-05, 2.668007255124394e-05, 3.0572373361792415e-05, 2.620358282001689e-05, 2.4589249733253382e-05, 2.28856697503943e-05, 2.4333088731509633e-05, 2.2558753698831424e-05, 2.286864400957711e-05, 2.447226142976433e-05, 2.3410815629176795e-05, 2.1943331375950947e-05, 2.2774702301830985e-05, 2.193741784140002e-05, 2.3167007384472527e-05, 2.0668645447585732e-05, 2.147432678611949e-05, 1.7580783605808392e-05, 1.9235363652114756e-05, 2.833725739037618e-05, 1.6670082914060913e-05, 1.644240546738729e-05, 1.664573028392624e-05, 1.8052243831334636e-05, 1.6089501514215954e-05, 1.5719604562036693e-05, 1.6851665350259282e-05, 1.7861892047221772e-05, 1.969699951587245e-05, 1.6487083485117182e-05, 1.573116060171742e-05, 2.478361057001166e-05, 1.537777279736474e-05, 1.5234498278005049e-05, 1.459628310840344e-05, 1.8142760382033885e-05, 1.5067364984133746e-05, 1.54857880261261e-05, 1.357185192318866e-05, 1.617715861357283e-05, 1.4709380593558308e-05, 1.4141056453809142e-05, 1.3524479072657414e-05, 1.4133582226349972e-05, 1.4918757187842857e-05, 1.3815146303386427e-05, 1.2975036952411756e-05, 1.3919809134677052e-05, 1.3091061191516928e-05, 1.4883241419738624e-05, 1.4093408026383258e-05, 1.3265133929962758e-05, 1.319044895353727e-05, 1.2232139852130786e-05, 1.222135415446246e-05, 1.3258473700261675e-05, 1.3657642739417497e-05, 1.3469116311171092e-05, 1.2303347830311395e-05, 1.426325979991816e-05, 1.2736275493807625e-05, 1.2772909030900337e-05, 1.2705556400760543e-05, 1.4957481653254945e-05, 1.5032470400910825e-05], "val_mse": [0.00042652050615288317, 0.00014347721298690885, 9.657377086114138e-05, 7.325113256229088e-05, 5.195768244448118e-05, 4.4399308535503224e-05, 4.570810415316373e-05, 3.769367322092876e-05, 3.499671583995223e-05, 3.214137541363016e-05, 3.23164276778698e-05, 2.8360518626868725e-05, 3.070323509746231e-05, 2.668007255124394e-05, 3.0572373361792415e-05, 2.620358282001689e-05, 2.4589249733253382e-05, 2.28856697503943e-05, 2.4333083274541423e-05, 2.2558753698831424e-05, 2.286864400957711e-05, 2.447226142976433e-05, 2.3410815629176795e-05, 2.1943331375950947e-05, 2.2774702301830985e-05, 2.193741784140002e-05, 2.3167007384472527e-05, 2.0668645447585732e-05, 2.1474324967130087e-05, 1.7580783605808392e-05, 1.9235363652114756e-05, 2.8337259209365584e-05, 1.6670082914060913e-05, 1.644240546738729e-05, 1.664573028392624e-05, 1.8052243831334636e-05, 1.6089501514215954e-05, 1.5719604562036693e-05, 1.6851665350259282e-05, 1.7861892047221772e-05, 1.969699951587245e-05, 1.6487083485117182e-05, 1.573116060171742e-05, 2.4783614207990468e-05, 1.5377774616354145e-05, 1.5234498278005049e-05, 1.459628310840344e-05, 1.8142760382033885e-05, 1.5067364984133746e-05, 1.54857880261261e-05, 1.357185192318866e-05, 1.617715861357283e-05, 1.4709380593558308e-05, 1.4141056453809142e-05, 1.3524479072657414e-05, 1.4133582226349972e-05, 1.4918757187842857e-05, 1.3815146303386427e-05, 1.2975036952411756e-05, 1.3919809134677052e-05, 1.3091061191516928e-05, 1.4883241419738624e-05, 1.4093408026383258e-05, 1.3265133929962758e-05, 1.319044895353727e-05, 1.2232139852130786e-05, 1.222135415446246e-05, 1.3258473700261675e-05, 1.3657642739417497e-05, 1.3469116311171092e-05, 1.2303347830311395e-05, 1.426325979991816e-05, 1.2736275493807625e-05, 1.2772909030900337e-05, 1.2705556400760543e-05, 1.4957481653254945e-05, 1.5032470400910825e-05]}