{"loss": [0.0020451946184039116, 0.0008366736001335084, 0.00036651582922786474, 0.00022918100876268, 0.00019757238624151796, 0.00016792432870715857, 0.0001597779628355056, 0.00014215477858670056, 0.0001418700849171728, 0.00012900159345008433, 0.00012210698332637548, 0.00011656330025289208, 0.00011896219075424597, 0.00011028443259419873, 0.00010898766049649566, 0.00011196426930837333, 0.00010550751176197082, 0.000101670746516902, 0.00010488877887837589, 0.00010121554078068584, 0.00010214622307103127, 9.879029676085338e-05, 9.714437328511849e-05, 9.459577267989516e-05, 9.944499470293522e-05, 9.553278505336493e-05, 0.0001007614191621542, 9.46741274674423e-05, 8.946689194999635e-05, 9.224400855600834e-05, 8.868376608006656e-05, 8.775075548328459e-05, 8.638669532956555e-05, 8.762694778852165e-05, 8.54676982271485e-05, 8.846002310747281e-05, 8.918199455365539e-05, 8.531989442417398e-05, 8.486698061460629e-05, 8.502815035171807e-05, 8.58274070196785e-05, 8.332038123626262e-05, 8.327756222570315e-05, 8.412251190748066e-05, 8.233231346821412e-05, 7.95198357081972e-05, 8.835256448946893e-05, 8.121907740132883e-05, 7.933558663353324e-05, 8.283971692435443e-05, 9.119357855524868e-05], "mse": [0.0020451946184039116, 0.0008366736001335084, 0.00036651582922786474, 0.00022918100876268, 0.00019757238624151796, 0.00016792432870715857, 0.0001597779628355056, 0.00014215477858670056, 0.0001418700849171728, 0.00012900159345008433, 0.00012210698332637548, 0.00011656330025289208, 0.00011896219075424597, 0.00011028443259419873, 0.00010898765322053805, 0.00011196426930837333, 0.00010550751176197082, 0.000101670746516902, 0.00010488877887837589, 0.00010121554078068584, 0.00010214622307103127, 9.879029676085338e-05, 9.714437328511849e-05, 9.459577267989516e-05, 9.944499470293522e-05, 9.553278505336493e-05, 0.0001007614191621542, 9.46741274674423e-05, 8.946689194999635e-05, 9.224400855600834e-05, 8.868376608006656e-05, 8.775075548328459e-05, 8.638669532956555e-05, 8.762694778852165e-05, 8.54676982271485e-05, 8.846002310747281e-05, 8.918199455365539e-05, 8.531989442417398e-05, 8.486699516652152e-05, 8.502815035171807e-05, 8.58274070196785e-05, 8.332038123626262e-05, 8.327756222570315e-05, 8.412251190748066e-05, 8.233231346821412e-05, 7.951984298415482e-05, 8.835256448946893e-05, 8.121907740132883e-05, 7.933557935757563e-05, 8.283971692435443e-05, 9.119357855524868e-05], "val_loss": [0.001787066925317049, 0.0006957677542231977, 0.0004556744243018329, 0.0004390839021652937, 0.00041884719394147396, 0.0004295383405406028, 0.0003929711820092052, 0.0003774721408262849, 0.00039713867590762675, 0.0003842024889308959, 0.0003790086484514177, 0.0003696770581882447, 0.0003806875320151448, 0.00037587565020658076, 0.0003737292718142271, 0.00037567169056273997, 0.00038064466207288206, 0.0003769368049688637, 0.00037802677252329886, 0.0003862269513774663, 0.0004059163620695472, 0.0003654011816252023, 0.00037956039886921644, 0.0003765752771869302, 0.0003665669937618077, 0.00036507975892163813, 0.0003641800722107291, 0.0003879383148159832, 0.00037129654083400965, 0.00039889931213110685, 0.00038020312786102295, 0.0003757091471925378, 0.00036523162270896137, 0.00036639743484556675, 0.00036612263647839427, 0.00036257042665965855, 0.00037719911779277027, 0.0003546696389093995, 0.0003711906319949776, 0.00036492350045591593, 0.00035107493749819696, 0.0003631793078966439, 0.00039303419180214405, 0.00036821424146182835, 0.00036223826464265585, 0.00036764168180525303, 0.0003528687229845673, 0.0003814045630861074, 0.0003738194645848125, 0.00036500729038380086, 0.00036524023744277656], "val_mse": [0.001787066925317049, 0.0006957677542231977, 0.0004556744243018329, 0.0004390839021652937, 0.00041884719394147396, 0.0004295383405406028, 0.0003929711820092052, 0.0003774721408262849, 0.00039713867590762675, 0.0003842024889308959, 0.0003790086484514177, 0.0003696770581882447, 0.0003806875320151448, 0.00037587565020658076, 0.0003737292718142271, 0.00037567169056273997, 0.00038064466207288206, 0.0003769368049688637, 0.00037802677252329886, 0.0003862269513774663, 0.0004059163620695472, 0.0003654011816252023, 0.00037956039886921644, 0.0003765752771869302, 0.0003665669937618077, 0.00036507975892163813, 0.0003641800722107291, 0.0003879383148159832, 0.00037129659904167056, 0.00039889931213110685, 0.00038020312786102295, 0.0003757091471925378, 0.00036523162270896137, 0.00036639743484556675, 0.00036612263647839427, 0.00036257042665965855, 0.00037719911779277027, 0.00035466960980556905, 0.0003711906319949776, 0.00036492350045591593, 0.00035107493749819696, 0.0003631793078966439, 0.00039303419180214405, 0.00036821424146182835, 0.00036223826464265585, 0.00036764168180525303, 0.0003528687229845673, 0.0003814045630861074, 0.0003738194645848125, 0.00036500729038380086, 0.00036524023744277656]}