{"loss": [0.0022329252678900957, 0.001680782064795494, 0.0011634861584752798, 0.0007558735087513924, 0.0004553369653876871, 0.00028765833121724427, 0.00022897426970303059, 0.00018343815463595092, 0.00016735248209442943, 0.0001458910119254142, 0.0001293165551032871, 0.0001239063567481935, 0.00011512138735270128, 0.00011128855112474412, 0.00010180805111303926, 9.828851034399122e-05, 9.543741180095822e-05, 9.344921272713691e-05, 9.577123273629695e-05, 8.843655086820945e-05, 8.346214599441737e-05, 7.726213516434655e-05, 7.497061596950516e-05, 7.600129174534231e-05, 7.274345989571884e-05, 6.864049646537751e-05, 6.820345879532397e-05, 6.665416731266305e-05, 6.70183144393377e-05, 6.680192745989189e-05, 6.39312929706648e-05, 6.173570727696642e-05, 6.185314850881696e-05, 6.0032802139176056e-05, 6.182961806189269e-05, 5.851352398167364e-05, 5.932487692916766e-05, 5.859913653694093e-05, 5.946301462245174e-05, 6.120188481872901e-05, 6.052307435311377e-05, 5.891291220905259e-05, 5.676235377904959e-05, 5.468335439218208e-05], "mse": [0.0022329252678900957, 0.001680782064795494, 0.0011634861584752798, 0.0007558735087513924, 0.0004553369653876871, 0.00028765833121724427, 0.00022897426970303059, 0.00018343815463595092, 0.00016735248209442943, 0.0001458910119254142, 0.0001293165551032871, 0.0001239063567481935, 0.00011512138735270128, 0.0001112885438487865, 0.00010180805111303926, 9.82885030680336e-05, 9.543741180095822e-05, 9.344921272713691e-05, 9.577123273629695e-05, 8.843655086820945e-05, 8.346214599441737e-05, 7.726213516434655e-05, 7.497061596950516e-05, 7.600129174534231e-05, 7.274345989571884e-05, 6.864049646537751e-05, 6.820345879532397e-05, 6.665416731266305e-05, 6.70183144393377e-05, 6.680192745989189e-05, 6.39312929706648e-05, 6.173570727696642e-05, 6.185314850881696e-05, 6.0032802139176056e-05, 6.182961806189269e-05, 5.851352398167364e-05, 5.932487692916766e-05, 5.859913653694093e-05, 5.946301462245174e-05, 6.120188481872901e-05, 6.052307435311377e-05, 5.891290493309498e-05, 5.676235377904959e-05, 5.468335439218208e-05], "val_loss": [0.002037585945799947, 0.0015379770193248987, 0.001056746463291347, 0.0006976509466767311, 0.0003944489290006459, 0.00023793117725290358, 0.00022230234753806144, 0.00017672909598331898, 0.0001584888668730855, 0.00016067623801063746, 0.00015476462431252003, 0.00012168111425125971, 0.000138322968268767, 0.00012402117135934532, 0.0001282544108107686, 0.00010101481893798336, 0.00011691592953866348, 9.655558096710593e-05, 9.960767056327313e-05, 0.00011357484618201852, 8.634119149064645e-05, 0.00010875181760638952, 9.826689347391948e-05, 8.341432840097696e-05, 8.891951438272372e-05, 8.316223829751834e-05, 8.558724221074954e-05, 7.882627687649801e-05, 8.602663001511246e-05, 9.283352119382471e-05, 7.566432759631425e-05, 8.220526797231287e-05, 8.805970719549805e-05, 7.157962681958452e-05, 7.848998211557046e-05, 7.61108603910543e-05, 7.456765160895884e-05, 8.504610741510987e-05, 8.45059403218329e-05, 8.526406600140035e-05, 8.463281119475141e-05, 7.271949289133772e-05, 8.716624870430678e-05, 7.992007158463821e-05], "val_mse": [0.002037585945799947, 0.0015379770193248987, 0.001056746463291347, 0.0006976509466767311, 0.0003944489290006459, 0.00023793117725290358, 0.00022230234753806144, 0.00017672909598331898, 0.0001584888668730855, 0.00016067623801063746, 0.00015476462431252003, 0.00012168111425125971, 0.000138322968268767, 0.00012402117135934532, 0.0001282544108107686, 0.00010101481893798336, 0.00011691592953866348, 9.655558096710593e-05, 9.960767056327313e-05, 0.00011357484618201852, 8.634118421468884e-05, 0.00010875181760638952, 9.826689347391948e-05, 8.341432840097696e-05, 8.891951438272372e-05, 8.316223829751834e-05, 8.558724221074954e-05, 7.882627687649801e-05, 8.602662273915485e-05, 9.283352119382471e-05, 7.566432759631425e-05, 8.220526797231287e-05, 8.805970719549805e-05, 7.157962681958452e-05, 7.848998211557046e-05, 7.61108603910543e-05, 7.456765160895884e-05, 8.504610741510987e-05, 8.45059403218329e-05, 8.526406600140035e-05, 8.463281847070903e-05, 7.271949289133772e-05, 8.716624142834917e-05, 7.992007158463821e-05]}