{"loss": [0.0022736452519893646, 0.0015987551305443048, 0.0010326807387173176, 0.0007114184554666281, 0.00043696179636754096, 0.0002516813110560179, 0.00015269809227902442, 0.00011773667938541621, 0.00010354923142585903, 9.559538011671975e-05, 8.942739077610895e-05, 8.21798894321546e-05, 7.825084321666509e-05, 6.63108512526378e-05, 6.904746987856925e-05, 5.858854274265468e-05, 5.5113523558247834e-05, 4.9803948058979586e-05, 4.9090034735854715e-05, 4.708552660304122e-05, 4.277431798982434e-05, 4.038912447867915e-05, 3.9841150282882154e-05, 4.305216862121597e-05, 3.848520282190293e-05, 3.468755312496796e-05, 3.1839859730098397e-05, 3.041439958906267e-05, 3.1516792660113424e-05, 3.002680568897631e-05, 2.9820770578226075e-05, 3.025678415724542e-05, 3.09741917590145e-05, 2.7000505724572577e-05, 3.064635893679224e-05, 3.056243440369144e-05, 2.8100184863433242e-05, 2.777488225547131e-05, 2.6641155272955075e-05, 2.25547919399105e-05, 2.1167705199331976e-05, 2.0852176021435298e-05, 2.0336874513304792e-05, 2.0041456082253717e-05, 1.9301041902508587e-05, 1.9017239537788555e-05, 1.8022732547251508e-05, 1.8468192138243467e-05, 1.833855640143156e-05, 1.9304261513752863e-05, 1.817930933611933e-05, 2.0273619156796485e-05, 1.834485010476783e-05, 1.9638870071503334e-05, 1.7843709429143928e-05, 1.739712752168998e-05, 1.6827683793962933e-05, 1.6214322386076674e-05, 1.6012005289667286e-05, 1.6577530914219096e-05, 1.5002439795352984e-05, 1.4399333849723917e-05, 1.4601586372009479e-05, 1.5848700058995746e-05, 1.7616366676520556e-05, 1.4649594959337264e-05, 1.4484730854746886e-05, 1.4263199773267843e-05], "mse": [0.0022736452519893646, 0.0015987551305443048, 0.0010326807387173176, 0.0007114184554666281, 0.00043696179636754096, 0.0002516813110560179, 0.00015269809227902442, 0.00011773667938541621, 0.00010354923142585903, 9.559538011671975e-05, 8.942739077610895e-05, 8.21798894321546e-05, 7.825084321666509e-05, 6.63108512526378e-05, 6.904746987856925e-05, 5.858854274265468e-05, 5.5113523558247834e-05, 4.9803948058979586e-05, 4.9090034735854715e-05, 4.708552660304122e-05, 4.277431798982434e-05, 4.038912447867915e-05, 3.9841150282882154e-05, 4.305216862121597e-05, 3.848520282190293e-05, 3.468755312496796e-05, 3.1839859730098397e-05, 3.041439958906267e-05, 3.1516792660113424e-05, 3.002680568897631e-05, 2.9820770578226075e-05, 3.025678415724542e-05, 3.09741917590145e-05, 2.7000505724572577e-05, 3.064635893679224e-05, 3.056243440369144e-05, 2.8100184863433242e-05, 2.777488225547131e-05, 2.6641155272955075e-05, 2.25547919399105e-05, 2.1167705199331976e-05, 2.0852176021435298e-05, 2.0336874513304792e-05, 2.004145790124312e-05, 1.9301041902508587e-05, 1.9017239537788555e-05, 1.8022732547251508e-05, 1.8468192138243467e-05, 1.833855640143156e-05, 1.9304261513752863e-05, 1.817930933611933e-05, 2.0273619156796485e-05, 1.834485010476783e-05, 1.9638870071503334e-05, 1.7843709429143928e-05, 1.739712752168998e-05, 1.6827683793962933e-05, 1.6214322386076674e-05, 1.6012005289667286e-05, 1.6577530914219096e-05, 1.5002439795352984e-05, 1.4399333849723917e-05, 1.4601586372009479e-05, 1.5848700058995746e-05, 1.7616366676520556e-05, 1.4649594959337264e-05, 1.4484730854746886e-05, 1.4263199773267843e-05], "val_loss": [0.0016176620265468955, 0.0010985552798956633, 0.0007459813496097922, 0.0006839055567979813, 0.0004208435711916536, 0.00029589474434033036, 0.0001801234611775726, 0.00015643882215954363, 0.00015625511878170073, 0.00011673455446725711, 0.00016306075849570334, 0.00010192939225817099, 0.00011773456208175048, 0.00010081176878884435, 8.90393421286717e-05, 0.00010956982441712171, 8.301831257995218e-05, 8.185519982362166e-05, 8.8416418293491e-05, 8.950850315159187e-05, 7.475684105884284e-05, 7.99743429524824e-05, 6.819430564064533e-05, 8.485794387524948e-05, 8.688944217283279e-05, 7.684931915719062e-05, 6.677775672869757e-05, 7.871646812418476e-05, 6.403380393749103e-05, 7.086900586728007e-05, 7.421932969009504e-05, 6.50388392386958e-05, 6.385734013747424e-05, 7.061239739414304e-05, 8.167908526957035e-05, 7.081726653268561e-05, 9.8424541647546e-05, 9.02986284927465e-05, 6.447656051022932e-05, 6.725362618453801e-05, 6.464166654041037e-05, 6.123256025603041e-05, 6.250971637200564e-05, 6.092242620070465e-05, 6.0580583522096276e-05, 6.27360277576372e-05, 6.254338950384408e-05, 5.9828606026712805e-05, 5.827395216329023e-05, 6.141503399703652e-05, 7.611064211232588e-05, 6.94716363796033e-05, 6.281023524934426e-05, 5.853752372786403e-05, 5.8371668274048716e-05, 6.420505087589845e-05, 5.94423727307003e-05, 5.7889170420821756e-05, 6.9921683461871e-05, 6.160780321806669e-05, 6.253518222365528e-05, 6.051411764929071e-05, 5.800875442218967e-05, 6.164575461298227e-05, 6.412850780179724e-05, 6.658058555331081e-05, 5.894652713323012e-05, 5.9855439758393914e-05], "val_mse": [0.0016176620265468955, 0.0010985552798956633, 0.0007459813496097922, 0.0006839055567979813, 0.0004208435711916536, 0.00029589474434033036, 0.00018012347572948784, 0.00015643882215954363, 0.00015625511878170073, 0.00011673455446725711, 0.00016306075849570334, 0.00010192939225817099, 0.00011773456208175048, 0.00010081176878884435, 8.90393421286717e-05, 0.00010956982441712171, 8.301831257995218e-05, 8.185519982362166e-05, 8.8416418293491e-05, 8.950850315159187e-05, 7.475684105884284e-05, 7.99743429524824e-05, 6.819430564064533e-05, 8.485794387524948e-05, 8.688944217283279e-05, 7.684931915719062e-05, 6.677775672869757e-05, 7.871646812418476e-05, 6.403380393749103e-05, 7.086900586728007e-05, 7.421932969009504e-05, 6.50388392386958e-05, 6.385734013747424e-05, 7.061239739414304e-05, 8.167908526957035e-05, 7.081726653268561e-05, 9.8424541647546e-05, 9.02986284927465e-05, 6.447656051022932e-05, 6.725362618453801e-05, 6.464165926445276e-05, 6.123256025603041e-05, 6.250971637200564e-05, 6.092242620070465e-05, 6.0580583522096276e-05, 6.27360277576372e-05, 6.254338950384408e-05, 5.9828606026712805e-05, 5.827395216329023e-05, 6.141503399703652e-05, 7.611064211232588e-05, 6.94716363796033e-05, 6.281023524934426e-05, 5.853752372786403e-05, 5.8371668274048716e-05, 6.420505087589845e-05, 5.94423727307003e-05, 5.788916678284295e-05, 6.9921683461871e-05, 6.160780321806669e-05, 6.253518222365528e-05, 6.051411764929071e-05, 5.8008758060168475e-05, 6.164575461298227e-05, 6.412850780179724e-05, 6.658058555331081e-05, 5.894652713323012e-05, 5.9855439758393914e-05]}