{"loss": [0.0026809596456587315, 0.0020680816378444433, 0.001699001295492053, 0.0014058210654184222, 0.0011720422189682722, 0.0009414012311026454, 0.0007551583694294095, 0.0005997770349495113, 0.00046797824325039983, 0.0003389321791473776, 0.0002398805518168956, 0.00016182474792003632, 0.00011608451313804835, 9.53163398662582e-05, 8.277372398879379e-05, 7.297411502804607e-05, 6.355303048621863e-05, 5.8507954236119986e-05, 5.484427674673498e-05, 4.8503014113521203e-05, 4.734202957479283e-05, 4.5640714233741164e-05, 4.464171070139855e-05, 3.8009391573723406e-05, 3.3600117603782564e-05, 3.466532507445663e-05, 3.0470964702544734e-05, 3.0170675017870963e-05, 2.8030050089000724e-05, 2.5270870537497103e-05, 2.4178598323487677e-05, 2.3191634682007134e-05, 2.218184272351209e-05, 2.0794130250578746e-05, 1.9678975149872713e-05, 1.835816692619119e-05, 1.7616283003007993e-05, 1.7883798136608675e-05, 1.666888056206517e-05, 1.7283880879404023e-05, 1.488477300881641e-05, 1.4469354937318712e-05, 1.3574496733781416e-05, 1.2993096788704861e-05, 1.2977943697478622e-05, 1.2823434190067928e-05, 1.3609542293124832e-05, 1.3349119399208575e-05, 1.2314039850025438e-05, 1.1870566595462151e-05, 1.1823735803773161e-05, 1.1065521903219633e-05, 1.2988226444576867e-05, 1.2141704246459994e-05, 1.1181626177858561e-05, 9.866520485957153e-06, 1.0238661161565688e-05, 9.203846275340766e-06, 8.908230483939406e-06, 8.798089766060002e-06, 8.907047231332399e-06, 9.269709153159056e-06, 9.457784472033381e-06, 1.0088431736221537e-05, 8.723957762413193e-06, 7.148008990043309e-06, 7.728269338258542e-06, 7.246273980854312e-06, 6.811413186369464e-06, 7.218772225314751e-06, 6.709748504363233e-06, 6.345298515952891e-06, 6.3260981733037625e-06, 6.1855753301642835e-06, 5.8530858950689435e-06, 5.770861207565758e-06, 5.629968200082658e-06, 5.551262802327983e-06], "mse": [0.0026809596456587315, 0.0020680816378444433, 0.001699001295492053, 0.0014058210654184222, 0.0011720422189682722, 0.0009414012311026454, 0.0007551582530140877, 0.0005997770349495113, 0.00046797824325039983, 0.0003389321791473776, 0.00023988056636881083, 0.00016182474792003632, 0.00011608451313804835, 9.53163398662582e-05, 8.277372398879379e-05, 7.297411502804607e-05, 6.355303048621863e-05, 5.8507954236119986e-05, 5.484427674673498e-05, 4.8503014113521203e-05, 4.734202957479283e-05, 4.5640714233741164e-05, 4.464171070139855e-05, 3.8009391573723406e-05, 3.3600117603782564e-05, 3.466532507445663e-05, 3.0470964702544734e-05, 3.0170675017870963e-05, 2.8030050089000724e-05, 2.5270870537497103e-05, 2.4178598323487677e-05, 2.3191634682007134e-05, 2.218184272351209e-05, 2.0794130250578746e-05, 1.9678975149872713e-05, 1.835816692619119e-05, 1.7616283003007993e-05, 1.7883798136608675e-05, 1.666888056206517e-05, 1.728387906041462e-05, 1.488477300881641e-05, 1.4469354937318712e-05, 1.3574496733781416e-05, 1.2993096788704861e-05, 1.2977943697478622e-05, 1.2823434190067928e-05, 1.3609542293124832e-05, 1.3349119399208575e-05, 1.2314039850025438e-05, 1.1870566595462151e-05, 1.1823735803773161e-05, 1.1065521903219633e-05, 1.2988226444576867e-05, 1.2141704246459994e-05, 1.1181627996847965e-05, 9.866520485957153e-06, 1.0238661161565688e-05, 9.203846275340766e-06, 8.908230483939406e-06, 8.798089766060002e-06, 8.907047231332399e-06, 9.269709153159056e-06, 9.457784472033381e-06, 1.0088431736221537e-05, 8.723957762413193e-06, 7.148008990043309e-06, 7.728269338258542e-06, 7.246273980854312e-06, 6.811413186369464e-06, 7.218772225314751e-06, 6.709748504363233e-06, 6.345298515952891e-06, 6.3260981733037625e-06, 6.1855753301642835e-06, 5.8530858950689435e-06, 5.770861207565758e-06, 5.629968200082658e-06, 5.551262802327983e-06], "val_loss": [0.0018656920874491334, 0.0016734057571738958, 0.0016411293763667345, 0.0016061186324805021, 0.0014283799100667238, 0.001203278312459588, 0.0009999617468565702, 0.0008205229532904923, 0.0006638331105932593, 0.0004735030233860016, 0.0003004047030117363, 0.0002121235738741234, 0.00015719360089860857, 0.00014251278480514884, 0.00011763598013203591, 0.00011440813250374049, 0.0001137807485065423, 0.00011751327838283032, 0.00010598532389849424, 0.00010356416169088334, 0.00011397367052268237, 0.0001148656738223508, 9.468808275414631e-05, 9.620909986551851e-05, 9.112354018725455e-05, 9.010489156935364e-05, 9.340920223621652e-05, 8.667143993079662e-05, 8.78832652233541e-05, 8.309438999276608e-05, 8.42214867589064e-05, 9.060029697138816e-05, 7.905704114818946e-05, 8.356050966540352e-05, 7.640592230018228e-05, 8.119206904666498e-05, 7.699796697124839e-05, 8.129682100843638e-05, 8.272244303952903e-05, 7.680187991354614e-05, 7.586915307911113e-05, 7.718974666204304e-05, 7.941686635604128e-05, 7.317365088965744e-05, 7.783401815686375e-05, 7.453090802300721e-05, 8.272596460301429e-05, 7.284888124559075e-05, 8.388455171370879e-05, 7.29234452592209e-05, 7.81465059844777e-05, 7.870073750382289e-05, 7.24137426004745e-05, 7.992154860403389e-05, 7.27747828932479e-05, 7.674815424252301e-05, 7.495134195778519e-05, 7.296571129700169e-05, 7.694363011978567e-05, 7.248418114613742e-05, 8.408732537645847e-05, 7.22143886378035e-05, 7.596977957291529e-05, 7.480946078430861e-05, 7.589866436319426e-05, 7.187617302406579e-05, 7.782521424815059e-05, 7.079142233124003e-05, 8.018038352020085e-05, 7.087562698870897e-05, 7.079985516611487e-05, 7.580014789709821e-05, 7.340004958678037e-05, 7.149986049626023e-05, 7.47281446820125e-05, 7.287847984116524e-05, 7.183865818660706e-05, 7.44567732908763e-05], "val_mse": [0.0018656920874491334, 0.0016734057571738958, 0.0016411293763667345, 0.0016061186324805021, 0.0014283799100667238, 0.001203278312459588, 0.0009999617468565702, 0.0008205229532904923, 0.0006638331105932593, 0.0004735030233860016, 0.0003004047030117363, 0.0002121235738741234, 0.00015719360089860857, 0.00014251278480514884, 0.00011763598013203591, 0.00011440813250374049, 0.0001137807485065423, 0.00011751327838283032, 0.00010598532389849424, 0.00010356416169088334, 0.00011397367052268237, 0.0001148656738223508, 9.468808275414631e-05, 9.620909986551851e-05, 9.112354018725455e-05, 9.010489156935364e-05, 9.340920223621652e-05, 8.667143993079662e-05, 8.78832652233541e-05, 8.309438999276608e-05, 8.42214867589064e-05, 9.060029697138816e-05, 7.905704114818946e-05, 8.356050966540352e-05, 7.640592230018228e-05, 8.119206904666498e-05, 7.699796697124839e-05, 8.129682100843638e-05, 8.272244303952903e-05, 7.680187991354614e-05, 7.586915307911113e-05, 7.718974666204304e-05, 7.941686635604128e-05, 7.317365088965744e-05, 7.783401815686375e-05, 7.453090802300721e-05, 8.272596460301429e-05, 7.284888124559075e-05, 8.388455171370879e-05, 7.29234452592209e-05, 7.81465059844777e-05, 7.870073750382289e-05, 7.24137426004745e-05, 7.992154860403389e-05, 7.27747828932479e-05, 7.674815424252301e-05, 7.495134195778519e-05, 7.296571129700169e-05, 7.694363011978567e-05, 7.248418114613742e-05, 8.408732537645847e-05, 7.22143886378035e-05, 7.596977957291529e-05, 7.480946078430861e-05, 7.589866436319426e-05, 7.187617302406579e-05, 7.782521424815059e-05, 7.079142233124003e-05, 8.018038352020085e-05, 7.087562698870897e-05, 7.079985516611487e-05, 7.580014789709821e-05, 7.340004958678037e-05, 7.149986049626023e-05, 7.47281446820125e-05, 7.287847984116524e-05, 7.183865818660706e-05, 7.445676601491868e-05]}