{"loss": [0.0024388148449361324, 0.001017337548546493, 0.00047860509948804975, 0.000374609517166391, 0.0003378453548066318, 0.0003127007221337408, 0.00029768713284283876, 0.0002729660482145846, 0.00026124666328541934, 0.00024786419817246497, 0.00025062166969291866, 0.0002443795674480498, 0.00022970813733991235, 0.00023108150344341993, 0.00022709301265422255, 0.00021791881590615958, 0.0002194131666328758, 0.00021302886307239532, 0.00021576610743068159, 0.0002092565264320001, 0.00020079502428416163, 0.00021516712149605155, 0.00019510212587192655, 0.00019727289327420294, 0.00021421740530058742, 0.00020531889458652586, 0.00018728083523456007, 0.0001863057113951072, 0.00019557509222067893, 0.00019150262232869864, 0.00018610359984450042, 0.0001869765983428806, 0.0001876811875263229, 0.00018207653192803264, 0.00018721517699304968, 0.0001830610999604687, 0.00018080505833495408, 0.00018183117208536714, 0.00017512291378807276, 0.00017826636030804366, 0.00017931711045093834, 0.00017107972234953195, 0.000170770421391353, 0.0001764350599842146, 0.00017497222870588303, 0.00017128158651757985], "mse": [0.0024388148449361324, 0.001017337548546493, 0.00047860509948804975, 0.000374609517166391, 0.00033784538391046226, 0.0003127007221337408, 0.00029768713284283876, 0.0002729660482145846, 0.00026124666328541934, 0.00024786419817246497, 0.00025062166969291866, 0.0002443795674480498, 0.00022970813733991235, 0.00023108150344341993, 0.00022709301265422255, 0.0002179188304580748, 0.0002194131666328758, 0.00021302886307239532, 0.00021576610743068159, 0.0002092565264320001, 0.00020079502428416163, 0.00021516712149605155, 0.00019510212587192655, 0.00019727289327420294, 0.00021421740530058742, 0.00020531889458652586, 0.00018728083523456007, 0.0001863057113951072, 0.00019557509222067893, 0.00019150262232869864, 0.00018610359984450042, 0.0001869765983428806, 0.0001876811875263229, 0.00018207653192803264, 0.00018721517699304968, 0.0001830610999604687, 0.00018080505833495408, 0.00018183117208536714, 0.00017512291378807276, 0.00017826636030804366, 0.00017931711045093834, 0.00017107972234953195, 0.000170770421391353, 0.0001764350599842146, 0.00017497222870588303, 0.00017128158651757985], "val_loss": [0.0014593314845114946, 0.0005830316804349422, 0.0004111208254471421, 0.0003331465704832226, 0.00031154725002124906, 0.00029883228125981987, 0.00028320832643657923, 0.0002702854690141976, 0.00024805168504826725, 0.000244246912188828, 0.0002713032881729305, 0.00023490450985264033, 0.00023553482606075704, 0.00023939544917084277, 0.00021791961626149714, 0.00026409036945551634, 0.00021855071827303618, 0.00023973165662027895, 0.00025441707111895084, 0.00021372722403611988, 0.00021791558538097888, 0.00022011954570189118, 0.00022057250316720456, 0.00023619952844455838, 0.00023598178813699633, 0.00021567728254012764, 0.00021996568830218166, 0.00022418332810048014, 0.0002179095899919048, 0.00021280028158798814, 0.0002165177429560572, 0.00020526285516098142, 0.00021609972463920712, 0.00020751412375830114, 0.00022805393382441252, 0.0002042918640654534, 0.00020701093308161944, 0.0002105523890350014, 0.00021470383217092603, 0.00022140226792544127, 0.00021400194964371622, 0.00021559078595601022, 0.00021043894230388105, 0.00020524871069937944, 0.0002085554733639583, 0.00020582402066793293], "val_mse": [0.0014593314845114946, 0.0005830316804349422, 0.0004111208254471421, 0.0003331465704832226, 0.00031154725002124906, 0.00029883228125981987, 0.00028320832643657923, 0.0002702854690141976, 0.00024805168504826725, 0.000244246912188828, 0.0002713032881729305, 0.00023490450985264033, 0.00023553482606075704, 0.00023939544917084277, 0.00021791961626149714, 0.00026409036945551634, 0.00021855071827303618, 0.0002397316275164485, 0.00025441707111895084, 0.00021372722403611988, 0.00021791558538097888, 0.00022011954570189118, 0.00022057250316720456, 0.00023619952844455838, 0.00023598178813699633, 0.00021567728254012764, 0.00021996568830218166, 0.00022418332810048014, 0.0002179095899919048, 0.00021280028158798814, 0.0002165177429560572, 0.00020526285516098142, 0.00021609972463920712, 0.00020751412375830114, 0.00022805393382441252, 0.0002042918640654534, 0.00020701093308161944, 0.0002105523890350014, 0.00021470383217092603, 0.00022140226792544127, 0.00021400194964371622, 0.00021559078595601022, 0.00021043894230388105, 0.00020524871069937944, 0.0002085554733639583, 0.00020582402066793293]}