{"loss": [0.0011827379930764437, 0.00017723297060001642, 9.00025261216797e-05, 5.9934194723609835e-05, 4.830988109461032e-05, 4.1007951949723065e-05, 3.784807267948054e-05, 3.6077912227483466e-05, 3.230489892303012e-05, 2.973729897348676e-05, 2.7658168619382195e-05, 2.7540356313693337e-05, 2.669707464519888e-05, 2.4499910068698227e-05, 2.3622447770321742e-05, 2.3583625079481862e-05, 2.1929945432930253e-05, 2.123072226822842e-05, 2.132120971509721e-05, 1.8481832739780657e-05, 1.9174178305547684e-05, 1.8375223589828238e-05, 1.766833884175867e-05, 1.702023837424349e-05, 1.6939604392973706e-05, 1.7090311303036287e-05, 1.7300650142715313e-05, 1.529220571683254e-05, 1.594482091604732e-05, 1.4986522728577256e-05, 1.4908106095390394e-05, 1.408741718478268e-05, 1.4203882528818212e-05, 1.4156615179672372e-05, 1.4196702977642417e-05, 1.4813685993431136e-05, 1.351045193587197e-05, 1.3457211025524884e-05, 1.3434794709610287e-05, 1.2871853869000915e-05, 1.2814536603400484e-05, 1.2549206985568162e-05, 1.1706913028319832e-05, 1.1637008356046863e-05, 1.2108698683732655e-05, 1.37194083436043e-05, 1.1868284673255403e-05, 1.1457442269602325e-05, 1.2906485608255025e-05, 1.1155156244058162e-05, 1.1225738489883952e-05, 1.1663124496408273e-05, 1.1054904462071136e-05], "mse": [0.0011827379930764437, 0.00017723297060001642, 9.00025261216797e-05, 5.9934194723609835e-05, 4.830988109461032e-05, 4.1007951949723065e-05, 3.784807267948054e-05, 3.6077912227483466e-05, 3.230489892303012e-05, 2.973729897348676e-05, 2.7658168619382195e-05, 2.7540356313693337e-05, 2.669707464519888e-05, 2.4499910068698227e-05, 2.3622447770321742e-05, 2.3583625079481862e-05, 2.1929945432930253e-05, 2.123072226822842e-05, 2.132120971509721e-05, 1.8481832739780657e-05, 1.9174178305547684e-05, 1.8375223589828238e-05, 1.766833884175867e-05, 1.702023837424349e-05, 1.6939604392973706e-05, 1.7090311303036287e-05, 1.7300650142715313e-05, 1.529220571683254e-05, 1.594482091604732e-05, 1.4986522728577256e-05, 1.4908106095390394e-05, 1.4087415365793277e-05, 1.4203882528818212e-05, 1.4156615179672372e-05, 1.4196702977642417e-05, 1.4813685993431136e-05, 1.351045193587197e-05, 1.3457211025524884e-05, 1.3434794709610287e-05, 1.2871853869000915e-05, 1.2814536603400484e-05, 1.2549206985568162e-05, 1.1706913028319832e-05, 1.1637008356046863e-05, 1.2108698683732655e-05, 1.37194083436043e-05, 1.1868284673255403e-05, 1.1457442269602325e-05, 1.2906485608255025e-05, 1.1155156244058162e-05, 1.1225738489883952e-05, 1.1663124496408273e-05, 1.1054904462071136e-05], "val_loss": [0.00038999709067866206, 0.00013280267012305558, 9.553776180837303e-05, 6.370421760948375e-05, 5.410798257798888e-05, 4.666705717681907e-05, 4.343051114119589e-05, 4.1595576476538554e-05, 4.003103822469711e-05, 3.897963688359596e-05, 3.6581037420546636e-05, 3.701009336509742e-05, 3.34926116920542e-05, 3.54331023117993e-05, 3.0498758860630915e-05, 3.469084913376719e-05, 3.316847505629994e-05, 3.972967169829644e-05, 2.7514975954545662e-05, 3.130112600047141e-05, 2.694609429454431e-05, 2.6195808459306136e-05, 3.177508187945932e-05, 3.160609776386991e-05, 2.9117651138221845e-05, 2.499351103324443e-05, 2.414832306385506e-05, 2.427284198347479e-05, 2.3314707505051047e-05, 2.9706559871556237e-05, 2.3501645046053454e-05, 2.3503513148170896e-05, 2.242020855192095e-05, 2.3641172447241843e-05, 2.3408087145071477e-05, 2.2807400455349125e-05, 2.2762436856282875e-05, 2.2124568204162642e-05, 2.2595248083234765e-05, 2.3337837774306536e-05, 2.158909774152562e-05, 2.094289447995834e-05, 2.0129224139964208e-05, 2.3269562007044442e-05, 2.138288618880324e-05, 2.0806312022614293e-05, 2.1924903194303624e-05, 2.156110895157326e-05, 2.2188602088135667e-05, 2.2564479877473786e-05, 2.2048810933483765e-05, 2.461591975588817e-05, 2.0903509721392766e-05], "val_mse": [0.00038999709067866206, 0.00013280267012305558, 9.553776180837303e-05, 6.370421760948375e-05, 5.410798257798888e-05, 4.666705717681907e-05, 4.343051114119589e-05, 4.1595576476538554e-05, 4.003103822469711e-05, 3.897963688359596e-05, 3.6581037420546636e-05, 3.701009336509742e-05, 3.34926116920542e-05, 3.54331023117993e-05, 3.0498758860630915e-05, 3.469084549578838e-05, 3.316847505629994e-05, 3.972967169829644e-05, 2.7514975954545662e-05, 3.130112600047141e-05, 2.694609429454431e-05, 2.6195808459306136e-05, 3.177508187945932e-05, 3.160609776386991e-05, 2.9117651138221845e-05, 2.499351103324443e-05, 2.414832306385506e-05, 2.4272838345495984e-05, 2.3314707505051047e-05, 2.9706559871556237e-05, 2.3501645046053454e-05, 2.3503513148170896e-05, 2.242020855192095e-05, 2.3641172447241843e-05, 2.3408087145071477e-05, 2.2807400455349125e-05, 2.2762436856282875e-05, 2.2124568204162642e-05, 2.2595248083234765e-05, 2.3337837774306536e-05, 2.158909774152562e-05, 2.094289447995834e-05, 2.0129224139964208e-05, 2.3269562007044442e-05, 2.138288618880324e-05, 2.0806312022614293e-05, 2.1924903194303624e-05, 2.156110895157326e-05, 2.2188602088135667e-05, 2.2564479877473786e-05, 2.2048810933483765e-05, 2.461591975588817e-05, 2.0903509721392766e-05]}