{"loss": [0.0036718195769935846, 0.0011421123053878546, 0.0006736868526786566, 0.00047485585673712194, 0.0004217390960548073, 0.0004027753311675042, 0.0003435938560869545, 0.0003294466878287494, 0.00033901576534844935, 0.00031164585379883647, 0.00029634402017109096, 0.0002840235538315028, 0.00028221504180692136, 0.000273226440185681, 0.0002747166727203876, 0.0002567289338912815, 0.00025525238015688956, 0.00025433787959627807, 0.0002574175887275487, 0.00024637868045829237, 0.0002604018081910908, 0.00023874513863120228, 0.00023687969951424748, 0.00024397970992140472, 0.00023205639445222914, 0.00022518690093420446], "mse": [0.0036718195769935846, 0.0011421123053878546, 0.0006736867944709957, 0.00047485585673712194, 0.0004217390960548073, 0.0004027753311675042, 0.0003435938560869545, 0.0003294466878287494, 0.00033901576534844935, 0.00031164585379883647, 0.00029634402017109096, 0.0002840235538315028, 0.00028221504180692136, 0.00027322646928951144, 0.0002747166727203876, 0.0002567289338912815, 0.00025525238015688956, 0.00025433787959627807, 0.0002574175887275487, 0.00024637868045829237, 0.0002604018081910908, 0.00023874513863120228, 0.00023687969951424748, 0.00024397970992140472, 0.00023205639445222914, 0.00022518688638228923], "val_loss": [0.0014237570576369762, 0.0007000109762884676, 0.0005034132045693696, 0.000448833336122334, 0.0004599980893544853, 0.00040253426413983107, 0.0003725418937392533, 0.00036735349567607045, 0.00038625416345894337, 0.0003490363887976855, 0.0003418020496610552, 0.000349769601598382, 0.0003320491232443601, 0.0003302707045804709, 0.0003198433551006019, 0.00031845050398260355, 0.00032746850047260523, 0.0003189035633113235, 0.0003231994924135506, 0.0003301521355751902, 0.0003447265480645001, 0.0003243627434130758, 0.0003506491775624454, 0.0003294390335213393, 0.00032425738754682243, 0.0003284993290435523], "val_mse": [0.0014237570576369762, 0.0007000109762884676, 0.0005034132045693696, 0.000448833336122334, 0.0004599980893544853, 0.00040253426413983107, 0.0003725418937392533, 0.00036735349567607045, 0.00038625416345894337, 0.0003490363887976855, 0.0003418020496610552, 0.000349769601598382, 0.0003320491232443601, 0.0003302707045804709, 0.0003198433551006019, 0.00031845050398260355, 0.00032746850047260523, 0.0003189035633113235, 0.0003231994924135506, 0.0003301521355751902, 0.0003447265480645001, 0.0003243627434130758, 0.0003506491775624454, 0.0003294390335213393, 0.00032425738754682243, 0.0003284993290435523]}