{"loss": [0.0027432828210294247, 0.0021672663278877735, 0.0018574066925793886, 0.0016753298696130514, 0.001511367387138307, 0.0013640138786286116, 0.0012454239185899496, 0.0011444150004535913, 0.0010504282545298338, 0.0009650955908000469, 0.0009005510364659131, 0.0008556285174563527, 0.0008183720638044178, 0.0007716848631389439, 0.0007464455557055771, 0.0007220051484182477, 0.0007039913907647133, 0.000695430557243526, 0.0006845908937975764, 0.0006612822180613875, 0.00063846301054582, 0.0006279752706177533, 0.0006201121723279357, 0.0006038857973180711, 0.0005944609874859452, 0.0005738658946938813, 0.000566069211345166, 0.0005634594126604497, 0.0005563838640227914, 0.0005486402660608292, 0.0005295411683619022, 0.0005315532325766981, 0.0005162260495126247, 0.0005051185144111514, 0.0004919590428471565, 0.00048793721362017095, 0.0005028804880566895, 0.0004887273535132408, 0.0004654928925447166], "mse": [0.0027432828210294247, 0.0021672663278877735, 0.0018574066925793886, 0.0016753298696130514, 0.001511367387138307, 0.0013640138786286116, 0.0012454239185899496, 0.0011444150004535913, 0.0010504282545298338, 0.0009650955908000469, 0.0009005510364659131, 0.0008556285174563527, 0.0008183720638044178, 0.0007716848631389439, 0.0007464455557055771, 0.0007220051484182477, 0.0007039913907647133, 0.000695430557243526, 0.0006845908937975764, 0.0006612822180613875, 0.00063846301054582, 0.0006279752706177533, 0.0006201121723279357, 0.0006038857391104102, 0.0005944609874859452, 0.0005738658946938813, 0.000566069211345166, 0.0005634594126604497, 0.0005563838640227914, 0.0005486402660608292, 0.0005295411683619022, 0.0005315532325766981, 0.0005162260495126247, 0.0005051185144111514, 0.0004919590428471565, 0.00048793721362017095, 0.0005028804880566895, 0.0004887273535132408, 0.0004654928925447166], "val_loss": [0.0038309823721647263, 0.0034744981676340103, 0.0033124417532235384, 0.003085316624492407, 0.0028354069218039513, 0.0026383684016764164, 0.002429012907668948, 0.0022561796940863132, 0.002137179020792246, 0.0019825769122689962, 0.0018402099376544356, 0.001773408381268382, 0.0017769110854715109, 0.0016692106146365404, 0.0016529529821127653, 0.0015943441540002823, 0.0015762299299240112, 0.0015844799345359206, 0.0017014325130730867, 0.001535777235403657, 0.001530549838207662, 0.0014336530584841967, 0.0014095522928982973, 0.0014970817137509584, 0.0014604150783270597, 0.0014239404117688537, 0.001371724414639175, 0.0014161443104967475, 0.0013605713611468673, 0.0014208151260390878, 0.0013783312169834971, 0.0013928121188655496, 0.001379551598802209, 0.001392057747580111, 0.0014471800532191992, 0.0015627536922693253, 0.0015302577521651983, 0.001455587102100253, 0.001454847166314721], "val_mse": [0.0038309823721647263, 0.0034744981676340103, 0.0033124417532235384, 0.003085316624492407, 0.0028354069218039513, 0.0026383684016764164, 0.002429012907668948, 0.0022561796940863132, 0.002137179020792246, 0.0019825769122689962, 0.0018402099376544356, 0.001773408381268382, 0.0017769110854715109, 0.0016692106146365404, 0.0016529529821127653, 0.0015943441540002823, 0.0015762299299240112, 0.0015844799345359206, 0.0017014325130730867, 0.001535777235403657, 0.001530549838207662, 0.0014336530584841967, 0.0014095522928982973, 0.0014970817137509584, 0.0014604150783270597, 0.0014239404117688537, 0.001371724414639175, 0.0014161443104967475, 0.0013605713611468673, 0.0014208151260390878, 0.0013783312169834971, 0.0013928121188655496, 0.001379551598802209, 0.001392057747580111, 0.0014471800532191992, 0.0015627536922693253, 0.0015302577521651983, 0.001455587102100253, 0.001454847166314721]}