{"loss": [0.005140641704201698, 0.0016901022754609585, 0.0010786521015688777, 0.0006742551922798157, 0.00046183913946151733, 0.00038601376581937075, 0.00034537841565907, 0.0003049018851015717, 0.00029752711998298764, 0.00027283522649668157, 0.0002492689236532897, 0.0002667621592991054, 0.0002463074342813343, 0.00021818021195940673, 0.00022700350382365286, 0.00020333677821327, 0.00019790978694800287, 0.00020118641259614378, 0.00019710458582267165, 0.00019157066708430648, 0.00018635316519066691, 0.00018157549493480474, 0.00017776730237528682, 0.00017994716472458094, 0.00017852371092885733, 0.00017435803601983935, 0.00018022919539362192, 0.0001643958530621603, 0.00016376480925828218, 0.00017243565525859594, 0.0001636024535400793, 0.0001627609453862533, 0.00016929424600675702, 0.00015568998060189188, 0.00016804324695840478, 0.00015554216224700212, 0.00014559004921466112, 0.00015106011414900422, 0.00015455821994692087, 0.0001412714773323387, 0.00015065424668136984, 0.00014646149065811187, 0.00013655493967235088, 0.00014638592256233096, 0.0001483783998992294, 0.00014409507275559008, 0.00014249712694436312, 0.0001505655818618834, 0.00015082204481586814, 0.00013069604756310582, 0.00013879335892852396, 0.00013767175551038235, 0.0001401993358740583, 0.00013307535846251994, 0.00013485373347066343, 0.0001450531417503953, 0.00013487329124473035, 0.0001323448959738016, 0.0001272049266844988, 0.00014403420209418982, 0.00013766945630777627, 0.00013111413863953203, 0.0001255641836905852, 0.00012889198842458427, 0.00013312857481651008, 0.00012863907613791525, 0.00014810868015047163, 0.00012484162289183587, 0.0001231822679983452], "mse": [0.005140641704201698, 0.0016901022754609585, 0.0010786521015688777, 0.0006742551922798157, 0.00046183913946151733, 0.00038601376581937075, 0.00034537841565907, 0.0003049018851015717, 0.00029752711998298764, 0.00027283522649668157, 0.0002492689236532897, 0.0002667621592991054, 0.0002463074342813343, 0.00021818021195940673, 0.00022700350382365286, 0.00020333677821327, 0.00019790978694800287, 0.00020118641259614378, 0.00019710462947841734, 0.00019157066708430648, 0.00018635316519066691, 0.00018157549493480474, 0.00017776730237528682, 0.00017994716472458094, 0.00017852371092885733, 0.00017435803601983935, 0.00018022919539362192, 0.0001643958530621603, 0.00016376480925828218, 0.00017243565525859594, 0.0001636024535400793, 0.0001627609453862533, 0.00016929424600675702, 0.00015568998060189188, 0.00016804324695840478, 0.00015554216224700212, 0.00014559004921466112, 0.00015106011414900422, 0.00015455821994692087, 0.0001412714773323387, 0.00015065424668136984, 0.00014646149065811187, 0.0001365549542242661, 0.00014638592256233096, 0.0001483783998992294, 0.00014409507275559008, 0.00014249712694436312, 0.0001505655818618834, 0.00015082204481586814, 0.00013069604756310582, 0.00013879335892852396, 0.00013767175551038235, 0.0001401993358740583, 0.00013307535846251994, 0.00013485373347066343, 0.0001450531417503953, 0.00013487329124473035, 0.0001323448959738016, 0.00012720494123641402, 0.00014403420209418982, 0.00013766945630777627, 0.00013111413863953203, 0.0001255641836905852, 0.00012889198842458427, 0.00013312856026459485, 0.00012863907613791525, 0.00014810868015047163, 0.00012484162289183587, 0.0001231822679983452], "val_loss": [0.002120927209034562, 0.0016628956655040383, 0.0011422581737861037, 0.0008063261047936976, 0.0006514257402159274, 0.0007117550703696907, 0.0005863461410626769, 0.0005097154644317925, 0.000499903573654592, 0.0005565732135437429, 0.0005382271483540535, 0.0004710234934464097, 0.0004506966797634959, 0.0004551549209281802, 0.0004576847713906318, 0.00040409943903796375, 0.0003859926655422896, 0.0004024689260404557, 0.0004172489861957729, 0.00040932800038717687, 0.0003800539707299322, 0.00037389298086054623, 0.00042420529644005, 0.0004003177455160767, 0.0004002632631454617, 0.0003862837329506874, 0.00036997339338995516, 0.00035176691017113626, 0.0003545839572325349, 0.0003787601017393172, 0.00036828056909143925, 0.00035445860703475773, 0.0003574491711333394, 0.0003806593012996018, 0.00035319552989676595, 0.0003487571084406227, 0.0003530736139509827, 0.0003669713332783431, 0.00035183236468583345, 0.0003492403484415263, 0.0003513036062940955, 0.00036375061608850956, 0.0003638328635133803, 0.00034560219501145184, 0.00039002031553536654, 0.00034460180904716253, 0.000387357926229015, 0.00042136377305723727, 0.0003680780646391213, 0.0003515913849696517, 0.0003644657845143229, 0.0004083932435605675, 0.0003410237259231508, 0.0003552023263182491, 0.0003478802682366222, 0.0003528379020281136, 0.00035856227623298764, 0.0003488075453788042, 0.000340635800966993, 0.00035820493940263987, 0.0003436191473156214, 0.00034527131356298923, 0.00037765171146020293, 0.0004286930779926479, 0.00034998421324416995, 0.00037681692629121244, 0.00035568297607824206, 0.00037651683669537306, 0.00034638342913240194], "val_mse": [0.002120927209034562, 0.0016628956655040383, 0.0011422581737861037, 0.0008063261047936976, 0.0006514257402159274, 0.0007117550703696907, 0.000586346082855016, 0.0005097154644317925, 0.000499903573654592, 0.0005565732135437429, 0.0005382271483540535, 0.0004710234934464097, 0.0004506966797634959, 0.0004551549209281802, 0.00045768480049446225, 0.00040409943903796375, 0.0003859926655422896, 0.0004024689260404557, 0.0004172489861957729, 0.00040932800038717687, 0.00038005399983376265, 0.00037389298086054623, 0.00042420529644005, 0.0004003177455160767, 0.0004002632340416312, 0.0003862837329506874, 0.00036997339338995516, 0.00035176691017113626, 0.0003545839572325349, 0.0003787601017393172, 0.00036828056909143925, 0.00035445860703475773, 0.0003574491711333394, 0.0003806592430919409, 0.00035319552989676595, 0.0003487571084406227, 0.0003530736139509827, 0.0003669713332783431, 0.00035183236468583345, 0.0003492403484415263, 0.0003513036062940955, 0.00036375061608850956, 0.00036383289261721075, 0.00034560219501145184, 0.00039002031553536654, 0.00034460180904716253, 0.000387357926229015, 0.00042136377305723727, 0.0003680780646391213, 0.0003515913849696517, 0.0003644657845143229, 0.0004083932435605675, 0.0003410237259231508, 0.0003552023263182491, 0.0003478802682366222, 0.0003528379020281136, 0.00035856227623298764, 0.0003488075453788042, 0.000340635800966993, 0.00035820493940263987, 0.0003436191473156214, 0.00034527131356298923, 0.00037765171146020293, 0.0004286930779926479, 0.00034998421324416995, 0.00037681692629121244, 0.00035568297607824206, 0.00037651683669537306, 0.00034638342913240194]}