{"loss": [0.0019388149958103895, 0.001648066914640367, 0.0014184210449457169, 0.0011978533584624529, 0.0009886887855827808, 0.0008133511291816831, 0.0006540747126564384, 0.0005265430081635714, 0.00041387425153516233, 0.0003119067114312202, 0.0002459671231918037, 0.00017362122889608145, 0.00014823288074694574, 0.00012802625133190304, 0.00010817676957231015, 8.744699880480766e-05, 7.804694905644283e-05, 7.081132935127243e-05, 6.66942069074139e-05, 6.378359103109688e-05, 5.8371231716591865e-05, 5.583880192716606e-05, 5.160170258022845e-05, 5.274050636216998e-05, 4.908415212412365e-05, 4.44111974502448e-05, 4.3287967855576426e-05, 4.7389923565788195e-05, 4.301168519305065e-05, 3.6907411413267255e-05, 3.5735603887587786e-05, 3.474268669378944e-05, 3.304909114376642e-05, 3.1840023439144716e-05, 3.048668077099137e-05, 2.969611705339048e-05, 2.886845322791487e-05, 2.8662781915045343e-05, 2.7729756766348146e-05, 2.659115671121981e-05, 2.7638150640996173e-05, 2.5108802219619974e-05, 2.6778841856867075e-05, 2.7200328986509703e-05, 2.6903959224000573e-05, 2.3939632228575647e-05, 2.1790827304357663e-05, 2.0061010218341835e-05, 2.083390427287668e-05, 1.9677951058838516e-05, 1.8700564396567643e-05, 1.9369972505955957e-05, 1.97761801246088e-05, 1.8025024473899975e-05, 1.6910662452573888e-05, 1.8956989151774906e-05, 1.80333991011139e-05, 1.6188432709896006e-05, 1.809826062526554e-05, 1.5499876099056564e-05, 1.4956359336792957e-05, 1.4930343240848742e-05, 1.4304406249721069e-05, 1.4918160559318494e-05, 1.4048715456738137e-05, 1.6000682080630213e-05, 1.3359784134081565e-05, 1.35428372232127e-05, 1.3443741408991627e-05, 1.2293176951061469e-05, 1.262831938220188e-05, 1.3490525816450827e-05, 1.2059371329087298e-05, 1.2220230928505771e-05, 1.2803175195585936e-05], "mse": [0.0019388148793950677, 0.001648066914640367, 0.0014184210449457169, 0.0011978533584624529, 0.0009886887855827808, 0.0008133511291816831, 0.0006540747126564384, 0.0005265430081635714, 0.00041387425153516233, 0.0003119067114312202, 0.0002459671231918037, 0.00017362122889608145, 0.00014823288074694574, 0.00012802625133190304, 0.00010817676957231015, 8.744699880480766e-05, 7.804694905644283e-05, 7.081132935127243e-05, 6.66942069074139e-05, 6.378359103109688e-05, 5.8371231716591865e-05, 5.583880192716606e-05, 5.160170258022845e-05, 5.274050636216998e-05, 4.908415212412365e-05, 4.44111974502448e-05, 4.3287967855576426e-05, 4.7389923565788195e-05, 4.301168519305065e-05, 3.690740777528845e-05, 3.5735603887587786e-05, 3.4742690331768245e-05, 3.304909114376642e-05, 3.1840023439144716e-05, 3.048668077099137e-05, 2.969611705339048e-05, 2.886845322791487e-05, 2.8662781915045343e-05, 2.7729756766348146e-05, 2.659115671121981e-05, 2.7638150640996173e-05, 2.5108802219619974e-05, 2.6778841856867075e-05, 2.7200328986509703e-05, 2.6903959224000573e-05, 2.3939632228575647e-05, 2.1790827304357663e-05, 2.0061010218341835e-05, 2.083390427287668e-05, 1.9677951058838516e-05, 1.8700564396567643e-05, 1.9369972505955957e-05, 1.97761801246088e-05, 1.8025024473899975e-05, 1.6910662452573888e-05, 1.8956989151774906e-05, 1.80333991011139e-05, 1.6188432709896006e-05, 1.809825698728673e-05, 1.5499876099056564e-05, 1.4956359336792957e-05, 1.4930343240848742e-05, 1.4304406249721069e-05, 1.4918160559318494e-05, 1.4048715456738137e-05, 1.6000682080630213e-05, 1.3359783224586863e-05, 1.35428372232127e-05, 1.3443741408991627e-05, 1.2293176951061469e-05, 1.262831938220188e-05, 1.3490525816450827e-05, 1.2059371329087298e-05, 1.2220230928505771e-05, 1.2803175195585936e-05], "val_loss": [0.0027974159456789494, 0.0023992913775146008, 0.002026784000918269, 0.0016316387336701155, 0.001312618493102491, 0.0009690830484032631, 0.0007862258935347199, 0.0007693656953051686, 0.0006437024567276239, 0.0006321617402136326, 0.0004899605410173535, 0.00042735831812024117, 0.0002615127887111157, 0.0002420627570245415, 0.0002868856827262789, 0.00028162094531580806, 0.00024275838222820312, 0.00023549162142444402, 0.0002694745489861816, 0.0002610080991871655, 0.00023293658159673214, 0.0002598814608063549, 0.0002065890294034034, 0.00020947027951478958, 0.00021428902982734144, 0.00021732086315751076, 0.00026828463887795806, 0.00018502042803447694, 0.00019411364337429404, 0.00017822264635469764, 0.00020453489560168236, 0.0001936439221026376, 0.00018684970564208925, 0.00019279829575680196, 0.0001901025971164927, 0.00016477501776535064, 0.00018301054660696536, 0.00015925939078442752, 0.00016396850696764886, 0.00015484224422834814, 0.00018352226470597088, 0.00013484610826708376, 0.0001927488046931103, 0.00014898103836458176, 0.0001561550161568448, 0.0001623477292014286, 0.00013850162213202566, 0.00016047139069996774, 0.0001336049026576802, 0.00015305641863960773, 0.00016027901438064873, 0.00013061767094768584, 0.00016740297724027187, 0.0001455530000384897, 0.00012191289715701714, 0.0001731790543999523, 0.00013554972247220576, 0.00015631821588613093, 0.00014045709394849837, 0.00014224166807252914, 0.00014152724179439247, 0.0001485086395405233, 0.00012844716547988355, 0.00014163895684760064, 0.00011026354331988841, 0.00013695340021513402, 0.0001140828026109375, 0.00015979546878952533, 0.0001232432114193216, 0.00013078885967843235, 0.00014476400974672288, 0.00012124051863793284, 0.00012481212615966797, 0.00011947860184591264, 0.00013168345321901143], "val_mse": [0.0027974159456789494, 0.0023992913775146008, 0.002026784000918269, 0.0016316387336701155, 0.001312618493102491, 0.0009690830484032631, 0.0007862258935347199, 0.0007693656953051686, 0.0006437024567276239, 0.0006321617402136326, 0.0004899605410173535, 0.00042735831812024117, 0.0002615127887111157, 0.0002420627570245415, 0.0002868856827262789, 0.00028162094531580806, 0.00024275838222820312, 0.00023549162142444402, 0.0002694745489861816, 0.0002610080991871655, 0.00023293658159673214, 0.0002598814608063549, 0.0002065890294034034, 0.00020947027951478958, 0.00021428902982734144, 0.00021732086315751076, 0.00026828463887795806, 0.00018502042803447694, 0.00019411364337429404, 0.00017822264635469764, 0.00020453489560168236, 0.0001936439221026376, 0.00018684970564208925, 0.00019279829575680196, 0.00019010258256457746, 0.00016477501776535064, 0.00018301054660696536, 0.00015925939078442752, 0.00016396850696764886, 0.00015484224422834814, 0.00018352226470597088, 0.00013484610826708376, 0.0001927488046931103, 0.00014898103836458176, 0.0001561550161568448, 0.0001623477292014286, 0.00013850162213202566, 0.00016047139069996774, 0.0001336049026576802, 0.00015305641863960773, 0.00016027901438064873, 0.00013061767094768584, 0.00016740297724027187, 0.0001455530000384897, 0.00012191289715701714, 0.0001731790543999523, 0.00013554972247220576, 0.00015631821588613093, 0.00014045709394849837, 0.00014224166807252914, 0.00014152724179439247, 0.0001485086395405233, 0.00012844716547988355, 0.00014163895684760064, 0.00011026354331988841, 0.00013695340021513402, 0.0001140828026109375, 0.00015979546878952533, 0.0001232432114193216, 0.00013078885967843235, 0.00014476400974672288, 0.00012124051863793284, 0.00012481212615966797, 0.00011947860184591264, 0.00013168345321901143]}