{"loss": [0.0014177757548168302, 0.0002858701045624912, 0.00013169931480661035, 9.987390512833372e-05, 8.649266965221614e-05, 7.912916044006124e-05, 7.573058974230662e-05, 7.091063889674842e-05, 6.920038140378892e-05, 6.841876893304288e-05, 6.514711276395246e-05, 6.0957368987146765e-05, 6.479910371126607e-05, 5.815841359435581e-05, 5.5860422435216606e-05, 5.610349035123363e-05, 5.502520070876926e-05, 5.592986781266518e-05, 5.248926754575223e-05, 5.164275717106648e-05, 5.539080302696675e-05, 5.149150820216164e-05, 5.068104655947536e-05, 4.83588119095657e-05, 4.733464811579324e-05, 5.0105165428249165e-05, 4.8358269850723445e-05, 4.679368430515751e-05, 4.729815918835811e-05, 4.684637679019943e-05, 4.501284638536163e-05, 4.589329182635993e-05, 4.6448894863715395e-05, 4.461932985577732e-05, 4.478674236452207e-05, 4.357759462436661e-05, 4.321681262808852e-05, 4.3677286157617345e-05, 4.485445242607966e-05, 4.287632691557519e-05, 4.39100585936103e-05, 4.440409247763455e-05, 4.283597081666812e-05, 4.306282426114194e-05, 4.3232015741523355e-05, 4.4016429455950856e-05, 4.1483606764813885e-05, 4.1079689253820106e-05, 4.116666968911886e-05, 4.183738928986713e-05], "mse": [0.0014177757548168302, 0.0002858701045624912, 0.00013169931480661035, 9.987390512833372e-05, 8.649266965221614e-05, 7.912916044006124e-05, 7.5730582466349e-05, 7.091063889674842e-05, 6.920038140378892e-05, 6.841876893304288e-05, 6.514711276395246e-05, 6.0957368987146765e-05, 6.479910371126607e-05, 5.815841359435581e-05, 5.5860422435216606e-05, 5.610349035123363e-05, 5.502520070876926e-05, 5.592986781266518e-05, 5.248926754575223e-05, 5.164275717106648e-05, 5.539080302696675e-05, 5.149150820216164e-05, 5.068104655947536e-05, 4.83588119095657e-05, 4.733464083983563e-05, 5.0105165428249165e-05, 4.8358269850723445e-05, 4.679368430515751e-05, 4.729815918835811e-05, 4.684637679019943e-05, 4.501284638536163e-05, 4.589329182635993e-05, 4.6448894863715395e-05, 4.461933349375613e-05, 4.478674236452207e-05, 4.357759462436661e-05, 4.321681262808852e-05, 4.3677286157617345e-05, 4.485445242607966e-05, 4.287632691557519e-05, 4.39100585936103e-05, 4.440409247763455e-05, 4.283597081666812e-05, 4.306282426114194e-05, 4.3232015741523355e-05, 4.4016429455950856e-05, 4.1483606764813885e-05, 4.1079689253820106e-05, 4.116666968911886e-05, 4.183738928986713e-05], "val_loss": [0.0006777856033295393, 0.00015200895722955465, 0.00011770530545618385, 9.959336603060365e-05, 8.53916717460379e-05, 8.093280484899879e-05, 7.166532304836437e-05, 7.023617945378646e-05, 7.158699736464769e-05, 7.776141137583181e-05, 6.553200364578515e-05, 7.999990339158103e-05, 6.437855336116627e-05, 5.960351336398162e-05, 5.6917248002719134e-05, 6.26410692348145e-05, 5.805610999232158e-05, 5.7830504374578595e-05, 5.667927325703204e-05, 5.557223266805522e-05, 5.474253703141585e-05, 5.894160858588293e-05, 6.150807166704908e-05, 5.579315256909467e-05, 6.134996510809287e-05, 5.3555377235170454e-05, 5.7263347116531804e-05, 5.332368891686201e-05, 5.3871892305323854e-05, 5.646645513479598e-05, 5.387622877606191e-05, 5.4539348639082164e-05, 5.223041807767004e-05, 5.57478706468828e-05, 5.4750973504269496e-05, 5.4224808991421014e-05, 5.6325985497096553e-05, 5.4194209951674566e-05, 5.536205571843311e-05, 5.1483759307302535e-05, 5.471550684887916e-05, 5.8285495470045134e-05, 5.208334550843574e-05, 5.7276491133961827e-05, 5.730807242798619e-05, 5.3828534873900935e-05, 5.201697058510035e-05, 5.349535058485344e-05, 5.406488344306126e-05, 5.367431731428951e-05], "val_mse": [0.0006777856033295393, 0.00015200895722955465, 0.00011770530545618385, 9.959336603060365e-05, 8.53916717460379e-05, 8.093280484899879e-05, 7.166532304836437e-05, 7.023617945378646e-05, 7.158699008869007e-05, 7.776141137583181e-05, 6.553200364578515e-05, 7.999990339158103e-05, 6.437855336116627e-05, 5.960351336398162e-05, 5.691724436474033e-05, 6.26410692348145e-05, 5.805610999232158e-05, 5.7830504374578595e-05, 5.667927325703204e-05, 5.557223266805522e-05, 5.474253703141585e-05, 5.894160858588293e-05, 6.150807166704908e-05, 5.579315256909467e-05, 6.134996510809287e-05, 5.3555377235170454e-05, 5.7263347116531804e-05, 5.332368891686201e-05, 5.3871892305323854e-05, 5.646645513479598e-05, 5.387622877606191e-05, 5.4539348639082164e-05, 5.223041807767004e-05, 5.57478706468828e-05, 5.4750973504269496e-05, 5.4224808991421014e-05, 5.6325985497096553e-05, 5.4194209951674566e-05, 5.536205571843311e-05, 5.1483759307302535e-05, 5.471550684887916e-05, 5.8285495470045134e-05, 5.208334550843574e-05, 5.7276491133961827e-05, 5.730807242798619e-05, 5.3828534873900935e-05, 5.201697058510035e-05, 5.349535058485344e-05, 5.406488344306126e-05, 5.367431731428951e-05]}