{"loss": [0.0020036520436406136, 0.0007711586076766253, 0.0004333317338023335, 0.0003079403250012547, 0.00026274501578882337, 0.00024034893431235105, 0.00022213948250282556, 0.0002044498105533421, 0.00019708387844730169, 0.00018687745614442974, 0.000193912535905838, 0.00018028391059488058, 0.00016966802650131285, 0.00016754903481341898, 0.00016520197095815092, 0.00016370794037356973, 0.00015923212049528956, 0.00015283157699741423, 0.00015240673383232206, 0.00015007852925918996, 0.00014529834152199328, 0.000155469257151708, 0.00013966936967335641, 0.0001353303960058838, 0.0001352305116597563, 0.00013148653670214117, 0.00013599227531813085, 0.00012586991942953318, 0.00012769567547366023, 0.000123713311040774, 0.00012494406837504357, 0.00012316751235630363, 0.00012094237172277644, 0.00012139551108703017, 0.0001158889353973791, 0.00011777081817854196, 0.00011152578372275457, 0.00011129603808512911, 0.00011394740431569517, 0.00010893803846556693, 0.0001059622154571116, 0.00010869319521589205, 0.00010687395842978731, 0.0001031876090564765, 0.00010417537851026282, 0.0001057714325725101, 0.00010595491039566696, 0.00010355123959016055, 9.945391502697021e-05, 9.77692034211941e-05], "mse": [0.002003652276471257, 0.0007711586076766253, 0.0004333317338023335, 0.0003079403250012547, 0.00026274501578882337, 0.00024034893431235105, 0.00022213948250282556, 0.0002044498105533421, 0.00019708387844730169, 0.00018687745614442974, 0.000193912535905838, 0.00018028391059488058, 0.00016966802650131285, 0.00016754903481341898, 0.00016520197095815092, 0.00016370794037356973, 0.00015923212049528956, 0.00015283157699741423, 0.00015240673383232206, 0.00015007852925918996, 0.00014529834152199328, 0.000155469257151708, 0.00013966936967335641, 0.0001353303960058838, 0.0001352305116597563, 0.00013148653670214117, 0.00013599227531813085, 0.00012586991942953318, 0.00012769567547366023, 0.000123713311040774, 0.00012494406837504357, 0.00012316751235630363, 0.00012094237172277644, 0.00012139551108703017, 0.0001158889353973791, 0.00011777079635066912, 0.00011152578372275457, 0.00011129603808512911, 0.00011394740431569517, 0.00010893803846556693, 0.0001059622154571116, 0.00010869319521589205, 0.00010687395842978731, 0.0001031876090564765, 0.00010417537851026282, 0.0001057714325725101, 0.00010595491039566696, 0.00010355123959016055, 9.945391502697021e-05, 9.77692034211941e-05], "val_loss": [0.0008924580179154873, 0.0004758267605211586, 0.00029205213650129735, 0.00024507337366230786, 0.0002212169929407537, 0.00022327016631606966, 0.00019128106941934675, 0.0002216239954577759, 0.00017535492952447385, 0.00018068644567392766, 0.00016488130495417863, 0.00016875742585398257, 0.00016354137915186584, 0.00016021942428778857, 0.00016418758605141193, 0.0001518678618595004, 0.00014609989011660218, 0.00014936229854356498, 0.00015020019782241434, 0.00014265380741562694, 0.00015910167712718248, 0.0001560794044053182, 0.0001418702449882403, 0.00013323576422408223, 0.0001415923616150394, 0.00014606908371206373, 0.0001397359010297805, 0.00014115331578068435, 0.0001292080560233444, 0.00013214448699727654, 0.00013340753503143787, 0.0001320946466876194, 0.00012901108129881322, 0.0001287324703298509, 0.00014555975212715566, 0.0001295987458433956, 0.00012785513536073267, 0.00012694959877990186, 0.00015081054880283773, 0.0001253990485565737, 0.00013823328481521457, 0.0001262177393073216, 0.00012548007362056524, 0.0001289223728235811, 0.0001403985224897042, 0.0001378397864755243, 0.0001511521404609084, 0.00012699535000137985, 0.0001335873967036605, 0.0001319973380304873], "val_mse": [0.0008924580179154873, 0.0004758267605211586, 0.00029205213650129735, 0.00024507337366230786, 0.0002212169929407537, 0.00022327016631606966, 0.00019128106941934675, 0.0002216239954577759, 0.00017535492952447385, 0.00018068644567392766, 0.00016488130495417863, 0.00016875742585398257, 0.00016354137915186584, 0.0001602194388397038, 0.00016418758605141193, 0.00015186784730758518, 0.00014609989011660218, 0.00014936229854356498, 0.00015020021237432957, 0.00014265380741562694, 0.00015910167712718248, 0.0001560794044053182, 0.0001418702449882403, 0.00013323576422408223, 0.0001415923616150394, 0.00014606908371206373, 0.0001397359010297805, 0.00014115331578068435, 0.0001292080560233444, 0.00013214448699727654, 0.00013340753503143787, 0.0001320946466876194, 0.00012901108129881322, 0.0001287324703298509, 0.00014555975212715566, 0.0001295987458433956, 0.00012785513536073267, 0.00012694959877990186, 0.00015081054880283773, 0.0001253990485565737, 0.00013823328481521457, 0.00012621772475540638, 0.00012548007362056524, 0.0001289223728235811, 0.0001403985224897042, 0.0001378397864755243, 0.0001511521404609084, 0.00012699535000137985, 0.0001335873967036605, 0.0001319973380304873]}