{"loss": [0.004041063133627176, 0.003459066618233919, 0.0029189749620854855, 0.0022928593680262566, 0.0017168152844533324, 0.0013045435771346092, 0.0011295853182673454, 0.0009533412521705031, 0.0008291684207506478, 0.0007139480439946055, 0.0006539196474477649, 0.0005967612960375845, 0.0005247468361631036, 0.0004670136549975723, 0.00044432288268581033, 0.00042853219201788306, 0.0004080727812834084, 0.0003823031729552895, 0.00037154817255213857, 0.0003575374139472842, 0.0003334404027555138, 0.00032662591547705233, 0.0003182697109878063, 0.0003288572479505092, 0.000317328202072531, 0.0003034033579751849, 0.0002908376045525074, 0.00028658099472522736, 0.00029618118423968554, 0.000274147663731128, 0.00029198979609645903, 0.0002833518374245614, 0.00026215618709102273, 0.0002678481978364289, 0.00025660826941020787, 0.00025203663972206414, 0.00025014218408614397, 0.00025678021484054625, 0.0002537961699999869, 0.00023200479336082935, 0.0002320411877008155, 0.00022677402012050152, 0.0002231661492260173, 0.0002254342834930867, 0.0002305497182533145, 0.00022503151558339596, 0.0002205762721132487, 0.0002195356646552682, 0.00021404139988590032, 0.00021262059453874826, 0.0002120936696883291, 0.0002094530063914135, 0.00022225591237656772, 0.0002147915802197531, 0.00020846859843004495, 0.00020273189875297248, 0.00020728404342662543, 0.00020328685059212148, 0.00020699524611700326, 0.00020064525597263128, 0.00020601795404218137, 0.0002013799676205963, 0.0001949907309608534, 0.00019544755923561752, 0.00019082613289356232, 0.0001889954728540033, 0.0001895072200568393, 0.00018045605975203216, 0.00017905011191032827, 0.00018791081674862653, 0.00017955605289898813, 0.00019416175200603902, 0.00019128092390019447, 0.00018407760944683105, 0.00017720137839205563, 0.00017628188652452081], "mse": [0.004041063133627176, 0.003459066618233919, 0.0029189749620854855, 0.0022928593680262566, 0.0017168152844533324, 0.0013045435771346092, 0.0011295853182673454, 0.000953341368585825, 0.0008291684207506478, 0.0007139480439946055, 0.0006539196474477649, 0.0005967612960375845, 0.0005247468361631036, 0.0004670136549975723, 0.00044432288268581033, 0.00042853219201788306, 0.0004080727812834084, 0.0003823031729552895, 0.00037154817255213857, 0.0003575373557396233, 0.0003334404027555138, 0.00032662591547705233, 0.00031826968188397586, 0.0003288572479505092, 0.000317328202072531, 0.0003034033579751849, 0.0002908376045525074, 0.00028658099472522736, 0.00029618118423968554, 0.000274147663731128, 0.00029198979609645903, 0.0002833518374245614, 0.00026215618709102273, 0.0002678481978364289, 0.00025660826941020787, 0.00025203663972206414, 0.00025014218408614397, 0.00025678021484054625, 0.0002537961699999869, 0.00023200479336082935, 0.0002320411877008155, 0.00022677402012050152, 0.0002231661492260173, 0.0002254342834930867, 0.0002305497182533145, 0.00022503151558339596, 0.0002205762721132487, 0.0002195356646552682, 0.00021404139988590032, 0.00021262059453874826, 0.0002120936696883291, 0.0002094530063914135, 0.00022225591237656772, 0.0002147915802197531, 0.00020846859843004495, 0.00020273189875297248, 0.00020728404342662543, 0.00020328685059212148, 0.00020699524611700326, 0.00020064525597263128, 0.00020601795404218137, 0.0002013799676205963, 0.0001949907309608534, 0.00019544755923561752, 0.00019082613289356232, 0.0001889954728540033, 0.0001895072200568393, 0.00018045605975203216, 0.00017905011191032827, 0.00018791081674862653, 0.00017955605289898813, 0.00019416175200603902, 0.00019128092390019447, 0.00018407760944683105, 0.00017720137839205563, 0.00017628188652452081], "val_loss": [0.006186380982398987, 0.005526100285351276, 0.0045568011701107025, 0.0036040903069078922, 0.002744700526818633, 0.002054273383691907, 0.0017987046157941222, 0.0015258283820003271, 0.0013060221681371331, 0.0011709837708622217, 0.001269307336769998, 0.001031604246236384, 0.0009081648895516992, 0.0008670523529872298, 0.0008000304223969579, 0.0007006507948972285, 0.0006391655188053846, 0.0005441872053779662, 0.0006415392854250968, 0.0006545298965647817, 0.0005571582587435842, 0.0004640535335056484, 0.0005119033739902079, 0.0004551094025373459, 0.0005362980882637203, 0.0005384430405683815, 0.00039265313534997404, 0.0004813963605556637, 0.000526976422406733, 0.00037363701267167926, 0.000376822950784117, 0.0005068777245469391, 0.00040986938984133303, 0.00038475546170957386, 0.0004637431411538273, 0.00037272076588124037, 0.00032805887167342007, 0.0005192797398194671, 0.00035650195786729455, 0.00032131458283402026, 0.00033678888576105237, 0.00036780358641408384, 0.00037293386412784457, 0.00036338227801024914, 0.0002949877525679767, 0.00034604157553985715, 0.000343724008416757, 0.0002806188422255218, 0.00031606966513209045, 0.00034273156779818237, 0.00035464283428154886, 0.00027970271185040474, 0.00042304969974793494, 0.00031203514663502574, 0.0002805544063448906, 0.00033797038486227393, 0.00040345144225284457, 0.0002800179354380816, 0.00031965793459676206, 0.00041764212073758245, 0.0002736447786446661, 0.0003779528196901083, 0.00031479381141252816, 0.0003208483976777643, 0.0003763493150472641, 0.00026349449763074517, 0.0003157113096676767, 0.0003159558982588351, 0.00027934127137996256, 0.00034363314625807106, 0.000269327632850036, 0.00035807007225230336, 0.0002802514936774969, 0.0003123142523691058, 0.0003206600376870483, 0.00030296799377538264], "val_mse": [0.006186380982398987, 0.005526100285351276, 0.0045568011701107025, 0.0036040903069078922, 0.002744700526818633, 0.002054273383691907, 0.0017987046157941222, 0.0015258283820003271, 0.0013060221681371331, 0.0011709837708622217, 0.001269307336769998, 0.001031604246236384, 0.0009081648895516992, 0.0008670523529872298, 0.0008000304223969579, 0.0007006507948972285, 0.0006391655188053846, 0.0005441872053779662, 0.0006415392854250968, 0.0006545298965647817, 0.0005571582587435842, 0.0004640535335056484, 0.0005119033739902079, 0.0004551094025373459, 0.0005362980882637203, 0.0005384430405683815, 0.00039265313534997404, 0.0004813963605556637, 0.000526976422406733, 0.00037363701267167926, 0.000376822950784117, 0.0005068777245469391, 0.00040986938984133303, 0.00038475546170957386, 0.0004637431411538273, 0.00037272076588124037, 0.00032805887167342007, 0.0005192797398194671, 0.00035650195786729455, 0.00032131458283402026, 0.00033678888576105237, 0.00036780358641408384, 0.00037293389323167503, 0.00036338227801024914, 0.0002949877525679767, 0.00034604157553985715, 0.000343724008416757, 0.0002806188422255218, 0.00031606966513209045, 0.00034273156779818237, 0.00035464283428154886, 0.00027970271185040474, 0.000423049641540274, 0.00031203514663502574, 0.0002805544063448906, 0.00033797038486227393, 0.00040345144225284457, 0.0002800179354380816, 0.00031965793459676206, 0.00041764212073758245, 0.0002736447786446661, 0.0003779528196901083, 0.00031479381141252816, 0.0003208483976777643, 0.0003763493150472641, 0.00026349449763074517, 0.0003157113096676767, 0.0003159558982588351, 0.00027934127137996256, 0.00034363314625807106, 0.000269327632850036, 0.00035807007225230336, 0.0002802514936774969, 0.0003123142523691058, 0.0003206600376870483, 0.00030296799377538264]}