{"loss": [0.04781974479556084, 0.0454462468624115, 0.044332753866910934, 0.04334027320146561, 0.04236795753240585, 0.04128267616033554, 0.04050135612487793, 0.03943043202161789, 0.03852439299225807, 0.037744369357824326, 0.03687170892953873, 0.03571801260113716, 0.03479461744427681], "mse": [0.04781974479556084, 0.0454462468624115, 0.044332753866910934, 0.04334027320146561, 0.042367953807115555, 0.04128267616033554, 0.04050135612487793, 0.03943043202161789, 0.03852439299225807, 0.037744369357824326, 0.03687170892953873, 0.03571801260113716, 0.03479461744427681], "val_loss": [0.03298991173505783, 0.03146419674158096, 0.03011690080165863, 0.03307625278830528, 0.030237678438425064, 0.03295183554291725, 0.033530451357364655, 0.03370599076151848, 0.033531200140714645, 0.039841122925281525, 0.037428777664899826, 0.03816124424338341, 0.04391641542315483], "val_mse": [0.03298990800976753, 0.03146419674158096, 0.03011690080165863, 0.03307625278830528, 0.030237674713134766, 0.03295183554291725, 0.033530451357364655, 0.03370599076151848, 0.033531200140714645, 0.039841122925281525, 0.037428777664899826, 0.03816124424338341, 0.04391641169786453]}