{"loss": [0.0019865958020091057, 0.0017861220985651016, 0.0015781387919560075, 0.0013744884636253119, 0.0011332143330946565, 0.0008867079159244895, 0.0006338427774608135, 0.00043555424781516194, 0.0002900524123106152, 0.00021284830290824175, 0.00017111460329033434, 0.0001570403401274234, 0.00013035626034252346, 0.00012507523933891207, 0.00010654247307684273, 9.91072301985696e-05, 9.449272329220548e-05, 9.255518671125174e-05, 8.818630885798484e-05, 8.587758929934353e-05, 8.028446609387174e-05], "mse": [0.0019865958020091057, 0.0017861220985651016, 0.0015781387919560075, 0.0013744884636253119, 0.0011332143330946565, 0.0008867079159244895, 0.0006338427774608135, 0.00043555424781516194, 0.0002900524123106152, 0.00021284830290824175, 0.00017111460329033434, 0.0001570403401274234, 0.00013035627489443868, 0.00012507523933891207, 0.00010654247307684273, 9.91072301985696e-05, 9.449272329220548e-05, 9.255518671125174e-05, 8.818630885798484e-05, 8.587758929934353e-05, 8.028446609387174e-05], "val_loss": [0.0027269828133285046, 0.0024737634230405092, 0.001994412625208497, 0.0016405166825279593, 0.0012857866240665317, 0.0007931349682621658, 0.0004707188345491886, 0.0002955416275653988, 0.00020929411402903497, 0.00017098536773119122, 0.00016174805932678282, 0.00020826379477512091, 0.0002780354698188603, 0.0002612733806017786, 0.00021145613573025912, 0.00023206262267194688, 0.0002541200374253094, 0.000252807600190863, 0.0002058644749922678, 0.000181410345248878, 0.0001946476986631751], "val_mse": [0.0027269828133285046, 0.0024737634230405092, 0.001994412625208497, 0.0016405166825279593, 0.0012857866240665317, 0.0007931350846774876, 0.0004707188345491886, 0.0002955416275653988, 0.00020929411402903497, 0.00017098536773119122, 0.00016174805932678282, 0.00020826379477512091, 0.0002780354698188603, 0.0002612733806017786, 0.00021145613573025912, 0.00023206262267194688, 0.0002541200374253094, 0.000252807600190863, 0.0002058644749922678, 0.000181410345248878, 0.0001946476986631751]}