{"loss": [0.002354477532207966, 0.0009700332302600145, 0.000313750613713637, 0.0001620555849513039, 0.00012353251804597676, 0.00010167086293222383, 8.596366387791932e-05, 7.329699292313308e-05, 6.386631866917014e-05, 5.754668381996453e-05, 5.292357309372164e-05, 5.265537038212642e-05, 4.7223929868778214e-05, 4.4199488911544904e-05, 4.381882899906486e-05, 4.365821951068938e-05, 4.1736177081475034e-05, 3.7036930734757334e-05, 3.9527174521936104e-05, 4.186325168120675e-05, 3.488882430247031e-05, 3.497273428365588e-05, 3.7954250728944317e-05, 3.4514250728534535e-05, 3.1928400858305395e-05, 3.147763345623389e-05, 3.3255506423301995e-05, 3.175723031745292e-05, 3.0286333640106022e-05, 2.859928827092517e-05, 3.1187180866254494e-05, 3.468879367574118e-05, 2.7992920877295546e-05, 2.7840746042784303e-05, 2.6700452508521266e-05, 2.7064594178227708e-05, 2.740919080679305e-05, 2.9058337531751022e-05, 2.7064175810664892e-05, 2.5398945581400767e-05, 2.7119684091303498e-05, 2.6366007659817114e-05, 2.8176165869808756e-05, 2.7285515898256563e-05, 2.509628211555537e-05, 2.2642429030383937e-05, 2.375221811234951e-05, 2.2531698050443083e-05, 2.391890848230105e-05, 2.4370923711103387e-05, 2.209211015724577e-05, 2.3635775505681522e-05, 2.2260399418883026e-05, 2.642738945723977e-05, 2.091012356686406e-05, 2.3721204343019053e-05, 2.148242128896527e-05], "mse": [0.002354477532207966, 0.0009700332302600145, 0.000313750613713637, 0.0001620555849513039, 0.00012353251804597676, 0.00010167086293222383, 8.596366387791932e-05, 7.329699292313308e-05, 6.386631866917014e-05, 5.754668381996453e-05, 5.292357309372164e-05, 5.265537038212642e-05, 4.7223929868778214e-05, 4.4199488911544904e-05, 4.381882899906486e-05, 4.365821951068938e-05, 4.1736177081475034e-05, 3.7036930734757334e-05, 3.9527170883957297e-05, 4.186325168120675e-05, 3.488882430247031e-05, 3.497273428365588e-05, 3.7954250728944317e-05, 3.4514250728534535e-05, 3.1928400858305395e-05, 3.147763345623389e-05, 3.3255506423301995e-05, 3.175723031745292e-05, 3.0286333640106022e-05, 2.859928827092517e-05, 3.1187177228275687e-05, 3.468879367574118e-05, 2.7992920877295546e-05, 2.7840746042784303e-05, 2.6700452508521266e-05, 2.7064594178227708e-05, 2.740919080679305e-05, 2.9058337531751022e-05, 2.7064175810664892e-05, 2.5398945581400767e-05, 2.7119684091303498e-05, 2.6366007659817114e-05, 2.8176165869808756e-05, 2.7285515898256563e-05, 2.509628211555537e-05, 2.2642429030383937e-05, 2.375221811234951e-05, 2.2531698050443083e-05, 2.391890848230105e-05, 2.4370923711103387e-05, 2.209211015724577e-05, 2.3635775505681522e-05, 2.2260399418883026e-05, 2.642738945723977e-05, 2.091012356686406e-05, 2.3721204343019053e-05, 2.148242128896527e-05], "val_loss": [0.0013848529197275639, 0.00046465732157230377, 0.0001788000954547897, 0.0001408220996381715, 0.00011372700100764632, 0.00010133065370609984, 9.383526776218787e-05, 8.275889558717608e-05, 7.478509360225871e-05, 7.172119512688369e-05, 6.0764894442399964e-05, 8.192138921003789e-05, 5.464808054966852e-05, 7.34830173314549e-05, 5.57926032342948e-05, 6.179762567626312e-05, 4.9857761041494086e-05, 4.924925451632589e-05, 4.9567865062272176e-05, 7.349271618295461e-05, 4.384625208331272e-05, 4.475943569559604e-05, 5.113792576594278e-05, 4.682706276071258e-05, 4.064310633111745e-05, 4.4461452489485964e-05, 4.037081089336425e-05, 4.107805943931453e-05, 4.048994378536008e-05, 4.2442847188794985e-05, 6.282458343775943e-05, 3.884625402861275e-05, 4.736715345643461e-05, 3.680017471197061e-05, 3.631253639468923e-05, 3.7757537938887253e-05, 4.7158329834928736e-05, 3.5787430533673614e-05, 4.070458089699969e-05, 3.600764466682449e-05, 5.286425948725082e-05, 4.322513996157795e-05, 3.685653427965008e-05, 5.4782532970421016e-05, 3.608984479797073e-05, 3.46108281519264e-05, 3.331439074827358e-05, 4.339951919973828e-05, 3.4825763577828184e-05, 4.324409019318409e-05, 3.604161975090392e-05, 4.014903970528394e-05, 3.5073629987891763e-05, 3.6299421481089666e-05, 3.780360930250026e-05, 5.703620990971103e-05, 5.27108131791465e-05], "val_mse": [0.0013848529197275639, 0.00046465732157230377, 0.0001788000954547897, 0.0001408220996381715, 0.00011372700100764632, 0.00010133065370609984, 9.383526776218787e-05, 8.275889558717608e-05, 7.478509360225871e-05, 7.172119512688369e-05, 6.0764894442399964e-05, 8.192138921003789e-05, 5.464808054966852e-05, 7.34830173314549e-05, 5.57926032342948e-05, 6.179762567626312e-05, 4.98577683174517e-05, 4.924925451632589e-05, 4.9567865062272176e-05, 7.349271618295461e-05, 4.384625208331272e-05, 4.475943569559604e-05, 5.113792576594278e-05, 4.682706276071258e-05, 4.064310633111745e-05, 4.4461452489485964e-05, 4.037081089336425e-05, 4.107805943931453e-05, 4.048994378536008e-05, 4.244284355081618e-05, 6.282458343775943e-05, 3.884625402861275e-05, 4.736715345643461e-05, 3.680017471197061e-05, 3.631253639468923e-05, 3.7757537938887253e-05, 4.7158329834928736e-05, 3.5787430533673614e-05, 4.070458089699969e-05, 3.600764466682449e-05, 5.286425948725082e-05, 4.322513996157795e-05, 3.685653427965008e-05, 5.47825256944634e-05, 3.608984479797073e-05, 3.46108281519264e-05, 3.331439074827358e-05, 4.339951919973828e-05, 3.4825763577828184e-05, 4.324409019318409e-05, 3.604161975090392e-05, 4.014903970528394e-05, 3.5073629987891763e-05, 3.6299421481089666e-05, 3.780360930250026e-05, 5.703620990971103e-05, 5.27108131791465e-05]}