{"loss": [0.002544896677136421, 0.0022189728915691376, 0.001955493353307247, 0.0017127037281170487, 0.001432350487448275, 0.0011374088935554028, 0.0008852379396557808, 0.0006771646440029144, 0.0005222333711571991, 0.0004140583914704621, 0.0003022159799002111, 0.00022703960712533444, 0.00017621961887925863, 0.00015307178546208888, 0.0001419432956026867, 0.00013008067617192864, 0.00010717970144469291, 0.00010311360529158264, 9.290531306760386e-05, 8.559321577195078e-05, 8.245276694651693e-05, 7.787963841110468e-05, 6.955570279387757e-05, 6.676098564639688e-05, 6.341170228552073e-05, 6.080822640797123e-05, 5.811600567540154e-05, 5.7490971812512726e-05, 5.715047154808417e-05, 5.6550743465777487e-05, 5.235325079411268e-05, 4.9076676077675074e-05, 4.742621604236774e-05, 4.3707557779271156e-05, 4.3329735490260646e-05, 4.1770188545342535e-05, 4.052973963553086e-05, 4.311049997340888e-05, 4.149810774833895e-05, 4.21304939663969e-05, 3.9979837310966104e-05, 3.766388545045629e-05, 3.393001315998845e-05, 3.6276855098549277e-05, 3.8665228203171864e-05, 3.3364522096235305e-05, 3.431757795624435e-05, 3.2120049581862986e-05, 3.110425313934684e-05, 3.091654434683733e-05, 2.9514392736018635e-05, 2.8034910428687e-05, 2.665771717147436e-05, 2.5381255909451284e-05, 2.659170058905147e-05, 2.5891975383274257e-05, 2.386433698120527e-05, 2.43376889557112e-05, 2.4389610189246014e-05, 2.3556371161248535e-05, 2.3057615180732682e-05, 2.4178889361792244e-05, 2.4373255655518733e-05, 2.156967639166396e-05, 2.2386531782103702e-05, 2.1044654204160906e-05, 2.0648087229346856e-05, 2.3302214685827494e-05, 2.5655946956248954e-05, 2.261532972624991e-05, 2.093987859552726e-05, 1.9938795958296396e-05, 1.9859537133015692e-05, 1.8219699995825067e-05, 1.81773430085741e-05, 1.867905848484952e-05, 1.7587581169209443e-05, 1.692764271865599e-05, 1.7006159396260045e-05, 1.7261194443563e-05, 1.7285219655605033e-05, 1.6476949895150028e-05, 1.668299410084728e-05, 1.6709342162357643e-05, 2.0685760318883695e-05], "mse": [0.002544896677136421, 0.0022189728915691376, 0.001955493353307247, 0.0017127037281170487, 0.001432350487448275, 0.0011374088935554028, 0.0008852379396557808, 0.0006771646440029144, 0.0005222333711571991, 0.0004140583914704621, 0.0003022159799002111, 0.00022703960712533444, 0.00017621961887925863, 0.00015307178546208888, 0.0001419432956026867, 0.00013008067617192864, 0.00010717970144469291, 0.00010311360529158264, 9.290531306760386e-05, 8.559321577195078e-05, 8.245276694651693e-05, 7.787963841110468e-05, 6.955570279387757e-05, 6.676098564639688e-05, 6.341170228552073e-05, 6.080822640797123e-05, 5.811600567540154e-05, 5.7490971812512726e-05, 5.715047154808417e-05, 5.6550743465777487e-05, 5.235325079411268e-05, 4.9076676077675074e-05, 4.742621604236774e-05, 4.3707557779271156e-05, 4.332973185228184e-05, 4.1770188545342535e-05, 4.052973963553086e-05, 4.311049997340888e-05, 4.149810774833895e-05, 4.21304939663969e-05, 3.9979837310966104e-05, 3.766388545045629e-05, 3.393001315998845e-05, 3.6276855098549277e-05, 3.866523184115067e-05, 3.3364522096235305e-05, 3.431757795624435e-05, 3.2120049581862986e-05, 3.110425313934684e-05, 3.091654434683733e-05, 2.9514392736018635e-05, 2.8034910428687e-05, 2.665771717147436e-05, 2.5381255909451284e-05, 2.659170058905147e-05, 2.589197174529545e-05, 2.386433698120527e-05, 2.43376889557112e-05, 2.4389610189246014e-05, 2.3556371161248535e-05, 2.3057615180732682e-05, 2.4178889361792244e-05, 2.4373255655518733e-05, 2.156967639166396e-05, 2.2386531782103702e-05, 2.1044654204160906e-05, 2.0648087229346856e-05, 2.3302214685827494e-05, 2.5655946956248954e-05, 2.261532972624991e-05, 2.093987859552726e-05, 1.9938795958296396e-05, 1.9859538952005096e-05, 1.8219699995825067e-05, 1.81773430085741e-05, 1.867905848484952e-05, 1.7587581169209443e-05, 1.692764271865599e-05, 1.7006159396260045e-05, 1.7261194443563e-05, 1.7285219655605033e-05, 1.6476949895150028e-05, 1.668299410084728e-05, 1.6709342162357643e-05, 2.0685760318883695e-05], "val_loss": [0.0019414143171161413, 0.0016741149593144655, 0.0015364515129476786, 0.001322458148933947, 0.001151497708633542, 0.0009335304494015872, 0.0007738644490018487, 0.0006348242750391364, 0.0005480279214680195, 0.0004580163804348558, 0.00036949809873476624, 0.00029196179821155965, 0.00023999068071134388, 0.00018951468518935144, 0.00017219979781657457, 0.00015363834972959012, 0.0001440174091840163, 0.00013068426051177084, 0.00011932411143789068, 0.00011917117808479816, 0.00010612241749186069, 0.00010067383118439466, 9.66288716881536e-05, 9.146198135567829e-05, 8.980000711744651e-05, 8.504346624249592e-05, 8.849779987940565e-05, 8.595213148510084e-05, 8.064720896072686e-05, 7.333779649343342e-05, 7.638201350346208e-05, 7.13992994860746e-05, 7.095494220266119e-05, 6.670712900813669e-05, 7.362847827607766e-05, 6.532912084367126e-05, 7.07236395101063e-05, 6.679852958768606e-05, 6.965358625166118e-05, 6.74617913318798e-05, 6.75799892633222e-05, 5.898654490010813e-05, 5.602751480182633e-05, 7.202868437161669e-05, 5.6437587772961706e-05, 6.165065860841423e-05, 5.875362694496289e-05, 5.781342770205811e-05, 5.3211704653222114e-05, 5.410846642917022e-05, 5.027920633438043e-05, 5.249579044175334e-05, 5.122881702845916e-05, 4.9668036808725446e-05, 5.733104262617417e-05, 4.8355432227253914e-05, 4.905426612822339e-05, 4.6657081838930026e-05, 4.998269650968723e-05, 5.206377318245359e-05, 5.132254591444507e-05, 4.567211362882517e-05, 4.8563932068645954e-05, 4.611188342096284e-05, 4.834400169784203e-05, 4.541931048152037e-05, 5.4227661166805774e-05, 4.894843004876748e-05, 4.8716192395659164e-05, 4.977664866601117e-05, 4.5946271711727604e-05, 4.3920161260757595e-05, 4.8141202569240704e-05, 4.651140625355765e-05, 4.32181368523743e-05, 4.7841884224908426e-05, 4.61077070212923e-05, 4.4506497943075374e-05, 4.609859024640173e-05, 4.440485281520523e-05, 4.4937132770428434e-05, 4.505625838646665e-05, 4.3623775127343833e-05, 5.430469900602475e-05, 5.010672612115741e-05], "val_mse": [0.0019414143171161413, 0.0016741149593144655, 0.0015364515129476786, 0.001322458148933947, 0.001151497708633542, 0.0009335304494015872, 0.0007738644490018487, 0.0006348242750391364, 0.0005480279214680195, 0.0004580163804348558, 0.00036949809873476624, 0.00029196179821155965, 0.00023999068071134388, 0.00018951468518935144, 0.00017219979781657457, 0.00015363834972959012, 0.0001440174091840163, 0.00013068426051177084, 0.00011932411871384829, 0.00011917117808479816, 0.00010612241749186069, 0.00010067383118439466, 9.66288716881536e-05, 9.146198135567829e-05, 8.980000711744651e-05, 8.504346624249592e-05, 8.849779987940565e-05, 8.595213148510084e-05, 8.064720896072686e-05, 7.33377892174758e-05, 7.638201350346208e-05, 7.13992994860746e-05, 7.095494220266119e-05, 6.670712900813669e-05, 7.362847827607766e-05, 6.532912084367126e-05, 7.07236395101063e-05, 6.679852958768606e-05, 6.965358625166118e-05, 6.74617913318798e-05, 6.75799892633222e-05, 5.898654490010813e-05, 5.602751480182633e-05, 7.202868437161669e-05, 5.6437587772961706e-05, 6.165065860841423e-05, 5.875362694496289e-05, 5.781342770205811e-05, 5.3211704653222114e-05, 5.410846642917022e-05, 5.027920633438043e-05, 5.249579044175334e-05, 5.122881702845916e-05, 4.9668036808725446e-05, 5.733104262617417e-05, 4.8355432227253914e-05, 4.905426612822339e-05, 4.6657081838930026e-05, 4.998269650968723e-05, 5.206377318245359e-05, 5.132254591444507e-05, 4.567211362882517e-05, 4.8563932068645954e-05, 4.611188342096284e-05, 4.834400169784203e-05, 4.541931048152037e-05, 5.4227661166805774e-05, 4.894843004876748e-05, 4.8716192395659164e-05, 4.977664866601117e-05, 4.594627534970641e-05, 4.3920161260757595e-05, 4.814120620721951e-05, 4.651140625355765e-05, 4.32181368523743e-05, 4.7841884224908426e-05, 4.61077070212923e-05, 4.4506497943075374e-05, 4.609859024640173e-05, 4.440485281520523e-05, 4.4937132770428434e-05, 4.505625838646665e-05, 4.3623771489365026e-05, 5.430469900602475e-05, 5.010672612115741e-05]}