{"loss": [0.0014120015548542142, 0.0002238468441646546, 0.00010144647239940241, 7.239440310513601e-05, 5.5487893405370414e-05, 4.777664435096085e-05, 4.39635114162229e-05, 4.2620111344149336e-05, 3.659559297375381e-05, 3.548640597728081e-05, 3.386888056411408e-05, 3.08607159240637e-05, 2.9041970265097916e-05, 2.6011310183093883e-05, 2.5244016796932556e-05, 2.364398278587032e-05, 2.363426574447658e-05, 2.270266668347176e-05, 2.347609552089125e-05, 2.1253235900076106e-05, 2.0117946405662224e-05, 1.9817129214061424e-05, 1.9264141883468255e-05, 2.016764847212471e-05, 1.950581827259157e-05, 1.7678208678262308e-05, 1.7631718947086483e-05, 1.892227737698704e-05, 1.593379238329362e-05, 1.590835199749563e-05, 1.6018351743696257e-05, 1.5598576283082366e-05, 1.4912922779330984e-05, 1.4724143511557486e-05, 1.6022504496504553e-05, 1.4492681657429785e-05, 1.4856400412099902e-05, 1.3520319043891504e-05, 1.3114043213136028e-05, 1.3365925951802637e-05, 1.407583931722911e-05, 1.2567943485919386e-05, 1.3443221178022213e-05, 1.296013670071261e-05, 1.3507971743820235e-05, 1.2578489076986443e-05, 1.3839271559845656e-05, 1.3681541531695984e-05, 1.3121750271238852e-05, 1.1596490367082879e-05, 1.2157915989519097e-05, 1.1861931852763519e-05, 1.1507883755257353e-05, 1.09815282485215e-05, 1.2317922482907306e-05, 1.1656149581540376e-05, 1.1946652193728369e-05, 1.119555327022681e-05, 1.0481895515113138e-05, 1.0866697266465053e-05, 1.0748889508249704e-05, 1.101164616557071e-05, 1.055360280588502e-05, 1.1015429663530085e-05, 1.051079834724078e-05, 1.1394765351724345e-05, 9.846587090578396e-06, 9.988185411202721e-06, 1.0234836736344732e-05, 1.0081312211696059e-05, 1.0187064617639408e-05, 9.598149517842103e-06], "mse": [0.0014120015548542142, 0.0002238468441646546, 0.00010144647239940241, 7.239440310513601e-05, 5.5487893405370414e-05, 4.777664435096085e-05, 4.39635114162229e-05, 4.2620111344149336e-05, 3.659559297375381e-05, 3.548640597728081e-05, 3.386888056411408e-05, 3.08607159240637e-05, 2.904197208408732e-05, 2.6011310183093883e-05, 2.5244016796932556e-05, 2.364398278587032e-05, 2.363426574447658e-05, 2.270266668347176e-05, 2.347609552089125e-05, 2.1253235900076106e-05, 2.0117946405662224e-05, 1.9817129214061424e-05, 1.9264141883468255e-05, 2.016764847212471e-05, 1.950581827259157e-05, 1.7678208678262308e-05, 1.7631718947086483e-05, 1.892227737698704e-05, 1.593379238329362e-05, 1.590835199749563e-05, 1.6018351743696257e-05, 1.5598576283082366e-05, 1.4912922779330984e-05, 1.4724143511557486e-05, 1.6022504496504553e-05, 1.4492681657429785e-05, 1.4856400412099902e-05, 1.3520319043891504e-05, 1.3114043213136028e-05, 1.3365925951802637e-05, 1.407583931722911e-05, 1.2567943485919386e-05, 1.3443221178022213e-05, 1.296013670071261e-05, 1.3507971743820235e-05, 1.2578489076986443e-05, 1.3839271559845656e-05, 1.3681541531695984e-05, 1.3121750271238852e-05, 1.1596490367082879e-05, 1.2157915989519097e-05, 1.1861931852763519e-05, 1.1507883755257353e-05, 1.09815282485215e-05, 1.2317922482907306e-05, 1.1656149581540376e-05, 1.1946652193728369e-05, 1.119555327022681e-05, 1.0481895515113138e-05, 1.0866697266465053e-05, 1.0748889508249704e-05, 1.101164616557071e-05, 1.055360280588502e-05, 1.1015429663530085e-05, 1.051079834724078e-05, 1.1394765351724345e-05, 9.846587090578396e-06, 9.988185411202721e-06, 1.0234836736344732e-05, 1.0081310392706655e-05, 1.0187064617639408e-05, 9.598149517842103e-06], "val_loss": [0.0005412459722720087, 0.00013469655823428184, 8.271139085991308e-05, 6.795627268729731e-05, 5.607136699836701e-05, 5.8455778344068676e-05, 5.871399480383843e-05, 4.313671888667159e-05, 4.4079501094529405e-05, 5.032223270973191e-05, 3.819750781985931e-05, 3.817547985818237e-05, 3.919567461707629e-05, 3.5700828448170796e-05, 3.299343734397553e-05, 3.062978066736832e-05, 3.099534296779893e-05, 2.948029214167036e-05, 3.4100514312740415e-05, 2.885960930143483e-05, 2.682289959921036e-05, 2.5849267331068404e-05, 2.4765788111835718e-05, 3.8610036426689476e-05, 3.271442255936563e-05, 2.349686110392213e-05, 3.172834840370342e-05, 2.4905719328671694e-05, 2.447728365950752e-05, 2.3299762688111514e-05, 2.328820301045198e-05, 2.1831507183378562e-05, 2.2729682314093225e-05, 2.0886200218228623e-05, 2.057042729575187e-05, 2.204350494139362e-05, 2.1433983420138247e-05, 1.9974038877990097e-05, 1.918696943903342e-05, 1.997204526560381e-05, 2.201693132519722e-05, 2.2451635231846012e-05, 2.091553687932901e-05, 2.225103526143357e-05, 2.0366251192172058e-05, 2.247509291919414e-05, 2.513920480851084e-05, 1.878560215118341e-05, 1.9880728359567e-05, 1.9701332348631695e-05, 1.956019150384236e-05, 2.040580875473097e-05, 2.0152794604655355e-05, 1.824413084250409e-05, 1.835736293287482e-05, 2.034616954915691e-05, 1.8487940906197764e-05, 1.89991533261491e-05, 1.850312401074916e-05, 1.8408582036499865e-05, 1.9287999748485163e-05, 1.8052114683086984e-05, 2.1613908756989986e-05, 2.0265722923795693e-05, 1.8193086361861788e-05, 1.857525057857856e-05, 1.963154863915406e-05, 1.8177510355599225e-05, 1.8439044652041048e-05, 2.1753814507974312e-05, 1.8683222151594236e-05, 1.8622333300299942e-05], "val_mse": [0.0005412459722720087, 0.00013469657278619707, 8.271139085991308e-05, 6.795627268729731e-05, 5.607136699836701e-05, 5.8455778344068676e-05, 5.871399480383843e-05, 4.313671888667159e-05, 4.4079501094529405e-05, 5.032223270973191e-05, 3.819750781985931e-05, 3.817547985818237e-05, 3.919567461707629e-05, 3.5700828448170796e-05, 3.299343734397553e-05, 3.062978066736832e-05, 3.099534296779893e-05, 2.948029214167036e-05, 3.4100514312740415e-05, 2.885960930143483e-05, 2.6822903237189166e-05, 2.5849267331068404e-05, 2.4765788111835718e-05, 3.8610036426689476e-05, 3.271442255936563e-05, 2.349686110392213e-05, 3.172834840370342e-05, 2.4905719328671694e-05, 2.447728365950752e-05, 2.3299762688111514e-05, 2.328820301045198e-05, 2.1831507183378562e-05, 2.2729682314093225e-05, 2.088619839923922e-05, 2.0570429114741273e-05, 2.204350494139362e-05, 2.1433983420138247e-05, 1.997403524001129e-05, 1.9186967620044015e-05, 1.997204526560381e-05, 2.201693132519722e-05, 2.2451635231846012e-05, 2.091553687932901e-05, 2.225103526143357e-05, 2.0366251192172058e-05, 2.247509291919414e-05, 2.513920480851084e-05, 1.878560215118341e-05, 1.9880728359567e-05, 1.9701332348631695e-05, 1.956019150384236e-05, 2.040580875473097e-05, 2.0152794604655355e-05, 1.824413084250409e-05, 1.835736293287482e-05, 2.034616954915691e-05, 1.8487940906197764e-05, 1.89991533261491e-05, 1.850312401074916e-05, 1.8408582036499865e-05, 1.9287999748485163e-05, 1.8052114683086984e-05, 2.1613908756989986e-05, 2.0265722923795693e-05, 1.8193086361861788e-05, 1.857525057857856e-05, 1.963154863915406e-05, 1.8177510355599225e-05, 1.8439044652041048e-05, 2.1753814507974312e-05, 1.8683222151594236e-05, 1.8622333300299942e-05]}