{"loss": [0.0020859583746641874, 0.0010083806701004505, 0.0008866498828865588, 0.0008470551110804081, 0.0008167888154275715, 0.0007939727511256933, 0.0007828489760868251, 0.0007661003619432449, 0.0007621161639690399, 0.0007276153774000704, 0.0007147978758439422, 0.0007029689149931073, 0.0006994658033363521, 0.0006791047053411603, 0.0006723626866005361, 0.0006744073471054435, 0.0006669011781923473, 0.0006508137448690832, 0.0006626870599575341, 0.0006421833531931043, 0.0006397959077730775, 0.000625635264441371, 0.0006199725903570652], "mse": [0.0020859583746641874, 0.0010083806701004505, 0.0008866498828865588, 0.0008470551110804081, 0.0008167888154275715, 0.0007939727511256933, 0.0007828489760868251, 0.0007661003619432449, 0.0007621161639690399, 0.0007276154356077313, 0.0007147978758439422, 0.0007029689149931073, 0.0006994658033363521, 0.0006791047053411603, 0.0006723626866005361, 0.0006744073471054435, 0.0006669011781923473, 0.0006508137448690832, 0.0006626870599575341, 0.0006421833531931043, 0.0006397959077730775, 0.000625635264441371, 0.0006199725903570652], "val_loss": [0.0009703981340862811, 0.0006738608353771269, 0.000657570140901953, 0.0006370795308612287, 0.0006300275563262403, 0.0006307362928055227, 0.0006122576305642724, 0.0005945763550698757, 0.0005972248036414385, 0.0006494080298580229, 0.0006045273039489985, 0.0006339201354421675, 0.0005894274800084531, 0.0006090147071518004, 0.0005993099184706807, 0.0006086920038796961, 0.0006327616283670068, 0.0006205589743331075, 0.0006141084595583379, 0.0006539979367516935, 0.0006345153087750077, 0.0006273416220210493, 0.0006094225100241601], "val_mse": [0.0009703981340862811, 0.0006738608353771269, 0.0006575701991096139, 0.0006370795308612287, 0.0006300275563262403, 0.0006307362928055227, 0.0006122576305642724, 0.0005945763550698757, 0.0005972248036414385, 0.000649407971650362, 0.0006045273039489985, 0.0006339201354421675, 0.000589427596423775, 0.0006090147071518004, 0.0005993098602630198, 0.0006086920038796961, 0.0006327616283670068, 0.0006205589743331075, 0.0006141084595583379, 0.0006539979367516935, 0.0006345153087750077, 0.0006273416220210493, 0.0006094225100241601]}