{"loss": [0.229437917470932, 0.2223546952009201, 0.22005394101142883, 0.21653226017951965, 0.21403241157531738, 0.21211330592632294, 0.21002745628356934, 0.20743480324745178, 0.20543436706066132, 0.2040986716747284, 0.20043349266052246, 0.1975344717502594, 0.1944475620985031, 0.19409719109535217, 0.19268903136253357, 0.1888585090637207, 0.18542106449604034], "mse": [0.229437917470932, 0.2223546952009201, 0.22005394101142883, 0.21653226017951965, 0.21403241157531738, 0.21211330592632294, 0.21002745628356934, 0.20743480324745178, 0.20543436706066132, 0.2040986716747284, 0.20043349266052246, 0.1975344717502594, 0.1944475620985031, 0.19409719109535217, 0.19268903136253357, 0.1888585090637207, 0.18542106449604034], "val_loss": [0.15849971771240234, 0.15504679083824158, 0.15332750976085663, 0.15166886150836945, 0.1519186943769455, 0.15168572962284088, 0.1514502912759781, 0.1523365080356598, 0.15627916157245636, 0.15265192091464996, 0.15415966510772705, 0.15625421702861786, 0.1582370549440384, 0.16394156217575073, 0.1644292175769806, 0.16183345019817352, 0.1660858690738678], "val_mse": [0.15849971771240234, 0.15504679083824158, 0.15332750976085663, 0.15166886150836945, 0.1519186943769455, 0.15168572962284088, 0.1514502912759781, 0.1523365080356598, 0.15627916157245636, 0.15265192091464996, 0.15415966510772705, 0.15625421702861786, 0.1582370549440384, 0.16394156217575073, 0.1644292175769806, 0.16183345019817352, 0.1660858690738678]}