{"loss": [0.04005672410130501, 0.0383443646132946, 0.037484075874090195, 0.03680974990129471, 0.03653527423739433, 0.035998519510030746, 0.03552328795194626, 0.034999147057533264, 0.03471221402287483, 0.0343128927052021, 0.03395400568842888, 0.033684536814689636, 0.03311200812458992, 0.03258979693055153, 0.032347265630960464, 0.032240040600299835, 0.031574830412864685, 0.03171649947762489, 0.030953288078308105, 0.030459528788924217, 0.029942747205495834, 0.029486065730452538, 0.029100820422172546, 0.028755586594343185, 0.028362881392240524, 0.028365854173898697, 0.027853647246956825, 0.02746126428246498, 0.026734668761491776, 0.026395391672849655, 0.025781789794564247, 0.025701027363538742, 0.024857517331838608, 0.024396779015660286, 0.024240750819444656, 0.024156326428055763, 0.02346721477806568, 0.023267174139618874, 0.022205648943781853, 0.021905113011598587, 0.021784532815217972], "mse": [0.04005672410130501, 0.0383443646132946, 0.037484075874090195, 0.03680974990129471, 0.03653527423739433, 0.035998519510030746, 0.03552328795194626, 0.034999147057533264, 0.03471221774816513, 0.0343128927052021, 0.03395400568842888, 0.033684536814689636, 0.03311200812458992, 0.03258979693055153, 0.032347265630960464, 0.032240040600299835, 0.031574830412864685, 0.03171649947762489, 0.030953288078308105, 0.030459528788924217, 0.029942747205495834, 0.029486065730452538, 0.029100820422172546, 0.028755586594343185, 0.028362881392240524, 0.028365854173898697, 0.027853647246956825, 0.02746126428246498, 0.026734668761491776, 0.026395391672849655, 0.025781789794564247, 0.025701027363538742, 0.024857517331838608, 0.024396779015660286, 0.024240750819444656, 0.024156326428055763, 0.02346721477806568, 0.023267170414328575, 0.022205648943781853, 0.021905113011598587, 0.021784532815217972], "val_loss": [0.06095399707555771, 0.05993138626217842, 0.05889097601175308, 0.05827146768569946, 0.05779173970222473, 0.05664535239338875, 0.05665777251124382, 0.05549820512533188, 0.05494823306798935, 0.05443465709686279, 0.05343351513147354, 0.05288461595773697, 0.05280148237943649, 0.05202861875295639, 0.05131950229406357, 0.0518353097140789, 0.050760556012392044, 0.0501052662730217, 0.05134742707014084, 0.04978320747613907, 0.04960232228040695, 0.04934794455766678, 0.04958311840891838, 0.049738653004169464, 0.04838172718882561, 0.048623327165842056, 0.049406103789806366, 0.05085183307528496, 0.04857468232512474, 0.04879417270421982, 0.047962434589862823, 0.04897444322705269, 0.0492393895983696, 0.05006786063313484, 0.050652213394641876, 0.05094137787818909, 0.05157984048128128, 0.049611739814281464, 0.050764769315719604, 0.051049280911684036, 0.053161926567554474], "val_mse": [0.06095399707555771, 0.05993138626217842, 0.05889097601175308, 0.05827146768569946, 0.05779173970222473, 0.05664535239338875, 0.05665777251124382, 0.05549820512533188, 0.05494823306798935, 0.05443465709686279, 0.05343351513147354, 0.05288461595773697, 0.05280148237943649, 0.05202861875295639, 0.05131950229406357, 0.0518353097140789, 0.050760556012392044, 0.0501052662730217, 0.05134742707014084, 0.04978320747613907, 0.04960232228040695, 0.04934794455766678, 0.04958311840891838, 0.049738653004169464, 0.04838172718882561, 0.048623327165842056, 0.049406103789806366, 0.05085183307528496, 0.04857468232512474, 0.04879417270421982, 0.047962434589862823, 0.04897443577647209, 0.0492393895983696, 0.05006786063313484, 0.050652213394641876, 0.05094137042760849, 0.05157984420657158, 0.049611739814281464, 0.050764769315719604, 0.051049280911684036, 0.05316191911697388]}