{"loss": [0.0021110696252435446, 0.0008474447531625628, 0.00039317802293226123, 0.00032433131127618253, 0.00029623653972521424, 0.0002720339980442077, 0.0002612962853163481, 0.0002467992017045617, 0.00023794402659405023, 0.00022708546021021903, 0.00021888782794121653, 0.0002068081812467426, 0.00020570056221913546, 0.00019979830540250987, 0.00019661878468468785, 0.00019889131363015622, 0.00019094481831416488, 0.00018640041525941342, 0.00018615393491927534, 0.00018085615010932088, 0.0001745404297253117, 0.0001743083994369954, 0.00017319944163318723, 0.00016885796503629535, 0.00017260928871110082, 0.0001697513653198257, 0.00016570475418120623, 0.00015978094597812742, 0.00016123306704685092, 0.00016129494179040194, 0.0001682118745520711, 0.00015575434372294694, 0.00015845306916162372, 0.00015220507339108735, 0.00015533757687080652, 0.00015823548892512918, 0.00015738677757326514, 0.00014952002675272524], "mse": [0.002111069392412901, 0.0008474447531625628, 0.00039317802293226123, 0.00032433131127618253, 0.00029623653972521424, 0.0002720339980442077, 0.0002612962853163481, 0.0002467992017045617, 0.00023794402659405023, 0.00022708546021021903, 0.00021888782794121653, 0.0002068081812467426, 0.00020570056221913546, 0.00019979830540250987, 0.0001966188137885183, 0.00019889131363015622, 0.00019094481831416488, 0.00018640041525941342, 0.00018615393491927534, 0.00018085615010932088, 0.0001745404297253117, 0.0001743083994369954, 0.00017319944163318723, 0.00016885796503629535, 0.00017260928871110082, 0.0001697513653198257, 0.00016570475418120623, 0.00015978094597812742, 0.00016123306704685092, 0.00016129494179040194, 0.0001682118745520711, 0.00015575434372294694, 0.00015845306916162372, 0.00015220507339108735, 0.00015533757687080652, 0.00015823548892512918, 0.00015738677757326514, 0.00014952002675272524], "val_loss": [0.0015408220933750272, 0.0004971735179424286, 0.00034657225478440523, 0.00032443247619085014, 0.0003104243369307369, 0.0003168756084050983, 0.00027754169423133135, 0.0002748222614172846, 0.00026069526211358607, 0.00024986767675727606, 0.00026183700538240373, 0.00024040989228524268, 0.0002397125936113298, 0.0002449908060953021, 0.00022997740597929806, 0.0002611736999824643, 0.0002342057559872046, 0.00025867807562462986, 0.0002342345251236111, 0.00023293349659070373, 0.00023450583103112876, 0.0002495180815458298, 0.0002316618338227272, 0.00024704207316972315, 0.00022725800226908177, 0.0002355101314606145, 0.00023346679517999291, 0.0002215553686255589, 0.00023296083963941783, 0.0002268859971081838, 0.00022724916925653815, 0.0002587604976724833, 0.00023204792523756623, 0.00023741669429000467, 0.00024387275334447622, 0.00023235446133185178, 0.0002339735219720751, 0.00023285645875148475], "val_mse": [0.0015408220933750272, 0.0004971735179424286, 0.00034657225478440523, 0.00032443247619085014, 0.0003104243369307369, 0.0003168756084050983, 0.00027754169423133135, 0.0002748222614172846, 0.00026069526211358607, 0.00024986767675727606, 0.00026183700538240373, 0.00024040989228524268, 0.0002397125936113298, 0.0002449908060953021, 0.00022997740597929806, 0.0002611736999824643, 0.0002342057559872046, 0.00025867807562462986, 0.0002342345251236111, 0.00023293349659070373, 0.00023450583103112876, 0.0002495180815458298, 0.0002316618338227272, 0.00024704207316972315, 0.00022725800226908177, 0.0002355101314606145, 0.00023346679517999291, 0.0002215553686255589, 0.00023296083963941783, 0.0002268859971081838, 0.00022724916925653815, 0.0002587604976724833, 0.00023204792523756623, 0.00023741669429000467, 0.00024387275334447622, 0.00023235446133185178, 0.0002339735219720751, 0.00023285645875148475]}