{"loss": [0.0026463628746569157, 0.0022313252557069063, 0.0018675678875297308, 0.0014969112817198038, 0.0011497525265440345, 0.0008601957815699279, 0.0006704276893287897, 0.0005271224654279649, 0.0004296360129956156, 0.00031535557354800403, 0.00023662760213483125, 0.00019359988800715655, 0.00015939315198920667, 0.0001347736397292465, 0.00011983896547462791, 0.00011060794349759817, 0.00010593140177661553, 9.558072633808479e-05, 9.279050573240966e-05, 8.954241639003158e-05, 8.660134335514158e-05, 8.28795091365464e-05, 8.287652599392459e-05, 7.565646956209093e-05, 7.078475027810782e-05, 6.55974872643128e-05, 7.005246879998595e-05, 6.73349859425798e-05, 6.657865742454305e-05, 6.444672908401117e-05, 5.786832844023593e-05, 5.767846596427262e-05, 5.747774412157014e-05, 5.6835386203601956e-05, 4.9435970140621066e-05, 4.904884917777963e-05, 5.199349106987938e-05, 4.8447946028318256e-05, 4.826312215300277e-05, 4.607703522196971e-05, 4.446620732778683e-05, 4.906501271761954e-05, 5.080294067738578e-05, 4.788259320775978e-05, 4.2023119021905586e-05, 3.873304740409367e-05, 3.885365731548518e-05, 3.679258588817902e-05, 3.6480101698543876e-05, 3.834501694655046e-05, 3.745121284737252e-05, 3.528109664330259e-05, 3.492779069347307e-05], "mse": [0.0026463628746569157, 0.0022313252557069063, 0.0018675678875297308, 0.0014969112817198038, 0.0011497525265440345, 0.0008601957815699279, 0.0006704276893287897, 0.0005271224654279649, 0.0004296360129956156, 0.00031535557354800403, 0.00023662760213483125, 0.00019359988800715655, 0.00015939315198920667, 0.0001347736397292465, 0.00011983896547462791, 0.00011060794349759817, 0.00010593140177661553, 9.558072633808479e-05, 9.279050573240966e-05, 8.954241639003158e-05, 8.660134335514158e-05, 8.28795091365464e-05, 8.287652599392459e-05, 7.565646956209093e-05, 7.078475027810782e-05, 6.55974872643128e-05, 7.005246879998595e-05, 6.73349859425798e-05, 6.657865742454305e-05, 6.444673635996878e-05, 5.786832844023593e-05, 5.767846596427262e-05, 5.747774412157014e-05, 5.6835386203601956e-05, 4.9435970140621066e-05, 4.904884917777963e-05, 5.199349106987938e-05, 4.8447946028318256e-05, 4.826312215300277e-05, 4.6077038859948516e-05, 4.446620732778683e-05, 4.906501271761954e-05, 5.080294067738578e-05, 4.788259684573859e-05, 4.2023119021905586e-05, 3.873304740409367e-05, 3.885365731548518e-05, 3.679258588817902e-05, 3.6480101698543876e-05, 3.834501694655046e-05, 3.745121284737252e-05, 3.528109664330259e-05, 3.492779069347307e-05], "val_loss": [0.0013642562553286552, 0.0009927046485245228, 0.0009435105021111667, 0.0007824053755030036, 0.0008122643339447677, 0.0005971393547952175, 0.0004958313074894249, 0.00042454610229469836, 0.0003366620512679219, 0.0003197920450475067, 0.0002992708468809724, 0.0002068591129500419, 0.00023138403776101768, 0.00019456485460978001, 0.00018156404257752, 0.00015019919374026358, 0.00014627417840529233, 0.00015069539949763566, 0.00018227453983854502, 0.00012849236372858286, 0.0001235415693372488, 0.000142852877615951, 0.00011491474288050085, 0.0001477171026635915, 0.00013245300215203315, 0.0001401767076458782, 0.00010435438889544457, 0.00015173034626059234, 0.00010095086327055469, 0.00013155941269360483, 0.00012124917702749372, 0.00010291543003404513, 0.0001354065752821043, 0.00010575023770797998, 0.00012105272617191076, 9.728172881295905e-05, 0.00014079253014642745, 0.00012465195322874933, 9.430966747459024e-05, 0.00011326463572913781, 8.665405766805634e-05, 0.00015096334391273558, 8.445436105830595e-05, 0.00011880385864060372, 0.00010587787255644798, 9.287752618547529e-05, 9.70388064160943e-05, 9.542963380226865e-05, 0.00010857758752536029, 8.654970588395372e-05, 8.829362923279405e-05, 0.00011074273061240092, 9.617883188184351e-05], "val_mse": [0.0013642562553286552, 0.0009927046485245228, 0.0009435105021111667, 0.0007824053172953427, 0.0008122643339447677, 0.0005971393547952175, 0.0004958313074894249, 0.00042454610229469836, 0.0003366620512679219, 0.0003197920450475067, 0.0002992708468809724, 0.0002068591129500419, 0.00023138403776101768, 0.00019456485460978001, 0.00018156404257752, 0.00015019919374026358, 0.00014627417840529233, 0.00015069539949763566, 0.00018227453983854502, 0.00012849236372858286, 0.0001235415693372488, 0.000142852877615951, 0.00011491474288050085, 0.0001477171026635915, 0.00013245300215203315, 0.0001401767076458782, 0.00010435438889544457, 0.00015173034626059234, 0.00010095086327055469, 0.00013155942724552006, 0.00012124917702749372, 0.00010291543003404513, 0.0001354065752821043, 0.00010575022315606475, 0.00012105272617191076, 9.728172881295905e-05, 0.00014079253014642745, 0.00012465195322874933, 9.430966747459024e-05, 0.00011326463572913781, 8.665405766805634e-05, 0.00015096334391273558, 8.445436105830595e-05, 0.00011880385864060372, 0.00010587787255644798, 9.287751890951768e-05, 9.70388064160943e-05, 9.542963380226865e-05, 0.00010857758752536029, 8.654970588395372e-05, 8.829362923279405e-05, 0.00011074273061240092, 9.617882460588589e-05]}