{"loss": [0.003351084189489484, 0.0030209622345864773, 0.0027516880072653294, 0.002500904258340597, 0.0022385804913938046, 0.0020354571752250195, 0.0018746042624115944, 0.0017646364867687225, 0.0016229141037911177, 0.001523949089460075, 0.0014561222633346915, 0.0013738606357946992, 0.001333611086010933, 0.0012556503061205149, 0.0011887485161423683, 0.0011672597611323, 0.001110982266254723, 0.0011120237177237868, 0.001059776870533824, 0.0010711012873798609, 0.0010272001381963491, 0.0010233459761366248, 0.0009885434992611408, 0.0009787544840946794, 0.0009520443854853511, 0.0009535769931972027, 0.0009224579553119838, 0.0009072933462448418, 0.0008916869992390275], "mse": [0.003351084189489484, 0.0030209622345864773, 0.0027516880072653294, 0.002500904258340597, 0.0022385804913938046, 0.0020354571752250195, 0.0018746042624115944, 0.0017646364867687225, 0.0016229141037911177, 0.001523948973044753, 0.0014561222633346915, 0.0013738606357946992, 0.001333611086010933, 0.0012556503061205149, 0.0011887485161423683, 0.0011672597611323, 0.001110982266254723, 0.0011120237177237868, 0.001059776870533824, 0.0010711012873798609, 0.0010272001381963491, 0.0010233459761366248, 0.0009885434992611408, 0.0009787544840946794, 0.0009520443854853511, 0.0009535769931972027, 0.0009224579553119838, 0.0009072933462448418, 0.0008916869992390275], "val_loss": [0.002253833692520857, 0.002185899531468749, 0.0018995224963873625, 0.001631411723792553, 0.0016230061883106828, 0.0013237798120826483, 0.0011534092482179403, 0.0010820978786796331, 0.0010229537729173899, 0.0009296765783801675, 0.0010043262736871839, 0.0011150285135954618, 0.0008734434959478676, 0.0007674999651499093, 0.0007993178442120552, 0.0006631578435190022, 0.0005368318525142968, 0.00048007024452090263, 0.00042330511496402323, 0.0004995393101125956, 0.0006721566896885633, 0.0005904557183384895, 0.0006727174622938037, 0.0006320122047327459, 0.00045040444820187986, 0.00044874800369143486, 0.0005827611312270164, 0.0005499515682458878, 0.0005526812165044248], "val_mse": [0.002253833692520857, 0.0021858997642993927, 0.0018995223799720407, 0.001631411723792553, 0.0016230061883106828, 0.0013237798120826483, 0.0011534092482179403, 0.0010820978786796331, 0.0010229537729173899, 0.0009296765783801675, 0.0010043262736871839, 0.0011150285135954618, 0.0008734434959478676, 0.0007674999651499093, 0.0007993178442120552, 0.0006631578435190022, 0.0005368318525142968, 0.00048007024452090263, 0.00042330511496402323, 0.0004995393101125956, 0.0006721566896885633, 0.0005904557183384895, 0.0006727174622938037, 0.0006320122047327459, 0.00045040444820187986, 0.00044874800369143486, 0.0005827611312270164, 0.0005499515682458878, 0.0005526812165044248]}