{"loss": [0.0016481525963172317, 0.0004129055596422404, 0.0003148431715089828, 0.00028069221298210323, 0.00027593475533649325, 0.0002509805199224502, 0.00024794042110443115, 0.00024622949422337115, 0.000228754710406065, 0.00022839789744466543, 0.00022313842782750726, 0.00022468787210527807, 0.00021411087072920054, 0.00022035956499166787, 0.0002174989494960755, 0.0002070545160677284, 0.0002036379446508363, 0.00020681279420387, 0.00020737644808832556, 0.00020712765399366617, 0.0001983047986868769, 0.00019935762975364923, 0.0002018890663748607, 0.00020393762679304928, 0.0001983727270271629, 0.000200144131667912, 0.00019705168961081654, 0.00019400067685637623, 0.00019741505093406886, 0.00018960783199872822, 0.00018912329687736928, 0.00018974805425386876, 0.00018869178893510252], "mse": [0.0016481525963172317, 0.0004129055596422404, 0.0003148431715089828, 0.00028069221298210323, 0.00027593475533649325, 0.0002509805199224502, 0.00024794042110443115, 0.00024622949422337115, 0.000228754710406065, 0.00022839789744466543, 0.00022313842782750726, 0.00022468787210527807, 0.00021411087072920054, 0.00022035956499166787, 0.0002174989494960755, 0.0002070545160677284, 0.0002036379446508363, 0.00020681279420387, 0.00020737644808832556, 0.00020712762488983572, 0.0001983047986868769, 0.00019935762975364923, 0.0002018890663748607, 0.00020393762679304928, 0.0001983727270271629, 0.000200144131667912, 0.00019705168961081654, 0.00019400067685637623, 0.00019741505093406886, 0.00018960783199872822, 0.00018912329687736928, 0.00018974805425386876, 0.00018869178893510252], "val_loss": [0.0006242272793315351, 0.00033941149013116956, 0.0003210231370758265, 0.0002835555642377585, 0.0002649214002303779, 0.00024030095664784312, 0.00022789603099226952, 0.00023254939878825098, 0.00023315931321121752, 0.00023399705241899937, 0.00023674470139667392, 0.00023107774904929101, 0.00023862466332502663, 0.0002267350209876895, 0.0002230268291896209, 0.0002306029200553894, 0.00023810092534404248, 0.00024071481311693788, 0.00024647876853123307, 0.000235580766457133, 0.00022435699065681547, 0.0002358369529247284, 0.00021744765399489552, 0.00027383482665754855, 0.0002233358536614105, 0.00021863695292267948, 0.00024214615405071527, 0.0002327637921553105, 0.00023782718926668167, 0.00022367069323081523, 0.00024172943085432053, 0.000239313900237903, 0.00022088605328463018], "val_mse": [0.0006242272793315351, 0.00033941149013116956, 0.0003210231370758265, 0.0002835555642377585, 0.0002649214002303779, 0.00024030095664784312, 0.00022789603099226952, 0.00023254939878825098, 0.00023315931321121752, 0.00023399705241899937, 0.00023674470139667392, 0.00023107774904929101, 0.00023862466332502663, 0.0002267350209876895, 0.0002230268291896209, 0.0002306029200553894, 0.00023810092534404248, 0.00024071481311693788, 0.00024647876853123307, 0.000235580766457133, 0.00022435699065681547, 0.0002358369529247284, 0.00021744765399489552, 0.000273834855761379, 0.0002233358536614105, 0.00021863695292267948, 0.00024214615405071527, 0.0002327637921553105, 0.00023782718926668167, 0.00022367069323081523, 0.00024172943085432053, 0.000239313900237903, 0.00022088605328463018]}