{"loss": [0.002500183880329132, 0.002106840955093503, 0.0017641792073845863, 0.0013997519854456186, 0.0010581363458186388, 0.0007628644816577435, 0.0005651530809700489, 0.0004329069925006479, 0.00032888283021748066, 0.00023977991077117622, 0.00019531825091689825, 0.00015611134585924447, 0.00013812337419949472, 0.00012432415678631514, 0.000109750239062123, 0.00010458795441081747, 9.103317279368639e-05, 8.345569222001359e-05, 7.915864989627153e-05, 7.496968464693055e-05, 7.357524009421468e-05, 7.050323620205745e-05, 6.693766772514209e-05, 5.977767432341352e-05, 5.599869109573774e-05, 5.4152118536876515e-05, 5.344207238522358e-05, 4.899652412859723e-05, 4.694550807471387e-05, 4.600985994329676e-05, 4.2798616050276905e-05, 4.171942055108957e-05, 3.975220170104876e-05, 3.85318708140403e-05, 3.82292564609088e-05, 3.800904596573673e-05, 3.7659901863662526e-05, 3.735918289748952e-05, 3.6793691833736375e-05, 3.478221333352849e-05, 3.1926138035487384e-05, 3.163972360198386e-05, 3.000415745191276e-05, 2.881579530367162e-05, 3.0288772904896177e-05, 2.8414604457793757e-05, 2.6869724024436437e-05, 2.7586933356360532e-05, 2.884386594814714e-05, 2.725826016103383e-05, 2.813753962982446e-05, 2.7827491067000665e-05, 2.8259562895982526e-05, 3.0125418561510742e-05, 2.59196476690704e-05, 2.3360023988061585e-05, 2.3367876565316692e-05, 2.191906787629705e-05, 2.20168185478542e-05, 2.1962290702504106e-05, 2.2817617718828842e-05, 2.292322642460931e-05, 2.3247135686688125e-05, 2.2047897800803185e-05, 2.3225937184179202e-05, 2.0352419596747495e-05, 1.932200939336326e-05, 1.83511965587968e-05, 1.8849974367185496e-05, 1.8437818653183058e-05, 2.1203439246164635e-05, 1.9829873053822666e-05, 1.8921380615211092e-05, 1.8118234947905876e-05, 1.7151016436400823e-05, 1.7413503883290105e-05, 1.7380600183969364e-05, 1.733375756884925e-05, 1.6175012206076644e-05, 1.6078422049758956e-05, 1.946871998370625e-05, 2.0253022739780135e-05, 1.7485723219579086e-05, 1.552122012071777e-05, 1.8041711882688105e-05, 1.5670069842599332e-05, 1.6862884876900353e-05, 1.4874995031277649e-05, 1.6061994756455533e-05], "mse": [0.002500183880329132, 0.0021068407222628593, 0.0017641792073845863, 0.0013997519854456186, 0.0010581363458186388, 0.0007628644816577435, 0.0005651530809700489, 0.0004329069925006479, 0.00032888283021748066, 0.00023977991077117622, 0.00019531825091689825, 0.00015611134585924447, 0.00013812337419949472, 0.00012432415678631514, 0.00010975023178616539, 0.00010458795441081747, 9.103317279368639e-05, 8.345569222001359e-05, 7.915864989627153e-05, 7.496968464693055e-05, 7.357523281825706e-05, 7.050323620205745e-05, 6.693766772514209e-05, 5.977767432341352e-05, 5.599869109573774e-05, 5.4152118536876515e-05, 5.344207238522358e-05, 4.899652412859723e-05, 4.694550807471387e-05, 4.600985994329676e-05, 4.2798616050276905e-05, 4.171942055108957e-05, 3.975220170104876e-05, 3.85318708140403e-05, 3.82292564609088e-05, 3.800904596573673e-05, 3.7659901863662526e-05, 3.735918289748952e-05, 3.6793691833736375e-05, 3.478221333352849e-05, 3.1926138035487384e-05, 3.163972360198386e-05, 3.000415745191276e-05, 2.881579530367162e-05, 3.0288772904896177e-05, 2.8414604457793757e-05, 2.6869724024436437e-05, 2.7586933356360532e-05, 2.884386594814714e-05, 2.725826016103383e-05, 2.813753962982446e-05, 2.7827491067000665e-05, 2.8259562895982526e-05, 3.0125418561510742e-05, 2.59196476690704e-05, 2.3360023988061585e-05, 2.3367876565316692e-05, 2.191906787629705e-05, 2.20168185478542e-05, 2.19622870645253e-05, 2.2817617718828842e-05, 2.292322642460931e-05, 2.3247135686688125e-05, 2.2047897800803185e-05, 2.3225937184179202e-05, 2.0352419596747495e-05, 1.932200939336326e-05, 1.83511965587968e-05, 1.8849974367185496e-05, 1.8437818653183058e-05, 2.1203439246164635e-05, 1.9829876691801473e-05, 1.8921380615211092e-05, 1.8118234947905876e-05, 1.7151016436400823e-05, 1.7413503883290105e-05, 1.7380600183969364e-05, 1.733375756884925e-05, 1.6175012206076644e-05, 1.6078422049758956e-05, 1.946871998370625e-05, 2.0253022739780135e-05, 1.7485723219579086e-05, 1.552122012071777e-05, 1.8041711882688105e-05, 1.5670069842599332e-05, 1.6862884876900353e-05, 1.4874995031277649e-05, 1.6061994756455533e-05], "val_loss": [0.0010283973533660173, 0.0011407241690903902, 0.000788938719779253, 0.0007765530608594418, 0.0005237296572886407, 0.0004738174320664257, 0.00036403490230441093, 0.0003188757400494069, 0.00023036691709421575, 0.00020333290740381926, 0.00017087740707211196, 0.00015463223098777235, 0.00015525844355579466, 0.00014590108185075223, 0.00014830884174443781, 0.0001249813212780282, 0.00012846147001255304, 0.00012885237811133265, 0.0001137376093538478, 0.00013110187137499452, 0.00010675666999304667, 0.00011989198537776247, 0.0001100255612982437, 0.00011577410623431206, 0.00011006138811353594, 0.0001056995679391548, 0.00010076125909108669, 9.95737937046215e-05, 0.00010150343587156385, 9.549826791044325e-05, 9.864319872576743e-05, 9.884819155558944e-05, 9.663756645750254e-05, 9.322211553808302e-05, 9.19439917197451e-05, 9.631853026803583e-05, 8.983084990177304e-05, 0.00010379665764048696, 8.751773566473275e-05, 9.41002945182845e-05, 8.73131793923676e-05, 8.818914648145437e-05, 8.513181819580495e-05, 8.773333684075624e-05, 8.628611249150708e-05, 8.26175237307325e-05, 8.473999332636595e-05, 8.219672599807382e-05, 8.225029887398705e-05, 8.955657540354878e-05, 8.223288750741631e-05, 8.842757961247116e-05, 8.409321890212595e-05, 8.005851850612089e-05, 8.190541848307475e-05, 8.035502105485648e-05, 8.207777136703953e-05, 7.619015377713367e-05, 7.631540938746184e-05, 7.999802619451657e-05, 8.253033593064174e-05, 7.477444887626916e-05, 7.910533167887479e-05, 7.412373088300228e-05, 7.780604937579483e-05, 7.340010779444128e-05, 7.359849405474961e-05, 7.380577881122008e-05, 7.452846330124885e-05, 7.606509461766109e-05, 7.397869194392115e-05, 7.69034813856706e-05, 7.229884795378894e-05, 7.06972205080092e-05, 7.228006143122911e-05, 7.229504262795672e-05, 7.033049769233912e-05, 7.209645991679281e-05, 6.814271910116076e-05, 7.185711001511663e-05, 7.954998000059277e-05, 7.375252607744187e-05, 7.129643199732527e-05, 7.098975038388744e-05, 6.975229916861281e-05, 7.132293103495613e-05, 7.048649422358721e-05, 6.930663221282884e-05, 6.960549217183143e-05],