{"loss": [0.00219072331674397, 0.001674220897257328, 0.0011126367608085275, 0.0006730619934387505, 0.00042214771383441985, 0.0002578807179816067, 0.00019327399786561728, 0.00014830444706603885, 0.000121006065455731, 0.00011331118002999574, 9.625057282391936e-05, 9.723764378577471e-05, 8.603862079326063e-05, 7.948722486617044e-05, 7.566852582385764e-05, 6.929998198756948e-05, 7.15261630830355e-05, 7.370529056061059e-05, 6.695782212773338e-05, 5.8163168432656676e-05, 5.439719097921625e-05, 5.232040348346345e-05, 4.971575617673807e-05, 4.7742138121975586e-05, 4.713354064733721e-05, 4.585060742101632e-05, 5.4111325880512595e-05, 4.8118898121174425e-05, 4.12858571507968e-05, 4.2096075048903e-05, 4.016519960714504e-05, 3.859798744088039e-05, 3.84479426429607e-05, 3.68813234672416e-05, 3.675716288853437e-05, 4.097825876669958e-05, 3.580641350708902e-05, 3.41666818712838e-05, 3.423300586291589e-05, 3.12433039653115e-05, 3.309477324364707e-05, 3.266049679950811e-05, 3.209163332940079e-05, 3.0387756851268932e-05, 3.070292586926371e-05, 3.396478859940544e-05, 3.3304815588053316e-05, 3.0870687623973936e-05, 2.9401231586234644e-05, 2.9528684535762295e-05, 3.4456297726137564e-05, 3.126446245005354e-05, 2.763141856121365e-05, 2.5868386728689075e-05, 2.641419087012764e-05, 2.6223988243145868e-05, 2.5978248231695034e-05, 2.428657899145037e-05, 2.599238359834999e-05, 2.4837139790179208e-05, 2.48828437179327e-05, 2.628080255817622e-05, 2.4246764951385558e-05, 2.572424455138389e-05, 2.5276371161453426e-05, 2.664396924956236e-05, 2.537054751883261e-05, 2.4359433155041188e-05, 2.621491512400098e-05, 2.7295787731418386e-05, 2.3881890228949487e-05], "mse": [0.00219072331674397, 0.001674220897257328, 0.0011126367608085275, 0.0006730619934387505, 0.00042214771383441985, 0.0002578807179816067, 0.00019327398331370205, 0.00014830444706603885, 0.000121006065455731, 0.00011331118002999574, 9.625057282391936e-05, 9.723764378577471e-05, 8.603862079326063e-05, 7.948722486617044e-05, 7.566852582385764e-05, 6.929998198756948e-05, 7.15261630830355e-05, 7.370529056061059e-05, 6.695782212773338e-05, 5.8163168432656676e-05, 5.439719097921625e-05, 5.232040348346345e-05, 4.971575617673807e-05, 4.7742138121975586e-05, 4.713354064733721e-05, 4.585060742101632e-05, 5.4111325880512595e-05, 4.811889448319562e-05, 4.12858571507968e-05, 4.2096075048903e-05, 4.016519960714504e-05, 3.859798744088039e-05, 3.84479426429607e-05, 3.68813234672416e-05, 3.675716288853437e-05, 4.097825876669958e-05, 3.580641350708902e-05, 3.41666818712838e-05, 3.423300586291589e-05, 3.12433039653115e-05, 3.309477324364707e-05, 3.266049679950811e-05, 3.209163332940079e-05, 3.0387756851268932e-05, 3.070293314522132e-05, 3.396478859940544e-05, 3.3304815588053316e-05, 3.0870687623973936e-05, 2.9401231586234644e-05, 2.9528684535762295e-05, 3.4456297726137564e-05, 3.126446245005354e-05, 2.763141856121365e-05, 2.5868386728689075e-05, 2.641419087012764e-05, 2.6223988243145868e-05, 2.5978248231695034e-05, 2.428657899145037e-05, 2.599238359834999e-05, 2.4837139790179208e-05, 2.48828437179327e-05, 2.628080255817622e-05, 2.4246764951385558e-05, 2.572424455138389e-05, 2.5276371161453426e-05, 2.664396924956236e-05, 2.537054751883261e-05, 2.4359433155041188e-05, 2.621491512400098e-05, 2.7295787731418386e-05, 2.3881890228949487e-05], "val_loss": [0.0020457508508116007, 0.0013951435685157776, 0.000806870695669204, 0.0005225299973972142, 0.0003213974996469915, 0.00021598974126391113, 0.00017525936709716916, 0.00015888657071627676, 0.00015388589235953987, 0.00013924048107583076, 0.00013565015979111195, 0.00012689351569861174, 0.00011714718129951507, 0.0001148274532170035, 0.00010953660967061296, 0.00010987275891238824, 0.00010842150368262082, 0.00013350723020266742, 0.0001012775901472196, 0.00010543819371378049, 0.00010049017146229744, 9.477839194005355e-05, 9.446773037780076e-05, 9.5711337053217e-05, 9.339499956695363e-05, 9.751405741553754e-05, 9.748859883984551e-05, 8.898149098968133e-05, 9.19337835512124e-05, 8.716547017684206e-05, 8.835199696477503e-05, 9.237319318344817e-05, 8.996059477794915e-05, 8.552180952392519e-05, 9.788027091417462e-05, 9.667200356489047e-05, 8.881677786121145e-05, 9.610744018573314e-05, 8.455190254608169e-05, 8.582013106206432e-05, 8.524775330442935e-05, 9.029232751345262e-05, 8.679869642946869e-05, 8.905588765628636e-05, 8.332482684636489e-05, 9.993527783080935e-05, 8.86795824044384e-05, 8.345021342393011e-05, 8.994962263386697e-05, 9.680258517619222e-05, 0.0001026292666210793, 8.440615783911198e-05, 8.463200356345624e-05, 8.303756476379931e-05, 8.944658475229517e-05, 8.677873120177537e-05, 8.231205720221624e-05, 9.185953240375966e-05, 8.408146095462143e-05, 8.662273467052728e-05, 8.191408414859325e-05, 8.440855890512466e-05, 8.633509423816577e-05, 8.724726649234071e-05, 9.107581718126312e-05, 8.472440822515637e-05, 8.547696779714897e-05, 9.109410893870518e-05, 0.00010407108493382111, 8.500211697537452e-05, 8.933078788686544e-05], "val_mse": [0.0020457508508116007, 0.0013951435685157776, 0.000806870695669204, 0.0005225299973972142, 0.0003213974996469915, 0.00021598974126391113, 0.00017525936709716916, 0.00015888657071627676, 0.0001538859069114551, 0.00013924048107583076, 0.00013565015979111195, 0.00012689351569861174, 0.00011714718129951507, 0.0001148274532170035, 0.00010953660967061296, 0.00010987275891238824, 0.00010842150368262082, 0.00013350723020266742, 0.0001012775901472196, 0.00010543819371378049, 0.00010049017146229744, 9.477839194005355e-05, 9.446773037780076e-05, 9.5711337053217e-05, 9.339499956695363e-05, 9.751405741553754e-05, 9.748859883984551e-05, 8.898149098968133e-05, 9.19337835512124e-05, 8.716547017684206e-05, 8.835199696477503e-05, 9.237319318344817e-05, 8.996059477794915e-05, 8.552180952392519e-05, 9.788027091417462e-05, 9.667200356489047e-05, 8.881677786121145e-05, 9.610744018573314e-05, 8.455190254608169e-05, 8.582013106206432e-05, 8.524775330442935e-05, 9.029232751345262e-05, 8.679869642946869e-05, 8.905589493224397e-05, 8.332482684636489e-05, 9.993527783080935e-05, 8.86795824044384e-05, 8.345021342393011e-05, 8.994962263386697e-05, 9.680258517619222e-05, 0.0001026292666210793, 8.440615783911198e-05, 8.463200356345624e-05, 8.303756476379931e-05, 8.944658475229517e-05, 8.677873120177537e-05, 8.231205720221624e-05, 9.185953240375966e-05, 8.408146095462143e-05, 8.662273467052728e-05, 8.191408414859325e-05, 8.440855890512466e-05, 8.633509423816577e-05, 8.724726649234071e-05, 9.107581718126312e-05, 8.472440822515637e-05, 8.547696779714897e-05, 9.109410893870518e-05, 0.00010407108493382111, 8.500211697537452e-05, 8.933078788686544e-05]}