{"loss": [0.007678223308175802, 0.004449827596545219, 0.0024264350067824125, 0.0019465384539216757, 0.0015809077303856611, 0.0012388830073177814, 0.0009485263144597411, 0.0006769668543711305, 0.0005229152739048004, 0.0004379259771667421, 0.0003492770774755627, 0.00030704151140525937, 0.00025957843172363937, 0.0002491594641469419, 0.00021909356291871518, 0.00021434090740513057, 0.00018466738401912153, 0.00017336889868602157, 0.0001603124401299283, 0.0001507472770754248, 0.0001486223191022873, 0.00013591189053840935, 0.00013187869626563042, 0.00012758550292346627, 0.0001212394709000364, 0.00011875802010763437, 0.00011157779954373837, 0.00011868039291584864, 0.00011058927339036018, 0.00010217745148111135, 9.478924766881391e-05, 9.236097685061395e-05, 9.781178232515231e-05, 9.434102685190737e-05, 8.211054228013381e-05, 8.611669181846082e-05, 8.462643745588139e-05, 8.581388101447374e-05, 7.551590533694252e-05, 7.100502261891961e-05, 6.827885954407975e-05, 6.497408321592957e-05, 6.36029290035367e-05, 6.733123154845089e-05, 6.541220500366762e-05, 5.9652440540958196e-05, 5.867298023076728e-05, 6.087403016863391e-05, 5.830526788486168e-05, 5.595118273049593e-05, 5.4619518778054044e-05, 5.0401453336235136e-05, 5.063825665274635e-05, 5.188070281292312e-05, 5.242693077889271e-05, 5.219594459049404e-05, 5.866762876394205e-05, 5.063148637418635e-05, 4.802632611244917e-05, 4.767580685438588e-05, 5.204270564718172e-05, 4.7858698962954804e-05, 4.459616320673376e-05, 4.261421418050304e-05, 4.887545946985483e-05, 4.341895692050457e-05, 4.767195423482917e-05, 4.613527198671363e-05, 4.8272620915668085e-05, 4.594702477334067e-05, 4.023769361083396e-05, 4.25428370363079e-05, 4.303848254494369e-05, 4.0099948819261044e-05, 3.798589750658721e-05, 3.540585021255538e-05], "mse": [0.007678223308175802, 0.004449827596545219, 0.0024264350067824125, 0.0019465384539216757, 0.0015809077303856611, 0.0012388830073177814, 0.0009485263144597411, 0.0006769668543711305, 0.0005229152739048004, 0.0004379259771667421, 0.0003492770774755627, 0.00030704151140525937, 0.00025957843172363937, 0.0002491594641469419, 0.00021909356291871518, 0.00021434090740513057, 0.00018466738401912153, 0.00017336889868602157, 0.00016031242557801306, 0.0001507472770754248, 0.00014862233365420252, 0.00013591189053840935, 0.00013187869626563042, 0.00012758550292346627, 0.0001212394709000364, 0.00011875802010763437, 0.00011157779954373837, 0.00011868039291584864, 0.00011058927339036018, 0.00010217745148111135, 9.478924766881391e-05, 9.236097685061395e-05, 9.781178232515231e-05, 9.434102685190737e-05, 8.211054228013381e-05, 8.611669181846082e-05, 8.462643745588139e-05, 8.581388101447374e-05, 7.551590533694252e-05, 7.100502261891961e-05, 6.827885954407975e-05, 6.497408321592957e-05, 6.36029290035367e-05, 6.733123154845089e-05, 6.541220500366762e-05, 5.9652440540958196e-05, 5.867298023076728e-05, 6.087403016863391e-05, 5.830526788486168e-05, 5.595118273049593e-05, 5.4619518778054044e-05, 5.0401453336235136e-05, 5.063825665274635e-05, 5.188070281292312e-05, 5.242693077889271e-05, 5.219594459049404e-05, 5.866762876394205e-05, 5.063148637418635e-05, 4.802632611244917e-05, 4.767580685438588e-05, 5.204270564718172e-05, 4.7858698962954804e-05, 4.459616320673376e-05, 4.261421418050304e-05, 4.887545946985483e-05, 4.341895692050457e-05, 4.767195423482917e-05, 4.613527198671363e-05, 4.8272620915668085e-05, 4.5947021135361865e-05, 4.023769361083396e-05, 4.25428370363079e-05, 4.303848254494369e-05, 4.0099948819261044e-05, 3.798589750658721e-05, 3.540585021255538e-05], "val_loss": [0.005529959220439196, 0.0024241949431598186, 0.001578062423504889, 0.001280720578506589, 0.0010493232402950525, 0.0009399257833138108, 0.0007153039332479239, 0.0005733136204071343, 0.0005771131254732609, 0.00041353501728735864, 0.0003611978027038276, 0.0003392466751392931, 0.0002976401592604816, 0.00026426659314893186, 0.00024255065363831818, 0.00024630624102428555, 0.0002238328306702897, 0.00019687558233272284, 0.00018634440493769944, 0.00018776569049805403, 0.00017179004498757422, 0.0001674915838520974, 0.00016353577666450292, 0.00015390334010589868, 0.00017564240260981023, 0.00014058365195523947, 0.0001355436397716403, 0.00014853794709779322, 0.00014571075735148042, 0.0001389453245792538, 0.00012433971278369427, 0.0001285217294935137, 0.00011839098442578688, 0.00012553746637422591, 0.00012088729999959469, 0.00012251535372342914, 0.0001344131596852094, 0.00011147713667014614, 0.00011313126015011221, 0.00010795305570354685, 0.00010580486559774727, 0.00010143611871171743, 0.00010750572255346924, 0.00010031920101027936, 9.869715722743422e-05, 9.970748942578211e-05, 0.00010318645217921585, 0.00010118015052285045, 9.445310570299625e-05, 9.94709916994907e-05, 9.256649354938418e-05, 9.16485587367788e-05, 8.927215822041035e-05, 0.00010486644168850034, 9.370689804200083e-05, 9.998823225032538e-05, 0.00010114217730006203, 0.00010069116251543164, 9.045600745594129e-05, 9.206670802086592e-05, 9.746158320922405e-05, 8.857202192302793e-05, 9.062162280315533e-05, 9.071492240764201e-05, 9.230864088749513e-05, 8.610743680037558e-05, 9.221841901307926e-05, 9.377168316859752e-05, 9.231192234437913e-05, 8.653842814965174e-05, 9.405353921465576e-05, 0.00010249090701108798, 8.622703899163753e-05, 8.897198858903721e-05, 8.737148891668767e-05, 8.801861258689314e-05], "val_mse": [0.005529959220439196, 0.0024241949431598186, 0.001578062423504889, 0.001280720578506589, 0.0010493232402950525, 0.0009399257833138108, 0.0007153039332479239, 0.0005733136204071343, 0.0005771131254732609, 0.0004135349881835282, 0.0003611978027038276, 0.0003392466751392931, 0.0002976401592604816, 0.00026426659314893186, 0.00024255065363831818, 0.00024630624102428555, 0.0002238328306702897, 0.0001968756114365533, 0.00018634440493769944, 0.00018776569049805403, 0.00017179004498757422, 0.0001674915838520974, 0.00016353577666450292, 0.00015390334010589868, 0.00017564240260981023, 0.00014058365195523947, 0.00013554361066780984, 0.000148537932545878, 0.00014571075735148042, 0.0001389453245792538, 0.00012433971278369427, 0.0001285217294935137, 0.00011839098442578688, 0.00012553746637422591, 0.00012088729999959469, 0.00012251535372342914, 0.0001344131596852094, 0.00011147713667014614, 0.00011313126742606983, 0.00010795305570354685, 0.00010580486559774727, 0.00010143611871171743, 0.00010750572255346924, 0.00010031920101027936, 9.869715722743422e-05, 9.970748942578211e-05, 0.00010318645217921585, 0.00010118015052285045, 9.445310570299625e-05, 9.947099897544831e-05, 9.256649354938418e-05, 9.16485587367788e-05, 8.927215822041035e-05, 0.00010486644168850034, 9.370689804200083e-05, 9.998823225032538e-05, 0.00010114217730006203, 0.00010069116251543164, 9.045600745594129e-05, 9.206670802086592e-05, 9.746158320922405e-05, 8.857202192302793e-05, 9.062162280315533e-05, 9.071492240764201e-05, 9.230864088749513e-05, 8.610743680037558e-05, 9.221841901307926e-05, 9.377168316859752e-05, 9.231192234437913e-05, 8.653842814965174e-05, 9.405354649061337e-05, 0.00010249090701108798, 8.622703899163753e-05, 8.897198858903721e-05, 8.737148891668767e-05, 8.801861258689314e-05]}