{"loss": [0.0012860429706051946, 0.0001993614132516086, 9.007187327370048e-05, 6.0167792980792e-05, 4.9847141781356186e-05, 3.780005863518454e-05, 3.206551627954468e-05, 2.7452013455331326e-05, 2.398934702796396e-05, 2.2086071112425998e-05, 2.1694479073630646e-05, 1.8402688510832377e-05, 1.7667398424237035e-05, 1.7280379324802198e-05, 1.5490810255869292e-05, 1.4539582480210811e-05, 1.4929096323612612e-05, 1.4930463294149376e-05, 1.3317404409463052e-05, 1.1780245586123783e-05, 1.1930816071981099e-05, 1.3240395674074534e-05, 1.1727638593583833e-05, 1.209047968586674e-05, 1.1552943760761991e-05, 1.2085834896424785e-05, 9.785621841729153e-06, 1.0590925739961676e-05, 9.274270269088447e-06, 9.437651897314936e-06, 9.352984307042789e-06, 9.288850378652569e-06, 8.756936040299479e-06, 8.534972948837094e-06, 1.2757311196764931e-05, 9.633572517486755e-06, 9.781925655261148e-06, 9.07523644855246e-06, 8.145409083226696e-06, 7.50969320506556e-06, 8.784004421613645e-06, 8.167935448000208e-06, 7.361772077274509e-06, 6.999188371992204e-06, 6.234532975213369e-06, 7.308564363484038e-06, 8.197913302865345e-06, 8.131785762088839e-06, 6.3266866163758095e-06, 7.519583505199989e-06, 5.927204711042577e-06, 5.763580702478066e-06, 6.112502887845039e-06, 7.132503469620133e-06, 6.3804823184909765e-06, 6.648600901826285e-06, 7.236594228743343e-06, 5.661642717313953e-06, 5.490580861078342e-06, 5.8819359765038826e-06, 5.299630629451713e-06, 6.2039080148679204e-06, 6.854153070889879e-06, 5.000209966965485e-06, 4.937576704833191e-06, 5.261149453872349e-06, 5.713699010811979e-06, 5.426457391877193e-06, 5.8153837017016485e-06, 4.907191396341659e-06], "mse": [0.0012860429706051946, 0.0001993614132516086, 9.007187327370048e-05, 6.0167792980792e-05, 4.9847141781356186e-05, 3.780005863518454e-05, 3.206551627954468e-05, 2.7452013455331326e-05, 2.398934702796396e-05, 2.2086071112425998e-05, 2.1694479073630646e-05, 1.8402688510832377e-05, 1.7667398424237035e-05, 1.7280379324802198e-05, 1.5490810255869292e-05, 1.4539582480210811e-05, 1.4929096323612612e-05, 1.4930463294149376e-05, 1.3317404409463052e-05, 1.1780244676629081e-05, 1.1930816071981099e-05, 1.3240395674074534e-05, 1.1727638593583833e-05, 1.209047968586674e-05, 1.1552944670256693e-05, 1.2085834896424785e-05, 9.785621841729153e-06, 1.0590925739961676e-05, 9.274270269088447e-06, 9.437651897314936e-06, 9.352984307042789e-06, 9.288850378652569e-06, 8.756936040299479e-06, 8.534972948837094e-06, 1.2757311196764931e-05, 9.633572517486755e-06, 9.781925655261148e-06, 9.07523644855246e-06, 8.145409083226696e-06, 7.50969320506556e-06, 8.784004421613645e-06, 8.167935448000208e-06, 7.361772077274509e-06, 6.999188371992204e-06, 6.234532975213369e-06, 7.308564363484038e-06, 8.197913302865345e-06, 8.131785762088839e-06, 6.3266866163758095e-06, 7.519583505199989e-06, 5.927204711042577e-06, 5.763580702478066e-06, 6.112502887845039e-06, 7.132503469620133e-06, 6.3804823184909765e-06, 6.648600901826285e-06, 7.236594228743343e-06, 5.661642717313953e-06, 5.490580861078342e-06, 5.8819359765038826e-06, 5.299630629451713e-06, 6.2039080148679204e-06, 6.854153070889879e-06, 5.000209966965485e-06, 4.937577159580542e-06, 5.261149453872349e-06, 5.713699010811979e-06, 5.426457391877193e-06, 5.8153837017016485e-06, 4.907191396341659e-06], "val_loss": [0.00038390496047213674, 0.00011565681779757142, 7.438025204464793e-05, 5.590667569776997e-05, 4.5870245230617e-05, 3.6859637475572526e-05, 3.259933146182448e-05, 2.980118188133929e-05, 2.7212345230509527e-05, 2.605842200864572e-05, 2.4777422368060797e-05, 2.484596370777581e-05, 2.2165304471855052e-05, 2.2039685063646175e-05, 2.0040853996761143e-05, 1.9563589376048185e-05, 2.067630884994287e-05, 2.132986264768988e-05, 1.704150599834975e-05, 1.9784285541391e-05, 1.607707054063212e-05, 1.9748462364077568e-05, 2.202874566137325e-05, 1.5766358046676032e-05, 1.9942781364079565e-05, 1.459688792238012e-05, 1.4515796465275344e-05, 2.0158795450697653e-05, 1.4523172467306722e-05, 1.5880083083175123e-05, 1.6184338164748624e-05, 1.3771441444987431e-05, 1.410592085449025e-05, 1.368862376693869e-05, 1.8576847651274875e-05, 1.368015909974929e-05, 1.2934653568663634e-05, 1.5532014003838412e-05, 1.3326473890629131e-05, 1.1879099474754184e-05, 1.2202549442008603e-05, 1.5220567547657993e-05, 1.2483995305956341e-05, 1.1228021321585402e-05, 1.1600762263697106e-05, 1.4866250239720102e-05, 1.2912862985103857e-05, 1.537671960250009e-05, 1.2012385923299007e-05, 1.118565796787152e-05, 1.12925035864464e-05, 1.1847911991935689e-05, 1.2209523447381798e-05, 1.1266902220086195e-05, 1.7360984202241525e-05, 1.2234747373440769e-05, 1.1946835911658127e-05, 1.1073899258917663e-05, 1.2270004845049698e-05, 1.0593120350677054e-05, 1.0831203326233663e-05, 1.0789317457238212e-05, 1.1235600140935276e-05, 1.1645050108199939e-05, 1.2143129424657673e-05, 1.571187203808222e-05, 1.2245995094417594e-05, 1.40535703394562e-05, 1.109196546167368e-05, 1.3131960258760955e-05], "val_mse": [0.00038390496047213674, 0.00011565681779757142, 7.438025204464793e-05, 5.590667569776997e-05, 4.5870245230617e-05, 3.6859637475572526e-05, 3.259933146182448e-05, 2.980118188133929e-05, 2.721234159253072e-05, 2.605842200864572e-05, 2.4777422368060797e-05, 2.484596370777581e-05, 2.2165304471855052e-05, 2.2039685063646175e-05, 2.0040853996761143e-05, 1.9563589376048185e-05, 2.0676307030953467e-05, 2.132986264768988e-05, 1.704150599834975e-05, 1.9784285541391e-05, 1.607707054063212e-05, 1.9748462364077568e-05, 2.202874566137325e-05, 1.5766358046676032e-05, 1.9942781364079565e-05, 1.459688792238012e-05, 1.4515796465275344e-05, 2.0158795450697653e-05, 1.4523172467306722e-05, 1.588008672115393e-05, 1.6184338164748624e-05, 1.3771441444987431e-05, 1.410592085449025e-05, 1.3688624676433392e-05, 1.8576847651274875e-05, 1.368015909974929e-05, 1.2934653568663634e-05, 1.5532014003838412e-05, 1.3326473890629131e-05, 1.1879099474754184e-05, 1.2202549442008603e-05, 1.5220567547657993e-05, 1.2483995305956341e-05, 1.1228021321585402e-05, 1.1600762263697106e-05, 1.4866248420730699e-05, 1.2912862985103857e-05, 1.537671960250009e-05, 1.2012385923299007e-05, 1.118565796787152e-05, 1.12925035864464e-05, 1.1847911991935689e-05, 1.2209523447381798e-05, 1.1266902220086195e-05, 1.736098238325212e-05, 1.2234747373440769e-05, 1.1946835911658127e-05, 1.1073899258917663e-05, 1.2270004845049698e-05, 1.0593120350677054e-05, 1.0831203326233663e-05, 1.0789317457238212e-05, 1.1235600140935276e-05, 1.1645049198705237e-05, 1.2143129424657673e-05, 1.571187203808222e-05, 1.2245995094417594e-05, 1.4053569429961499e-05, 1.109196546167368e-05, 1.3131960258760955e-05]}