{"loss": [0.004182297736406326, 0.0009802562417462468, 0.0003288892039563507, 0.00020898861112073064, 0.00016919226618483663, 0.00015291139425244182, 0.0001362063776468858, 0.00013247592141851783, 0.00011153398372698575, 0.00012581418559420854, 9.606366802472621e-05, 9.692290041130036e-05, 9.104293712880462e-05, 9.495648555457592e-05, 8.186302875401452e-05, 8.209578663809225e-05, 8.8744011009112e-05, 8.098437683656812e-05, 7.420185283990577e-05, 7.962458039401099e-05, 6.978607416385785e-05, 7.894649752415717e-05, 8.432925824308768e-05, 7.17534203431569e-05, 7.120146619854495e-05, 6.665370165137574e-05, 6.994111026870087e-05, 6.821709393989295e-05, 6.010504876030609e-05, 6.382248102454469e-05, 6.435426621465012e-05, 6.377152749337256e-05, 5.949862315901555e-05, 6.573695281986147e-05, 6.0259717429289594e-05, 6.366275920299813e-05, 5.83563232794404e-05, 6.647801637882367e-05, 7.628880121046677e-05, 6.425211176974699e-05, 6.277595093706623e-05, 5.834568582940847e-05, 6.184772064443678e-05, 5.734697333537042e-05, 5.949858677922748e-05, 5.461504770210013e-05, 5.6855551520129666e-05, 5.5689914006507024e-05, 5.957300163572654e-05, 5.9669440815923735e-05, 5.531495116883889e-05, 5.374476677388884e-05, 5.6723583838902414e-05, 6.675055919913575e-05, 5.846878411830403e-05, 5.186462294659577e-05, 5.591070294030942e-05, 5.186537600820884e-05, 5.330294879968278e-05, 5.034889545640908e-05, 5.235935896052979e-05, 5.847565262229182e-05], "mse": [0.004182297736406326, 0.0009802562417462468, 0.0003288892039563507, 0.00020898861112073064, 0.00016919226618483663, 0.00015291140880435705, 0.0001362063776468858, 0.00013247592141851783, 0.00011153398372698575, 0.00012581418559420854, 9.606366802472621e-05, 9.692288585938513e-05, 9.104293712880462e-05, 9.495648555457592e-05, 8.186302147805691e-05, 8.209578663809225e-05, 8.8744011009112e-05, 8.098437683656812e-05, 7.420185283990577e-05, 7.962458039401099e-05, 6.978607416385785e-05, 7.894649752415717e-05, 8.432925824308768e-05, 7.17534203431569e-05, 7.120146619854495e-05, 6.665370165137574e-05, 6.994111026870087e-05, 6.821709393989295e-05, 6.010504876030609e-05, 6.382248102454469e-05, 6.435426621465012e-05, 6.377152749337256e-05, 5.949862315901555e-05, 6.573695281986147e-05, 6.0259717429289594e-05, 6.36627446510829e-05, 5.83563232794404e-05, 6.647801637882367e-05, 7.628880121046677e-05, 6.425211176974699e-05, 6.277595093706623e-05, 5.834568582940847e-05, 6.184772064443678e-05, 5.734697333537042e-05, 5.9498594055185094e-05, 5.461504770210013e-05, 5.685554788215086e-05, 5.5689914006507024e-05, 5.957300163572654e-05, 5.9669440815923735e-05, 5.531495116883889e-05, 5.374476677388884e-05, 5.6723583838902414e-05, 6.675055919913575e-05, 5.846878411830403e-05, 5.186462294659577e-05, 5.591070294030942e-05, 5.186537600820884e-05, 5.330294879968278e-05, 5.034889545640908e-05, 5.235935896052979e-05, 5.847565262229182e-05], "val_loss": [0.0015405219746753573, 0.0004618086386471987, 0.00027169735403731465, 0.00019697849347721785, 0.00017686282808426768, 0.00014018735964782536, 0.00015522318426519632, 0.0001261054421775043, 0.0001338733418378979, 0.00010279632260790095, 9.457991109229624e-05, 0.00010141441453015432, 9.190256969304755e-05, 0.0001142186374636367, 8.652186807012185e-05, 9.727112774271518e-05, 8.911573240766302e-05, 8.818798960419372e-05, 8.69284849613905e-05, 8.903192065190524e-05, 8.428278670180589e-05, 0.0001030948551488109, 9.188013791572303e-05, 7.479901978513226e-05, 8.133445226121694e-05, 7.869947876315564e-05, 8.531378261977807e-05, 7.617075607413426e-05, 7.308921340154484e-05, 7.168557203840464e-05, 6.99407173669897e-05, 7.46102596167475e-05, 6.68478969600983e-05, 7.868102693464607e-05, 8.317799074575305e-05, 7.953117892611772e-05, 6.681110971840099e-05, 7.223169814096764e-05, 8.333208825206384e-05, 6.532183761009946e-05, 7.606470171594992e-05, 6.116523582022637e-05, 7.110706792445853e-05, 7.751321390969679e-05, 7.564666884718463e-05, 7.120324153220281e-05, 7.666984311072156e-05, 9.395107917953283e-05, 7.937080226838589e-05, 6.762927660020068e-05, 8.250567043432966e-05, 6.111226684879512e-05, 6.800882692914456e-05, 6.524848868139088e-05, 6.263803516048938e-05, 7.590770110255107e-05, 6.506151839857921e-05, 6.839443085482344e-05, 6.219040369614959e-05, 7.925960380816832e-05, 6.77278294460848e-05, 6.446293264161795e-05], "val_mse": [0.0015405219746753573, 0.0004618086386471987, 0.00027169735403731465, 0.00019697849347721785, 0.00017686285718809813, 0.00014018735964782536, 0.00015522318426519632, 0.0001261054421775043, 0.00013387332728598267, 0.00010279632260790095, 9.457991109229624e-05, 0.00010141441453015432, 9.190256969304755e-05, 0.0001142186374636367, 8.652186807012185e-05, 9.727114229463041e-05, 8.911573240766302e-05, 8.818798960419372e-05, 8.69284849613905e-05, 8.903192065190524e-05, 8.428278670180589e-05, 0.0001030948551488109, 9.188013791572303e-05, 7.479901978513226e-05, 8.133445226121694e-05, 7.869947876315564e-05, 8.531378261977807e-05, 7.617075607413426e-05, 7.308921340154484e-05, 7.168557203840464e-05, 6.99407173669897e-05, 7.46102596167475e-05, 6.68478969600983e-05, 7.868102693464607e-05, 8.317799074575305e-05, 7.953117892611772e-05, 6.681110971840099e-05, 7.223169814096764e-05, 8.333208825206384e-05, 6.532183761009946e-05, 7.606470171594992e-05, 6.116523582022637e-05, 7.110706792445853e-05, 7.751321390969679e-05, 7.564666884718463e-05, 7.120324153220281e-05, 7.666984311072156e-05, 9.395107917953283e-05, 7.937080226838589e-05, 6.762929115211591e-05, 8.250567043432966e-05, 6.111226684879512e-05, 6.800882692914456e-05, 6.524848868139088e-05, 6.263803516048938e-05, 7.590770110255107e-05, 6.506151839857921e-05, 6.839443085482344e-05, 6.219040369614959e-05, 7.925961108412594e-05, 6.77278294460848e-05, 6.446293264161795e-05]}