{"loss": [0.001987043535336852, 0.0013502705842256546, 0.0009332483750768006, 0.0006423433078452945, 0.0004476318135857582, 0.00028907012892886996, 0.00019055473967455328, 0.00014680220920126885, 0.00011112321226391941, 0.00010170832683797926, 8.707086817594245e-05, 8.13269944046624e-05, 6.979600584600121e-05, 6.529573875013739e-05, 5.814555333927274e-05, 5.5553326092194766e-05, 5.2274590416345745e-05, 4.7221499698935077e-05, 4.6464756451314315e-05, 4.2469830077607185e-05, 3.854090755339712e-05, 3.8314297853503376e-05, 3.602979995775968e-05, 3.4545773814897984e-05, 3.4719509130809456e-05, 2.943533763755113e-05, 2.8769665732397698e-05, 2.6696008717408404e-05, 2.473485619702842e-05, 2.5354529498144984e-05, 2.531687459850218e-05, 2.2378109861165285e-05, 2.1519133952097036e-05, 2.0746538211824372e-05, 2.1310279407771304e-05, 1.9222565242671408e-05, 1.7403242964064702e-05, 1.763128602760844e-05, 1.8574286514194682e-05, 1.6839154341141693e-05, 1.64195316756377e-05, 1.6529131244169548e-05, 1.5729059668956324e-05, 1.8502843886381015e-05, 1.7297192243859172e-05, 1.4324670701171272e-05, 1.3061650861345697e-05, 1.292368870053906e-05, 1.2448399502318352e-05, 1.2092496945115272e-05, 1.1797825209214352e-05, 1.4324723451863974e-05, 1.2585606782522518e-05, 1.1335433555359486e-05, 1.0778197975014336e-05, 1.2139380487496965e-05, 1.0079429557663389e-05, 9.608600521460176e-06, 1.0610111530695576e-05, 1.0810178537212778e-05, 9.517856597085483e-06, 8.69009909365559e-06, 8.67744893184863e-06, 8.950309165811632e-06, 9.527863767289091e-06, 8.032968253246509e-06, 8.084553883236367e-06, 7.884753358666785e-06, 7.72156818129588e-06, 7.858270691940561e-06, 8.343841727764811e-06, 7.956141416798346e-06, 7.272792572621256e-06, 7.0825662987772375e-06, 7.0408268584287725e-06, 6.635877980443183e-06, 6.725274033669848e-06, 7.230079063447192e-06, 7.183779416664038e-06, 9.643695193517487e-06, 6.284195023908978e-06, 6.117954853834817e-06, 7.62878426030511e-06, 6.172823304950725e-06, 6.022818524797913e-06, 6.503233635157812e-06, 6.362381100188941e-06, 5.715571660402929e-06, 7.20227399142459e-06, 8.78105220181169e-06, 6.960653081478085e-06], "mse": [0.001987043535336852, 0.0013502705842256546, 0.0009332483750768006, 0.0006423433078452945, 0.0004476318135857582, 0.00028907012892886996, 0.00019055473967455328, 0.00014680220920126885, 0.00011112321226391941, 0.00010170832683797926, 8.707086817594245e-05, 8.13269944046624e-05, 6.979600584600121e-05, 6.529573875013739e-05, 5.814555333927274e-05, 5.5553326092194766e-05, 5.2274590416345745e-05, 4.7221499698935077e-05, 4.6464756451314315e-05, 4.2469830077607185e-05, 3.854090755339712e-05, 3.8314297853503376e-05, 3.602979995775968e-05, 3.4545773814897984e-05, 3.4719509130809456e-05, 2.943533763755113e-05, 2.8769665732397698e-05, 2.6696008717408404e-05, 2.473485619702842e-05, 2.5354529498144984e-05, 2.531687459850218e-05, 2.2378109861165285e-05, 2.1519133952097036e-05, 2.0746538211824372e-05, 2.1310279407771304e-05, 1.9222565242671408e-05, 1.7403242964064702e-05, 1.763128602760844e-05, 1.8574286514194682e-05, 1.6839154341141693e-05, 1.6419529856648296e-05, 1.6529131244169548e-05, 1.5729059668956324e-05, 1.8502843886381015e-05, 1.7297192243859172e-05, 1.4324670701171272e-05, 1.3061650861345697e-05, 1.292368870053906e-05, 1.2448399502318352e-05, 1.2092496945115272e-05, 1.1797825209214352e-05, 1.4324723451863974e-05, 1.2585606782522518e-05, 1.1335433555359486e-05, 1.0778197975014336e-05, 1.2139379578002263e-05, 1.0079429557663389e-05, 9.608600521460176e-06, 1.0610111530695576e-05, 1.0810178537212778e-05, 9.517856597085483e-06, 8.69009909365559e-06, 8.67744893184863e-06, 8.950309165811632e-06, 9.527863767289091e-06, 8.032968253246509e-06, 8.084553883236367e-06, 7.884753358666785e-06, 7.72156818129588e-06, 7.858270691940561e-06, 8.343841727764811e-06, 7.956141416798346e-06, 7.272791663126554e-06, 7.0825662987772375e-06, 7.0408268584287725e-06, 6.635877980443183e-06, 6.725274033669848e-06, 7.230079063447192e-06, 7.183779416664038e-06, 9.643695193517487e-06, 6.284195023908978e-06, 6.117954853834817e-06, 7.62878426030511e-06, 6.172823304950725e-06, 6.022818524797913e-06, 6.503233635157812e-06, 6.362381100188941e-06, 5.715571660402929e-06, 7.20227399142459e-06, 8.78105220181169e-06, 6.960653081478085e-06], "val_loss": [0.001414115191437304, 0.0008931720512919128, 0.0007601886754855514, 0.0005254250718280673, 0.00038407742977142334, 0.00023729680106043816, 0.00019231406622566283, 0.00012488788343034685, 0.0001159714738605544, 0.00013456857413984835, 0.00010113576718140393, 8.193522080546245e-05, 7.744158210698515e-05, 7.284853199962527e-05, 7.155626371968538e-05, 6.608469266211614e-05, 6.860047142254189e-05, 6.223576929187402e-05, 5.7761168136494234e-05, 5.68040632060729e-05, 5.280241748550907e-05, 4.954254109179601e-05, 5.2563285862561315e-05, 5.333036096999422e-05, 5.0957656640093774e-05, 4.2027058952953666e-05, 4.231981438351795e-05, 3.961084803449921e-05, 4.237930625095032e-05, 3.817970718955621e-05, 4.00575008825399e-05, 3.841785655822605e-05, 3.7184021493885666e-05, 3.6861940316157416e-05, 3.846227627946064e-05, 3.673161336337216e-05, 3.778460813919082e-05, 4.279982385924086e-05, 3.834829112747684e-05, 4.03896628995426e-05, 3.5467535781208426e-05, 3.340990951983258e-05, 3.753504643100314e-05, 3.5253782698418945e-05, 3.406756877666339e-05, 3.316039146739058e-05, 3.314379137009382e-05, 3.505221684463322e-05, 3.3642485504969954e-05, 3.4350105124758556e-05, 3.8564256101381034e-05, 3.396909232833423e-05, 3.246936830691993e-05, 3.251144880778156e-05, 3.280192686361261e-05, 3.3989374060183764e-05, 3.340606781421229e-05, 3.1871408282313496e-05, 3.1974421290215105e-05, 3.3363408874720335e-05, 3.155257218168117e-05, 3.164466397720389e-05, 3.139892214676365e-05, 3.1923998903948814e-05, 3.060820381506346e-05, 3.049626866413746e-05, 3.149775511701591e-05, 3.1476625736104324e-05, 3.185139939887449e-05, 3.154930891469121e-05, 3.0586797947762534e-05, 3.151947748847306e-05, 3.082060720771551e-05, 3.13114833261352e-05, 3.076723442063667e-05, 3.0453657018369995e-05, 3.112335252808407e-05, 3.093315535807051e-05, 3.197424302925356e-05, 3.139315958833322e-05, 3.002304038091097e-05, 3.524034400470555e-05, 3.221210863557644e-05, 3.043416108994279e-05, 3.304575875517912e-05, 3.063027543248609e-05, 3.0750627047382295e-05, 3.154276782879606e-05, 3.186148387612775e-05, 3.1603642128175125e-05, 3.0379267627722584e-05],