{"loss": [0.0023513329215347767, 0.0017367962282150984, 0.0012010575737804174, 0.0009042999008670449, 0.0006663425592705607, 0.0005087674362584949, 0.00042912448407150805, 0.0003865682811010629, 0.00035684704198502004, 0.000343892170349136, 0.000323507993016392, 0.0003183000662829727, 0.00029538373928517103, 0.0002943602157756686, 0.00028761441353708506, 0.0002800158690661192, 0.00026506296126171947, 0.0002611731761135161, 0.0002605388581287116, 0.00025898401509039104, 0.000247244315687567, 0.00023970862093847245, 0.00023497527581639588, 0.00024352184846065938, 0.00024223448417615145, 0.00023418587807100266, 0.0002267057279823348, 0.00022071316197980195, 0.000213657011045143, 0.00021239338093437254, 0.0002104428131133318, 0.00020983659487683326, 0.00021653161093126982, 0.00022188427101355046, 0.0002021446853177622, 0.00019580261141527444, 0.00019136494665872306, 0.0001909696584334597, 0.00019197459914721549, 0.00019033122225664556, 0.00018543977057561278, 0.00018013168300967664, 0.00018015922978520393, 0.00018848701438400894, 0.00017753236170392483, 0.00018277589697390795, 0.00017755477165337652, 0.00017583237786311656], "mse": [0.0023513329215347767, 0.0017367962282150984, 0.0012010575737804174, 0.0009042999008670449, 0.0006663425592705607, 0.0005087674362584949, 0.00042912448407150805, 0.0003865682811010629, 0.00035684704198502004, 0.000343892170349136, 0.000323507993016392, 0.0003183000662829727, 0.00029538373928517103, 0.0002943602157756686, 0.00028761441353708506, 0.00028001583996228874, 0.00026506296126171947, 0.0002611731761135161, 0.0002605388581287116, 0.0002589839859865606, 0.000247244315687567, 0.00023970862093847245, 0.00023497527581639588, 0.00024352184846065938, 0.00024223448417615145, 0.00023418587807100266, 0.0002267057279823348, 0.00022071316197980195, 0.000213657011045143, 0.00021239338093437254, 0.0002104428131133318, 0.00020983659487683326, 0.00021653161093126982, 0.00022188427101355046, 0.0002021446853177622, 0.00019580261141527444, 0.00019136494665872306, 0.0001909696584334597, 0.00019197459914721549, 0.00019033122225664556, 0.00018543977057561278, 0.00018013168300967664, 0.00018015922978520393, 0.00018848702893592417, 0.00017753236170392483, 0.00018277589697390795, 0.00017755477165337652, 0.00017583237786311656], "val_loss": [0.002153057837858796, 0.0017339620972052217, 0.0013843876076862216, 0.0009919212898239493, 0.0007394544663839042, 0.0005352617590688169, 0.00044536293717101216, 0.0004041458887513727, 0.0003741557302419096, 0.00034472576226107776, 0.00032890966394916177, 0.0003373518993612379, 0.0003038340655621141, 0.0003290971799287945, 0.0002958023105747998, 0.00028484442736953497, 0.0003005933831445873, 0.00027067778864875436, 0.0002824744151439518, 0.00026309938402846456, 0.0002831506135407835, 0.00026770224212668836, 0.00026212737429887056, 0.000269161828327924, 0.00025854684645310044, 0.00026886313571594656, 0.0002483840216882527, 0.0002710098051466048, 0.0002466350852046162, 0.00026306702056899667, 0.0002473273198120296, 0.0002423254045424983, 0.0003515054122544825, 0.00025109932175837457, 0.00024526723427698016, 0.00024420913541689515, 0.00024791821488179266, 0.00023347177193500102, 0.0002391988382441923, 0.00026578642427921295, 0.00024030690838117152, 0.00024469918571412563, 0.0002439180389046669, 0.00024318791110999882, 0.00023984424478840083, 0.0002457450027577579, 0.00023573571525048465, 0.0002453553897794336], "val_mse": [0.002153057837858796, 0.0017339620972052217, 0.0013843876076862216, 0.0009919212898239493, 0.0007394544663839042, 0.0005352617590688169, 0.00044536293717101216, 0.0004041458887513727, 0.0003741557302419096, 0.00034472576226107776, 0.00032890966394916177, 0.0003373518993612379, 0.0003038340655621141, 0.0003290971799287945, 0.0002958023105747998, 0.00028484442736953497, 0.0003005933831445873, 0.00027067778864875436, 0.0002824744151439518, 0.00026309938402846456, 0.0002831506135407835, 0.00026770224212668836, 0.00026212737429887056, 0.000269161828327924, 0.00025854684645310044, 0.00026886313571594656, 0.0002483840216882527, 0.0002710098051466048, 0.0002466350852046162, 0.00026306702056899667, 0.0002473273198120296, 0.0002423254045424983, 0.0003515054122544825, 0.00025109932175837457, 0.00024526723427698016, 0.00024420913541689515, 0.00024791821488179266, 0.00023347177193500102, 0.0002391988382441923, 0.00026578642427921295, 0.00024030687927734107, 0.00024469918571412563, 0.0002439180389046669, 0.00024318791110999882, 0.00023984424478840083, 0.0002457450027577579, 0.00023573571525048465, 0.0002453553897794336]}