{"loss": [0.001961065921932459, 0.000593723205383867, 0.0001923826930578798, 0.0001327246573055163, 0.00011056150106014684, 9.29694069782272e-05, 8.032933692447841e-05, 7.526845001848415e-05, 6.513539119623601e-05, 5.860954479430802e-05, 5.753945151809603e-05, 5.1714436267502606e-05, 5.2995608712080866e-05, 4.885393354925327e-05, 4.7498302592430264e-05, 4.5194039557827637e-05, 4.426189843798056e-05, 4.5241238694870844e-05, 4.2034080252051353e-05, 4.127947977394797e-05, 4.098161662113853e-05, 3.9040496631059796e-05, 3.9708414988126606e-05, 3.970685793319717e-05, 4.305137917981483e-05, 3.65915875590872e-05, 3.7287409213604406e-05, 4.0058817830868065e-05, 3.596116948756389e-05, 3.5291759559186175e-05, 3.439329157117754e-05, 3.3658798201940954e-05, 3.6842251574853435e-05, 3.587864193832502e-05, 3.481040766928345e-05, 3.506661596475169e-05, 3.2392585126217455e-05], "mse": [0.001961065921932459, 0.000593723205383867, 0.0001923826930578798, 0.0001327246573055163, 0.00011056150106014684, 9.29694069782272e-05, 8.032933692447841e-05, 7.526845001848415e-05, 6.513539119623601e-05, 5.860954479430802e-05, 5.753945515607484e-05, 5.1714436267502606e-05, 5.2995608712080866e-05, 4.885393354925327e-05, 4.7498302592430264e-05, 4.5194039557827637e-05, 4.426189843798056e-05, 4.5241238694870844e-05, 4.2034080252051353e-05, 4.127947977394797e-05, 4.098161662113853e-05, 3.9040496631059796e-05, 3.9708414988126606e-05, 3.970685793319717e-05, 4.305137917981483e-05, 3.65915875590872e-05, 3.7287409213604406e-05, 4.0058817830868065e-05, 3.596116948756389e-05, 3.5291759559186175e-05, 3.439329157117754e-05, 3.365879456396215e-05, 3.6842251574853435e-05, 3.587864193832502e-05, 3.481040766928345e-05, 3.506661596475169e-05, 3.2392585126217455e-05], "val_loss": [0.0009641067590564489, 0.00024679707712493837, 0.00012857992260251194, 0.00011024564446415752, 9.038519056048244e-05, 7.731825462542474e-05, 7.370857201749459e-05, 6.779830437153578e-05, 7.585540879517794e-05, 6.403492443496361e-05, 6.359424151014537e-05, 6.80879529681988e-05, 7.074949098750949e-05, 6.095306162023917e-05, 6.881981244077906e-05, 5.938914546277374e-05, 6.447059422498569e-05, 6.263772229431197e-05, 6.540124741150066e-05, 6.77844145684503e-05, 5.849446097272448e-05, 5.896647780900821e-05, 6.09649796388112e-05, 6.430102803278714e-05, 6.608986586797982e-05, 6.183390360092744e-05, 5.746984243160114e-05, 6.005717295920476e-05, 6.38226410956122e-05, 5.91204188822303e-05, 5.836224227095954e-05, 5.941761264693923e-05, 6.255859625525773e-05, 5.8161593187833205e-05, 5.843696999363601e-05, 6.0134338127681985e-05, 5.852471440448426e-05], "val_mse": [0.0009641067590564489, 0.00024679707712493837, 0.00012857992260251194, 0.00011024564446415752, 9.038519056048244e-05, 7.731825462542474e-05, 7.370857201749459e-05, 6.779830437153578e-05, 7.585540879517794e-05, 6.403492443496361e-05, 6.359424151014537e-05, 6.80879529681988e-05, 7.074949098750949e-05, 6.095306162023917e-05, 6.881981971673667e-05, 5.938914546277374e-05, 6.447059422498569e-05, 6.263772229431197e-05, 6.540124741150066e-05, 6.77844145684503e-05, 5.849446097272448e-05, 5.896647780900821e-05, 6.09649796388112e-05, 6.430102803278714e-05, 6.608986586797982e-05, 6.183390360092744e-05, 5.746984243160114e-05, 6.005717295920476e-05, 6.38226410956122e-05, 5.91204188822303e-05, 5.836224227095954e-05, 5.941761264693923e-05, 6.255859625525773e-05, 5.8161593187833205e-05, 5.843696999363601e-05, 6.0134338127681985e-05, 5.852471440448426e-05]}