{"loss": [0.0025399685837328434, 0.0021567996591329575, 0.0018366134027019143, 0.0015081503661349416, 0.0011831142473965883, 0.0009202685905620456, 0.0006777328671887517, 0.0005025536520406604, 0.00036700564669445157, 0.0002553518279455602, 0.00020114108338020742, 0.00015905796317383647, 0.00013793879770673811, 0.00012482241436373442, 0.0001130453310906887, 0.00010335676779504865, 9.580911137163639e-05, 8.774649177212268e-05, 8.092356438282877e-05, 7.608400483150035e-05, 7.360518065979704e-05, 6.769478932255879e-05, 7.114894106052816e-05, 6.7595174186863e-05, 5.9666541346814483e-05, 5.835603951709345e-05, 5.720842818845995e-05, 5.6609977036714554e-05, 5.3740659495815635e-05, 4.93860752612818e-05, 4.9032154493033886e-05, 4.565434574033134e-05, 4.419985270942561e-05, 4.527924465946853e-05, 4.195681685814634e-05, 4.532907405518927e-05, 4.3799824197776616e-05, 3.828312401310541e-05, 3.804731022682972e-05, 3.575853043003008e-05, 3.530982576194219e-05, 3.62121791113168e-05, 3.5792156268144026e-05, 3.486936111585237e-05, 3.4292290365556255e-05, 3.1328832847066224e-05, 3.1988343835109845e-05, 3.111667319899425e-05, 3.236226984881796e-05, 3.109691169811413e-05, 3.1417719583259895e-05, 3.2358610042138025e-05, 3.0408051316044293e-05, 3.572385321604088e-05, 3.657583147287369e-05, 3.190705683664419e-05, 2.6868947315961123e-05, 2.4355893401661888e-05, 2.4228973416029476e-05, 2.194224543927703e-05], "mse": [0.0025399685837328434, 0.0021567996591329575, 0.0018366134027019143, 0.0015081503661349416, 0.0011831142473965883, 0.0009202685905620456, 0.0006777328671887517, 0.0005025536520406604, 0.00036700564669445157, 0.0002553518279455602, 0.00020114108338020742, 0.00015905796317383647, 0.00013793879770673811, 0.00012482241436373442, 0.0001130453310906887, 0.00010335676779504865, 9.580911137163639e-05, 8.774649177212268e-05, 8.092356438282877e-05, 7.608400483150035e-05, 7.360518065979704e-05, 6.769478932255879e-05, 7.114894106052816e-05, 6.7595174186863e-05, 5.9666541346814483e-05, 5.835603951709345e-05, 5.720842818845995e-05, 5.6609977036714554e-05, 5.3740659495815635e-05, 4.93860752612818e-05, 4.9032154493033886e-05, 4.565434574033134e-05, 4.419985270942561e-05, 4.527924465946853e-05, 4.195681685814634e-05, 4.532907041721046e-05, 4.3799824197776616e-05, 3.828312401310541e-05, 3.804731022682972e-05, 3.575853043003008e-05, 3.530982576194219e-05, 3.62121791113168e-05, 3.5792156268144026e-05, 3.486936111585237e-05, 3.4292290365556255e-05, 3.1328832847066224e-05, 3.1988343835109845e-05, 3.1116676836973056e-05, 3.236226984881796e-05, 3.109691169811413e-05, 3.1417719583259895e-05, 3.2358610042138025e-05, 3.0408051316044293e-05, 3.572385321604088e-05, 3.657583147287369e-05, 3.190705683664419e-05, 2.6868947315961123e-05, 2.4355893401661888e-05, 2.4228973416029476e-05, 2.194224543927703e-05], "val_loss": [0.001053913147188723, 0.0010353460675105453, 0.0008096680976450443, 0.0007643307326361537, 0.0006421056459657848, 0.0006339107058010995, 0.00048289485857822, 0.0003501496685203165, 0.0002841183159034699, 0.00018774103955365717, 0.0001664551964495331, 0.00012194811279186979, 0.000128334533656016, 0.00011749251279979944, 0.0001062306109815836, 0.00010780330921988934, 0.00011538436956470832, 0.00010177326475968584, 8.903488196665421e-05, 0.00011040268145734444, 9.310117457062006e-05, 8.24324379209429e-05, 0.00011105660814791918, 8.837462519295514e-05, 9.168584074359387e-05, 7.733148231636733e-05, 9.996732842409983e-05, 7.276291580637917e-05, 7.780196756357327e-05, 9.052853420143947e-05, 7.355402340181172e-05, 7.094864849932492e-05, 9.029846114572138e-05, 7.208120950963348e-05, 6.81880337651819e-05, 7.607877341797575e-05, 7.124736293917522e-05, 8.353219891432673e-05, 6.760675023542717e-05, 7.805571658536792e-05, 7.542341336375102e-05, 7.199290848802775e-05, 6.992633279878646e-05, 6.0073158238083124e-05, 7.751462544547394e-05, 5.929146573180333e-05, 7.316590927075595e-05, 5.805258479085751e-05, 8.306318341055885e-05, 5.7071669289143756e-05, 8.644143963465467e-05, 5.782031803391874e-05, 8.340201020473614e-05, 5.8850062487181276e-05, 9.402323485119268e-05, 5.790957948192954e-05, 7.499148341594264e-05, 5.770565621787682e-05, 6.898400897625834e-05, 6.332428893074393e-05], "val_mse": [0.001053913147188723, 0.0010353460675105453, 0.0008096680976450443, 0.0007643307326361537, 0.0006421056459657848, 0.0006339107058010995, 0.00048289485857822, 0.0003501496685203165, 0.0002841183159034699, 0.00018774103955365717, 0.0001664551964495331, 0.00012194811279186979, 0.000128334533656016, 0.00011749251279979944, 0.0001062306109815836, 0.00010780330921988934, 0.00011538436956470832, 0.00010177326475968584, 8.903488196665421e-05, 0.00011040268145734444, 9.310117457062006e-05, 8.24324379209429e-05, 0.00011105660814791918, 8.837462519295514e-05, 9.168584074359387e-05, 7.733148231636733e-05, 9.996732842409983e-05, 7.276291580637917e-05, 7.780196756357327e-05, 9.052853420143947e-05, 7.355402340181172e-05, 7.094864849932492e-05, 9.029846114572138e-05, 7.208120950963348e-05, 6.81880337651819e-05, 7.607877341797575e-05, 7.124736293917522e-05, 8.353219891432673e-05, 6.760675023542717e-05, 7.805571658536792e-05, 7.542341336375102e-05, 7.199290848802775e-05, 6.992633279878646e-05, 6.0073158238083124e-05, 7.751462544547394e-05, 5.929146573180333e-05, 7.316590927075595e-05, 5.805258479085751e-05, 8.306318341055885e-05, 5.7071669289143756e-05, 8.644143963465467e-05, 5.782031803391874e-05, 8.340201020473614e-05, 5.8850062487181276e-05, 9.402322757523507e-05, 5.7909586757887155e-05, 7.499148341594264e-05, 5.770565621787682e-05, 6.898400897625834e-05, 6.332428893074393e-05]}