{"loss": [0.005533275660127401, 0.002184084616601467, 0.0013586063869297504, 0.000913150783162564, 0.0007543164538219571, 0.0007035285234451294, 0.0006676129996776581, 0.0006523694028146565, 0.0006207569385878742, 0.000605400709901005, 0.0005599487340077758, 0.0005454864003695548, 0.0005415748455561697, 0.0005253102863207459, 0.0005244477652013302, 0.0005073987413197756, 0.0004957749042659998, 0.0004983487306162715, 0.0004882429202552885, 0.0004700530262198299, 0.00046118960017338395, 0.0004663789295591414, 0.00046331901103258133, 0.00044147009612061083, 0.0004445893573574722, 0.0004422604397404939, 0.00043986804666928947, 0.00043147726682946086, 0.0004333496908657253, 0.00044943802640773356, 0.0004188616876490414, 0.0004168364393990487, 0.0004353610856924206, 0.0004165923164691776, 0.00042021137778647244, 0.0004050751740578562, 0.0004061133658979088, 0.0003930621314793825, 0.000390622386476025, 0.0004046453977935016, 0.00040536397136747837, 0.00040024155168794096, 0.0003885343612637371, 0.0003906499478034675, 0.00037683569826185703, 0.00038796081207692623, 0.00037562422221526504, 0.00037040363531559706, 0.00037614774191752076], "mse": [0.005533275660127401, 0.002184084616601467, 0.0013586063869297504, 0.000913150783162564, 0.0007543164538219571, 0.0007035285234451294, 0.0006676129996776581, 0.0006523694028146565, 0.0006207569385878742, 0.000605400709901005, 0.0005599487340077758, 0.0005454864003695548, 0.0005415748455561697, 0.0005253102863207459, 0.0005244477652013302, 0.0005073987413197756, 0.0004957749042659998, 0.0004983487306162715, 0.0004882429202552885, 0.0004700530262198299, 0.00046118960017338395, 0.0004663789295591414, 0.00046331901103258133, 0.00044147009612061083, 0.0004445893573574722, 0.0004422604397404939, 0.00043986804666928947, 0.00043147726682946086, 0.0004333496908657253, 0.00044943802640773356, 0.0004188616876490414, 0.0004168364393990487, 0.0004353610856924206, 0.0004165923164691776, 0.00042021137778647244, 0.0004050751740578562, 0.0004061133658979088, 0.0003930621314793825, 0.000390622386476025, 0.0004046453977935016, 0.00040536397136747837, 0.00040024155168794096, 0.0003885343612637371, 0.0003906499478034675, 0.00037683569826185703, 0.00038796081207692623, 0.00037562422221526504, 0.00037040363531559706, 0.00037614774191752076], "val_loss": [0.0025836429558694363, 0.001719139632768929, 0.001021584845148027, 0.0007049157284200191, 0.0006481435848399997, 0.0006573572754859924, 0.0006185348611325026, 0.0005836366326548159, 0.0006976215518079698, 0.000546060036867857, 0.0005232932744547725, 0.0005607035127468407, 0.0005400281515903771, 0.0005193856195546687, 0.0005014055059291422, 0.0004963443498127162, 0.0004999052616767585, 0.0005565346218645573, 0.0004688130575232208, 0.0004696096875704825, 0.0004478140617720783, 0.0004521329829003662, 0.00047544518020004034, 0.0004315031983423978, 0.00044185511069372296, 0.0004580070963129401, 0.00045975245302543044, 0.00048809326835907996, 0.0004318758728913963, 0.000450608175015077, 0.00042284608935005963, 0.0004168031446170062, 0.0004409948014654219, 0.0004497792979236692, 0.00043316802475601435, 0.00041341170435771346, 0.0004167374281678349, 0.0004117511271033436, 0.0004104943072889, 0.00042148702777922153, 0.00043439349974505603, 0.00044167658779770136, 0.00042273328290320933, 0.000413547910284251, 0.00043475982965901494, 0.00044588648597709835, 0.0004166846629232168, 0.00042151304660364985, 0.00041226681787520647], "val_mse": [0.0025836429558694363, 0.001719139632768929, 0.001021584845148027, 0.0007049157284200191, 0.0006481435848399997, 0.0006573572754859924, 0.0006185348611325026, 0.0005836366326548159, 0.0006976215518079698, 0.0005460600950755179, 0.0005232932744547725, 0.0005607035127468407, 0.0005400281515903771, 0.0005193856195546687, 0.0005014055059291422, 0.0004963443498127162, 0.0004999052616767585, 0.0005565346218645573, 0.0004688130575232208, 0.0004696096875704825, 0.0004478140617720783, 0.0004521329829003662, 0.00047544518020004034, 0.0004315031983423978, 0.00044185511069372296, 0.0004580070963129401, 0.00045975245302543044, 0.00048809326835907996, 0.0004318758728913963, 0.000450608175015077, 0.00042284608935005963, 0.0004168031446170062, 0.0004409948014654219, 0.0004497792979236692, 0.00043316802475601435, 0.00041341170435771346, 0.0004167374281678349, 0.0004117511271033436, 0.0004104943072889, 0.00042148702777922153, 0.00043439349974505603, 0.00044167658779770136, 0.00042273328290320933, 0.000413547910284251, 0.00043475982965901494, 0.00044588648597709835, 0.0004166846629232168, 0.00042151310481131077, 0.00041226681787520647]}