{"loss": [0.0012479412835091352, 0.0001505863619968295, 6.655521428911015e-05, 4.6425564505625516e-05, 3.7131761928321794e-05, 3.2189549528993666e-05, 2.7144469640916213e-05, 2.6783629436977208e-05, 2.5847186407190748e-05, 2.2789352442487143e-05, 2.3314662030315958e-05, 2.103010228893254e-05, 1.934995270858053e-05, 1.7968473912333138e-05, 1.712072298687417e-05, 1.7055683201760985e-05, 1.6196849173866212e-05, 1.546352905279491e-05, 1.626095581741538e-05, 1.3993659194966312e-05, 1.4747334716957994e-05, 1.3869736903870944e-05, 1.2503550351539161e-05, 1.2608806173375342e-05, 1.504812462371774e-05, 1.1052257832488976e-05, 1.0998816833307501e-05, 1.2110231182305142e-05, 1.1355956303304993e-05, 1.1173564416822046e-05, 1.0534039574849885e-05, 1.0545049917709548e-05, 9.87454222922679e-06, 1.2653380508709233e-05, 9.288949513575062e-06, 9.947358194040135e-06, 8.570837962906808e-06, 9.090665116673335e-06, 8.764681297179777e-06, 8.98559210327221e-06, 8.377220183319878e-06, 1.0686427231121343e-05, 7.646845006092917e-06, 8.6768177425256e-06, 8.614613761892542e-06, 7.688524419791065e-06, 7.535616532550193e-06, 6.983721505093854e-06, 6.585279606952099e-06, 6.975686574151041e-06], "mse": [0.0012479412835091352, 0.0001505863619968295, 6.655521428911015e-05, 4.6425564505625516e-05, 3.7131761928321794e-05, 3.218954589101486e-05, 2.7144469640916213e-05, 2.6783629436977208e-05, 2.5847186407190748e-05, 2.2789352442487143e-05, 2.3314662030315958e-05, 2.103010228893254e-05, 1.934995270858053e-05, 1.7968473912333138e-05, 1.712072298687417e-05, 1.7055683201760985e-05, 1.6196849173866212e-05, 1.546352905279491e-05, 1.626095581741538e-05, 1.3993659194966312e-05, 1.4747334716957994e-05, 1.3869736903870944e-05, 1.2503550351539161e-05, 1.2608806173375342e-05, 1.504812462371774e-05, 1.1052257832488976e-05, 1.0998816833307501e-05, 1.2110231182305142e-05, 1.1355956303304993e-05, 1.1173564416822046e-05, 1.0534039574849885e-05, 1.0545049917709548e-05, 9.87454222922679e-06, 1.2653380508709233e-05, 9.288949513575062e-06, 9.947358194040135e-06, 8.570837962906808e-06, 9.090666026168037e-06, 8.764681297179777e-06, 8.98559210327221e-06, 8.377220183319878e-06, 1.0686427231121343e-05, 7.646845006092917e-06, 8.6768177425256e-06, 8.614613761892542e-06, 7.688524419791065e-06, 7.535616532550193e-06, 6.983721505093854e-06, 6.585279606952099e-06, 6.975686574151041e-06], "val_loss": [0.00032392016146332026, 8.788998093223199e-05, 5.769537892774679e-05, 4.1532992327120155e-05, 3.6799934605369344e-05, 3.384249794180505e-05, 3.165654561598785e-05, 2.7827029043692164e-05, 3.142479181406088e-05, 3.854902752209455e-05, 2.4623568606330082e-05, 3.4317603422096e-05, 2.3048669390846044e-05, 2.1389505491242744e-05, 2.16321786865592e-05, 2.3733451598673128e-05, 2.1370935428421944e-05, 2.106863757944666e-05, 1.960978624993004e-05, 2.002435940084979e-05, 2.4754479454713874e-05, 2.1847030438948423e-05, 1.8141263353754766e-05, 2.6963047275785357e-05, 2.066550587187521e-05, 1.7792901417124085e-05, 1.567194158269558e-05, 1.666807111178059e-05, 1.6046806194935925e-05, 1.4804046259087045e-05, 1.7289861716562882e-05, 1.56843143486185e-05, 1.4421180821955204e-05, 1.403411715727998e-05, 1.4917458429408725e-05, 1.454054654459469e-05, 1.459827308281092e-05, 1.5332123439293355e-05, 1.2859451089752838e-05, 1.2591499398695305e-05, 1.5142590200412087e-05, 1.3970923646411393e-05, 1.3567766472988296e-05, 1.4457023098657373e-05, 1.4225545783119742e-05, 1.2865410099038854e-05, 1.5853542208787985e-05, 1.3284629858389962e-05, 1.3871554983779788e-05, 1.3764180039288476e-05], "val_mse": [0.00032392016146332026, 8.788998093223199e-05, 5.769537892774679e-05, 4.1532992327120155e-05, 3.6799934605369344e-05, 3.384249794180505e-05, 3.165654561598785e-05, 2.7827029043692164e-05, 3.142479181406088e-05, 3.854902752209455e-05, 2.4623570425319485e-05, 3.4317603422096e-05, 2.3048669390846044e-05, 2.138950367225334e-05, 2.16321786865592e-05, 2.3733451598673128e-05, 2.1370935428421944e-05, 2.106863757944666e-05, 1.960978624993004e-05, 2.002435940084979e-05, 2.4754479454713874e-05, 2.1847030438948423e-05, 1.8141263353754766e-05, 2.6963047275785357e-05, 2.066550587187521e-05, 1.7792901417124085e-05, 1.567194158269558e-05, 1.666807111178059e-05, 1.6046806194935925e-05, 1.4804046259087045e-05, 1.7289861716562882e-05, 1.56843143486185e-05, 1.4421180821955204e-05, 1.403411715727998e-05, 1.4917458429408725e-05, 1.454054654459469e-05, 1.459827308281092e-05, 1.5332123439293355e-05, 1.2859451089752838e-05, 1.2591498489200603e-05, 1.5142590200412087e-05, 1.3970922736916691e-05, 1.3567766472988296e-05, 1.4457023098657373e-05, 1.4225545783119742e-05, 1.2865410099038854e-05, 1.585354038979858e-05, 1.3284629858389962e-05, 1.3871554983779788e-05, 1.3764180039288476e-05]}