{"loss": [0.004626906476914883, 0.0038750586099922657, 0.003159248735755682, 0.0024021221324801445, 0.001646807650104165, 0.0010942071676254272, 0.0008833192987367511, 0.000740321003831923, 0.00061310816090554, 0.0005141284200362861, 0.0004580053500831127, 0.00044491616426967084, 0.000388614455005154, 0.000362483027856797, 0.0003618116897996515, 0.0003363204305060208, 0.00032769195968285203, 0.000299218314466998, 0.00029216668917797506, 0.00029086405993439257, 0.0002814396284520626, 0.0002605691261123866, 0.00026572137721814215, 0.00024908166960813105, 0.00024437205865979195, 0.0002461457042954862, 0.0002525868476368487, 0.00023443021927960217, 0.0002258080494357273, 0.0002206687640864402, 0.00022185011766850948, 0.0002146894985344261, 0.00021270840079523623, 0.00021083834872115403, 0.00022181907843332738, 0.00020843085076194257, 0.00020718885934911668, 0.00020469471928663552, 0.00020200727158226073, 0.0001990106247831136, 0.0001874550653155893, 0.0001915212778840214, 0.0001847480598371476, 0.0001829409011406824, 0.00018494398682378232, 0.00019071748829446733, 0.00018989175441674888, 0.00018558124429546297, 0.00017809333803597838, 0.00017830623255576938, 0.00017784607189241797, 0.00017581600695848465, 0.00017901712271850556, 0.00018240927602164447, 0.0001763662148732692, 0.00017389177810400724, 0.0001743380562402308, 0.00017265279893763363, 0.00016641027468722314, 0.00016917182074394077, 0.00017851594020612538, 0.0001704319438431412, 0.00017355445015709847, 0.00016287321341224015, 0.00016286216850858182, 0.000162191892741248], "mse": [0.004626906476914883, 0.0038750586099922657, 0.003159248735755682, 0.0024021221324801445, 0.001646807766519487, 0.0010942071676254272, 0.0008833192987367511, 0.000740321003831923, 0.00061310816090554, 0.0005141284200362861, 0.0004580053500831127, 0.00044491616426967084, 0.000388614455005154, 0.000362483027856797, 0.0003618116897996515, 0.00033632037229835987, 0.00032769195968285203, 0.000299218314466998, 0.00029216668917797506, 0.00029086405993439257, 0.0002814396284520626, 0.0002605691261123866, 0.00026572137721814215, 0.00024908166960813105, 0.00024437205865979195, 0.0002461457042954862, 0.0002525868476368487, 0.00023443021927960217, 0.0002258080494357273, 0.0002206687640864402, 0.00022185011766850948, 0.00021468948398251086, 0.00021270840079523623, 0.00021083834872115403, 0.00022181907843332738, 0.00020843085076194257, 0.00020718885934911668, 0.00020469471928663552, 0.00020200727158226073, 0.0001990106247831136, 0.0001874550653155893, 0.0001915212778840214, 0.0001847480598371476, 0.0001829409011406824, 0.00018494398682378232, 0.00019071748829446733, 0.0001898917689686641, 0.00018558124429546297, 0.00017809333803597838, 0.00017830623255576938, 0.0001778460427885875, 0.00017581600695848465, 0.00017901712271850556, 0.00018240927602164447, 0.0001763662148732692, 0.00017389177810400724, 0.0001743380562402308, 0.00017265279893763363, 0.0001664102601353079, 0.00016917182074394077, 0.00017851594020612538, 0.0001704319438431412, 0.00017355445015709847, 0.00016287321341224015, 0.00016286216850858182, 0.000162191892741248], "val_loss": [0.0040389010682702065, 0.0034591860603541136, 0.002881103428080678, 0.0020153564400970936, 0.001331546576693654, 0.0009839406702667475, 0.0008366339607164264, 0.0006152563728392124, 0.0006299910601228476, 0.0006276707863435149, 0.0006054092082194984, 0.0005239362362772226, 0.0005064905853942037, 0.0005819440702907741, 0.0004478593764360994, 0.0004029445699416101, 0.0004158870433457196, 0.0004496042674873024, 0.00042879031389020383, 0.0005164151662029326, 0.00039450786425732076, 0.00039797957288101315, 0.00039135338738560677, 0.00038855132879689336, 0.0004261673311702907, 0.00037948443787172437, 0.00038731671520508826, 0.0004296874685678631, 0.0003943971823900938, 0.0003817841352429241, 0.00038683280581608415, 0.00037249192246235907, 0.00038506314740516245, 0.00036677386378869414, 0.0003895916452165693, 0.00038122269324958324, 0.0003656999615486711, 0.0004242464783601463, 0.0003626755496952683, 0.0003681403468362987, 0.0003646908444352448, 0.00037616927875205874, 0.0003834718663711101, 0.000386010913643986, 0.00038131827022880316, 0.0003952030965592712, 0.0003666144621092826, 0.0003793444484472275, 0.00035915113403461874, 0.00039395122439600527, 0.00037952561979182065, 0.0003641587099991739, 0.0003831220674328506, 0.0003754505596589297, 0.0003679949732031673, 0.000356370146619156, 0.00036240179906599224, 0.00037945466465316713, 0.00036836412618868053, 0.0003729193122126162, 0.00036936416290700436, 0.0003938412410207093, 0.0003733324119821191, 0.0003628499689511955, 0.0003605916572269052, 0.00037977349711582065], "val_mse": [0.0040389010682702065, 0.0034591860603541136, 0.002881103428080678, 0.0020153564400970936, 0.001331546576693654, 0.0009839406702667475, 0.0008366339607164264, 0.0006152563728392124, 0.0006299910019151866, 0.0006276707863435149, 0.0006054092082194984, 0.0005239362362772226, 0.0005064905853942037, 0.0005819440702907741, 0.0004478593764360994, 0.0004029445699416101, 0.0004158870433457196, 0.0004496042674873024, 0.00042879031389020383, 0.0005164151662029326, 0.00039450786425732076, 0.00039797957288101315, 0.00039135338738560677, 0.00038855132879689336, 0.0004261673311702907, 0.00037948443787172437, 0.00038731671520508826, 0.0004296874685678631, 0.0003943971823900938, 0.0003817841352429241, 0.00038683280581608415, 0.00037249192246235907, 0.0003850631765089929, 0.00036677386378869414, 0.0003895916452165693, 0.00038122269324958324, 0.0003656999615486711, 0.0004242464783601463, 0.0003626755496952683, 0.0003681403468362987, 0.0003646908444352448, 0.00037616927875205874, 0.0003834718663711101, 0.000386010913643986, 0.00038131827022880316, 0.0003952030965592712, 0.00036661443300545216, 0.000379344419343397, 0.00035915113403461874, 0.00039395122439600527, 0.00037952561979182065, 0.0003641587099991739, 0.0003831220674328506, 0.0003754505596589297, 0.0003679949732031673, 0.000356370146619156, 0.00036240179906599224, 0.00037945466465316713, 0.00036836412618868053, 0.0003729193122126162, 0.00036936416290700436, 0.0003938412410207093, 0.0003733324119821191, 0.0003628499689511955, 0.00036059162812307477, 0.00037977349711582065]}