{"loss": [0.002065857406705618, 0.0016211516922339797, 0.001037609064951539, 0.0005029488820582628, 0.0002552169025875628, 0.00016061317001003772, 0.00012564464122988284, 9.90635744528845e-05, 8.900475222617388e-05, 7.918522169347852e-05, 7.279101555468515e-05, 6.380894046742469e-05, 5.6309545470867306e-05, 5.3710060456069186e-05, 5.017420699005015e-05, 4.650235496228561e-05, 4.639003600459546e-05, 4.110783993382938e-05, 4.088596688234247e-05, 3.9662321796640754e-05, 3.825216117547825e-05, 3.820324127445929e-05, 3.6634090065490454e-05, 3.3836775401141495e-05, 3.370248305145651e-05, 3.578713585739024e-05, 3.236243355786428e-05, 3.266586645622738e-05, 3.252566239098087e-05, 3.2289797673001885e-05, 2.9375567464740016e-05, 2.9094653655192815e-05, 2.8022017431794666e-05], "mse": [0.002065857406705618, 0.0016211516922339797, 0.001037609064951539, 0.0005029488820582628, 0.0002552169025875628, 0.00016061317001003772, 0.00012564464122988284, 9.90635744528845e-05, 8.900475222617388e-05, 7.918522169347852e-05, 7.279101555468515e-05, 6.380894046742469e-05, 5.6309545470867306e-05, 5.3710060456069186e-05, 5.017420699005015e-05, 4.650235496228561e-05, 4.639003600459546e-05, 4.110783993382938e-05, 4.088596688234247e-05, 3.9662321796640754e-05, 3.825216117547825e-05, 3.820324127445929e-05, 3.6634090065490454e-05, 3.3836775401141495e-05, 3.37024757754989e-05, 3.578713585739024e-05, 3.236243355786428e-05, 3.266586645622738e-05, 3.252566239098087e-05, 3.2289797673001885e-05, 2.9375567464740016e-05, 2.9094653655192815e-05, 2.8022017431794666e-05], "val_loss": [0.0020662678871303797, 0.0014453831827268004, 0.0007427422096952796, 0.00032841210486367345, 0.0002019090752582997, 0.00019269205222371966, 0.0001809519890230149, 0.0001518453354947269, 0.0001301666779909283, 0.00015382951823994517, 0.00012356083607301116, 0.00012372825585771352, 0.00012066661292919889, 0.0001237177348230034, 0.00011287338566035032, 0.00011661669850582257, 0.00011307038221275434, 0.00010733705858001485, 0.00010296419350197539, 0.00011697052832460031, 0.00010243819269817322, 0.0001028541155392304, 0.00010107308480655774, 0.0001050941864377819, 0.00011264480417594314, 0.00010201119584962726, 0.00010654280049493536, 0.0001052208463079296, 0.00011038283264497295, 0.00010435441799927503, 0.00010317556007066742, 0.00010230605403194204, 0.00010241174459224567], "val_mse": [0.0020662678871303797, 0.0014453831827268004, 0.0007427422096952796, 0.00032841210486367345, 0.0002019090752582997, 0.00019269205222371966, 0.0001809519890230149, 0.0001518453354947269, 0.0001301666779909283, 0.00015382951823994517, 0.00012356083607301116, 0.00012372822675388306, 0.00012066661292919889, 0.0001237177348230034, 0.00011287338566035032, 0.00011661669850582257, 0.00011307038221275434, 0.00010733705858001485, 0.00010296419350197539, 0.00011697052832460031, 0.00010243818542221561, 0.0001028541155392304, 0.00010107308480655774, 0.0001050941864377819, 0.00011264480417594314, 0.00010201119584962726, 0.00010654280049493536, 0.0001052208463079296, 0.00011038283264497295, 0.00010435441799927503, 0.00010317554551875219, 0.00010230605403194204, 0.00010241174459224567]}