{"loss": [0.0019678499083966017, 0.0009142235503531992, 0.0008548820624127984, 0.000812628073617816, 0.0007984308758750558, 0.0007909751730039716, 0.0007591330213472247, 0.0007408828823827207, 0.0007319822325371206, 0.0007122952374629676, 0.0006955434218980372, 0.0006891342345625162, 0.0006729633314535022, 0.0006583631038665771, 0.0006412274669855833, 0.0006329838070087135, 0.000624895270448178, 0.000637348392046988, 0.000606679474003613, 0.0005982884322293103, 0.0005984501913189888, 0.0005867555737495422, 0.0005822312668897212, 0.000582154025323689, 0.0005723640788346529, 0.0005710643017664552, 0.0005631777457892895, 0.0005710013792850077, 0.0005535651580430567, 0.0005544888554140925, 0.0005542009603232145, 0.0005393631872721016, 0.0005392015445977449, 0.0005329876439645886, 0.0005342818330973387], "mse": [0.0019678499083966017, 0.0009142236667685211, 0.0008548820624127984, 0.000812628073617816, 0.0007984308758750558, 0.0007909751730039716, 0.0007591330795548856, 0.0007408828823827207, 0.0007319822325371206, 0.0007122952374629676, 0.0006955434218980372, 0.0006891342345625162, 0.0006729633314535022, 0.0006583631038665771, 0.0006412274669855833, 0.0006329838070087135, 0.000624895270448178, 0.000637348392046988, 0.000606679474003613, 0.0005982884322293103, 0.0005984501913189888, 0.0005867555737495422, 0.0005822312668897212, 0.000582154025323689, 0.0005723640788346529, 0.0005710643017664552, 0.0005631777457892895, 0.0005710014374926686, 0.0005535651580430567, 0.0005544888554140925, 0.0005542009603232145, 0.0005393631872721016, 0.0005392015445977449, 0.0005329876439645886, 0.0005342818330973387], "val_loss": [0.001143515226431191, 0.0009060527663677931, 0.0008706144290044904, 0.0008590533398091793, 0.0009525791392661631, 0.0008385865367017686, 0.0008478725212626159, 0.0008193643880076706, 0.0008115174132399261, 0.0007941690273582935, 0.0008124742889776826, 0.0007912865839898586, 0.0008038809755817056, 0.0008173544774763286, 0.000804591050837189, 0.0008306073141284287, 0.0008403624524362385, 0.0008044742862693965, 0.0008098899852484465, 0.0007957980851642787, 0.0008208410581573844, 0.0007892206776887178, 0.0008133078226819634, 0.0008031710749492049, 0.0007885207305662334, 0.000788936740718782, 0.0007969902362674475, 0.0008120175334624946, 0.0008418608922511339, 0.000805465504527092, 0.0008149024797603488, 0.0008237063884735107, 0.0007996873464435339, 0.0008387122070416808, 0.000828124932013452], "val_mse": [0.001143515226431191, 0.0009060527663677931, 0.0008706144290044904, 0.0008590533398091793, 0.0009525791392661631, 0.0008385865367017686, 0.0008478725212626159, 0.0008193643880076706, 0.0008115174132399261, 0.0007941690273582935, 0.0008124742889776826, 0.0007912865839898586, 0.0008038809755817056, 0.0008173544774763286, 0.000804591050837189, 0.0008306073141284287, 0.0008403624524362385, 0.0008044742862693965, 0.0008098899852484465, 0.0007957980851642787, 0.0008208410581573844, 0.0007892206776887178, 0.0008133078226819634, 0.0008031710749492049, 0.0007885207305662334, 0.000788936740718782, 0.0007969902362674475, 0.0008120175334624946, 0.0008418608922511339, 0.000805465504527092, 0.0008149024797603488, 0.0008237063884735107, 0.0007996873464435339, 0.0008387122070416808, 0.000828124932013452]}