{"loss": [0.06561575829982758, 0.06346885859966278, 0.06268598139286041, 0.061584971845149994, 0.06086244061589241, 0.06006673723459244, 0.05903176590800285, 0.05837231129407883, 0.05752161890268326, 0.05711907148361206, 0.05665663629770279, 0.05575099587440491, 0.05495849996805191, 0.05419428274035454, 0.05372313782572746, 0.05354056879878044, 0.05294514447450638, 0.052536189556121826, 0.0518750362098217, 0.05147077515721321, 0.0509672686457634], "mse": [0.06561575829982758, 0.06346885859966278, 0.06268598139286041, 0.061584971845149994, 0.06086244061589241, 0.06006673723459244, 0.05903176590800285, 0.05837231129407883, 0.05752161890268326, 0.05711907148361206, 0.05665663629770279, 0.05575099587440491, 0.05495849996805191, 0.05419428274035454, 0.05372313782572746, 0.05354056879878044, 0.05294514447450638, 0.052536189556121826, 0.0518750362098217, 0.05147077515721321, 0.0509672686457634], "val_loss": [0.0914280116558075, 0.08715884387493134, 0.08996044844388962, 0.08795871585607529, 0.08868104219436646, 0.08737527579069138, 0.0882256031036377, 0.08818601816892624, 0.08746730536222458, 0.08957189321517944, 0.08714599162340164, 0.08971486985683441, 0.08814716339111328, 0.0892627090215683, 0.0888652428984642, 0.08721337467432022, 0.09113842248916626, 0.08840148150920868, 0.08832358568906784, 0.09054524451494217, 0.09031157195568085], "val_mse": [0.0914280116558075, 0.08715884387493134, 0.08996044099330902, 0.08795871585607529, 0.08868104219436646, 0.08737527579069138, 0.0882256031036377, 0.08818601816892624, 0.08746730536222458, 0.08957189321517944, 0.08714599162340164, 0.08971486985683441, 0.08814716339111328, 0.0892627090215683, 0.0888652428984642, 0.08721337467432022, 0.09113842248916626, 0.08840148150920868, 0.08832357823848724, 0.09054524451494217, 0.09031157195568085]}