{"loss": [0.0032096821814775467, 0.002838580869138241, 0.002718494739383459, 0.0025923731736838818, 0.002480937633663416, 0.0023707845248281956, 0.002244242699816823, 0.002134066540747881, 0.002004157518967986, 0.0019410334061831236, 0.0018247980624437332, 0.0017312964191660285, 0.0016344465548172593, 0.0015964334597811103, 0.0015145281795412302, 0.0014719454338774085, 0.0014385536778718233, 0.0014142466243356466, 0.0014102848945185542], "mse": [0.0032096821814775467, 0.002838580869138241, 0.002718494739383459, 0.0025923731736838818, 0.002480937633663416, 0.0023707845248281956, 0.002244242699816823, 0.002134066540747881, 0.002004157518967986, 0.0019410334061831236, 0.0018247980624437332, 0.0017312964191660285, 0.0016344465548172593, 0.0015964334597811103, 0.0015145281795412302, 0.0014719454338774085, 0.0014385536778718233, 0.0014142466243356466, 0.0014102848945185542], "val_loss": [0.0024367854930460453, 0.0024806801229715347, 0.0022973569575697184, 0.0021672346629202366, 0.0021746729034930468, 0.002094503026455641, 0.0020696227438747883, 0.0021208887919783592, 0.001992874313145876, 0.0021455103997141123, 0.00214147730730474, 0.002044020453467965, 0.0021987741347402334, 0.0021040684077888727, 0.0021117604337632656, 0.0021613123826682568, 0.0022468920797109604, 0.0021604110952466726, 0.002140203956514597], "val_mse": [0.0024367854930460453, 0.0024806801229715347, 0.0022973567247390747, 0.0021672346629202366, 0.0021746729034930468, 0.002094503026455641, 0.0020696227438747883, 0.0021208887919783592, 0.001992874313145876, 0.002145510632544756, 0.00214147730730474, 0.002044020453467965, 0.0021987741347402334, 0.0021040686406195164, 0.0021117604337632656, 0.002161312149837613, 0.0022468920797109604, 0.0021604110952466726, 0.002140203956514597]}