{"loss": [0.022885765880346298, 0.022064566612243652, 0.021598273888230324, 0.021272869780659676, 0.021090067923069, 0.020817741751670837, 0.020811228081583977, 0.02064349688589573, 0.020508989691734314, 0.020342884585261345, 0.02041209302842617, 0.02022572048008442, 0.020239736884832382, 0.02012970857322216, 0.019996022805571556, 0.020021865144371986, 0.01990111730992794, 0.019611049443483353, 0.019623538479208946, 0.01954040490090847, 0.01933889649808407, 0.01932220160961151], "mse": [0.022885765880346298, 0.022064566612243652, 0.021598273888230324, 0.021272869780659676, 0.021090067923069, 0.020817741751670837, 0.020811231806874275, 0.02064349688589573, 0.020508989691734314, 0.020342884585261345, 0.02041209302842617, 0.02022572048008442, 0.020239736884832382, 0.02012970857322216, 0.019996022805571556, 0.020021865144371986, 0.01990111730992794, 0.019611049443483353, 0.019623538479208946, 0.01954040490090847, 0.01933889649808407, 0.01932220160961151], "val_loss": [0.02655334398150444, 0.026089925318956375, 0.027617890387773514, 0.025340933352708817, 0.02563396468758583, 0.026741590350866318, 0.0250498428940773, 0.02571721374988556, 0.025322962552309036, 0.025851763784885406, 0.026791676878929138, 0.02464905008673668, 0.024975579231977463, 0.025550689548254013, 0.02572448179125786, 0.026009375229477882, 0.025087106972932816, 0.02528160996735096, 0.02585631050169468, 0.025764884427189827, 0.025483516976237297, 0.02534189075231552], "val_mse": [0.02655334398150444, 0.026089925318956375, 0.027617890387773514, 0.025340937077999115, 0.02563396282494068, 0.026741590350866318, 0.0250498428940773, 0.02571721374988556, 0.025322962552309036, 0.025851763784885406, 0.026791676878929138, 0.02464905008673668, 0.024975579231977463, 0.025550689548254013, 0.02572448179125786, 0.026009373366832733, 0.025087106972932816, 0.02528160996735096, 0.02585631050169468, 0.025764884427189827, 0.025483516976237297, 0.02534189075231552]}