{"loss": [0.024666139855980873, 0.019192641600966454, 0.014765371568500996, 0.011620634235441685, 0.008767631836235523, 0.00602166261523962, 0.0037474099081009626, 0.0025083008222281933, 0.0019619751255959272, 0.0013795499689877033, 0.0010646547889336944, 0.0009142675553448498, 0.0007575833587907255, 0.0006660878425464034, 0.0006411877111531794, 0.0005387321580201387, 0.00047536063357256353, 0.0005080234259366989, 0.0003911230596713722, 0.0003468836657702923, 0.0003216257900930941, 0.0002996819675900042, 0.00027754835900850594, 0.00024517005658708513, 0.00025120930513367057, 0.0003300097887404263, 0.0002543342998251319, 0.00021371900220401585, 0.0002012057666433975, 0.00019457637972664088, 0.0001665414747549221, 0.00015896398690529168, 0.00014642627502325922, 0.00015398228424601257, 0.00014744428335689008, 0.0001408440584782511, 0.0001322009484283626, 0.00013924982340540737, 0.00016836097347550094, 0.00012723126565106213, 0.00014078084495849907, 0.00012705824337899685, 0.00011995390377705917, 0.00010996210767189041, 0.00010044061491498724, 0.0001124189147958532, 0.0001029542981996201, 0.00011015074414899573, 0.00011796197213698179, 0.00012358362437225878, 9.237396443495527e-05, 9.569529356667772e-05, 9.398644760949537e-05, 8.700305625097826e-05, 8.926074224291369e-05, 8.627471106592566e-05, 8.049751340877265e-05, 8.185181650333107e-05, 0.00011066214938182384, 8.731376874493435e-05, 9.86983795883134e-05, 7.586948049720377e-05, 7.797590660629794e-05, 8.567891927668825e-05, 8.973015064839274e-05, 7.249739428516477e-05, 6.939394370419905e-05, 6.863672024337575e-05, 8.218417497118935e-05, 6.354236393235624e-05, 5.9607533330563456e-05, 6.212705193320289e-05, 6.077396756154485e-05, 7.073298183968291e-05, 6.662301893811673e-05, 6.373333599185571e-05, 6.565198418684304e-05, 6.168340769363567e-05, 6.501136522274464e-05, 5.229055022937246e-05, 5.145099567016587e-05, 6.754436617484316e-05], "mse": [0.024666139855980873, 0.019192641600966454, 0.014765371568500996, 0.011620634235441685, 0.008767631836235523, 0.00602166261523962, 0.0037474099081009626, 0.0025083008222281933, 0.0019619751255959272, 0.0013795499689877033, 0.0010646547889336944, 0.0009142675553448498, 0.0007575833587907255, 0.0006660878425464034, 0.0006411877111531794, 0.0005387321580201387, 0.00047536063357256353, 0.0005080234259366989, 0.0003911230596713722, 0.0003468836657702923, 0.0003216257900930941, 0.00029968199669383466, 0.00027754835900850594, 0.00024517005658708513, 0.00025120930513367057, 0.0003300097887404263, 0.0002543342998251319, 0.00021371900220401585, 0.0002012057666433975, 0.00019457637972664088, 0.0001665414747549221, 0.00015896398690529168, 0.00014642627502325922, 0.0001539822551421821, 0.00014744428335689008, 0.0001408440584782511, 0.0001322009484283626, 0.00013924982340540737, 0.00016836097347550094, 0.00012723126565106213, 0.00014078084495849907, 0.00012705824337899685, 0.00011995390377705917, 0.00010996210767189041, 0.00010044061491498724, 0.0001124189147958532, 0.0001029542981996201, 0.00011015074414899573, 0.00011796197213698179, 0.00012358362437225878, 9.237396443495527e-05, 9.569529356667772e-05, 9.398644760949537e-05, 8.700305625097826e-05, 8.926074224291369e-05, 8.627471106592566e-05, 8.049751340877265e-05, 8.185181650333107e-05, 0.00011066214938182384, 8.731376874493435e-05, 9.86983795883134e-05, 7.586948049720377e-05, 7.797590660629794e-05, 8.567891927668825e-05, 8.973015064839274e-05, 7.249739428516477e-05, 6.939394370419905e-05, 6.863672024337575e-05, 8.218417497118935e-05, 6.354236393235624e-05, 5.9607533330563456e-05, 6.212705193320289e-05, 6.077396756154485e-05, 7.073298183968291e-05, 6.662301893811673e-05, 6.373333599185571e-05, 6.565198418684304e-05, 6.168340769363567e-05, 6.501136522274464e-05, 5.229055022937246e-05, 5.145099567016587e-05, 6.754436617484316e-05], "val_loss": [0.01938009075820446, 0.01530603040009737, 0.012083951383829117, 0.009556974284350872, 0.006736467592418194, 0.004463231656700373, 0.002922229003161192, 0.0020800884813070297, 0.0015875376993790269, 0.0012185072991997004, 0.0010912370635196567, 0.0009225850808434188, 0.0007948856800794601, 0.0007706353790126741, 0.0007958516362123191, 0.0006894728867337108, 0.0007459232583642006, 0.0006378352409228683, 0.0005767323891632259, 0.000551981502212584, 0.0005070066545158625, 0.0004816234577447176, 0.00047536828787997365, 0.0004499029309954494, 0.0004989264998584986, 0.0004637014935724437, 0.0004499019996728748, 0.00043331956840120256, 0.00044316815910860896, 0.00040946039371192455, 0.0003983760834671557, 0.00038427638355642557, 0.00037907023215666413, 0.0003639700007624924, 0.000375361560145393, 0.00037737717502750456, 0.0003756550722755492, 0.0004308850911911577, 0.00037620734656229615, 0.0004047354741487652, 0.00035179819678887725, 0.0003791609196923673, 0.0003697560168802738, 0.00033136853016912937, 0.00034855812555179, 0.0003484567569103092, 0.00034096339368261397, 0.00032777810702100396, 0.00037887555663473904, 0.0003225398832000792, 0.000350561662344262, 0.0003267788852099329, 0.00032938172807917, 0.00031998095801100135, 0.00031702249543741345, 0.00031727697933092713, 0.0003067362995352596, 0.0003528978559188545, 0.00031680395477451384, 0.0003373555955477059, 0.0003085219068452716, 0.00030179228633642197, 0.00030010449700057507, 0.000339432037435472, 0.0003110628167632967, 0.00030880150734446943, 0.0002964614250231534, 0.00030884036095812917, 0.0002914700598921627, 0.0002907242742367089, 0.0002940431877505034, 0.0002891217591241002, 0.0002978405391331762, 0.0003377978573553264, 0.00029531243490055203, 0.0002947098691947758, 0.0002933871583081782, 0.00030378540395759046, 0.00031606716220267117, 0.0002951227652374655, 0.0002944040752481669, 0.000304353452520445], "val_mse": [0.01938009075820446, 0.01530603040009737, 0.012083951383829117, 0.009556974284350872, 0.006736467592418194, 0.004463231656700373, 0.002922229003161192, 0.0020800884813070297, 0.0015875376993790269, 0.0012185072991997004, 0.0010912370635196567, 0.0009225850808434188, 0.000794885796494782, 0.0007706353790126741, 0.000795851752627641, 0.0006894728867337108, 0.0007459232583642006, 0.0006378352409228683, 0.0005767323891632259, 0.000551981502212584, 0.0005070066545158625, 0.0004816234577447176, 0.00047536828787997365, 0.0004499029309954494, 0.0004989264998584986, 0.0004637014935724437, 0.0004499019996728748, 0.00043331956840120256, 0.00044316815910860896, 0.00040946039371192455, 0.0003983760834671557, 0.00038427638355642557, 0.00037907023215666413, 0.0003639700007624924, 0.000375361560145393, 0.00037737717502750456, 0.0003756550722755492, 0.0004308850911911577, 0.00037620734656229615, 0.0004047354741487652, 0.00035179819678887725, 0.0003791609196923673, 0.0003697560168802738, 0.00033136853016912937, 0.00034855812555179, 0.00034845672780647874, 0.00034096339368261397, 0.00032777810702100396, 0.00037887555663473904, 0.0003225398832000792, 0.000350561662344262, 0.0003267788852099329, 0.00032938172807917, 0.00031998095801100135, 0.00031702249543741345, 0.00031727697933092713, 0.0003067362995352596, 0.0003528978559188545, 0.00031680395477451384, 0.0003373555955477059, 0.0003085219068452716, 0.00030179228633642197, 0.00030010449700057507, 0.000339432037435472, 0.00031106278765946627, 0.00030880150734446943, 0.0002964614250231534, 0.00030884036095812917, 0.0002914700598921627, 0.0002907242742367089, 0.0002940431877505034, 0.0002891217591241002, 0.0002978405391331762, 0.0003377978573553264, 0.00029531243490055203, 0.0002947098691947758, 0.0002933871583081782, 0.00030378540395759046, 0.00031606716220267117, 0.0002951227652374655, 0.0002944040752481669, 0.000304353452520445]}