{"loss": [0.006325791589915752, 0.004207544028759003, 0.002614265773445368, 0.0020067887380719185, 0.0018900127615779638, 0.0015862577129155397, 0.0013266209280118346, 0.001097987755201757, 0.0008639736333861947, 0.0006683802930638194, 0.0005789576680399477, 0.00044807730591855943, 0.00036920071579515934, 0.0003329592873342335, 0.0003055750858038664, 0.0002940663252957165, 0.0002701095072552562, 0.00023709062952548265, 0.00023177739058155566, 0.00021796100190840662, 0.00020758896425832063, 0.00022167529095895588, 0.0001821599726099521, 0.0001769781665643677, 0.00017026311252266169, 0.00016315265384037048, 0.0001521528174635023, 0.00015895847172942013, 0.0001521980739198625, 0.00015843918663449585, 0.00014155710232444108, 0.00014507446030620486, 0.0001326501660514623, 0.00013814546400681138, 0.00013876310549676418, 0.00014265916252043098, 0.00013001132174395025, 0.00012134950520703569, 0.0001155377394752577, 0.00011798473133239895, 0.00011716167500708252, 0.00011834817996714264, 0.00011474495113361627, 0.00011274642019998282, 0.00010668785398593172, 0.00010464924707775936, 0.00010666913294699043, 0.00011254140554228798, 0.00010372001270297915, 0.00010121021477971226, 0.00010838964954018593], "mse": [0.006325791589915752, 0.004207544028759003, 0.002614265773445368, 0.0020067887380719185, 0.0018900127615779638, 0.0015862577129155397, 0.0013266209280118346, 0.001097987755201757, 0.0008639736333861947, 0.0006683802930638194, 0.0005789576680399477, 0.00044807730591855943, 0.00036920071579515934, 0.00033295934554189444, 0.0003055750858038664, 0.0002940663252957165, 0.0002701095072552562, 0.00023709062952548265, 0.00023177739058155566, 0.00021796100190840662, 0.00020758896425832063, 0.00022167529095895588, 0.0001821599726099521, 0.0001769781665643677, 0.00017026311252266169, 0.00016315265384037048, 0.0001521528174635023, 0.00015895847172942013, 0.0001521980739198625, 0.0001584392157383263, 0.00014155710232444108, 0.00014507446030620486, 0.0001326501660514623, 0.00013814546400681138, 0.00013876310549676418, 0.00014265916252043098, 0.00013001132174395025, 0.00012134950520703569, 0.0001155377394752577, 0.00011798473133239895, 0.00011716167500708252, 0.00011834816541522741, 0.00011474495113361627, 0.00011274642019998282, 0.00010668785398593172, 0.00010464924707775936, 0.00010666913294699043, 0.00011254140554228798, 0.00010372001270297915, 0.00010121021477971226, 0.00010838964954018593], "val_loss": [0.00915596354752779, 0.004997505806386471, 0.0022085097152739763, 0.0018303666729480028, 0.0017431046580895782, 0.0014021419920027256, 0.001254632486961782, 0.0009582120110280812, 0.0007728595519438386, 0.0006133642164058983, 0.0006072250544093549, 0.0004656696110032499, 0.0004385319189168513, 0.0004024136287625879, 0.0004233397194184363, 0.00035299884621053934, 0.0003425471077207476, 0.00036219178582541645, 0.0003246458654757589, 0.00036311469739302993, 0.0003587401588447392, 0.0003229293506592512, 0.00030432321364060044, 0.0003030120278708637, 0.0002970723435282707, 0.00030383808189071715, 0.00028826954076066613, 0.00028476075385697186, 0.0003241774393245578, 0.0002769933780655265, 0.0002768347621895373, 0.00028612438472919166, 0.00029946485301479697, 0.0003000510623678565, 0.0003099121677223593, 0.00027675117598846555, 0.00026168819749727845, 0.00027905264869332314, 0.0002704098296817392, 0.00028918072348460555, 0.00025193352485075593, 0.00028213715995661914, 0.00026355840964242816, 0.0002626586065161973, 0.00027287783450447023, 0.0002689967514015734, 0.00028314729570411146, 0.00027709524147212505, 0.00026486642309464514, 0.00028429730446077883, 0.0002876156650017947], "val_mse": [0.00915596354752779, 0.004997505806386471, 0.0022085097152739763, 0.0018303666729480028, 0.0017431046580895782, 0.0014021419920027256, 0.001254632486961782, 0.0009582120110280812, 0.0007728595519438386, 0.0006133642164058983, 0.0006072250544093549, 0.0004656696110032499, 0.0004385319189168513, 0.0004024136287625879, 0.0004233397194184363, 0.00035299884621053934, 0.0003425471077207476, 0.00036219178582541645, 0.0003246458654757589, 0.00036311469739302993, 0.0003587401588447392, 0.0003229293506592512, 0.00030432321364060044, 0.0003030120278708637, 0.0002970723435282707, 0.00030383808189071715, 0.00028826954076066613, 0.00028476075385697186, 0.0003241774393245578, 0.0002769933780655265, 0.0002768347621895373, 0.00028612438472919166, 0.00029946485301479697, 0.0003000510623678565, 0.0003099121677223593, 0.00027675117598846555, 0.00026168819749727845, 0.00027905264869332314, 0.00027040985878556967, 0.00028918072348460555, 0.00025193352485075593, 0.00028213715995661914, 0.00026355840964242816, 0.0002626586065161973, 0.00027287783450447023, 0.0002689967514015734, 0.00028314729570411146, 0.00027709524147212505, 0.00026486642309464514, 0.00028429730446077883, 0.0002876156650017947]}