{"loss": [0.0013160348171368241, 0.000247372779995203, 0.0001477212063036859, 0.00011764858209062368, 9.684880205895752e-05, 8.925439760787413e-05, 7.761259621474892e-05, 7.160277891671285e-05, 6.904270412633196e-05, 6.402658618753776e-05, 6.186764949234203e-05, 6.548153032781556e-05, 6.125460640760139e-05, 6.165916420286521e-05, 5.8149471442447975e-05, 5.614951078314334e-05, 5.492663331096992e-05, 5.739135667681694e-05, 5.2411138312891126e-05, 5.3930645663058385e-05, 5.346977923181839e-05, 5.020099342800677e-05, 5.11129510414321e-05, 5.0837130402214825e-05, 5.238995436229743e-05, 4.7378838644362986e-05, 4.878843537881039e-05, 5.128254269948229e-05, 4.82712421217002e-05, 4.783971235156059e-05, 4.603944762493484e-05, 4.6791155909886584e-05, 4.584441558108665e-05, 4.7986864956328645e-05, 4.6432745875790715e-05, 4.454211739357561e-05, 4.4872485887026414e-05, 4.5479246182367206e-05, 4.248467303114012e-05, 4.4489035644801334e-05, 4.287334741093218e-05, 4.385722422739491e-05, 4.570495366351679e-05, 4.273517697583884e-05, 4.265561801730655e-05, 4.311536395107396e-05, 4.077941775904037e-05, 4.060711580677889e-05, 4.405861545819789e-05, 4.385571082821116e-05, 4.2185449274256825e-05, 4.110434383619577e-05, 4.094604810234159e-05, 4.1562750993762165e-05], "mse": [0.0013160348171368241, 0.000247372779995203, 0.0001477212063036859, 0.00011764858209062368, 9.684880205895752e-05, 8.925439760787413e-05, 7.761259621474892e-05, 7.160277164075524e-05, 6.904270412633196e-05, 6.402658618753776e-05, 6.186764221638441e-05, 6.548153032781556e-05, 6.125460640760139e-05, 6.165916420286521e-05, 5.8149471442447975e-05, 5.614951078314334e-05, 5.492663331096992e-05, 5.739135667681694e-05, 5.2411138312891126e-05, 5.3930645663058385e-05, 5.346978650777601e-05, 5.020099342800677e-05, 5.11129510414321e-05, 5.0837130402214825e-05, 5.238995436229743e-05, 4.7378838644362986e-05, 4.878843537881039e-05, 5.128254269948229e-05, 4.82712421217002e-05, 4.783971235156059e-05, 4.603944762493484e-05, 4.6791155909886584e-05, 4.584441558108665e-05, 4.7986864956328645e-05, 4.6432745875790715e-05, 4.454211739357561e-05, 4.4872485887026414e-05, 4.5479246182367206e-05, 4.248467303114012e-05, 4.4489035644801334e-05, 4.287334741093218e-05, 4.385722422739491e-05, 4.570495366351679e-05, 4.273517697583884e-05, 4.265561801730655e-05, 4.311536395107396e-05, 4.077941775904037e-05, 4.060711580677889e-05, 4.405861545819789e-05, 4.385571082821116e-05, 4.2185449274256825e-05, 4.110434383619577e-05, 4.094604810234159e-05, 4.1562750993762165e-05], "val_loss": [0.0003026429330930114, 0.00013748378842137754, 0.00010178217780776322, 8.141127182170749e-05, 7.592721522087231e-05, 7.124185503926128e-05, 6.487659265985712e-05, 6.352252967189997e-05, 6.523009506054223e-05, 5.794719254481606e-05, 5.989372584735975e-05, 6.244460382731631e-05, 6.0125057643745095e-05, 6.742058030795306e-05, 6.345407018670812e-05, 5.81707718083635e-05, 5.9635305660776794e-05, 5.532767318072729e-05, 5.411649908637628e-05, 5.700644396711141e-05, 5.326781320036389e-05, 5.959517875453457e-05, 5.631709791487083e-05, 6.474406109191477e-05, 5.36243460373953e-05, 5.7955305237555876e-05, 5.5061649618437514e-05, 5.2578634495148435e-05, 5.429795055533759e-05, 5.408180732047185e-05, 5.647130819852464e-05, 6.296215724432841e-05, 5.7094661315204576e-05, 6.70299050398171e-05, 5.3615469369105995e-05, 5.3629468311555684e-05, 5.7577603001846e-05, 5.101700298837386e-05, 5.304707519826479e-05, 5.136854451848194e-05, 5.2140694606350735e-05, 5.5330954637611285e-05, 5.9700076235458255e-05, 5.0956030463567004e-05, 5.395406697061844e-05, 6.00817111262586e-05, 5.2041261369595304e-05, 6.0614958783844486e-05, 5.252897608443163e-05, 5.792804222437553e-05, 5.327129110810347e-05, 5.438423249870539e-05, 5.210730159888044e-05, 5.889359090360813e-05], "val_mse": [0.0003026429330930114, 0.00013748378842137754, 0.00010178218508372083, 8.141128637362272e-05, 7.592721522087231e-05, 7.124185503926128e-05, 6.487659265985712e-05, 6.352252967189997e-05, 6.523009506054223e-05, 5.794719254481606e-05, 5.989372584735975e-05, 6.244460382731631e-05, 6.0125057643745095e-05, 6.742058030795306e-05, 6.345407018670812e-05, 5.81707718083635e-05, 5.9635305660776794e-05, 5.532767318072729e-05, 5.411649908637628e-05, 5.700644396711141e-05, 5.326781320036389e-05, 5.959517875453457e-05, 5.631709791487083e-05, 6.474406109191477e-05, 5.36243460373953e-05, 5.7955308875534683e-05, 5.5061649618437514e-05, 5.257863085716963e-05, 5.429795055533759e-05, 5.408180732047185e-05, 5.6471311836503446e-05, 6.296215724432841e-05, 5.7094661315204576e-05, 6.70299050398171e-05, 5.3615469369105995e-05, 5.36294755875133e-05, 5.7577603001846e-05, 5.101700298837386e-05, 5.304707519826479e-05, 5.136854451848194e-05, 5.2140694606350735e-05, 5.5330954637611285e-05, 5.9700076235458255e-05, 5.0956030463567004e-05, 5.395406697061844e-05, 6.00817111262586e-05, 5.2041272283531725e-05, 6.0614958783844486e-05, 5.252897608443163e-05, 5.792804222437553e-05, 5.327129110810347e-05, 5.438423249870539e-05, 5.210730159888044e-05, 5.889359090360813e-05]}