{"loss": [0.0023238679859787226, 0.001776034594513476, 0.0011639234144240618, 0.0006775865913368762, 0.000423626130213961, 0.00026958953822031617, 0.0001932380546350032, 0.0001368551456835121, 0.00012321439862716943, 0.00010898162145167589, 9.323393169324845e-05, 8.565664029447362e-05, 7.894089503679425e-05, 7.43946511647664e-05, 7.031018321868032e-05, 6.544544885400683e-05, 6.746141298208386e-05, 6.367164314724505e-05, 5.659802263835445e-05, 5.402736132964492e-05, 5.2739189413841814e-05, 5.0795650167856365e-05, 5.122825314174406e-05, 4.6827080950606614e-05, 4.407325468491763e-05, 4.468748375074938e-05, 4.385863212519325e-05, 4.282202280592173e-05, 3.9835405914345756e-05, 3.993531208834611e-05, 4.211661871522665e-05, 4.0596918552182615e-05, 3.6841815017396584e-05, 3.478850703686476e-05, 3.425159229664132e-05, 3.90419882023707e-05, 3.467570059001446e-05, 3.166476381011307e-05, 3.138183819828555e-05, 3.2370495318900794e-05, 3.2806143281050026e-05, 2.973830487462692e-05, 2.9977931262692437e-05, 3.2793635909911245e-05, 3.0445120501099154e-05, 2.9034994440735318e-05, 2.8206617571413517e-05, 2.9859438654966652e-05, 2.7657621103571728e-05, 2.954683077405207e-05, 2.7303922252031043e-05, 2.8267246307223104e-05, 2.6633100787876174e-05, 2.6554367650533095e-05, 2.9408900445559993e-05, 2.6365898520452902e-05, 2.7556636268855073e-05, 3.190696588717401e-05, 2.8438656954676844e-05, 2.6152061764150858e-05, 2.3028227587928995e-05, 2.5455117793171667e-05, 2.7001680791727267e-05, 2.469306309649255e-05, 2.465629586367868e-05, 2.2865136998007074e-05, 2.3643046006327495e-05, 2.3904902263893746e-05, 2.2917180103831924e-05, 2.1759366063633934e-05, 2.144732206943445e-05, 2.006029899348505e-05, 2.005502028623596e-05, 2.300608866789844e-05, 1.9774202883127145e-05, 1.9820125089609064e-05, 2.1156076400075108e-05, 1.9710418200702406e-05, 1.865023841673974e-05, 2.0949346435372718e-05, 2.013872654060833e-05, 1.8631537386681885e-05, 1.7786836906452663e-05, 1.8172955606132746e-05], "mse": [0.0023238679859787226, 0.001776034594513476, 0.0011639234144240618, 0.0006775865913368762, 0.000423626130213961, 0.00026958953822031617, 0.0001932380546350032, 0.0001368551456835121, 0.00012321439862716943, 0.00010898162145167589, 9.323393169324845e-05, 8.565664029447362e-05, 7.894089503679425e-05, 7.43946511647664e-05, 7.031018321868032e-05, 6.544544885400683e-05, 6.746141298208386e-05, 6.367164314724505e-05, 5.659802627633326e-05, 5.402736132964492e-05, 5.2739189413841814e-05, 5.0795650167856365e-05, 5.122825314174406e-05, 4.6827080950606614e-05, 4.407325468491763e-05, 4.468748375074938e-05, 4.385863212519325e-05, 4.282202280592173e-05, 3.9835405914345756e-05, 3.993531208834611e-05, 4.211661871522665e-05, 4.0596918552182615e-05, 3.6841815017396584e-05, 3.478850703686476e-05, 3.425159229664132e-05, 3.90419882023707e-05, 3.467570059001446e-05, 3.1664771086070687e-05, 3.138183819828555e-05, 3.2370495318900794e-05, 3.2806143281050026e-05, 2.973830487462692e-05, 2.9977931262692437e-05, 3.2793635909911245e-05, 3.0445120501099154e-05, 2.9034994440735318e-05, 2.8206617571413517e-05, 2.9859438654966652e-05, 2.7657621103571728e-05, 2.954683077405207e-05, 2.7303922252031043e-05, 2.8267246307223104e-05, 2.6633100787876174e-05, 2.6554367650533095e-05, 2.9408900445559993e-05, 2.6365898520452902e-05, 2.7556636268855073e-05, 3.190696588717401e-05, 2.8438656954676844e-05, 2.6152061764150858e-05, 2.3028227587928995e-05, 2.5455117793171667e-05, 2.7001680791727267e-05, 2.469306309649255e-05, 2.4656294044689275e-05, 2.2865136998007074e-05, 2.3643046006327495e-05, 2.3904902263893746e-05, 2.2917180103831924e-05, 2.1759366063633934e-05, 2.144732206943445e-05, 2.006029899348505e-05, 2.0055018467246555e-05, 2.300608866789844e-05, 1.9774202883127145e-05, 1.9820125089609064e-05, 2.1156076400075108e-05, 1.9710418200702406e-05, 1.865023841673974e-05, 2.0949346435372718e-05, 2.013872654060833e-05, 1.8631537386681885e-05, 1.7786836906452663e-05, 1.8172955606132746e-05], "val_loss": [0.0016245957231149077, 0.0012038210406899452, 0.0007829485693946481, 0.0006331941112875938, 0.00042089802445843816, 0.00021329184528440237, 0.000162157419254072, 0.000158955532242544, 0.0001171565818367526, 0.00010619636304909363, 0.00010756482515716925, 0.00010235378431389108, 9.662645607022569e-05, 8.947683090809733e-05, 9.025868348544464e-05, 8.996375981951132e-05, 8.557304681744426e-05, 8.700694888830185e-05, 7.510038267355412e-05, 7.865576480980963e-05, 7.622508564963937e-05, 7.45349025237374e-05, 7.158868538681418e-05, 7.781367457937449e-05, 7.363590702880174e-05, 7.783205364830792e-05, 6.836835382273421e-05, 7.216681115096435e-05, 6.901749293319881e-05, 6.705780106130987e-05, 6.758539529982954e-05, 6.430799840018153e-05, 6.221940566319972e-05, 6.66113555780612e-05, 6.305215356405824e-05, 6.237351044546813e-05, 6.467734056059271e-05, 6.275229679886252e-05, 5.983576556900516e-05, 7.049747364362702e-05, 5.996150503051467e-05, 5.914695793762803e-05, 6.283188849920407e-05, 5.977461114525795e-05, 5.926093945163302e-05, 6.0281472542556e-05, 6.63878527120687e-05, 6.080063758417964e-05, 5.792223964817822e-05, 5.952109495410696e-05, 5.6489858252462e-05, 5.5792323109926656e-05, 6.021894660079852e-05, 6.998520257184282e-05, 6.639709317823872e-05, 6.159885379020125e-05, 6.946458597667515e-05, 7.803460903232917e-05, 7.083797390805557e-05, 5.522662468138151e-05, 5.54312537133228e-05, 5.5197782785398886e-05, 5.897536902921274e-05, 6.924579793121666e-05, 5.697547385352664e-05, 5.463928755489178e-05, 5.4865620768396184e-05, 5.4746331443311647e-05, 5.48912285012193e-05, 5.826203778269701e-05, 5.3192925406619906e-05, 5.32501726411283e-05, 5.321109347278252e-05, 5.245800275588408e-05, 5.407814751379192e-05, 5.3907606343273073e-05, 5.707879245164804e-05, 5.647114448947832e-05, 5.3562707762466744e-05, 5.299621261656284e-05, 5.6227563618449494e-05, 5.5162206990644336e-05, 5.3799674788024276e-05, 5.775665704277344e-05], "val_mse": [0.0016245957231149077, 0.0012038210406899452, 0.0007829485693946481, 0.0006331941112875938, 0.00042089802445843816, 0.00021329187438823283, 0.000162157419254072, 0.000158955532242544, 0.00011715659638866782, 0.00010619636304909363, 0.00010756482515716925, 0.00010235378431389108, 9.662645607022569e-05, 8.947683090809733e-05, 9.025868348544464e-05, 8.996375981951132e-05, 8.557304681744426e-05, 8.700694888830185e-05, 7.510038267355412e-05, 7.865576480980963e-05, 7.622508564963937e-05, 7.45349025237374e-05, 7.158868538681418e-05, 7.781367457937449e-05, 7.363590702880174e-05, 7.783205364830792e-05, 6.836835382273421e-05, 7.216681115096435e-05, 6.901749293319881e-05, 6.705780106130987e-05, 6.758539529982954e-05, 6.430799840018153e-05, 6.221940566319972e-05, 6.66113555780612e-05, 6.305216811597347e-05, 6.237351044546813e-05, 6.467734056059271e-05, 6.275229679886252e-05, 5.983576556900516e-05, 7.049747364362702e-05, 5.996150503051467e-05, 5.914695793762803e-05, 6.283188849920407e-05, 5.977461114525795e-05, 5.926093945163302e-05, 6.0281472542556e-05, 6.63878527120687e-05, 6.080063758417964e-05, 5.792223964817822e-05, 5.952109495410696e-05, 5.6489858252462e-05, 5.5792323109926656e-05, 6.021894660079852e-05, 6.998520257184282e-05, 6.639709317823872e-05, 6.159885379020125e-05, 6.946458597667515e-05, 7.803460903232917e-05, 7.083797390805557e-05, 5.522662468138151e-05, 5.54312537133228e-05, 5.5197782785398886e-05, 5.897536902921274e-05, 6.924579793121666e-05, 5.697547385352664e-05, 5.463928755489178e-05, 5.4865620768396184e-05, 5.4746331443311647e-05, 5.489122122526169e-05, 5.826204505865462e-05, 5.3192925406619906e-05, 5.32501726411283e-05, 5.321109347278252e-05, 5.245800275588408e-05, 5.407814751379192e-05, 5.3907606343273073e-05, 5.707879245164804e-05, 5.647114448947832e-05, 5.356270048650913e-05, 5.299621261656284e-05, 5.6227563618449494e-05, 5.5162206990644336e-05, 5.3799674788024276e-05, 5.775665704277344e-05]}