{"loss": [0.002323286607861519, 0.001875534886494279, 0.0013943675439804792, 0.0009584545041434467, 0.0006972806295379996, 0.0005774403689429164, 0.0005307521787472069, 0.0005235295393504202, 0.000497193424962461, 0.0004940449143759906, 0.0004929479910060763, 0.0004782423784490675, 0.0004675372620113194, 0.00046520045725628734, 0.0004567150608636439, 0.00045137121924199164, 0.0004575929488055408, 0.00045057409442961216, 0.0004491675063036382, 0.0004420391342137009, 0.00044417689787223935, 0.0004388614615891129, 0.00043172884033992887, 0.00043446820927783847, 0.00043042906327173114, 0.0004225396551191807, 0.00041761109605431557, 0.000418422365328297, 0.0004296645929571241, 0.00040668383007869124, 0.00041067530401051044], "mse": [0.002323286607861519, 0.001875534886494279, 0.001394367660395801, 0.0009584545041434467, 0.0006972806295379996, 0.0005774403689429164, 0.0005307521787472069, 0.0005235295393504202, 0.000497193424962461, 0.0004940449143759906, 0.0004929479910060763, 0.0004782423784490675, 0.0004675372620113194, 0.00046520045725628734, 0.0004567150608636439, 0.00045137121924199164, 0.0004575929488055408, 0.00045057409442961216, 0.00044916756451129913, 0.0004420391342137009, 0.00044417689787223935, 0.0004388614615891129, 0.00043172884033992887, 0.00043446820927783847, 0.00043042906327173114, 0.0004225396551191807, 0.00041761109605431557, 0.000418422365328297, 0.0004296645929571241, 0.00040668383007869124, 0.00041067530401051044], "val_loss": [0.002894656965509057, 0.0023737058509141207, 0.0017493590712547302, 0.0012369867181405425, 0.0009017864358611405, 0.000734747969545424, 0.0007067458936944604, 0.000679686781950295, 0.000667954736854881, 0.0006749097956344485, 0.0006767046870663762, 0.000693143461830914, 0.0007060541538521647, 0.0006578456377610564, 0.0006676995544694364, 0.0006797284004278481, 0.0005974892410449684, 0.0006198850460350513, 0.0006019601132720709, 0.0006385347223840654, 0.0005887124571017921, 0.0006580338813364506, 0.000692131114192307, 0.0006932459655217826, 0.0006378213874995708, 0.0006199924973770976, 0.0006825406453572214, 0.0007757440907880664, 0.0006974308635108173, 0.0006589643890038133, 0.0006745726568624377], "val_mse": [0.0028946567326784134, 0.0023737058509141207, 0.0017493590712547302, 0.0012369867181405425, 0.0009017864358611405, 0.000734747969545424, 0.0007067458936944604, 0.000679686781950295, 0.000667954736854881, 0.0006749097956344485, 0.0006767046870663762, 0.000693143461830914, 0.0007060541538521647, 0.0006578456377610564, 0.0006676995544694364, 0.0006797284004278481, 0.0005974892410449684, 0.0006198850460350513, 0.0006019601132720709, 0.0006385347223840654, 0.0005887124571017921, 0.0006580338813364506, 0.000692131114192307, 0.0006932459655217826, 0.0006378213874995708, 0.0006199924973770976, 0.0006825406453572214, 0.0007757440907880664, 0.0006974308635108173, 0.0006589643890038133, 0.0006745726568624377]}