{"loss": [0.0019534423481673002, 0.0017072372138500214, 0.0014562279684469104, 0.0012705523986369371, 0.0011084709549322724, 0.0009442068403586745, 0.0008099490078166127, 0.0006639916682615876, 0.0005460159154608846, 0.00043697250657714903, 0.00033873936627060175, 0.0002570715150795877, 0.00018067174823954701, 0.0001352539547951892, 0.00011384442768758163, 9.147770470008254e-05, 8.349271956831217e-05, 8.5088235209696e-05, 7.823477790225297e-05, 6.492753891507164e-05, 6.0774451412726194e-05, 5.705867079086602e-05, 5.3678602853324264e-05, 4.986585190636106e-05, 4.834574428969063e-05, 4.265795723767951e-05, 3.9757662307238206e-05, 3.7531510315602645e-05, 3.452898090472445e-05, 3.682354144984856e-05, 3.290987660875544e-05, 3.170141644659452e-05, 3.138124156976119e-05, 3.0353079637279734e-05, 2.792254599626176e-05, 2.564879832789302e-05, 2.5144050596281886e-05, 2.339216007385403e-05, 2.3260088710230775e-05, 2.274675716762431e-05, 2.1140085664228536e-05, 1.9320497813168913e-05, 1.8741071471595205e-05, 1.8778006051434204e-05, 1.8390910554444417e-05, 1.8036002074950375e-05, 1.650414378673304e-05, 1.619762770133093e-05, 1.644967596803326e-05, 1.5911873560980894e-05, 1.549592889205087e-05, 1.4201776139088906e-05, 1.4138281585474033e-05, 1.2979273378732614e-05, 1.2106359463359695e-05, 1.2298987712711096e-05, 1.1805355825345032e-05, 1.0144363841391169e-05, 1.0432631825096905e-05, 1.1533940778463148e-05, 1.0356956408941187e-05, 9.356504961033352e-06, 8.84608925844077e-06, 1.0054930498881731e-05, 9.878899618342984e-06, 9.12197538127657e-06, 8.819677532301284e-06, 8.566827091271989e-06, 8.808783604763448e-06, 8.355423233297188e-06, 7.265410204126965e-06, 7.341698164964328e-06, 7.019465556368232e-06, 6.448719886975596e-06, 6.38948176856502e-06, 6.313654012046754e-06, 6.068939455872169e-06, 5.937697551416932e-06, 5.852313279319787e-06], "mse": [0.0019534423481673002, 0.0017072372138500214, 0.0014562279684469104, 0.0012705523986369371, 0.0011084709549322724, 0.0009442068403586745, 0.0008099490078166127, 0.0006639916682615876, 0.0005460158572532237, 0.00043697250657714903, 0.00033873936627060175, 0.0002570715150795877, 0.00018067174823954701, 0.0001352539547951892, 0.00011384442768758163, 9.147770470008254e-05, 8.349271956831217e-05, 8.5088235209696e-05, 7.823477790225297e-05, 6.492753891507164e-05, 6.0774451412726194e-05, 5.705867079086602e-05, 5.3678602853324264e-05, 4.9865855544339865e-05, 4.834574428969063e-05, 4.265795723767951e-05, 3.9757662307238206e-05, 3.7531510315602645e-05, 3.452898090472445e-05, 3.682354144984856e-05, 3.290987660875544e-05, 3.170141644659452e-05, 3.138124156976119e-05, 3.0353079637279734e-05, 2.792254599626176e-05, 2.564879832789302e-05, 2.5144050596281886e-05, 2.339216007385403e-05, 2.3260088710230775e-05, 2.274675716762431e-05, 2.1140085664228536e-05, 1.9320497813168913e-05, 1.8741071471595205e-05, 1.8778006051434204e-05, 1.8390910554444417e-05, 1.8036002074950375e-05, 1.650414378673304e-05, 1.619762770133093e-05, 1.644967596803326e-05, 1.5911873560980894e-05, 1.549592889205087e-05, 1.4201776139088906e-05, 1.4138281585474033e-05, 1.2979273378732614e-05, 1.2106359463359695e-05, 1.2298987712711096e-05, 1.1805355825345032e-05, 1.0144363841391169e-05, 1.0432631825096905e-05, 1.1533940778463148e-05, 1.0356956408941187e-05, 9.356503142043948e-06, 8.84608925844077e-06, 1.0054930498881731e-05, 9.878899618342984e-06, 9.12197538127657e-06, 8.819677532301284e-06, 8.566827091271989e-06, 8.808783604763448e-06, 8.35542414279189e-06, 7.265410204126965e-06, 7.341698164964328e-06, 7.019465556368232e-06, 6.448719886975596e-06, 6.38948176856502e-06, 6.313654012046754e-06, 6.068939455872169e-06, 5.937697551416932e-06, 5.852313279319787e-06], "val_loss": [0.0024911523796617985, 0.002522540045902133, 0.0019106089603155851, 0.0017769563710317016, 0.0013940620701760054, 0.0011218892177566886, 0.0009527428192086518, 0.0007412164704874158, 0.0005582867306657135, 0.0004356483987066895, 0.00035711671807803214, 0.00028293547802604735, 0.00021426056628115475, 0.0002577366540208459, 0.00019174092449247837, 0.00021239677153062075, 0.0001751382660586387, 0.00021138445299584419, 0.00017323736392427236, 0.00018218325567431748, 0.0001665774907451123, 0.00016524390957783908, 0.0001652073988225311, 0.00018987609655596316, 0.00015609085676260293, 0.00013963533274363726, 0.00013504954404197633, 0.0001455166784580797, 0.00014692923286929727, 0.00014150077186059207, 0.00013550739095080644, 0.0001395281869918108, 0.00012796340161003172, 0.00013206430594436824, 0.0001198823083541356, 0.00013473801664076746, 0.00011482865375000983, 0.00011753756552934647, 0.00011709229875123128, 0.00010522225784370676, 0.00011752223508665338, 0.00011435060150688514, 0.0001159533640020527, 0.00011756098683690652, 0.00010231308260699734, 0.00011834977340186015, 0.00011203773465240374, 0.00011045788414776325, 9.928294457495213e-05, 0.00011137999536003917, 9.669682913227007e-05, 0.00011314477160340175, 0.00010268632468068972, 0.00010450514673721045, 9.52650880208239e-05, 9.573898569215089e-05, 0.00010237008245894685, 0.00010842127085197717, 8.99299411685206e-05, 0.00010285001189913601, 0.00010432912677060813, 9.64980135904625e-05, 9.780150139704347e-05, 0.00010905114322667941, 9.522533218842e-05, 9.142749331658706e-05, 0.00010326148185413331, 0.0001006971942842938, 8.764129597693682e-05, 9.679858339950442e-05, 9.15737691684626e-05, 9.244409011444077e-05, 9.249521826859564e-05, 9.321160905528814e-05, 9.295788186136633e-05, 9.94871006696485e-05, 9.437128755962476e-05, 9.011240763356909e-05, 9.983430936699733e-05], "val_mse": [0.0024911523796617985, 0.002522540045902133, 0.0019106089603155851, 0.0017769563710317016, 0.0013940620701760054, 0.0011218892177566886, 0.0009527428192086518, 0.0007412164704874158, 0.0005582867306657135, 0.0004356483987066895, 0.00035711671807803214, 0.00028293547802604735, 0.00021426056628115475, 0.0002577366540208459, 0.00019174092449247837, 0.00021239677153062075, 0.0001751382660586387, 0.00021138445299584419, 0.00017323736392427236, 0.00018218325567431748, 0.0001665774907451123, 0.00016524390957783908, 0.0001652073988225311, 0.00018987609655596316, 0.00015609085676260293, 0.00013963533274363726, 0.00013504954404197633, 0.00014551666390616447, 0.00014692923286929727, 0.00014150077186059207, 0.00013550739095080644, 0.0001395281869918108, 0.00012796340161003172, 0.00013206430594436824, 0.0001198823083541356, 0.00013473801664076746, 0.00011482865375000983, 0.00011753756552934647, 0.00011709229875123128, 0.00010522225784370676, 0.00011752223508665338, 0.00011435060150688514, 0.0001159533640020527, 0.00011756098683690652, 0.00010231308260699734, 0.00011834977340186015, 0.00011203773465240374, 0.00011045788414776325, 9.928294457495213e-05, 0.00011137999536003917, 9.669682913227007e-05, 0.00011314477160340175, 0.00010268632468068972, 0.00010450514673721045, 9.52650880208239e-05, 9.573898569215089e-05, 0.00010237008245894685, 0.00010842127085197717, 8.99299411685206e-05, 0.00010285001189913601, 0.00010432912677060813, 9.64980135904625e-05, 9.780150139704347e-05, 0.00010905114322667941, 9.522533218842e-05, 9.142749331658706e-05, 0.00010326148185413331, 0.0001006971942842938, 8.764129597693682e-05, 9.679858339950442e-05, 9.15737691684626e-05, 9.244409011444077e-05, 9.249521826859564e-05, 9.321160905528814e-05, 9.295788186136633e-05, 9.94871006696485e-05, 9.437128755962476e-05, 9.011240763356909e-05, 9.983430936699733e-05]}