{"loss": [0.0024406402371823788, 0.001335791894234717, 0.0010133265750482678, 0.0009049293585121632, 0.0008618204155936837, 0.0008508801693096757, 0.0008043971029110253, 0.0008097151876427233, 0.0007910725544206798, 0.0007926365942694247, 0.0007725501782260835, 0.0007679621339775622, 0.0007713895756751299, 0.0007494775345548987, 0.0007421283517032862, 0.0007583613623864949, 0.0007429136894643307], "mse": [0.0024406402371823788, 0.001335791894234717, 0.0010133265750482678, 0.0009049293585121632, 0.0008618204155936837, 0.0008508801693096757, 0.0008043971029110253, 0.0008097151876427233, 0.0007910725544206798, 0.0007926365942694247, 0.0007725501782260835, 0.0007679621339775622, 0.0007713895756751299, 0.0007494775345548987, 0.0007421283517032862, 0.0007583613623864949, 0.0007429136894643307], "val_loss": [0.0013009300455451012, 0.000987716717645526, 0.0008973055519163609, 0.0009029714856296778, 0.000887285394128412, 0.0008768108673393726, 0.0008707385277375579, 0.0008719009347259998, 0.0009049315704032779, 0.0009148883982561529, 0.0008816828485578299, 0.0008895904757082462, 0.0008841038215905428, 0.0008812166634015739, 0.0009251340525224805, 0.000878203718457371, 0.000923306739423424], "val_mse": [0.0013009302783757448, 0.000987716717645526, 0.0008973055519163609, 0.0009029714856296778, 0.000887285394128412, 0.0008768108673393726, 0.0008707385277375579, 0.0008719009347259998, 0.0009049315704032779, 0.000914888281840831, 0.0008816828485578299, 0.0008895904757082462, 0.0008841038215905428, 0.0008812166634015739, 0.0009251340525224805, 0.000878203718457371, 0.000923306739423424]}