{"loss": [0.001298375311307609, 0.0002946598397102207, 0.00017221106099896133, 0.000140763571835123, 0.00012533794506452978, 0.00011243078915867954, 0.00010523464879952371, 0.0001024533630697988, 9.75436414591968e-05, 9.149371908279136e-05, 9.18813530006446e-05, 9.144123760052025e-05, 8.952048665378243e-05, 8.90450828592293e-05, 8.398922363994643e-05, 8.072121272562072e-05, 8.198944851756096e-05, 8.032842742977664e-05, 7.815532444510609e-05, 8.000832167454064e-05, 7.937918417155743e-05, 7.686005847062916e-05, 7.755377009743825e-05, 7.475311576854438e-05, 7.629629544680938e-05, 7.809520320734009e-05, 7.576526695629582e-05, 7.380802708212286e-05, 7.2439645009581e-05, 7.210775947896764e-05, 7.391063263639808e-05, 7.187134906416759e-05, 7.27617007214576e-05, 6.938497244846076e-05, 6.994993600528687e-05, 6.771784683223814e-05, 6.79639633744955e-05, 6.730831955792382e-05, 6.793370266677812e-05, 6.99721640557982e-05, 6.902388122398406e-05, 6.571717676706612e-05, 6.607748218812048e-05, 6.806723831687123e-05], "mse": [0.001298375311307609, 0.0002946598397102207, 0.00017221106099896133, 0.000140763571835123, 0.00012533794506452978, 0.00011243078915867954, 0.00010523464879952371, 0.0001024533630697988, 9.75436414591968e-05, 9.149371908279136e-05, 9.188136027660221e-05, 9.144123760052025e-05, 8.952048665378243e-05, 8.90450828592293e-05, 8.398922363994643e-05, 8.072121272562072e-05, 8.198944851756096e-05, 8.032842742977664e-05, 7.815532444510609e-05, 8.000832167454064e-05, 7.937918417155743e-05, 7.686005847062916e-05, 7.755377009743825e-05, 7.475311576854438e-05, 7.629628817085177e-05, 7.809520320734009e-05, 7.576526695629582e-05, 7.380802708212286e-05, 7.2439645009581e-05, 7.210775947896764e-05, 7.391063263639808e-05, 7.187134906416759e-05, 7.27617007214576e-05, 6.938497244846076e-05, 6.994992872932926e-05, 6.771784683223814e-05, 6.79639633744955e-05, 6.730832683388144e-05, 6.793370266677812e-05, 6.99721640557982e-05, 6.902388122398406e-05, 6.571717676706612e-05, 6.607748218812048e-05, 6.806723831687123e-05], "val_loss": [0.0004783838230650872, 0.0002004397101700306, 0.00016107637202367187, 0.00014307112724054605, 0.0001287089689867571, 0.00012698175851255655, 0.0001213396608363837, 0.00011809904390247539, 0.00011998395348200575, 0.00010746002953965217, 0.00012156329466961324, 0.00011085180449299514, 0.00012879750283900648, 0.00012143229832872748, 0.00012054102262482047, 0.00010332432430004701, 0.00010157669021282345, 0.00011449319572420791, 0.00010336806735722348, 0.00011429291043896228, 0.0001101147208828479, 0.00012087318464182317, 0.00010181032121181488, 0.00010043568909168243, 0.00012109728413634002, 0.00010746703628683463, 0.00010408035450382158, 0.00010979006037814543, 0.00010015558655140921, 0.00010763378668343648, 9.966288780560717e-05, 0.00010393686534371227, 0.00010217076487606391, 9.906347986543551e-05, 0.00011178402201039717, 0.0001024701414280571, 0.00011163190356455743, 0.0001017200484056957, 0.00010350996308261529, 0.0001035139721352607, 0.00010550594743108377, 0.0001093828832381405, 0.00010126506822416559, 0.00010729480709414929], "val_mse": [0.0004783838230650872, 0.0002004397101700306, 0.00016107637202367187, 0.00014307112724054605, 0.0001287089689867571, 0.00012698175851255655, 0.0001213396608363837, 0.00011809904390247539, 0.00011998395348200575, 0.00010746002953965217, 0.00012156328011769801, 0.00011085180449299514, 0.00012879750283900648, 0.00012143229832872748, 0.00012054102262482047, 0.00010332432430004701, 0.00010157669021282345, 0.00011449319572420791, 0.00010336806735722348, 0.00011429291043896228, 0.0001101147208828479, 0.00012087318464182317, 0.00010181032121181488, 0.00010043568181572482, 0.00012109728413634002, 0.00010746703628683463, 0.00010408035450382158, 0.00010979006037814543, 0.00010015558655140921, 0.00010763378668343648, 9.966288780560717e-05, 0.00010393686534371227, 0.00010217076487606391, 9.906347986543551e-05, 0.00011178402201039717, 0.0001024701414280571, 0.00011163190356455743, 0.00010172004112973809, 0.00010350996308261529, 0.0001035139721352607, 0.00010550594743108377, 0.0001093828832381405, 0.00010126506822416559, 0.00010729480709414929]}