{"loss": [0.0020590885542333126, 0.0007656172383576632, 0.0002672425180207938, 0.00015414788504131138, 0.00011620491568464786, 8.930046169552952e-05, 7.204071880551055e-05, 5.9910264099016786e-05, 4.973774412064813e-05, 4.356515273684636e-05, 3.822672078968026e-05, 3.4995333408005536e-05, 3.397432737983763e-05, 3.335456131026149e-05, 2.8376502086757682e-05, 2.934546682809014e-05, 2.511880848032888e-05, 2.232745464425534e-05, 2.2846223146189004e-05, 2.1852894860785455e-05, 1.9531595171429217e-05, 1.9221723050577566e-05, 1.9016204532817937e-05, 1.7797165128285997e-05, 1.7243826732737944e-05, 1.557421092002187e-05, 1.6434050849056803e-05, 1.5948891814332455e-05, 1.4324928997666575e-05, 1.3609309462481178e-05, 1.4725414075655863e-05, 1.5079293007147498e-05, 1.4800739336351398e-05, 1.4252003893489018e-05, 1.351838818663964e-05, 1.3035732990829274e-05, 1.2903739843750373e-05, 1.2353514648566488e-05, 1.1750085832318291e-05, 1.1603560778894462e-05, 1.116859039029805e-05, 1.0194165042776149e-05, 1.0281986760674044e-05, 1.0380467756476719e-05, 1.1342310244799592e-05, 9.721362403070088e-06, 9.770930773811415e-06, 1.1531313248269726e-05, 1.1823454769910313e-05, 9.736108040669933e-06, 1.0051751814899035e-05, 1.279107527807355e-05], "mse": [0.0020590885542333126, 0.0007656172383576632, 0.0002672425180207938, 0.00015414788504131138, 0.00011620491568464786, 8.930046169552952e-05, 7.204071880551055e-05, 5.9910264099016786e-05, 4.973774412064813e-05, 4.3565145460888743e-05, 3.822672078968026e-05, 3.4995333408005536e-05, 3.397432737983763e-05, 3.335456131026149e-05, 2.8376502086757682e-05, 2.934546682809014e-05, 2.511880848032888e-05, 2.2327458282234147e-05, 2.2846223146189004e-05, 2.1852894860785455e-05, 1.9531595171429217e-05, 1.9221723050577566e-05, 1.9016204532817937e-05, 1.7797165128285997e-05, 1.7243826732737944e-05, 1.557421092002187e-05, 1.6434050849056803e-05, 1.5948891814332455e-05, 1.4324928997666575e-05, 1.3609309462481178e-05, 1.4725414075655863e-05, 1.5079293007147498e-05, 1.4800739336351398e-05, 1.4252003893489018e-05, 1.351838818663964e-05, 1.3035732990829274e-05, 1.2903739843750373e-05, 1.2353514648566488e-05, 1.1750085832318291e-05, 1.160355986939976e-05, 1.116859039029805e-05, 1.0194165042776149e-05, 1.0281986760674044e-05, 1.0380467756476719e-05, 1.1342310244799592e-05, 9.721362403070088e-06, 9.770929864316713e-06, 1.1531313248269726e-05, 1.1823454769910313e-05, 9.736108040669933e-06, 1.0051751814899035e-05, 1.279107527807355e-05], "val_loss": [0.001112728496082127, 0.00037547643296420574, 0.00018470980285201222, 0.00013399828458204865, 9.890076034935191e-05, 7.77166205807589e-05, 6.134123395895585e-05, 5.360900468076579e-05, 4.682322105509229e-05, 4.235377855366096e-05, 3.741346881724894e-05, 3.4977132600033656e-05, 3.6062378057977185e-05, 3.313443448860198e-05, 3.144676156807691e-05, 2.9377835744526237e-05, 2.622667670948431e-05, 4.145740604144521e-05, 2.462883094267454e-05, 2.5284649382228963e-05, 2.8145685064373538e-05, 3.080866372329183e-05, 2.58329000644153e-05, 2.3180784410214983e-05, 2.2507125322590582e-05, 2.2642147087026387e-05, 2.2897045710124075e-05, 2.0736311853397638e-05, 2.105800376739353e-05, 2.5568657292751595e-05, 2.0103405404370278e-05, 3.0021905331523158e-05, 2.185426819778513e-05, 2.0550192857626826e-05, 2.0541239791782573e-05, 2.0581632270477712e-05, 1.9930983398808166e-05, 2.2242849809117615e-05, 1.960256849997677e-05, 1.968985452549532e-05, 1.8466391338733956e-05, 1.80967017513467e-05, 1.8220478523289785e-05, 1.9627563233370893e-05, 1.9042858184548095e-05, 1.900899769680109e-05, 2.2291138520813547e-05, 1.945400617842097e-05, 1.9212842744309455e-05, 1.843120298872236e-05, 2.048184433078859e-05, 1.9715178495971486e-05], "val_mse": [0.001112728496082127, 0.00037547643296420574, 0.00018470980285201222, 0.00013399828458204865, 9.890076034935191e-05, 7.77166205807589e-05, 6.134123395895585e-05, 5.360900468076579e-05, 4.682322105509229e-05, 4.235377855366096e-05, 3.741346881724894e-05, 3.4977132600033656e-05, 3.6062378057977185e-05, 3.313443448860198e-05, 3.144676156807691e-05, 2.9377835744526237e-05, 2.622667670948431e-05, 4.145740604144521e-05, 2.462883094267454e-05, 2.5284649382228963e-05, 2.8145685064373538e-05, 3.080866372329183e-05, 2.58329000644153e-05, 2.3180784410214983e-05, 2.2507125322590582e-05, 2.2642147087026387e-05, 2.2897045710124075e-05, 2.0736310034408234e-05, 2.105800376739353e-05, 2.5568657292751595e-05, 2.0103405404370278e-05, 3.0021905331523158e-05, 2.185426819778513e-05, 2.0550192857626826e-05, 2.0541239791782573e-05, 2.0581632270477712e-05, 1.9930983398808166e-05, 2.2242849809117615e-05, 1.960256849997677e-05, 1.968985452549532e-05, 1.8466391338733956e-05, 1.80967017513467e-05, 1.8220478523289785e-05, 1.9627563233370893e-05, 1.9042858184548095e-05, 1.900899769680109e-05, 2.2291138520813547e-05, 1.945400617842097e-05, 1.9212842744309455e-05, 1.843120298872236e-05, 2.048184433078859e-05, 1.9715178495971486e-05]}