{"loss": [0.003909238148480654, 0.0015925721963867545, 0.000947526830714196, 0.0006126619991846383, 0.00045289768604561687, 0.00041857396718114614, 0.00036277039907872677, 0.00035877604386769235, 0.00033468171022832394, 0.0003201454528607428, 0.00029301794711500406, 0.00029004557291045785, 0.000296232319669798, 0.0002883617707993835, 0.0002736717869993299, 0.0002652069379109889, 0.00026220790459774435, 0.00025507964892312884, 0.0002476083463989198, 0.00026755628641694784, 0.00025151902809739113, 0.0002464257413521409, 0.00024094984109979123, 0.0002464703284204006, 0.0002399278455413878, 0.00023722009791526943, 0.00023132123169489205, 0.00023808727564755827, 0.00022440309112425894, 0.00022083216754253954, 0.0002292461140314117, 0.0002201469469582662, 0.00023299275198951364, 0.00022335215180646628, 0.00021619202743750066, 0.00021467548504006118, 0.00021582590125035495, 0.00020902050891891122, 0.00020727154333144426, 0.00021490314975380898, 0.00021447133622132242, 0.00019777927082031965, 0.00021406151063274592, 0.00020062386465724558, 0.0002013329794863239, 0.00020571419736370444, 0.00019924849038943648, 0.00019626492576207966, 0.00020005561236757785, 0.00020423857495188713, 0.00020934062195010483, 0.00019800457812380046, 0.00020709574164357036, 0.00019756957772187889, 0.0001938891946338117, 0.00020723527995869517, 0.00019623264961410314, 0.0001963056856766343, 0.00020118097017984837, 0.00019768308266066015, 0.00018438449478708208], "mse": [0.003909238148480654, 0.0015925721963867545, 0.000947526830714196, 0.0006126619991846383, 0.00045289768604561687, 0.00041857396718114614, 0.00036277039907872677, 0.00035877604386769235, 0.00033468171022832394, 0.0003201454528607428, 0.00029301794711500406, 0.00029004557291045785, 0.000296232319669798, 0.0002883617707993835, 0.0002736717869993299, 0.0002652069379109889, 0.00026220790459774435, 0.00025507964892312884, 0.0002476083463989198, 0.00026755628641694784, 0.00025151902809739113, 0.0002464257413521409, 0.00024094984109979123, 0.0002464703284204006, 0.0002399278455413878, 0.00023722009791526943, 0.00023132123169489205, 0.00023808727564755827, 0.00022440309112425894, 0.00022083216754253954, 0.0002292461140314117, 0.0002201469469582662, 0.00023299275198951364, 0.00022335215180646628, 0.00021619202743750066, 0.00021467548504006118, 0.00021582590125035495, 0.00020902050891891122, 0.00020727154333144426, 0.00021490314975380898, 0.00021447133622132242, 0.00019777927082031965, 0.00021406151063274592, 0.00020062386465724558, 0.0002013329794863239, 0.00020571419736370444, 0.00019924849038943648, 0.00019626492576207966, 0.00020005561236757785, 0.00020423857495188713, 0.00020934062195010483, 0.00019800457812380046, 0.00020709574164357036, 0.00019756957772187889, 0.0001938891946338117, 0.00020723527995869517, 0.00019623264961410314, 0.0001963056856766343, 0.00020118097017984837, 0.00019768308266066015, 0.00018438449478708208], "val_loss": [0.0019923762883991003, 0.0011629937216639519, 0.0007241304847411811, 0.0005670637474395335, 0.00048297378816641867, 0.00045969695202074945, 0.00040923708002083004, 0.0005051012267358601, 0.00043348141480237246, 0.00041102609247900546, 0.0003830096102319658, 0.0003735584323294461, 0.0003811064234469086, 0.000346074637491256, 0.00034755468368530273, 0.0003632799198385328, 0.00034137771581299603, 0.00033572636311873794, 0.00033194918069057167, 0.0003292603651061654, 0.00033771939342841506, 0.0003356793022248894, 0.0003341803967487067, 0.00036298882332630455, 0.00032280865707434714, 0.0003323095734231174, 0.00033409296884201467, 0.00034146473626606166, 0.0003196462639607489, 0.0003280412347521633, 0.0003347159654367715, 0.00034340700949542224, 0.0003575791488401592, 0.0003270518791396171, 0.00033671848359517753, 0.0003294206107966602, 0.0003077987930737436, 0.00031680436222814023, 0.0003565797524061054, 0.0003193008014932275, 0.00029697560239583254, 0.0003227426786907017, 0.00029584020376205444, 0.0003009336651302874, 0.0002931108756456524, 0.0002943603612948209, 0.000292765733320266, 0.00030746872653253376, 0.00030414771754294634, 0.00032243761233985424, 0.00028960435884073377, 0.0003094275016337633, 0.0003277367795817554, 0.00030285693355835974, 0.00034271643380634487, 0.00030900872661732137, 0.0003060278540942818, 0.0003392445796635002, 0.00029712350806221366, 0.00031713617499917746, 0.00029556802473962307], "val_mse": [0.0019923762883991003, 0.0011629937216639519, 0.0007241304847411811, 0.0005670637474395335, 0.00048297378816641867, 0.00045969695202074945, 0.00040923708002083004, 0.0005051012267358601, 0.00043348141480237246, 0.00041102609247900546, 0.0003830096102319658, 0.0003735584323294461, 0.0003811064234469086, 0.000346074637491256, 0.00034755468368530273, 0.0003632799198385328, 0.00034137771581299603, 0.00033572636311873794, 0.00033194918069057167, 0.0003292603651061654, 0.00033771939342841506, 0.0003356793022248894, 0.0003341803967487067, 0.00036298882332630455, 0.00032280865707434714, 0.0003323095734231174, 0.00033409296884201467, 0.00034146473626606166, 0.0003196462639607489, 0.0003280412347521633, 0.0003347159654367715, 0.00034340700949542224, 0.0003575791488401592, 0.0003270518791396171, 0.00033671848359517753, 0.0003294206107966602, 0.0003077987639699131, 0.00031680436222814023, 0.0003565797524061054, 0.0003193008014932275, 0.00029697560239583254, 0.0003227426786907017, 0.00029584020376205444, 0.0003009336651302874, 0.0002931108756456524, 0.0002943603612948209, 0.000292765733320266, 0.00030746872653253376, 0.00030414771754294634, 0.00032243761233985424, 0.00028960435884073377, 0.0003094275016337633, 0.0003277367795817554, 0.00030285693355835974, 0.00034271643380634487, 0.00030900872661732137, 0.0003060278540942818, 0.0003392445796635002, 0.00029712350806221366, 0.00031713617499917746, 0.00029556802473962307]}