{"loss": [0.002478779759258032, 0.0019417995354160666, 0.0014822566881775856, 0.0010848208330571651, 0.0007978386129252613, 0.000601505278609693, 0.000456563982879743, 0.0003795477678067982, 0.00035255972761660814, 0.00032019769423641264, 0.00030732963932678103, 0.0002965793537441641, 0.0002893910277634859, 0.00028145400574430823, 0.0002730659325607121, 0.00025945762172341347, 0.0002539142733439803, 0.00024911182117648423, 0.00024852060596458614, 0.0002416993083897978, 0.0002351905859541148, 0.00023011041048448533, 0.0002322392538189888, 0.00022156024351716042, 0.00021392239432316273, 0.00021851659403182566, 0.00021936616394668818, 0.00020809790294151753, 0.0002074209915008396, 0.00019624010019470006, 0.00019597979553509504, 0.0002004852722166106, 0.00019869397510774434, 0.0001895556488307193, 0.00018988302326761186, 0.0001934925385285169, 0.00020036725618410856, 0.0001995025377254933, 0.00018073436513077468], "mse": [0.002478779759258032, 0.0019417995354160666, 0.0014822566881775856, 0.0010848208330571651, 0.0007978386129252613, 0.000601505278609693, 0.000456563982879743, 0.0003795477678067982, 0.00035255972761660814, 0.00032019769423641264, 0.00030732963932678103, 0.0002965793537441641, 0.0002893910277634859, 0.00028145400574430823, 0.0002730659325607121, 0.00025945762172341347, 0.0002539142733439803, 0.00024911182117648423, 0.00024852060596458614, 0.0002416993083897978, 0.0002351905859541148, 0.00023011041048448533, 0.0002322392538189888, 0.00022156024351716042, 0.00021392239432316273, 0.00021851659403182566, 0.00021936616394668818, 0.00020809790294151753, 0.0002074209915008396, 0.00019624010019470006, 0.00019597979553509504, 0.0002004852722166106, 0.00019869397510774434, 0.0001895556488307193, 0.00018988302326761186, 0.0001934925385285169, 0.00020036725618410856, 0.0001995025377254933, 0.00018073436513077468], "val_loss": [0.0019852544646710157, 0.0015214530285447836, 0.0010209415340796113, 0.0009349404135718942, 0.0005381131777539849, 0.0003841312136501074, 0.0003667134151328355, 0.00032626630854792893, 0.00033871381310746074, 0.0003131684788968414, 0.0003223966632504016, 0.0002890605537686497, 0.0002778772613964975, 0.0002765777171589434, 0.0002679686585906893, 0.0002640076563693583, 0.000257209554547444, 0.00026552690542303026, 0.00026082759723067284, 0.000247747462708503, 0.00024830823531374335, 0.0002486378652974963, 0.00026878976495936513, 0.0002417996001895517, 0.0002456714864820242, 0.00024057846167124808, 0.00026351187261752784, 0.00024551284150220454, 0.00023541809059679508, 0.00023781231720931828, 0.0002445020654704422, 0.00024276270414702594, 0.00023694599804002792, 0.00024227876565419137, 0.00024404427676927298, 0.0002710988337639719, 0.00023555965162813663, 0.00024205012596212327, 0.0002489931939635426], "val_mse": [0.0019852544646710157, 0.0015214530285447836, 0.0010209415340796113, 0.0009349404135718942, 0.0005381131777539849, 0.0003841312136501074, 0.0003667134151328355, 0.00032626630854792893, 0.00033871381310746074, 0.0003131684788968414, 0.0003223966632504016, 0.00028906052466481924, 0.0002778772613964975, 0.0002765777171589434, 0.0002679686585906893, 0.0002640076563693583, 0.000257209554547444, 0.00026552690542303026, 0.00026082759723067284, 0.000247747462708503, 0.00024830823531374335, 0.0002486378652974963, 0.00026878976495936513, 0.0002417996001895517, 0.0002456714864820242, 0.00024057846167124808, 0.00026351187261752784, 0.00024551284150220454, 0.00023541809059679508, 0.00023781231720931828, 0.0002445020654704422, 0.00024276270414702594, 0.00023694599804002792, 0.00024227876565419137, 0.00024404427676927298, 0.0002710988337639719, 0.00023555965162813663, 0.00024205012596212327, 0.0002489931939635426]}