{"loss": [0.04463750869035721, 0.04215042665600777, 0.0412350632250309, 0.040736984461545944, 0.03983977437019348, 0.03902410715818405, 0.03837135061621666, 0.037984699010849, 0.03746160864830017, 0.03656906262040138, 0.035834796726703644, 0.03545501083135605], "mse": [0.04463750869035721, 0.04215042665600777, 0.0412350632250309, 0.040736984461545944, 0.03983977437019348, 0.03902410715818405, 0.03837135061621666, 0.037984699010849, 0.03746160864830017, 0.03656906262040138, 0.035834796726703644, 0.03545501083135605], "val_loss": [0.042010582983493805, 0.04187947139143944, 0.042239345610141754, 0.04338175803422928, 0.04277465492486954, 0.0431196466088295, 0.04340887442231178, 0.04405051842331886, 0.04451609030365944, 0.04538785293698311, 0.045699477195739746, 0.04635418951511383], "val_mse": [0.042010582983493805, 0.041879475116729736, 0.042239345610141754, 0.04338175803422928, 0.04277465492486954, 0.0431196466088295, 0.04340887814760208, 0.04405052214860916, 0.04451609030365944, 0.04538785293698311, 0.045699477195739746, 0.04635418578982353]}