{"loss": [0.020466407760977745, 0.017042186111211777, 0.01410416979342699, 0.011677277274429798, 0.01001623272895813, 0.009175412356853485, 0.008073783479630947, 0.007294451352208853, 0.006573878228664398, 0.005608418956398964, 0.004811839200556278, 0.0040038349106907845, 0.0033239549957215786, 0.0027253192383795977, 0.002149141626432538, 0.00168820028193295, 0.0013871401315554976, 0.001139958156272769, 0.0010219274554401636, 0.0008983562001958489, 0.0007947746780700982, 0.0007571638561785221, 0.0006987627712078393, 0.0006452061934396625, 0.000626304536126554, 0.000610315939411521, 0.0005848010769113898, 0.000561594613827765, 0.0005031361943110824, 0.00048215402057394385, 0.00048765414976514876, 0.0004529657890088856, 0.0004488615377340466, 0.0004091997689101845, 0.00034664670238271356, 0.0003266399435233325, 0.0003305354039184749, 0.0003399621054995805, 0.0003306745202280581, 0.0003129091637674719, 0.00028340009157545865, 0.00030310454894788563, 0.0002860028762370348], "mse": [0.020466407760977745, 0.017042186111211777, 0.01410416979342699, 0.011677277274429798, 0.01001623272895813, 0.009175412356853485, 0.008073783479630947, 0.007294451352208853, 0.006573878228664398, 0.005608418956398964, 0.004811838734894991, 0.0040038349106907845, 0.0033239549957215786, 0.0027253194712102413, 0.002149141626432538, 0.00168820028193295, 0.0013871401315554976, 0.0011399582726880908, 0.0010219274554401636, 0.0008983562001958489, 0.0007947746780700982, 0.0007571638561785221, 0.0006987627712078393, 0.0006452061934396625, 0.000626304536126554, 0.000610315939411521, 0.0005848010769113898, 0.000561594613827765, 0.0005031361943110824, 0.00048215402057394385, 0.00048765414976514876, 0.0004529657890088856, 0.0004488615377340466, 0.0004091997689101845, 0.000346646731486544, 0.0003266399435233325, 0.0003305354039184749, 0.0003399621054995805, 0.0003306745202280581, 0.0003129091637674719, 0.00028340009157545865, 0.00030310454894788563, 0.0002860028762370348], "val_loss": [0.02842896804213524, 0.02420022152364254, 0.021777676418423653, 0.018120329827070236, 0.017058860510587692, 0.017369065433740616, 0.017136812210083008, 0.014701741747558117, 0.013260075822472572, 0.011746944859623909, 0.011051570996642113, 0.009363858960568905, 0.007995784282684326, 0.007224181201308966, 0.005354979075491428, 0.004905507899820805, 0.004244386218488216, 0.003221380291506648, 0.0030896668322384357, 0.0029293778352439404, 0.002627821872010827, 0.0029015326872467995, 0.00205053249374032, 0.0025060647167265415, 0.002605155576020479, 0.0022005015052855015, 0.0024760309606790543, 0.0020921840332448483, 0.001911735162138939, 0.0027025926392525434, 0.001611463725566864, 0.002553245984017849, 0.0015923638129606843, 0.002160352421924472, 0.0020763869397342205, 0.0020760262850672007, 0.0016117456834763288, 0.0017990332562476397, 0.0018715534824877977, 0.0017481411341577768, 0.0018164471257477999, 0.0016639933455735445, 0.0016219813842326403], "val_mse": [0.02842896804213524, 0.02420022152364254, 0.021777676418423653, 0.018120329827070236, 0.017058860510587692, 0.017369065433740616, 0.017136812210083008, 0.014701741747558117, 0.013260075822472572, 0.011746944859623909, 0.011051570996642113, 0.009363858960568905, 0.007995784282684326, 0.007224181201308966, 0.005354979075491428, 0.004905507899820805, 0.004244386218488216, 0.003221380291506648, 0.0030896668322384357, 0.0029293778352439404, 0.002627821872010827, 0.0029015326872467995, 0.00205053249374032, 0.0025060647167265415, 0.002605155576020479, 0.0022005015052855015, 0.0024760309606790543, 0.0020921840332448483, 0.001911735162138939, 0.0027025926392525434, 0.001611463725566864, 0.002553245984017849, 0.0015923638129606843, 0.002160352189093828, 0.0020763869397342205, 0.0020760265178978443, 0.0016117456834763288, 0.0017990332562476397, 0.0018715534824877977, 0.0017481411341577768, 0.0018164471257477999, 0.0016639933455735445, 0.001621981500647962]}