{"loss": [0.0023106797598302364, 0.0018987457733601332, 0.0016057889442890882, 0.0014280708273872733, 0.0012673852033913136, 0.001091585261747241, 0.0009402075666002929, 0.0008056150982156396, 0.0007002102211117744, 0.0006118201417848468, 0.0005373782478272915, 0.0004952544113621116, 0.0004859459004364908, 0.00044452474685385823, 0.00042778573697432876, 0.00041977345244958997, 0.00040549744153395295, 0.00039715258753858507, 0.00038697916897945106, 0.00037428250652737916, 0.0003752094635274261, 0.00036949111381545663, 0.0003610083949752152, 0.0003624392847996205, 0.00035475142067298293, 0.0003604633966460824, 0.0003471042145974934, 0.0003462691674940288, 0.0003466172202024609, 0.0003423623275011778, 0.0003387858159840107, 0.00034405378391966224, 0.00033443549182265997, 0.00033297616755589843, 0.00033423028071410954, 0.0003420261200517416, 0.0003478647267911583, 0.0003316518268547952, 0.0003212742449250072, 0.0003059406590182334], "mse": [0.0023106797598302364, 0.0018987457733601332, 0.0016057889442890882, 0.0014280708273872733, 0.0012673852033913136, 0.001091585261747241, 0.0009402075666002929, 0.0008056150982156396, 0.0007002102211117744, 0.0006118201417848468, 0.0005373782478272915, 0.0004952544113621116, 0.0004859459004364908, 0.00044452474685385823, 0.00042778573697432876, 0.00041977345244958997, 0.00040549744153395295, 0.00039715258753858507, 0.00038697916897945106, 0.00037428250652737916, 0.0003752094635274261, 0.00036949111381545663, 0.0003610083949752152, 0.0003624392847996205, 0.00035475142067298293, 0.0003604633966460824, 0.0003471042145974934, 0.0003462691674940288, 0.0003466172202024609, 0.0003423623275011778, 0.0003387858159840107, 0.00034405378391966224, 0.00033443549182265997, 0.00033297616755589843, 0.00033423028071410954, 0.0003420261200517416, 0.0003478647267911583, 0.0003316518268547952, 0.0003212742449250072, 0.0003059406590182334], "val_loss": [0.0032462808303534985, 0.003103656927123666, 0.00233852188102901, 0.0022637583315372467, 0.001965397270396352, 0.0016391336685046554, 0.0015311657916754484, 0.0012721141101792455, 0.0011961243581026793, 0.0011410914594307542, 0.0008378255879506469, 0.0007978039793670177, 0.0007272936054505408, 0.0007696286193095148, 0.0007257383549585938, 0.0007131003076210618, 0.0007937049376778305, 0.0008063949644565582, 0.0007987628923729062, 0.0008484413847327232, 0.0007827190565876663, 0.0007942622760310769, 0.0007531781448051333, 0.00075196148827672, 0.0006959423189982772, 0.0008465725113637745, 0.000798037915956229, 0.0007941955700516701, 0.0006868088385090232, 0.0006685619009658694, 0.0007416059961542487, 0.0008472474291920662, 0.0008825698751024902, 0.0008765714010223746, 0.000802557566203177, 0.0008436018833890557, 0.0008380940416827798, 0.0008215699344873428, 0.0007813569973222911, 0.0007180771208368242], "val_mse": [0.0032462808303534985, 0.003103656927123666, 0.00233852188102901, 0.0022637583315372467, 0.001965397270396352, 0.0016391336685046554, 0.0015311657916754484, 0.0012721141101792455, 0.0011961243581026793, 0.0011410914594307542, 0.0008378255879506469, 0.0007978039793670177, 0.0007272936054505408, 0.0007696286193095148, 0.0007257384131662548, 0.0007131003076210618, 0.0007937049376778305, 0.0008063949644565582, 0.0007987628923729062, 0.0008484413847327232, 0.0007827189983800054, 0.0007942622760310769, 0.0007531781448051333, 0.00075196148827672, 0.0006959422607906163, 0.0008465725113637745, 0.000798037915956229, 0.0007941955700516701, 0.0006868088385090232, 0.0006685619009658694, 0.0007416059961542487, 0.0008472474291920662, 0.0008825698751024902, 0.0008765714010223746, 0.000802557566203177, 0.0008436018833890557, 0.0008380940416827798, 0.0008215699344873428, 0.0007813569973222911, 0.0007180771208368242]}