{"loss": [0.00136400549672544, 0.0003389876801520586, 0.0001830253895604983, 0.00015468525816686451, 0.00014076386287342757, 0.00013306457549333572, 0.00012286701530683786, 0.00011905671271961182, 0.00011821076623164117, 0.00011461068061180413, 0.00011404052202124149, 0.00010837800800800323, 0.00010703103907871991, 0.0001067461198545061, 0.00010537887283135206, 0.00010453259892528877, 0.00010176645446335897, 9.836087701842189e-05, 9.712442988529801e-05, 0.00010008548997575417, 9.868892084341496e-05, 9.874154056888074e-05, 9.828851761994883e-05, 9.346769365947694e-05, 9.335172944702208e-05, 9.290598973166198e-05, 9.455402323510498e-05, 9.424245217815042e-05, 9.019975550472736e-05, 8.91593808773905e-05, 9.143333591055125e-05, 8.791049185674638e-05, 9.070528903976083e-05, 8.763813093537465e-05, 8.866015559760854e-05, 8.761080243857577e-05, 8.863056427799165e-05, 8.568409248255193e-05, 8.651914686197415e-05, 9.068487270269543e-05, 8.416825585300103e-05, 8.556838292861357e-05, 8.52267476147972e-05, 8.272656123153865e-05, 8.260056347353384e-05, 8.198555588023737e-05, 8.63559907884337e-05, 8.223878830904141e-05, 8.007042924873531e-05, 7.97044558566995e-05, 8.619623986305669e-05, 8.179302676580846e-05, 8.11666832305491e-05, 7.920523785287514e-05, 8.153738599503413e-05, 8.298968896269798e-05], "mse": [0.00136400549672544, 0.0003389876801520586, 0.00018302541866432875, 0.00015468525816686451, 0.00014076386287342757, 0.00013306457549333572, 0.00012286701530683786, 0.00011905671271961182, 0.00011821076623164117, 0.00011461068061180413, 0.00011404052202124149, 0.00010837800800800323, 0.00010703103907871991, 0.0001067461198545061, 0.00010537885827943683, 0.00010453259892528877, 0.00010176645446335897, 9.836087701842189e-05, 9.712442988529801e-05, 0.00010008548997575417, 9.868892084341496e-05, 9.874154056888074e-05, 9.828851761994883e-05, 9.346769365947694e-05, 9.335172944702208e-05, 9.290598973166198e-05, 9.455402323510498e-05, 9.424245217815042e-05, 9.019975550472736e-05, 8.91593808773905e-05, 9.143333591055125e-05, 8.791047730483115e-05, 9.070528903976083e-05, 8.763813093537465e-05, 8.866015559760854e-05, 8.761080243857577e-05, 8.863056427799165e-05, 8.568409248255193e-05, 8.651914686197415e-05, 9.068486542673782e-05, 8.416827040491626e-05, 8.556838292861357e-05, 8.52267476147972e-05, 8.272656123153865e-05, 8.260056347353384e-05, 8.198555588023737e-05, 8.63559907884337e-05, 8.223878830904141e-05, 8.007042924873531e-05, 7.97044558566995e-05, 8.619623986305669e-05, 8.179302676580846e-05, 8.11666832305491e-05, 7.920523785287514e-05, 8.153738599503413e-05, 8.298968896269798e-05], "val_loss": [0.0005482865963131189, 0.00020476258941926062, 0.00016088805568870157, 0.00015119554882403463, 0.00013307113840710372, 0.00012958985462319106, 0.0001290137879550457, 0.00012649405107367784, 0.00013358783326111734, 0.0001268107007490471, 0.00011696783622028306, 0.00011785313836298883, 0.00011591048678383231, 0.0001171449912362732, 0.00010963367094518617, 0.00011984964658040553, 0.00011035137868020684, 0.0001091745580197312, 0.00011740557238226756, 0.00010902767098741606, 0.0001188206733786501, 0.00011751199781429023, 0.00011070664913859218, 0.0001086973788915202, 0.00011207042552996427, 0.00010895266314037144, 0.0001125674243667163, 0.00010884016955969855, 0.00011219128646189347, 0.00011267923400737345, 0.00010976016346830875, 0.00011265466309851035, 0.00010516601469134912, 0.0001225891028298065, 0.00010810839012265205, 0.00011233209806960076, 0.00010803079203469679, 0.00010397766891401261, 0.00011524258297868073, 0.00011185962648596615, 0.00011149074998684227, 0.00010793946421472356, 0.00010615220526233315, 0.00011392813757993281, 0.00010518567432882264, 0.00010329893120797351, 0.0001092462262022309, 0.00011076874943682924, 0.00011830097355414182, 0.00011049948807340115, 0.00011209197691641748, 0.00011643143079709262, 0.00011521585111040622, 0.00011487896699691191, 0.00012000093556707725, 0.0001245658058905974], "val_mse": [0.0005482865963131189, 0.00020476258941926062, 0.00016088805568870157, 0.00015119554882403463, 0.00013307113840710372, 0.00012958985462319106, 0.0001290137879550457, 0.00012649405107367784, 0.00013358783326111734, 0.0001268107007490471, 0.00011696783622028306, 0.00011785313836298883, 0.00011591048678383231, 0.0001171449912362732, 0.00010963367094518617, 0.00011984964658040553, 0.00011035137868020684, 0.0001091745580197312, 0.00011740558693418279, 0.00010902767098741606, 0.0001188206733786501, 0.00011751199781429023, 0.00011070664913859218, 0.0001086973788915202, 0.00011207042552996427, 0.00010895266314037144, 0.0001125674243667163, 0.00010884016955969855, 0.00011219128646189347, 0.00011267923400737345, 0.00010976016346830875, 0.00011265466309851035, 0.00010516601469134912, 0.0001225891028298065, 0.00010810839012265205, 0.00011233209806960076, 0.00010803079203469679, 0.00010397766891401261, 0.00011524258297868073, 0.00011185962648596615, 0.00011149074998684227, 0.00010793947876663879, 0.00010615220526233315, 0.00011392813757993281, 0.00010518567432882264, 0.00010329893120797351, 0.0001092462262022309, 0.00011076874943682924, 0.00011830097355414182, 0.00011049948807340115, 0.00011209197691641748, 0.00011643143079709262, 0.00011521585111040622, 0.00011487896699691191, 0.00012000093556707725, 0.0001245658058905974]}