{"loss": [0.0018444773741066456, 0.0006374872755259275, 0.0001964408584171906, 8.966926543507725e-05, 5.999471977702342e-05, 5.213154145167209e-05, 4.0843082388164476e-05, 3.819201810983941e-05, 3.179669511155225e-05, 2.865119677153416e-05, 2.6583771614241414e-05, 2.4069624487310648e-05, 2.3372565919999033e-05, 2.076654891425278e-05, 2.0193227101117373e-05, 1.888864608190488e-05, 1.8694814571063034e-05, 1.705663453321904e-05, 1.720878753985744e-05, 1.5943454855005257e-05, 1.7588961782166734e-05, 1.533119757368695e-05, 1.540253833809402e-05, 1.4828734492766671e-05, 1.4798233678448014e-05, 1.4120728337729815e-05, 1.4347581782203633e-05, 1.2192435860924888e-05, 1.553505535412114e-05, 1.3169848898542114e-05, 1.0513437700865325e-05, 1.0606012438074686e-05, 1.0557808309386019e-05, 1.0601185749692377e-05, 1.0011771337303799e-05, 1.1337988325976767e-05, 9.95188020169735e-06, 9.55401083047036e-06, 1.0021953130490147e-05, 9.188317562802695e-06, 8.435116797045339e-06, 8.617646926722955e-06, 7.680776434426662e-06, 8.13219139672583e-06, 8.055123544181697e-06, 8.246315701398998e-06, 8.040105967666022e-06, 7.669336810067762e-06, 7.212684522528434e-06, 7.17721923138015e-06, 7.4755480454768986e-06, 7.528184141847305e-06, 7.577643373224419e-06, 6.546676104335347e-06, 6.859999302832875e-06, 6.614357516809832e-06, 6.759639290976338e-06, 6.103620762587525e-06, 6.501527423097286e-06, 5.677130502590444e-06, 5.7298220781376585e-06, 9.675739420345053e-06, 6.1358732637017965e-06, 7.483729859814048e-06, 6.422648311854573e-06, 5.525884716917062e-06, 5.956602308287984e-06, 6.835232397861546e-06, 5.598986263066763e-06, 5.0943904170708265e-06, 5.503399734152481e-06, 4.972760052623926e-06, 5.137921107234433e-06, 5.011051143810619e-06, 5.022379355068551e-06, 4.90784350404283e-06, 4.908249138679821e-06, 5.029921794630354e-06, 5.256633357930696e-06, 5.01441718370188e-06, 6.543464678543387e-06, 6.528752237500157e-06, 5.886549843125977e-06, 4.571498266159324e-06, 5.090819740871666e-06, 4.262060883775121e-06, 5.180824246053817e-06, 5.50001868759864e-06, 4.309478299546754e-06, 4.412655925989384e-06, 4.467506641958607e-06, 4.2946244320773985e-06, 4.216257821099134e-06, 4.185129000688903e-06, 4.55528561360552e-06, 4.843787792196963e-06, 3.5581701922637876e-06, 5.218678325036308e-06, 4.933772743243026e-06, 3.7495719880098477e-06, 3.8025741559977178e-06, 3.6978890420868993e-06, 5.009746473660925e-06, 6.1049122450640425e-06], "mse": [0.0018444773741066456, 0.0006374872755259275, 0.0001964408584171906, 8.966926543507725e-05, 5.999471977702342e-05, 5.213154145167209e-05, 4.0843082388164476e-05, 3.819201810983941e-05, 3.179669511155225e-05, 2.865119677153416e-05, 2.6583771614241414e-05, 2.4069624487310648e-05, 2.3372565919999033e-05, 2.076654891425278e-05, 2.0193227101117373e-05, 1.888864608190488e-05, 1.8694814571063034e-05, 1.705663453321904e-05, 1.720878753985744e-05, 1.5943454855005257e-05, 1.7588961782166734e-05, 1.533119757368695e-05, 1.540253833809402e-05, 1.4828734492766671e-05, 1.4798233678448014e-05, 1.4120728337729815e-05, 1.4347581782203633e-05, 1.2192435860924888e-05, 1.553505535412114e-05, 1.3169848898542114e-05, 1.0513437700865325e-05, 1.0606012438074686e-05, 1.0557808309386019e-05, 1.0601185749692377e-05, 1.0011771337303799e-05, 1.1337988325976767e-05, 9.95188020169735e-06, 9.55401083047036e-06, 1.0021953130490147e-05, 9.188317562802695e-06, 8.435116797045339e-06, 8.617646926722955e-06, 7.680776434426662e-06, 8.13219139672583e-06, 8.055123544181697e-06, 8.246315701398998e-06, 8.040105967666022e-06, 7.669336810067762e-06, 7.212684522528434e-06, 7.17721923138015e-06, 7.4755480454768986e-06, 7.528184141847305e-06, 7.577643373224419e-06, 6.546676104335347e-06, 6.859999302832875e-06, 6.614357516809832e-06, 6.759639290976338e-06, 6.103620762587525e-06, 6.501527423097286e-06, 5.677130502590444e-06, 5.7298220781376585e-06, 9.675739420345053e-06, 6.1358732637017965e-06, 7.483729859814048e-06, 6.422649221349275e-06, 5.525884716917062e-06, 5.956602308287984e-06, 6.835232397861546e-06, 5.598985808319412e-06, 5.0943904170708265e-06, 5.503399734152481e-06, 4.972760052623926e-06, 5.137921107234433e-06, 5.011051143810619e-06, 5.022379355068551e-06, 4.90784350404283e-06, 4.908249138679821e-06, 5.029921794630354e-06, 5.256633357930696e-06, 5.01441718370188e-06, 6.543464678543387e-06, 6.528752692247508e-06, 5.886549843125977e-06, 4.571498266159324e-06, 5.090819740871666e-06, 4.262060883775121e-06, 5.180824246053817e-06, 5.50001868759864e-06, 4.309478299546754e-06, 4.412655925989384e-06, 4.467506641958607e-06, 4.2946244320773985e-06, 4.216257821099134e-06, 4.185129000688903e-06, 4.55528561360552e-06, 4.843787792196963e-06, 3.5581701922637876e-06, 5.218678325036308e-06, 4.933772743243026e-06, 3.7495719880098477e-06, 3.8025741559977178e-06, 3.6978890420868993e-06, 5.009746473660925e-06, 6.1049122450640425e-06], "val_loss": [0.0011381754884496331, 0.0004067738482262939, 0.00015630341658834368, 0.0001033731532515958, 7.215335790533572e-05, 5.6649230828043073e-05, 4.9082816985901445e-05, 5.812964809592813e-05, 4.550044104689732e-05, 4.095126496395096e-05, 3.706818097271025e-05, 3.39636935677845e-05, 3.283047044533305e-05, 3.0791157769272104e-05, 2.902563937823288e-05, 2.8304099032538943e-05, 3.2120315154315904e-05, 2.746276368270628e-05, 2.656935976119712e-05, 2.6252642783219926e-05, 2.498202411516104e-05, 2.6939684175886214e-05, 2.4252380171674304e-05, 2.773975757008884e-05, 2.724257683439646e-05, 2.4272583686979488e-05, 2.579009196779225e-05, 2.528263757994864e-05, 3.07120535580907e-05, 2.1181125703151338e-05, 2.6489808078622445e-05, 2.2557605916517787e-05, 2.251885052828584e-05, 2.0617921109078452e-05, 2.052538184216246e-05, 2.1865775124751963e-05, 1.9916327801183797e-05, 1.941747723321896e-05, 2.0893952751066536e-05, 1.8781156541081145e-05, 1.8319158698432148e-05, 1.8529643057263456e-05, 1.7729440514813177e-05, 1.893934495456051e-05, 1.741490268614143e-05, 1.7173726519104093e-05, 1.8718808860285208e-05, 1.8286322301719338e-05, 2.44332586589735e-05, 1.7536438463139348e-05, 1.9181277821189724e-05, 1.7375317838741466e-05, 1.674260784056969e-05, 1.6390667951782234e-05, 2.0204637621645816e-05, 1.8330380044062622e-05, 1.603057717147749e-05, 1.6279042029054835e-05, 1.6778143617557362e-05, 1.6327692719642073e-05, 1.7789079720387235e-05, 1.7058602679753676e-05, 1.7356571333948523e-05, 1.9988843632745557e-05, 1.5873129086685367e-05, 1.6059324480011128e-05, 1.6436657460872084e-05, 1.7083748389268294e-05, 1.558431722514797e-05, 1.5784366041771136e-05, 1.4982141692598816e-05, 1.513121878815582e-05, 1.5839495972613804e-05, 1.5123168850550428e-05, 1.604342287464533e-05, 1.4864312106510624e-05, 1.621447881916538e-05, 1.4774434930586722e-05, 1.632972816878464e-05, 2.2408277800423093e-05, 1.677966611168813e-05, 1.933307976287324e-05, 1.629818325454835e-05, 1.504062947788043e-05, 1.4399995961866807e-05, 1.4645295777881984e-05, 1.6784415493020788e-05, 1.507162960479036e-05, 1.481943854741985e-05, 1.690759563643951e-05, 1.8317981812288053e-05, 1.4703252418257762e-05, 1.4033293155080173e-05, 1.3821297216054518e-05, 1.4108070899965242e-05, 1.427002098353114e-05, 1.5027226254460402e-05, 1.7879703591461293e-05, 1.5164322576310951e-05, 1.3990531442686915e-05, 1.4633210412284825e-05, 1.4692737750010565e-05, 1.621261799300555e-05, 1.6761787264840677e-05],