{"loss": [0.0021535037085413933, 0.0015494122635573149, 0.0010738999117165804, 0.0007388048688881099, 0.0005109921912662685, 0.0003568476240616292, 0.0002646355424076319, 0.00020989272161386907, 0.00018033976084552705, 0.0001650399062782526, 0.00015244002861436456, 0.00014317517343442887, 0.00014140878920443356, 0.00013025813677813858, 0.00012450596841517836, 0.00011553188232937828, 0.00011694613203871995, 0.00010863666102522984, 0.00010523456148803234, 9.996046719606966e-05, 0.00010404208296677098, 0.00010334989201510325, 9.689443686511368e-05, 9.032238449435681e-05, 9.954367124009877e-05, 9.047505591297522e-05, 8.860928937792778e-05, 8.758924377616495e-05, 8.78848004504107e-05, 9.005508036352694e-05, 8.424718544119969e-05, 8.639647421659902e-05], "mse": [0.0021535037085413933, 0.0015494122635573149, 0.0010738999117165804, 0.0007388048688881099, 0.0005109921912662685, 0.0003568476240616292, 0.0002646355424076319, 0.00020989272161386907, 0.00018033976084552705, 0.0001650399062782526, 0.00015244002861436456, 0.00014317517343442887, 0.00014140878920443356, 0.00013025813677813858, 0.00012450596841517836, 0.00011553188232937828, 0.00011694613203871995, 0.00010863666102522984, 0.00010523456148803234, 9.996046719606966e-05, 0.00010404208296677098, 0.00010334989201510325, 9.689443686511368e-05, 9.032238449435681e-05, 9.954367124009877e-05, 9.047505591297522e-05, 8.860928937792778e-05, 8.758924377616495e-05, 8.78848004504107e-05, 9.005508036352694e-05, 8.424718544119969e-05, 8.639647421659902e-05], "val_loss": [0.002242340473458171, 0.0016372002428397536, 0.0009866037871688604, 0.0005980505375191569, 0.00045099499402567744, 0.000322036852594465, 0.0003268103173468262, 0.0002376367338001728, 0.0002813621249515563, 0.00022948866535443813, 0.000215787353226915, 0.0002602718013804406, 0.00021192411077208817, 0.0001986730785574764, 0.00021477518021129072, 0.0002061032719211653, 0.00021314826153684407, 0.00019982201047241688, 0.00020835609757341444, 0.00019660519319586456, 0.00021200785704422742, 0.00018719802028499544, 0.00018857295799534768, 0.0002091552159981802, 0.00020863403915427625, 0.00019035351579077542, 0.00019245843577664346, 0.00019631869508884847, 0.0002477274392731488, 0.00020275481801945716, 0.00021117820870131254, 0.00019023966160602868], "val_mse": [0.002242340473458171, 0.0016372002428397536, 0.0009866037871688604, 0.0005980505375191569, 0.00045099499402567744, 0.000322036852594465, 0.0003268103173468262, 0.0002376367338001728, 0.0002813621249515563, 0.00022948866535443813, 0.000215787353226915, 0.0002602718013804406, 0.00021192411077208817, 0.0001986730785574764, 0.00021477518021129072, 0.0002061032719211653, 0.00021314826153684407, 0.00019982201047241688, 0.00020835609757341444, 0.00019660519319586456, 0.00021200785704422742, 0.00018719802028499544, 0.00018857295799534768, 0.0002091552159981802, 0.00020863403915427625, 0.00019035351579077542, 0.00019245843577664346, 0.00019631869508884847, 0.0002477274392731488, 0.00020275481801945716, 0.00021117820870131254, 0.00019023966160602868]}