{"loss": [0.0018617090536281466, 0.000693639914970845, 0.000236303880228661, 0.00014235802518669516, 0.00011109958722954616, 9.099613089347258e-05, 7.491579162888229e-05, 6.713151378789917e-05, 6.247490819077939e-05, 5.313127257977612e-05, 5.034359128330834e-05, 4.7034944145707414e-05, 4.317947605159134e-05, 4.1116854845313355e-05, 3.72869944840204e-05, 3.749802635866217e-05, 3.526313594193198e-05, 3.357492096256465e-05, 3.186479807482101e-05, 3.183332955813967e-05, 3.528200613800436e-05, 3.1019895686767995e-05, 2.832528844010085e-05, 2.9225409889477305e-05, 2.8866310458397493e-05, 2.8146105250925757e-05, 2.7349657102604397e-05, 2.782395495160017e-05, 2.5873387130559422e-05, 2.378745011810679e-05, 2.638046134961769e-05, 2.415984454273712e-05, 2.5327099137939513e-05, 2.5298644686699845e-05, 2.4012195353861898e-05, 2.3743377823848277e-05, 2.1921216102782637e-05, 2.416423558315728e-05, 2.184727054554969e-05, 2.169951949326787e-05, 2.1876952814636752e-05, 2.041510379058309e-05, 2.4375647626584396e-05, 2.2254889699979685e-05, 2.1552574253291823e-05, 1.9285871530883014e-05, 2.0206382032483816e-05, 2.091125861625187e-05, 1.902509029605426e-05, 1.872417124104686e-05, 1.9311479263706133e-05, 1.7647105778451078e-05, 1.922416231536772e-05, 1.9119421267532744e-05, 1.7529864635434933e-05, 1.707155206531752e-05, 1.8836179151549004e-05, 2.0502424376900308e-05, 2.158861570933368e-05, 2.175291047024075e-05, 2.576772567408625e-05], "mse": [0.0018617090536281466, 0.000693639914970845, 0.000236303880228661, 0.00014235802518669516, 0.00011109958722954616, 9.099613089347258e-05, 7.491579162888229e-05, 6.713151378789917e-05, 6.247490819077939e-05, 5.313127257977612e-05, 5.034359128330834e-05, 4.7034944145707414e-05, 4.317947605159134e-05, 4.1116854845313355e-05, 3.72869944840204e-05, 3.749802635866217e-05, 3.526313594193198e-05, 3.357492096256465e-05, 3.186479807482101e-05, 3.183332955813967e-05, 3.528200613800436e-05, 3.1019895686767995e-05, 2.832528844010085e-05, 2.9225409889477305e-05, 2.8866310458397493e-05, 2.8146105250925757e-05, 2.7349657102604397e-05, 2.782395495160017e-05, 2.5873387130559422e-05, 2.3787448299117386e-05, 2.638046134961769e-05, 2.415984454273712e-05, 2.5327099137939513e-05, 2.5298644686699845e-05, 2.4012195353861898e-05, 2.3743377823848277e-05, 2.1921216102782637e-05, 2.416423558315728e-05, 2.184727054554969e-05, 2.169951949326787e-05, 2.1876952814636752e-05, 2.041510379058309e-05, 2.43756494455738e-05, 2.2254889699979685e-05, 2.1552574253291823e-05, 1.9285871530883014e-05, 2.0206382032483816e-05, 2.091125861625187e-05, 1.902509029605426e-05, 1.872417124104686e-05, 1.9311479263706133e-05, 1.7647105778451078e-05, 1.9224160496378317e-05, 1.9119421267532744e-05, 1.7529864635434933e-05, 1.707155206531752e-05, 1.8836179151549004e-05, 2.0502424376900308e-05, 2.158861570933368e-05, 2.175291047024075e-05, 2.576772567408625e-05], "val_loss": [0.0010014284634962678, 0.00036012058262713253, 0.00016083457740023732, 0.00011763634392991662, 0.00010710149217629805, 8.50000578793697e-05, 7.554494368378073e-05, 6.482777098426595e-05, 6.917610880918801e-05, 5.9635080106090754e-05, 5.6627239246154204e-05, 5.42789239261765e-05, 5.0058319175150245e-05, 4.7459936467930675e-05, 4.6590321289841086e-05, 4.711671863333322e-05, 4.404623541631736e-05, 4.399493263917975e-05, 4.6259883674792945e-05, 5.502340354723856e-05, 4.5899712858954445e-05, 4.3169784476049244e-05, 4.571898534777574e-05, 4.1610659536672756e-05, 4.218808317091316e-05, 4.58745525975246e-05, 4.1438284824835137e-05, 3.967215889133513e-05, 3.896094494848512e-05, 4.326903581386432e-05, 4.481291398406029e-05, 3.870307409670204e-05, 3.98573829443194e-05, 3.746882430277765e-05, 3.953447594540194e-05, 3.670811202027835e-05, 4.077036282978952e-05, 4.072171577718109e-05, 3.6867655580863357e-05, 4.386371801956557e-05, 3.564826329238713e-05, 4.069636997883208e-05, 3.7020981835667044e-05, 3.838648262899369e-05, 3.512249531922862e-05, 3.60911144525744e-05, 3.635791290435009e-05, 3.805347660090774e-05, 3.564813960110769e-05, 3.793827272602357e-05, 3.408716293051839e-05, 3.675257175927982e-05, 3.4523058275226504e-05, 3.927161742467433e-05, 3.526739601511508e-05, 3.935898712370545e-05, 3.50682639691513e-05, 3.9090082282200456e-05, 3.849638960673474e-05, 3.973166167270392e-05, 3.571302295313217e-05], "val_mse": [0.0010014284634962678, 0.00036012058262713253, 0.00016083457740023732, 0.00011763634392991662, 0.00010710149217629805, 8.50000578793697e-05, 7.554494368378073e-05, 6.482777098426595e-05, 6.917610880918801e-05, 5.9635080106090754e-05, 5.6627239246154204e-05, 5.42789239261765e-05, 5.0058319175150245e-05, 4.7459936467930675e-05, 4.6590321289841086e-05, 4.711671863333322e-05, 4.404623541631736e-05, 4.399493627715856e-05, 4.6259883674792945e-05, 5.502340354723856e-05, 4.5899712858954445e-05, 4.3169784476049244e-05, 4.571898534777574e-05, 4.1610659536672756e-05, 4.218808317091316e-05, 4.5874556235503405e-05, 4.1438284824835137e-05, 3.967215889133513e-05, 3.896094494848512e-05, 4.326903581386432e-05, 4.481291398406029e-05, 3.870307409670204e-05, 3.98573829443194e-05, 3.746882430277765e-05, 3.953447594540194e-05, 3.670811202027835e-05, 4.077036282978952e-05, 4.072171577718109e-05, 3.6867655580863357e-05, 4.386371801956557e-05, 3.564826329238713e-05, 4.0696366340853274e-05, 3.7020981835667044e-05, 3.838648262899369e-05, 3.512249531922862e-05, 3.60911144525744e-05, 3.635791290435009e-05, 3.805347660090774e-05, 3.564813960110769e-05, 3.793827272602357e-05, 3.408716293051839e-05, 3.675257175927982e-05, 3.4523058275226504e-05, 3.927161742467433e-05, 3.526739601511508e-05, 3.935898712370545e-05, 3.50682639691513e-05, 3.9090082282200456e-05, 3.849638960673474e-05, 3.973166167270392e-05, 3.571302295313217e-05]}