{"loss": [0.0011724474607035518, 0.0001909471902763471, 0.00010356085113016888, 6.565554213011637e-05, 5.398098437581211e-05, 4.7395078581757843e-05, 4.1825729567790404e-05, 3.90949280699715e-05, 3.624165401561186e-05, 3.532894334057346e-05, 3.245733751100488e-05, 3.356032175361179e-05, 3.26275585393887e-05, 3.201385334250517e-05, 3.1676892831455916e-05, 2.8766833565896377e-05, 2.7867505195899867e-05, 2.8381862648529932e-05, 2.7076015612692572e-05, 2.5730931156431325e-05, 2.6062456527142785e-05, 2.4937273337855004e-05, 2.716844937822316e-05, 2.4200502593885176e-05, 2.854859849321656e-05, 2.4894670787034556e-05, 2.35787701967638e-05, 2.3294323909794912e-05, 2.390561166976113e-05, 2.346235851291567e-05, 2.271527591801714e-05, 2.2146134142531082e-05, 2.318372753506992e-05], "mse": [0.0011724474607035518, 0.0001909471902763471, 0.00010356085113016888, 6.565554213011637e-05, 5.398098437581211e-05, 4.7395078581757843e-05, 4.1825729567790404e-05, 3.90949280699715e-05, 3.6241657653590664e-05, 3.532894334057346e-05, 3.245733751100488e-05, 3.356032175361179e-05, 3.26275585393887e-05, 3.201385334250517e-05, 3.1676892831455916e-05, 2.8766833565896377e-05, 2.7867505195899867e-05, 2.8381862648529932e-05, 2.7076015612692572e-05, 2.5730931156431325e-05, 2.6062456527142785e-05, 2.4937273337855004e-05, 2.716844937822316e-05, 2.4200502593885176e-05, 2.854859849321656e-05, 2.4894670787034556e-05, 2.35787701967638e-05, 2.3294323909794912e-05, 2.390561166976113e-05, 2.346235851291567e-05, 2.271527591801714e-05, 2.2146134142531082e-05, 2.318372753506992e-05], "val_loss": [0.0003077107248827815, 0.000137721435748972, 8.66809205035679e-05, 6.343962013488635e-05, 5.8713165344670415e-05, 5.141040310263634e-05, 4.792840627487749e-05, 4.1655028326204047e-05, 4.695930692832917e-05, 3.90732275263872e-05, 3.8399597542593256e-05, 3.7213507312117144e-05, 3.6127486964687705e-05, 3.5670884244609624e-05, 3.454850593698211e-05, 3.333216955070384e-05, 3.192169242538512e-05, 3.34564465447329e-05, 3.3114331017713994e-05, 3.68470573448576e-05, 3.359197580721229e-05, 3.374154766788706e-05, 2.9671728043467738e-05, 3.6432145861908793e-05, 3.1081828637979925e-05, 3.3340606023557484e-05, 3.1289815524360165e-05, 3.279273005318828e-05, 3.4710879845079035e-05, 3.0780400265939534e-05, 3.169384945067577e-05, 3.4480450267437845e-05, 2.966937427117955e-05], "val_mse": [0.0003077107248827815, 0.000137721435748972, 8.66809205035679e-05, 6.343962013488635e-05, 5.8713165344670415e-05, 5.141040310263634e-05, 4.792840627487749e-05, 4.1655028326204047e-05, 4.695931056630798e-05, 3.907322388840839e-05, 3.839959390461445e-05, 3.7213507312117144e-05, 3.6127486964687705e-05, 3.5670884244609624e-05, 3.454850593698211e-05, 3.333216955070384e-05, 3.192169242538512e-05, 3.34564465447329e-05, 3.3114331017713994e-05, 3.68470573448576e-05, 3.359197580721229e-05, 3.374154766788706e-05, 2.9671728043467738e-05, 3.6432145861908793e-05, 3.1081828637979925e-05, 3.3340606023557484e-05, 3.1289815524360165e-05, 3.279273005318828e-05, 3.4710879845079035e-05, 3.0780400265939534e-05, 3.169384945067577e-05, 3.4480450267437845e-05, 2.966937427117955e-05]}