{"loss": [0.0021881205029785633, 0.0014649648219347, 0.0009973271517083049, 0.0006145608494989574, 0.00039758015191182494, 0.00023095778306014836, 0.000150305189890787, 0.0001151521792053245, 9.856269753072411e-05, 7.732383528491482e-05, 6.563491479028016e-05, 5.917372618569061e-05, 4.8962036089506e-05, 4.32638953498099e-05, 4.2952200601575896e-05, 4.0191189327742904e-05, 3.689617005875334e-05, 2.8745311283273622e-05, 2.5996045224019326e-05, 2.658390803844668e-05, 2.421810495434329e-05, 2.193896762037184e-05, 2.019651401496958e-05, 1.99973310373025e-05, 1.9021414118469693e-05, 1.77888559846906e-05, 1.6901813069125637e-05, 1.7193282474181615e-05, 1.702329609543085e-05, 1.5112636901903898e-05, 1.5205523595795967e-05, 1.4424799701373558e-05, 1.4247118087951094e-05, 1.3963357559987344e-05, 1.3631974979944061e-05, 1.2366125702101272e-05, 1.1563399311853573e-05, 1.1778693078667857e-05, 1.092305319616571e-05, 1.0798624316521455e-05, 1.0146512067876756e-05, 9.341096301795915e-06, 9.82956862571882e-06, 9.988396413973533e-06, 9.08237780095078e-06, 8.514356522937305e-06, 9.358628631161992e-06, 8.20847344584763e-06, 8.041572982619982e-06, 7.64722608437296e-06, 7.389444363070652e-06, 8.163738129951525e-06], "mse": [0.0021881205029785633, 0.0014649648219347, 0.0009973271517083049, 0.0006145608494989574, 0.00039758015191182494, 0.00023095778306014836, 0.000150305189890787, 0.0001151521792053245, 9.856269753072411e-05, 7.732383528491482e-05, 6.563491479028016e-05, 5.917372618569061e-05, 4.8962036089506e-05, 4.32638953498099e-05, 4.2952200601575896e-05, 4.0191189327742904e-05, 3.689617005875334e-05, 2.8745311283273622e-05, 2.5996045224019326e-05, 2.658390803844668e-05, 2.421810495434329e-05, 2.193896762037184e-05, 2.019651401496958e-05, 1.99973310373025e-05, 1.9021414118469693e-05, 1.77888559846906e-05, 1.6901813069125637e-05, 1.7193282474181615e-05, 1.702329609543085e-05, 1.5112636901903898e-05, 1.5205523595795967e-05, 1.4424799701373558e-05, 1.4247118087951094e-05, 1.3963357559987344e-05, 1.3631974979944061e-05, 1.2366125702101272e-05, 1.1563399311853573e-05, 1.1778693078667857e-05, 1.0923055015155114e-05, 1.0798624316521455e-05, 1.0146512067876756e-05, 9.341096301795915e-06, 9.829569535213523e-06, 9.988396413973533e-06, 9.08237780095078e-06, 8.514356522937305e-06, 9.358628631161992e-06, 8.20847344584763e-06, 8.041572982619982e-06, 7.64722608437296e-06, 7.389444363070652e-06, 8.163738129951525e-06], "val_loss": [0.0015644043451175094, 0.0012820021947845817, 0.0009309444576501846, 0.0006057586288079619, 0.0003906704077962786, 0.0002375262265559286, 0.00016486634558532387, 0.00011671301035676152, 9.248621063306928e-05, 9.304865670856088e-05, 6.74065959174186e-05, 5.84358349442482e-05, 6.029874930391088e-05, 4.745661135530099e-05, 4.6837700210744515e-05, 4.517480556387454e-05, 3.785446097026579e-05, 3.835107054328546e-05, 3.5301793104736134e-05, 3.6549805372487754e-05, 3.191202995367348e-05, 3.054728585993871e-05, 2.920849874499254e-05, 3.201268191332929e-05, 2.9337528758333065e-05, 2.8368152925395407e-05, 2.6748117306851782e-05, 3.204610038665123e-05, 2.8963364457013085e-05, 2.75855309155304e-05, 2.7103533284389414e-05, 2.687404048629105e-05, 2.5866529540508054e-05, 2.889751340262592e-05, 2.8498785468400456e-05, 2.824665352818556e-05, 2.8812612072215416e-05, 2.703365134948399e-05, 2.5294662918895483e-05, 2.8295631636865437e-05, 2.570616743469145e-05, 2.507487624825444e-05, 2.7731173759093508e-05, 2.761219184321817e-05, 2.6785983209265396e-05, 2.5829333026194945e-05, 2.769440834526904e-05, 2.6037218049168587e-05, 2.5731602363521233e-05, 2.5127486878773198e-05, 2.715627124416642e-05, 2.5530895072733983e-05], "val_mse": [0.0015644043451175094, 0.0012820021947845817, 0.0009309444576501846, 0.0006057586288079619, 0.0003906704077962786, 0.0002375262265559286, 0.00016486633103340864, 0.00011671301035676152, 9.248621063306928e-05, 9.304865670856088e-05, 6.74065959174186e-05, 5.84358349442482e-05, 6.029874930391088e-05, 4.745661135530099e-05, 4.6837700210744515e-05, 4.517480556387454e-05, 3.785446097026579e-05, 3.835107054328546e-05, 3.5301793104736134e-05, 3.6549805372487754e-05, 3.191202995367348e-05, 3.054728585993871e-05, 2.920849874499254e-05, 3.201267827535048e-05, 2.9337528758333065e-05, 2.8368152925395407e-05, 2.6748117306851782e-05, 3.204610038665123e-05, 2.8963364457013085e-05, 2.75855309155304e-05, 2.7103533284389414e-05, 2.687404048629105e-05, 2.5866529540508054e-05, 2.889751340262592e-05, 2.8498785468400456e-05, 2.824665352818556e-05, 2.8812612072215416e-05, 2.703365134948399e-05, 2.5294662918895483e-05, 2.8295635274844244e-05, 2.570616743469145e-05, 2.507487624825444e-05, 2.7731173759093508e-05, 2.761219184321817e-05, 2.6785983209265396e-05, 2.5829333026194945e-05, 2.769440834526904e-05, 2.6037218049168587e-05, 2.5731602363521233e-05, 2.5127486878773198e-05, 2.715627124416642e-05, 2.5530895072733983e-05]}