{"loss": [0.0025738361291587353, 0.0023469191510230303, 0.002125231781974435, 0.0018745787674561143, 0.0015986890066415071, 0.0013196497457101941, 0.0010728774359449744, 0.0008679957245476544, 0.0006972196861170232, 0.0005848945002071559, 0.00046558407484553754, 0.0003951425605919212, 0.00036769258440472186, 0.00032817578176036477, 0.0003013267705682665, 0.0002771368308458477, 0.0002693668066058308, 0.00026047267601825297, 0.000254628190305084, 0.0002584339235909283, 0.000244746042881161, 0.0002237310109194368, 0.00021961824677418917, 0.0002262934867758304, 0.00021611347619909793, 0.0002167150378227234, 0.00021965142514090985, 0.00020897276408504695, 0.00020155473612248898, 0.00019355828408151865, 0.00018871089559979737, 0.00019309362687636167, 0.00018161309708375484, 0.00018002324213739485, 0.00017575910896994174, 0.00017639456200413406, 0.00017812298028729856], "mse": [0.0025738361291587353, 0.0023469191510230303, 0.002125231781974435, 0.0018745785346254706, 0.0015986890066415071, 0.0013196497457101941, 0.0010728774359449744, 0.0008679957245476544, 0.0006972196861170232, 0.0005848945002071559, 0.00046558407484553754, 0.0003951425605919212, 0.00036769258440472186, 0.00032817578176036477, 0.0003013267705682665, 0.0002771368308458477, 0.0002693668066058308, 0.00026047267601825297, 0.000254628190305084, 0.0002584339235909283, 0.000244746042881161, 0.0002237310109194368, 0.00021961824677418917, 0.0002262934867758304, 0.00021611347619909793, 0.0002167150378227234, 0.00021965142514090985, 0.00020897276408504695, 0.00020155473612248898, 0.00019355828408151865, 0.00018871089559979737, 0.00019309362687636167, 0.00018161309708375484, 0.00018002324213739485, 0.00017575910896994174, 0.00017639456200413406, 0.00017812298028729856], "val_loss": [0.0031513944268226624, 0.0028234953060746193, 0.0025076493620872498, 0.0021116426214575768, 0.0016591442981734872, 0.0012633012374863029, 0.000957972661126405, 0.0007239312981255352, 0.0005093473009765148, 0.0003868891508318484, 0.0003446837072260678, 0.00033713699667714536, 0.00022802311286795884, 0.00019067533139605075, 0.00019489780243020505, 0.00017359809135086834, 0.00017842675151769072, 0.0002016836078837514, 0.00022492464631795883, 0.00019346678163856268, 0.00015027087647467852, 0.00015584620996378362, 0.0001589883177075535, 0.00015146781515795738, 0.00016276989481411874, 0.00016492922441102564, 0.0001433175493730232, 0.00016780798614490777, 0.00016740986029617488, 0.000155867135617882, 0.00015309115406125784, 0.0001469226845074445, 0.0001509504800196737, 0.0001465194800402969, 0.00014947699673939496, 0.00014465305139310658, 0.00016501330537721515], "val_mse": [0.0031513944268226624, 0.0028234953060746193, 0.0025076493620872498, 0.0021116426214575768, 0.0016591442981734872, 0.0012633012374863029, 0.000957972661126405, 0.0007239313563331962, 0.0005093473009765148, 0.0003868891508318484, 0.0003446837072260678, 0.00033713699667714536, 0.00022802311286795884, 0.00019067533139605075, 0.00019489780243020505, 0.00017359809135086834, 0.00017842675151769072, 0.0002016836078837514, 0.00022492464631795883, 0.00019346678163856268, 0.00015027087647467852, 0.00015584620996378362, 0.0001589883177075535, 0.00015146781515795738, 0.00016276989481411874, 0.00016492922441102564, 0.0001433175493730232, 0.00016780798614490777, 0.00016740986029617488, 0.000155867135617882, 0.00015309115406125784, 0.0001469226845074445, 0.0001509504800196737, 0.0001465194800402969, 0.00014947699673939496, 0.00014465305139310658, 0.00016501330537721515]}