{"loss": [0.0019485935335978866, 0.0014003455871716142, 0.000909021298866719, 0.0005584632745012641, 0.0003086944343522191, 0.00016845492064021528, 0.0001255752722499892, 0.00010346245107939467, 8.668311784276739e-05, 7.853044371586293e-05, 7.545806874986738e-05, 6.579353066626936e-05, 6.158609176054597e-05, 5.633701948681846e-05, 5.3750798542751e-05, 5.1499071560101584e-05, 4.8499910917598754e-05, 4.4407861423678696e-05, 4.298044223105535e-05, 4.5768880227115005e-05, 4.118055949220434e-05, 3.860196011373773e-05, 3.746786751435138e-05, 3.529438254190609e-05, 3.350400584167801e-05, 3.314677451271564e-05, 3.190545612596907e-05, 3.055252818739973e-05, 3.424391252337955e-05, 3.129056131001562e-05, 3.0096891350694932e-05, 2.9294078558450565e-05, 2.9825558158336207e-05, 2.9658182029379532e-05, 2.7784564736066386e-05, 2.618190410430543e-05, 2.559273889346514e-05, 2.4883411242626607e-05, 2.529043376853224e-05, 2.4692330043762922e-05, 2.3586360839544795e-05, 2.3414153474732302e-05, 2.641883293108549e-05, 2.4414266590611078e-05, 2.4427907192148268e-05, 2.3812934159650467e-05, 2.30262285185745e-05, 2.1357942387112416e-05, 1.996734681597445e-05, 2.2633123080595396e-05, 2.4247015971923247e-05, 2.2449272364610806e-05, 1.9421979231992736e-05, 2.0051860701642e-05, 1.9768000129261054e-05, 1.8660335626918823e-05, 1.897467336675618e-05, 2.131791552528739e-05, 1.8936274500447325e-05], "mse": [0.0019485935335978866, 0.0014003455871716142, 0.000909021298866719, 0.0005584632745012641, 0.0003086944343522191, 0.00016845492064021528, 0.0001255752722499892, 0.00010346245107939467, 8.668311784276739e-05, 7.853044371586293e-05, 7.545806874986738e-05, 6.579353066626936e-05, 6.158609176054597e-05, 5.633701948681846e-05, 5.3750798542751e-05, 5.1499071560101584e-05, 4.8499910917598754e-05, 4.4407861423678696e-05, 4.298044223105535e-05, 4.5768880227115005e-05, 4.118055949220434e-05, 3.860196011373773e-05, 3.746786751435138e-05, 3.529438254190609e-05, 3.350400584167801e-05, 3.314677451271564e-05, 3.190545612596907e-05, 3.055252818739973e-05, 3.424391252337955e-05, 3.129056131001562e-05, 3.0096891350694932e-05, 2.9294078558450565e-05, 2.9825558158336207e-05, 2.9658182029379532e-05, 2.7784564736066386e-05, 2.618190410430543e-05, 2.559273889346514e-05, 2.4883411242626607e-05, 2.529043376853224e-05, 2.4692330043762922e-05, 2.3586360839544795e-05, 2.3414153474732302e-05, 2.641883293108549e-05, 2.4414266590611078e-05, 2.4427907192148268e-05, 2.3812934159650467e-05, 2.30262285185745e-05, 2.1357942387112416e-05, 1.996734681597445e-05, 2.2633123080595396e-05, 2.4247015971923247e-05, 2.2449272364610806e-05, 1.9421979231992736e-05, 2.0051860701642e-05, 1.9768000129261054e-05, 1.8660335626918823e-05, 1.897467336675618e-05, 2.131791552528739e-05, 1.8936274500447325e-05], "val_loss": [0.0018950384110212326, 0.0011998260160908103, 0.0006507466314360499, 0.00039270511479116976, 0.000227644806727767, 0.00015943311154842377, 0.00013312969531398267, 0.0001243955921381712, 0.00010849104728549719, 0.00010294523963239044, 9.568863606546074e-05, 8.791543950792402e-05, 8.240280294558033e-05, 7.808046939317137e-05, 7.584368722746149e-05, 8.246912329923362e-05, 7.336762791965157e-05, 7.067788828862831e-05, 9.123517520492896e-05, 6.264493276830763e-05, 6.350411422317848e-05, 6.837295222794637e-05, 5.848603177582845e-05, 5.849566514370963e-05, 6.249242142075673e-05, 5.966450407868251e-05, 6.881046283524483e-05, 5.6858931202441454e-05, 5.726651943405159e-05, 6.264226976782084e-05, 5.450240496429615e-05, 5.527503162738867e-05, 5.4291893320623785e-05, 5.462357512442395e-05, 5.379079811973497e-05, 5.865872299182229e-05, 5.473509736475535e-05, 5.437419895315543e-05, 5.409406730905175e-05, 5.12307342432905e-05, 5.7925284636439756e-05, 5.874790804227814e-05, 5.2403971494641155e-05, 5.089565456728451e-05, 5.3895510063739493e-05, 5.5413274822058156e-05, 5.389247235143557e-05, 5.457398947328329e-05, 5.019857781007886e-05, 5.17770167789422e-05, 6.36159602436237e-05, 5.2106544899288565e-05, 5.174915349925868e-05, 5.4180862207431346e-05, 5.1733462896663696e-05, 5.63070279895328e-05, 5.499374674400315e-05, 5.1838538638548926e-05, 5.5230681027751416e-05], "val_mse": [0.0018950384110212326, 0.0011998260160908103, 0.0006507466314360499, 0.00039270511479116976, 0.000227644806727767, 0.00015943311154842377, 0.00013312969531398267, 0.0001243955921381712, 0.00010849104728549719, 0.00010294523963239044, 9.568863606546074e-05, 8.791543950792402e-05, 8.240280294558033e-05, 7.808046939317137e-05, 7.584368722746149e-05, 8.246912329923362e-05, 7.336762791965157e-05, 7.067789556458592e-05, 9.123517520492896e-05, 6.264493276830763e-05, 6.350411422317848e-05, 6.837295222794637e-05, 5.848603177582845e-05, 5.849566514370963e-05, 6.249242142075673e-05, 5.966450407868251e-05, 6.881046283524483e-05, 5.6858931202441454e-05, 5.726651943405159e-05, 6.264226976782084e-05, 5.450241224025376e-05, 5.527503162738867e-05, 5.4291893320623785e-05, 5.462357512442395e-05, 5.379079811973497e-05, 5.865872299182229e-05, 5.473509736475535e-05, 5.437419895315543e-05, 5.409406730905175e-05, 5.12307342432905e-05, 5.7925284636439756e-05, 5.874790804227814e-05, 5.2403971494641155e-05, 5.089565456728451e-05, 5.3895510063739493e-05, 5.5413274822058156e-05, 5.389247235143557e-05, 5.457398947328329e-05, 5.019857781007886e-05, 5.17770167789422e-05, 6.36159602436237e-05, 5.2106544899288565e-05, 5.174915349925868e-05, 5.4180862207431346e-05, 5.1733462896663696e-05, 5.63070279895328e-05, 5.499374674400315e-05, 5.1838538638548926e-05, 5.5230681027751416e-05]}