{"loss": [0.0020138465333729982, 0.0015120874159038067, 0.0009960413444787264, 0.0006621524807997048, 0.0004124361148569733, 0.00022557319607585669, 0.0001441569038433954, 0.00010487069084774703, 8.836514462018386e-05, 8.256758155766875e-05, 7.286191976163536e-05, 6.307013245532289e-05, 5.5427935876650736e-05, 5.242685438133776e-05, 5.009503729525022e-05, 4.6303204726427794e-05, 4.6326633309945464e-05, 4.475704554351978e-05, 4.137777432333678e-05, 3.8869311538292095e-05, 3.797761019086465e-05, 3.923724943888374e-05, 3.891637970809825e-05, 3.5624263546196744e-05, 3.396809188416228e-05, 3.421209112275392e-05, 2.9483013349818066e-05, 3.079738962696865e-05, 2.7349189622327685e-05, 2.714276524784509e-05, 2.670161848072894e-05, 2.6305551728000864e-05, 3.2428299164166674e-05, 2.732783104875125e-05, 2.442640470690094e-05, 2.3501368559664115e-05, 2.3236512788571417e-05, 2.2717053070664406e-05, 2.220295755250845e-05, 2.1279289285303093e-05, 2.1640455088345334e-05, 2.0770861738128588e-05, 2.060718907159753e-05, 2.0195628167130053e-05, 2.0545427105389535e-05, 1.9890856492565945e-05, 1.9457573216641322e-05, 1.8591945263324305e-05, 1.8643839212018065e-05, 1.8315509805688635e-05, 1.754648474161513e-05, 1.6985864931484684e-05, 1.7132291759480722e-05, 1.7080592442653142e-05, 1.8438495317241177e-05, 1.8588409147923812e-05, 1.9020562831428833e-05, 2.0226440028636716e-05, 1.6807225620141253e-05, 1.527076165075414e-05, 1.5330700989579782e-05, 1.4906715477991384e-05, 1.541484562039841e-05, 1.4916729924152605e-05, 1.6785592379164882e-05, 1.632052953937091e-05, 1.5866442481637932e-05, 1.6586764104431495e-05, 1.4523194295179565e-05, 1.3208625205152202e-05], "mse": [0.0020138465333729982, 0.0015120874159038067, 0.0009960413444787264, 0.0006621524807997048, 0.0004124361148569733, 0.00022557319607585669, 0.0001441569038433954, 0.00010487069084774703, 8.836514462018386e-05, 8.256758155766875e-05, 7.286191976163536e-05, 6.307013245532289e-05, 5.5427935876650736e-05, 5.242685438133776e-05, 5.009503729525022e-05, 4.6303204726427794e-05, 4.6326633309945464e-05, 4.475704554351978e-05, 4.137777432333678e-05, 3.8869311538292095e-05, 3.797761019086465e-05, 3.923724943888374e-05, 3.891637607011944e-05, 3.5624263546196744e-05, 3.396809188416228e-05, 3.421209112275392e-05, 2.9483013349818066e-05, 3.079738962696865e-05, 2.7349189622327685e-05, 2.714276524784509e-05, 2.6701614842750132e-05, 2.6305551728000864e-05, 3.2428299164166674e-05, 2.732783104875125e-05, 2.442640470690094e-05, 2.3501368559664115e-05, 2.3236512788571417e-05, 2.2717053070664406e-05, 2.220295755250845e-05, 2.1279289285303093e-05, 2.1640455088345334e-05, 2.0770861738128588e-05, 2.060718907159753e-05, 2.0195624529151246e-05, 2.0545427105389535e-05, 1.9890856492565945e-05, 1.9457573216641322e-05, 1.8591945263324305e-05, 1.8643839212018065e-05, 1.8315509805688635e-05, 1.754648474161513e-05, 1.6985864931484684e-05, 1.7132291759480722e-05, 1.7080592442653142e-05, 1.8438495317241177e-05, 1.8588409147923812e-05, 1.9020559193450026e-05, 2.0226440028636716e-05, 1.6807225620141253e-05, 1.527076165075414e-05, 1.5330700989579782e-05, 1.4906715477991384e-05, 1.541484562039841e-05, 1.4916729924152605e-05, 1.6785592379164882e-05, 1.632052953937091e-05, 1.5866442481637932e-05, 1.6586764104431495e-05, 1.4523194295179565e-05, 1.3208625205152202e-05], "val_loss": [0.0020756791345775127, 0.0013544294051826, 0.000735990353859961, 0.0004411802510730922, 0.00026037561474367976, 0.00017207702330779284, 0.0001406068040523678, 0.00011740578338503838, 0.00010571943130344152, 9.618198964744806e-05, 0.00010599436063785106, 8.396270277444273e-05, 8.096168312476948e-05, 8.068754686973989e-05, 8.111233910312876e-05, 7.937321061035618e-05, 8.324888767674565e-05, 7.059343624860048e-05, 6.755722279194742e-05, 6.561640475410968e-05, 7.391082181129605e-05, 7.06315622664988e-05, 6.498486618511379e-05, 6.0545011365320534e-05, 6.135559669928625e-05, 6.48678615107201e-05, 6.0514663346111774e-05, 5.920977491769008e-05, 6.012824451318011e-05, 6.389724876498803e-05, 5.794682147097774e-05, 6.64239632897079e-05, 5.3681502322433516e-05, 5.1496655942173675e-05, 5.8686397096607834e-05, 5.274838622426614e-05, 5.149470962351188e-05, 5.5325061111943796e-05, 5.887954102945514e-05, 5.2366092859301716e-05, 4.981166421202943e-05, 5.166966002434492e-05, 6.297304207691923e-05, 4.7891822759993374e-05, 4.971769521944225e-05, 4.781847383128479e-05, 4.808884841622785e-05, 4.816152068087831e-05, 4.8765337851364166e-05, 5.3569936426356435e-05, 4.9233814934268594e-05, 4.689223351306282e-05, 4.837572851101868e-05, 4.917294791084714e-05, 5.0922441005241126e-05, 5.922622949583456e-05, 6.056097481632605e-05, 4.905273817712441e-05, 5.034117566538043e-05, 4.594733036356047e-05, 5.6774657423375174e-05, 6.149611726868898e-05, 5.032420085626654e-05, 5.2376963139977306e-05, 4.935347897117026e-05, 5.407853677752428e-05, 6.700326775899157e-05, 4.894428275292739e-05, 5.485112706082873e-05, 5.2435545512707904e-05], "val_mse": [0.0020756791345775127, 0.0013544294051826, 0.000735990353859961, 0.0004411802510730922, 0.00026037561474367976, 0.00017207702330779284, 0.0001406068040523678, 0.00011740578338503838, 0.00010571943130344152, 9.618198964744806e-05, 0.00010599436063785106, 8.396270277444273e-05, 8.096168312476948e-05, 8.068754686973989e-05, 8.111233910312876e-05, 7.937321061035618e-05, 8.324888767674565e-05, 7.059343624860048e-05, 6.755722279194742e-05, 6.561640475410968e-05, 7.391082908725366e-05, 7.06315622664988e-05, 6.498486618511379e-05, 6.0545011365320534e-05, 6.135559669928625e-05, 6.48678615107201e-05, 6.0514663346111774e-05, 5.920977491769008e-05, 6.012824451318011e-05, 6.389724876498803e-05, 5.794682147097774e-05, 6.64239632897079e-05, 5.3681502322433516e-05, 5.1496655942173675e-05, 5.8686397096607834e-05, 5.274838622426614e-05, 5.149470962351188e-05, 5.5325061111943796e-05, 5.887954102945514e-05, 5.2366092859301716e-05, 4.981166421202943e-05, 5.166966002434492e-05, 6.297304207691923e-05, 4.7891822759993374e-05, 4.971769521944225e-05, 4.781847383128479e-05, 4.808884841622785e-05, 4.816152068087831e-05, 4.8765337851364166e-05, 5.3569936426356435e-05, 4.9233814934268594e-05, 4.689223351306282e-05, 4.837572851101868e-05, 4.917294791084714e-05, 5.0922441005241126e-05, 5.922622949583456e-05, 6.056097481632605e-05, 4.905273817712441e-05, 5.034117566538043e-05, 4.594733036356047e-05, 5.6774657423375174e-05, 6.149611726868898e-05, 5.032420085626654e-05, 5.2376963139977306e-05, 4.935347897117026e-05, 5.407853677752428e-05, 6.700326775899157e-05, 4.894428275292739e-05, 5.485112706082873e-05, 5.2435545512707904e-05]}