{"loss": [0.0074124401435256, 0.005749336443841457, 0.004283218644559383, 0.002991936868056655, 0.0022685823496431112, 0.0020217066630721092, 0.0019325853791087866, 0.0017619399586692452, 0.001663816743530333, 0.0014775095041841269, 0.0013545232359319925, 0.0012293922482058406, 0.0011236343998461962, 0.0009891507215797901, 0.0009651888394728303, 0.0008344491943717003, 0.0007419745670631528, 0.0006396289099939167, 0.0006436541443690658, 0.0005223805201239884, 0.0004470543935894966, 0.00037819641875103116, 0.0003332155174575746, 0.00029492488829419017, 0.00026149654877372086, 0.00024437805404886603, 0.00023048566072247922, 0.00022881964105181396, 0.0001979541702894494, 0.00017571340140420943, 0.00017262394248973578, 0.00016519044584129006, 0.00016412019613198936, 0.00013810938980896026, 0.00013137406494934112, 0.00013605655112769455, 0.00013521192886400968, 0.00012026236072415486, 0.00010233237117063254, 9.884431347018108e-05, 9.114396380027756e-05, 8.902730041882023e-05, 8.672406693222001e-05, 8.76530320965685e-05, 8.270336547866464e-05, 8.038254600251094e-05, 8.282362978206947e-05, 7.532217568950728e-05, 7.569890294689685e-05, 8.06198368081823e-05, 7.477503822883591e-05, 7.293103408301249e-05, 7.260260463226587e-05, 6.78648502798751e-05, 6.428702909033746e-05, 6.483033939730376e-05, 5.978732951916754e-05, 5.979176421533339e-05, 5.783665619674139e-05, 6.85070117469877e-05, 6.23451778665185e-05, 5.916066584177315e-05, 5.855888593941927e-05, 6.007540650898591e-05, 5.518148100236431e-05, 5.209080336499028e-05, 5.3448275139089674e-05, 6.064453555154614e-05, 6.138634489616379e-05, 4.87109282403253e-05, 4.6554596337955445e-05, 4.592871118802577e-05, 5.220511229708791e-05, 4.8861431423574686e-05, 4.286350304028019e-05, 4.3473162804730237e-05, 4.4704349420499057e-05, 4.520703078014776e-05, 3.8743397453799844e-05, 3.9964637835510075e-05, 4.062480729771778e-05, 3.6383618862601e-05, 4.1589159081922844e-05, 4.3735330109484494e-05, 4.5599834265885875e-05, 5.6923978263512254e-05, 5.903776764171198e-05, 5.597651397692971e-05, 5.315718590281904e-05, 5.113279985380359e-05, 3.6197085137246177e-05, 4.37925846199505e-05, 4.3945394281763583e-05, 3.790966729866341e-05, 3.3515294489916414e-05, 3.711707904585637e-05, 3.188427581335418e-05, 3.1530726118944585e-05, 3.152687713736668e-05], "mse": [0.0074124401435256, 0.005749336443841457, 0.004283218644559383, 0.002991936868056655, 0.0022685823496431112, 0.0020217066630721092, 0.0019325853791087866, 0.0017619399586692452, 0.001663816743530333, 0.0014775095041841269, 0.0013545232359319925, 0.0012293922482058406, 0.0011236343998461962, 0.0009891507215797901, 0.0009651888394728303, 0.0008344491943717003, 0.0007419745670631528, 0.0006396289099939167, 0.0006436541443690658, 0.0005223805201239884, 0.0004470543935894966, 0.00037819641875103116, 0.0003332155174575746, 0.00029492488829419017, 0.00026149654877372086, 0.00024437805404886603, 0.00023048566072247922, 0.00022881964105181396, 0.0001979541702894494, 0.00017571340140420943, 0.00017262394248973578, 0.0001651904167374596, 0.00016412019613198936, 0.00013810938980896026, 0.00013137406494934112, 0.00013605655112769455, 0.00013521192886400968, 0.00012026236072415486, 0.00010233237117063254, 9.884431347018108e-05, 9.114396380027756e-05, 8.902730041882023e-05, 8.672406693222001e-05, 8.76530320965685e-05, 8.270336547866464e-05, 8.038254600251094e-05, 8.282362978206947e-05, 7.532217568950728e-05, 7.569890294689685e-05, 8.06198368081823e-05, 7.477503822883591e-05, 7.293103408301249e-05, 7.260260463226587e-05, 6.78648502798751e-05, 6.428702909033746e-05, 6.483033939730376e-05, 5.978732951916754e-05, 5.979176421533339e-05, 5.783665619674139e-05, 6.85070117469877e-05, 6.23451778665185e-05, 5.916066584177315e-05, 5.855888593941927e-05, 6.007540650898591e-05, 5.518148100236431e-05, 5.209080336499028e-05, 5.3448275139089674e-05, 6.064453555154614e-05, 6.138634489616379e-05, 4.87109282403253e-05, 4.6554596337955445e-05, 4.592871118802577e-05, 5.220511229708791e-05, 4.8861431423574686e-05, 4.286350304028019e-05, 4.3473162804730237e-05, 4.4704349420499057e-05, 4.5207027142168954e-05, 3.8743397453799844e-05, 3.9964637835510075e-05, 4.062480729771778e-05, 3.6383618862601e-05, 4.1589159081922844e-05, 4.3735330109484494e-05, 4.5599834265885875e-05, 5.6923978263512254e-05, 5.903776764171198e-05, 5.597651397692971e-05, 5.315718590281904e-05, 5.113279985380359e-05, 3.6197085137246177e-05, 4.37925846199505e-05, 4.3945394281763583e-05, 3.790966729866341e-05, 3.3515294489916414e-05, 3.711707904585637e-05, 3.188427581335418e-05, 3.1530726118944585e-05, 3.152687713736668e-05], "val_loss": [0.0038627535104751587, 0.0028203479014337063, 0.0020923393312841654, 0.0015187736134976149, 0.0019571364391595125, 0.002286091912537813, 0.0015173910651355982, 0.0014442289248108864, 0.0013613407500088215, 0.0013291740324348211, 0.0011816092301160097, 0.0010973257012665272, 0.0009197810431942344, 0.0010184224229305983, 0.0010048372205346823, 0.0010211511980742216, 0.0007429741672240198, 0.0006271024467423558, 0.0005885051214136183, 0.0007419827161356807, 0.0005592706729657948, 0.00042472296627238393, 0.00043225576519034803, 0.0004560357774607837, 0.00034634352778084576, 0.00040068040834739804, 0.00036082760198041797, 0.0005194350960664451, 0.0002868596347980201, 0.00033791750320233405, 0.0002763749216683209, 0.0004179691895842552, 0.0002440779935568571, 0.0003452235250733793, 0.00023408513516187668, 0.0003690083685796708, 0.00021630153059959412, 0.00025549897691234946, 0.0002216673456132412, 0.00023370371491182595, 0.00021137634757906199, 0.00019851201795972884, 0.0002536481188144535, 0.00019774776592385024, 0.0001975299819605425, 0.00023201708972919732, 0.00018909008940681815, 0.00021417785319499671, 0.00016368804790545255, 0.00020336348097771406, 0.00023835073807276785, 0.00018016717513091862, 0.00019370400696061552, 0.00017491802282165736, 0.00016091030556708574, 0.00019111865549348295, 0.00017669649969320744, 0.00017149469931609929, 0.00021237926557660103, 0.0001518456992926076, 0.00015971236280165613, 0.00016718193364795297, 0.00020564433361869305, 0.00016508233966305852, 0.00014614503015764058, 0.00016546170809306204, 0.00014743625069968402, 0.0001366969954688102, 0.00013853634300176054, 0.0001501204096712172, 0.00016030501865316182, 0.00013674551155418158, 0.00013202321133576334, 0.00014999424456618726, 0.00015560246538370848, 0.00014565317542292178, 0.00016883043281268328, 0.0001360779133392498, 0.00012811951455660164, 0.00012916054402012378, 0.0001362163166049868, 0.00016230365145020187, 0.0001477698388043791, 0.00011870593152707443, 0.00012074374535586685, 0.00015473186795134097, 0.0002126509352819994, 0.0001602836709935218, 0.00011790464486693963, 0.00012177957978565246, 0.00013094670430291444, 0.0001609848695807159, 0.00014061146066524088, 0.00012289322330616415, 0.00012583305942825973, 0.0001344383490504697, 0.00013103305536787957, 0.0001411574921803549, 0.00012633349979296327],