{"loss": [0.0057868314906954765, 0.005551701877266169, 0.0054174005053937435, 0.0052738129161298275, 0.00511764083057642, 0.0049921665340662, 0.004834319930523634, 0.0046779317781329155, 0.004528406076133251, 0.0043603768572211266, 0.004187286831438541, 0.00414634682238102, 0.003955367021262646, 0.003908251877874136, 0.0037966363597661257, 0.0036996707785874605, 0.0036723569501191378], "mse": [0.0057868314906954765, 0.005551701877266169, 0.0054174005053937435, 0.005273813381791115, 0.00511764083057642, 0.004992165602743626, 0.004834319930523634, 0.0046779317781329155, 0.004528406076133251, 0.0043603768572211266, 0.004187286831438541, 0.00414634682238102, 0.003955367021262646, 0.003908251877874136, 0.0037966363597661257, 0.0036996707785874605, 0.0036723569501191378], "val_loss": [0.0028302916325628757, 0.002618638798594475, 0.002403103280812502, 0.0024397524539381266, 0.0022795938421040773, 0.002415743423625827, 0.0021558208391070366, 0.0022810413502156734, 0.0021576606668531895, 0.002332573989406228, 0.0023213489912450314, 0.00234296265989542, 0.00260055810213089, 0.0026211736258119345, 0.002610937226563692, 0.0026592384092509747, 0.002757471753284335], "val_mse": [0.0028302916325628757, 0.002618638798594475, 0.0024031030479818583, 0.0024397524539381266, 0.0022795938421040773, 0.002415743423625827, 0.0021558208391070366, 0.0022810413502156734, 0.0021576606668531895, 0.002332573989406228, 0.0023213489912450314, 0.00234296265989542, 0.00260055810213089, 0.0026211736258119345, 0.002610937226563692, 0.0026592384092509747, 0.002757471986114979]}