{"loss": [0.0012789134634658694, 0.00022056307352613658, 0.00011888462904607877, 8.569022611482069e-05, 6.907388888066635e-05, 6.210652645677328e-05, 5.271101326798089e-05, 4.861050911131315e-05, 4.571868703351356e-05, 4.4119005906395614e-05, 4.0571550925960764e-05, 3.730635216925293e-05, 3.816992830252275e-05, 3.3496165997348726e-05, 3.252030728617683e-05, 3.2246316550299525e-05, 3.084525451413356e-05, 3.0957762646721676e-05, 2.9559258109657094e-05, 2.878973464248702e-05, 2.8977670808671974e-05, 2.7946036425419152e-05, 2.664278872543946e-05, 2.940168633358553e-05, 2.5767511033336632e-05, 2.6905567210633308e-05, 2.614788718346972e-05, 2.6922551114694215e-05, 2.4967295757960528e-05, 2.562010740803089e-05, 2.4238246624008752e-05, 2.3603746740263887e-05, 2.3743470592307858e-05, 2.384633080509957e-05, 2.3964665160747245e-05, 2.1807505618198775e-05, 2.2337029804475605e-05, 2.2642761905444786e-05, 2.31840258493321e-05, 2.0870256776106544e-05, 2.121921170328278e-05, 2.1924637621850707e-05, 2.264508293592371e-05, 2.270769255119376e-05, 2.05020096473163e-05, 2.111959292960819e-05, 2.0448183931875974e-05, 2.122751720889937e-05, 1.9854807760566473e-05, 1.9057879399042577e-05, 2.000064887397457e-05, 1.9158125724061392e-05, 1.9264525690232404e-05, 1.9268296455265954e-05, 1.8979008018504828e-05, 1.9455641449894756e-05], "mse": [0.0012789134634658694, 0.00022056307352613658, 0.00011888462904607877, 8.569022611482069e-05, 6.907388888066635e-05, 6.210652645677328e-05, 5.271101326798089e-05, 4.861050911131315e-05, 4.571868703351356e-05, 4.4119005906395614e-05, 4.0571550925960764e-05, 3.730635216925293e-05, 3.816992830252275e-05, 3.3496165997348726e-05, 3.252030728617683e-05, 3.2246316550299525e-05, 3.084525451413356e-05, 3.0957762646721676e-05, 2.9559258109657094e-05, 2.878973464248702e-05, 2.8977670808671974e-05, 2.7946036425419152e-05, 2.664278872543946e-05, 2.940168633358553e-05, 2.5767511033336632e-05, 2.6905567210633308e-05, 2.614788718346972e-05, 2.6922551114694215e-05, 2.4967295757960528e-05, 2.5620109227020293e-05, 2.4238246624008752e-05, 2.3603744921274483e-05, 2.3743470592307858e-05, 2.384633080509957e-05, 2.3964665160747245e-05, 2.1807505618198775e-05, 2.2337029804475605e-05, 2.2642761905444786e-05, 2.31840258493321e-05, 2.0870256776106544e-05, 2.121921170328278e-05, 2.1924637621850707e-05, 2.264508293592371e-05, 2.270769255119376e-05, 2.05020096473163e-05, 2.111959292960819e-05, 2.0448183931875974e-05, 2.122751720889937e-05, 1.9854807760566473e-05, 1.9057879399042577e-05, 2.000064887397457e-05, 1.9158125724061392e-05, 1.9264525690232404e-05, 1.9268296455265954e-05, 1.8979008018504828e-05, 1.9455641449894756e-05], "val_loss": [0.00032304294290952384, 0.00015235952741932124, 8.764037920627743e-05, 7.41835028748028e-05, 5.8139277825830504e-05, 7.9894314694684e-05, 4.9966201913775876e-05, 5.8698453358374536e-05, 5.0891656428575516e-05, 6.915628182468936e-05, 4.3888365325983614e-05, 4.447416358743794e-05, 3.811861097346991e-05, 3.676812048070133e-05, 4.051013820571825e-05, 3.51039670931641e-05, 4.019217158202082e-05, 3.3789841836551204e-05, 3.270538218203001e-05, 3.239210127503611e-05, 3.4504104405641556e-05, 3.38188219757285e-05, 3.111887781415135e-05, 3.193326847394928e-05, 3.157187165925279e-05, 3.185600144206546e-05, 3.385261516086757e-05, 3.8260510336840525e-05, 3.0803079425822943e-05, 4.055321551277302e-05, 3.179439954692498e-05, 2.8650383683270775e-05, 3.0895680538378656e-05, 2.8334268790786155e-05, 2.8465174182201736e-05, 2.754760680545587e-05, 3.0494727980112657e-05, 3.271276000305079e-05, 2.845426024578046e-05, 2.6775000151246786e-05, 2.9078668376314454e-05, 2.6652425731299445e-05, 2.9217084374977276e-05, 2.6622781660989858e-05, 2.7879730623681098e-05, 2.497044079063926e-05, 2.9908585929661058e-05, 2.7215934096602723e-05, 2.5464052669121884e-05, 2.638079422467854e-05, 2.650182432262227e-05, 2.757900620053988e-05, 2.4987435608636588e-05, 2.5623738110880367e-05, 2.8100330382585526e-05, 2.5273764549638145e-05], "val_mse": [0.00032304294290952384, 0.00015235952741932124, 8.764037920627743e-05, 7.41835028748028e-05, 5.8139277825830504e-05, 7.9894314694684e-05, 4.9966201913775876e-05, 5.8698453358374536e-05, 5.0891656428575516e-05, 6.915628182468936e-05, 4.3888365325983614e-05, 4.447416358743794e-05, 3.811861097346991e-05, 3.676812048070133e-05, 4.051013820571825e-05, 3.51039670931641e-05, 4.019217158202082e-05, 3.3789841836551204e-05, 3.270538218203001e-05, 3.239210127503611e-05, 3.4504104405641556e-05, 3.38188219757285e-05, 3.111887781415135e-05, 3.193326847394928e-05, 3.157187165925279e-05, 3.185600144206546e-05, 3.385261516086757e-05, 3.8260510336840525e-05, 3.0803079425822943e-05, 4.055321551277302e-05, 3.179439954692498e-05, 2.8650383683270775e-05, 3.0895680538378656e-05, 2.8334268790786155e-05, 2.8465174182201736e-05, 2.754760680545587e-05, 3.0494727980112657e-05, 3.271276000305079e-05, 2.845426024578046e-05, 2.6775000151246786e-05, 2.9078668376314454e-05, 2.6652425731299445e-05, 2.9217084374977276e-05, 2.6622781660989858e-05, 2.7879730623681098e-05, 2.497044079063926e-05, 2.9908585929661058e-05, 2.7215934096602723e-05, 2.5464052669121884e-05, 2.638079422467854e-05, 2.650182432262227e-05, 2.757900620053988e-05, 2.4987435608636588e-05, 2.5623738110880367e-05, 2.8100330382585526e-05, 2.5273764549638145e-05]}