{"loss": [0.005213440861552954, 0.001535434857942164, 0.0007132434984669089, 0.00047983721015043557, 0.00039784255204722285, 0.00036835920764133334, 0.00033870674087665975, 0.00029547110898420215, 0.0002703782229218632, 0.0002816918131429702, 0.0002611791423987597, 0.00024000827397685498, 0.0002367206325288862, 0.00023344412329606712, 0.00022681547852698714, 0.00022953987354412675, 0.00024216165184043348, 0.00022359298600349575, 0.00021658855257555842, 0.0002074587537208572, 0.00020380335627123713, 0.00020466637215577066, 0.00021534324332606047, 0.00020189053611829877, 0.00019355023687239736, 0.00018713950703386217, 0.0001960937661351636, 0.00019571099255699664, 0.00019497914763633162, 0.0001893807202577591, 0.00018198450561612844, 0.00018065089534502476, 0.0001832576235756278, 0.00018410739721730351, 0.00017501959518995136, 0.00018179111066274345, 0.0001999831583816558, 0.00017669757653493434, 0.00017194621614180505, 0.00016828173829708248, 0.00017365356325171888, 0.00016520480858162045, 0.00016585909179411829, 0.00018089349032379687, 0.0001660515699768439, 0.0001591559557709843, 0.00016244003199972212, 0.00015404533769469708, 0.0001565832062624395, 0.00015616195742040873, 0.00015650178829673678, 0.00014836585614830256, 0.00016863831842783839, 0.00016075816529337317, 0.00015818580868653953, 0.0001486297114752233, 0.00014381199434865266, 0.00014945743896532804, 0.0001483543310314417, 0.0001466121757403016], "mse": [0.005213440861552954, 0.001535434857942164, 0.0007132434984669089, 0.00047983721015043557, 0.00039784255204722285, 0.00036835920764133334, 0.00033870674087665975, 0.00029547110898420215, 0.0002703782229218632, 0.0002816918131429702, 0.0002611791423987597, 0.00024000827397685498, 0.0002367206325288862, 0.00023344412329606712, 0.00022681547852698714, 0.00022953987354412675, 0.00024216165184043348, 0.00022359298600349575, 0.00021658855257555842, 0.0002074587537208572, 0.00020380335627123713, 0.00020466637215577066, 0.00021534324332606047, 0.00020189053611829877, 0.00019355023687239736, 0.00018713950703386217, 0.0001960937661351636, 0.00019571099255699664, 0.00019497914763633162, 0.00018938073480967432, 0.00018198450561612844, 0.00018065089534502476, 0.0001832576235756278, 0.00018410739721730351, 0.00017501959518995136, 0.00018179111066274345, 0.0001999831583816558, 0.00017669757653493434, 0.00017194621614180505, 0.00016828173829708248, 0.00017365356325171888, 0.00016520480858162045, 0.00016585909179411829, 0.00018089349032379687, 0.0001660515699768439, 0.0001591559557709843, 0.00016244003199972212, 0.00015404533769469708, 0.0001565832062624395, 0.00015616195742040873, 0.00015650178829673678, 0.00014836585614830256, 0.00016863831842783839, 0.00016075816529337317, 0.00015818580868653953, 0.0001486297114752233, 0.00014381199434865266, 0.0001494574244134128, 0.0001483543310314417, 0.0001466121757403016], "val_loss": [0.0021478955168277025, 0.0011653304100036621, 0.0006821854622103274, 0.0006847610347904265, 0.000607646128628403, 0.0005185976624488831, 0.0004997013602405787, 0.00047692711814306676, 0.00045352664892561734, 0.0005141306319274008, 0.00044919640640728176, 0.00044893287122249603, 0.00045972014777362347, 0.00047879182966426015, 0.0004797397123184055, 0.00052807223983109, 0.0004456626484170556, 0.00046131719136610627, 0.00044709935900755227, 0.00044114066986367106, 0.0004612219345290214, 0.00046261987881734967, 0.0004457425675354898, 0.0004617319209501147, 0.00045042394776828587, 0.0004472652217373252, 0.0005205198540352285, 0.0004621794505510479, 0.0004401594342198223, 0.0004808778176084161, 0.00044707502820529044, 0.0004562860412988812, 0.0004377134901005775, 0.0004585492715705186, 0.0004328136856202036, 0.00043733688653446734, 0.0005020535900257528, 0.0004657718527596444, 0.0004524108662735671, 0.0004301189328543842, 0.0004471669963095337, 0.00044355320278555155, 0.0004335498088039458, 0.0004460078780539334, 0.00043744745198637247, 0.0004651782219298184, 0.0004979312652722001, 0.00046483014011755586, 0.00044894099119119346, 0.00042166135972365737, 0.00047176104271784425, 0.00043049175292253494, 0.00048747551045380533, 0.0004380668397061527, 0.00043218463542871177, 0.0004442957288119942, 0.00044656728277914226, 0.00047399106551893055, 0.00047973645268939435, 0.00046733810449950397], "val_mse": [0.0021478955168277025, 0.0011653304100036621, 0.0006821854622103274, 0.0006847610347904265, 0.000607646128628403, 0.0005185976624488831, 0.0004997013602405787, 0.0004769271472468972, 0.00045352664892561734, 0.0005141306319274008, 0.00044919634819962084, 0.0004489329003263265, 0.00045972014777362347, 0.00047879182966426015, 0.0004797397123184055, 0.00052807223983109, 0.0004456626484170556, 0.00046131719136610627, 0.00044709935900755227, 0.00044114066986367106, 0.0004612219345290214, 0.00046261987881734967, 0.0004457425675354898, 0.0004617319209501147, 0.00045042394776828587, 0.0004472652217373252, 0.0005205198540352285, 0.0004621794505510479, 0.0004401594342198223, 0.0004808778176084161, 0.00044707502820529044, 0.0004562860412988812, 0.0004377134901005775, 0.0004585492715705186, 0.0004328136856202036, 0.00043733688653446734, 0.0005020535900257528, 0.0004657718527596444, 0.0004524108662735671, 0.0004301189328543842, 0.0004471669963095337, 0.00044355320278555155, 0.0004335498670116067, 0.0004460078780539334, 0.00043744745198637247, 0.0004651782219298184, 0.0004979312652722001, 0.0004648301692213863, 0.00044894099119119346, 0.00042166135972365737, 0.00047176104271784425, 0.00043049175292253494, 0.00048747551045380533, 0.0004380668397061527, 0.00043218463542871177, 0.0004442957288119942, 0.00044656728277914226, 0.00047399106551893055, 0.00047973645268939435, 0.00046733810449950397]}