{"loss": [0.002036175224930048, 0.000759178539738059, 0.00031335075618699193, 0.00019975639588665217, 0.00016361223242711276, 0.00014738086611032486, 0.0001225430314661935, 0.00011063984857173637, 0.00010405077773611993, 9.96915259747766e-05, 9.227737609762698e-05, 8.76696067280136e-05, 8.173903188435361e-05, 8.237844303948805e-05, 8.466563303954899e-05, 7.685537275392562e-05, 7.801038009347394e-05, 7.203972199931741e-05, 7.151546014938504e-05, 7.00040691299364e-05, 7.027274114079773e-05, 6.453439709730446e-05, 6.27098124823533e-05, 6.468612264143303e-05, 6.341768312267959e-05, 5.959157715551555e-05, 5.9563015383901075e-05, 6.388251495081931e-05, 5.666084689437412e-05, 5.5927645007614046e-05, 5.612093809759244e-05, 5.502580097527243e-05, 5.433349360828288e-05], "mse": [0.002036175224930048, 0.000759178539738059, 0.00031335075618699193, 0.00019975639588665217, 0.00016361223242711276, 0.0001473808806622401, 0.0001225430314661935, 0.00011063984857173637, 0.00010405077773611993, 9.96915259747766e-05, 9.227737609762698e-05, 8.76696067280136e-05, 8.173903188435361e-05, 8.237844303948805e-05, 8.466563303954899e-05, 7.685537275392562e-05, 7.801038009347394e-05, 7.203972199931741e-05, 7.151546014938504e-05, 7.00040691299364e-05, 7.027274114079773e-05, 6.453439709730446e-05, 6.27098124823533e-05, 6.468612264143303e-05, 6.341768312267959e-05, 5.959157715551555e-05, 5.956301174592227e-05, 6.388251495081931e-05, 5.666084689437412e-05, 5.5927645007614046e-05, 5.612093809759244e-05, 5.502580097527243e-05, 5.433349360828288e-05], "val_loss": [0.0011191528756171465, 0.000445260142441839, 0.00019577963394112885, 0.0001444815134163946, 0.00017553375801071525, 0.00010236977686872706, 7.233924407046288e-05, 8.321776113007218e-05, 6.832616054452956e-05, 6.659657810814679e-05, 5.585573671851307e-05, 5.709443212253973e-05, 7.682936848141253e-05, 5.9918169426964596e-05, 5.3138250223128125e-05, 5.6766777561279014e-05, 5.188449358684011e-05, 5.664246782544069e-05, 5.26932708453387e-05, 4.985969644621946e-05, 4.7352183173643425e-05, 4.8598543799016625e-05, 4.714987881015986e-05, 5.60977787245065e-05, 5.2935803978471085e-05, 5.062351920059882e-05, 5.05128045915626e-05, 5.0698567065410316e-05, 4.7862602514214814e-05, 5.5721262469887733e-05, 5.477400554809719e-05, 6.255268817767501e-05, 5.3526506235357374e-05], "val_mse": [0.0011191528756171465, 0.000445260142441839, 0.00019577961938921362, 0.0001444815134163946, 0.00017553375801071525, 0.00010236977686872706, 7.233924407046288e-05, 8.321776113007218e-05, 6.832616054452956e-05, 6.659657810814679e-05, 5.585573671851307e-05, 5.709443212253973e-05, 7.682937575737014e-05, 5.9918169426964596e-05, 5.3138250223128125e-05, 5.6766777561279014e-05, 5.188449358684011e-05, 5.664246782544069e-05, 5.26932708453387e-05, 4.985969644621946e-05, 4.7352183173643425e-05, 4.8598543799016625e-05, 4.714987881015986e-05, 5.60977787245065e-05, 5.2935803978471085e-05, 5.062351920059882e-05, 5.05128045915626e-05, 5.0698567065410316e-05, 4.7862602514214814e-05, 5.5721262469887733e-05, 5.477400554809719e-05, 6.255268817767501e-05, 5.3526506235357374e-05]}