{"loss": [0.04338444024324417, 0.04069197550415993, 0.039801981300115585, 0.039366692304611206, 0.038823191076517105, 0.03815048187971115, 0.03794163092970848, 0.03729918226599693, 0.03689708560705185, 0.03661772608757019, 0.03568810224533081], "mse": [0.04338444024324417, 0.04069197550415993, 0.039801981300115585, 0.039366692304611206, 0.038823191076517105, 0.03815048187971115, 0.03794163092970848, 0.03729918226599693, 0.03689708560705185, 0.03661772608757019, 0.03568810224533081], "val_loss": [0.04793354496359825, 0.048435278236866, 0.04869013652205467, 0.04927171394228935, 0.04876085743308067, 0.04968006908893585, 0.04924996569752693, 0.04966771975159645, 0.04971879720687866, 0.05004127696156502, 0.04999473690986633], "val_mse": [0.04793354496359825, 0.048435278236866, 0.04869013652205467, 0.04927171394228935, 0.04876085743308067, 0.04968006908893585, 0.04924996569752693, 0.04966771975159645, 0.04971879720687866, 0.05004127696156502, 0.04999473690986633]}