{"loss": [0.0017953392816707492, 0.0007487096008844674, 0.0002666205691639334, 0.00015386300219688565, 0.00011943966819671914, 0.00010342853056499735, 8.464421989629045e-05, 7.423992792610079e-05, 6.790639599785209e-05, 6.367809692164883e-05, 6.060184387024492e-05, 5.546319152927026e-05, 4.929139686282724e-05, 4.655122756958008e-05, 4.363758853287436e-05, 4.3959676986560225e-05, 4.496641122386791e-05, 3.9622715121367946e-05, 3.851258588838391e-05, 3.595588350435719e-05, 3.596498572733253e-05, 3.481445673969574e-05, 3.386697426321916e-05, 3.616229514591396e-05, 3.558100797818042e-05, 3.2068539439933375e-05, 3.689219374791719e-05, 2.9289898520801216e-05, 2.925568878708873e-05, 3.0487919502775185e-05, 3.068572186748497e-05, 2.72104334726464e-05, 2.7332944227964617e-05, 3.0522376619046554e-05, 2.6747025913209654e-05, 2.538005355745554e-05, 2.6814237571670674e-05, 2.691084227990359e-05, 2.5717274183989502e-05, 2.472755659255199e-05, 2.3710003006272018e-05, 2.4949164071585983e-05, 2.3941138351801783e-05, 2.353053969272878e-05, 2.3898064682725817e-05, 2.1587375158560462e-05, 2.17425731534604e-05, 2.1212761566857807e-05, 2.1792940970044583e-05, 2.0945226424373686e-05, 2.0513072740868665e-05, 2.0537869204417802e-05, 1.9706743842107244e-05, 2.163560566259548e-05, 2.0254454284440726e-05, 2.1284451577230357e-05], "mse": [0.0017953392816707492, 0.0007487096008844674, 0.0002666205691639334, 0.00015386300219688565, 0.00011943966819671914, 0.00010342853056499735, 8.464421989629045e-05, 7.423992792610079e-05, 6.790639599785209e-05, 6.367809692164883e-05, 6.060184387024492e-05, 5.546319152927026e-05, 4.929139686282724e-05, 4.655122756958008e-05, 4.3637584894895554e-05, 4.3959676986560225e-05, 4.496641122386791e-05, 3.9622715121367946e-05, 3.851258588838391e-05, 3.595588350435719e-05, 3.596498936531134e-05, 3.481445673969574e-05, 3.386697426321916e-05, 3.616229514591396e-05, 3.558100797818042e-05, 3.2068539439933375e-05, 3.689219374791719e-05, 2.9289898520801216e-05, 2.925568878708873e-05, 3.048791768378578e-05, 3.068572186748497e-05, 2.72104334726464e-05, 2.7332944227964617e-05, 3.0522376619046554e-05, 2.6747025913209654e-05, 2.538005355745554e-05, 2.6814237571670674e-05, 2.691084227990359e-05, 2.5717274183989502e-05, 2.472755659255199e-05, 2.3710003006272018e-05, 2.4949164071585983e-05, 2.3941138351801783e-05, 2.353053969272878e-05, 2.3898064682725817e-05, 2.1587375158560462e-05, 2.17425731534604e-05, 2.1212759747868404e-05, 2.1792940970044583e-05, 2.0945226424373686e-05, 2.0513072740868665e-05, 2.0537869204417802e-05, 1.9706743842107244e-05, 2.163560566259548e-05, 2.0254454284440726e-05, 2.1284451577230357e-05], "val_loss": [0.00141625152900815, 0.0005542609142139554, 0.0002089119516313076, 0.00016875265282578766, 0.0001675975654507056, 0.00012759397213812917, 0.00011196725245099515, 9.13952972041443e-05, 8.77025886438787e-05, 7.712871592957526e-05, 8.210359374061227e-05, 7.289229688467458e-05, 7.580054079880938e-05, 6.849068449810147e-05, 6.804605800425634e-05, 7.139061199268326e-05, 6.532962288474664e-05, 7.339347212109715e-05, 6.357731763273478e-05, 6.204226519912481e-05, 6.159894110169262e-05, 5.97805374127347e-05, 5.8403540606377646e-05, 5.6749639043118805e-05, 5.689249519491568e-05, 6.624562956858426e-05, 5.613243774860166e-05, 5.3881572966929525e-05, 5.70130578125827e-05, 5.3189323807600886e-05, 5.6397173466393724e-05, 5.137300104252063e-05, 5.242687984718941e-05, 5.2767234592465684e-05, 5.711099220206961e-05, 5.470880205393769e-05, 5.96010395383928e-05, 5.68269970244728e-05, 5.428391887107864e-05, 6.369862967403606e-05, 4.865166556555778e-05, 5.149467324372381e-05, 4.885468661086634e-05, 5.212242103880271e-05, 4.949601861881092e-05, 4.795926724909805e-05, 5.0567137805046514e-05, 5.852794129168615e-05, 4.912041549687274e-05, 5.4834097682032734e-05, 5.3037241741549224e-05, 4.916460602544248e-05, 5.094103471492417e-05, 5.3724135796073824e-05, 5.7761142670642585e-05, 5.238129597273655e-05], "val_mse": [0.00141625152900815, 0.0005542609142139554, 0.00020891193707939237, 0.00016875265282578766, 0.0001675975654507056, 0.00012759397213812917, 0.00011196725245099515, 9.13952972041443e-05, 8.770260319579393e-05, 7.712871592957526e-05, 8.210359374061227e-05, 7.289229688467458e-05, 7.580054079880938e-05, 6.849068449810147e-05, 6.804605800425634e-05, 7.139061199268326e-05, 6.532962288474664e-05, 7.339347212109715e-05, 6.357731763273478e-05, 6.204226519912481e-05, 6.159894110169262e-05, 5.97805374127347e-05, 5.8403540606377646e-05, 5.6749639043118805e-05, 5.689249519491568e-05, 6.624562956858426e-05, 5.613243774860166e-05, 5.3881572966929525e-05, 5.70130578125827e-05, 5.3189323807600886e-05, 5.6397173466393724e-05, 5.137300104252063e-05, 5.242687984718941e-05, 5.2767234592465684e-05, 5.711099220206961e-05, 5.470880205393769e-05, 5.960103226243518e-05, 5.68269970244728e-05, 5.4283926147036254e-05, 6.369862967403606e-05, 4.865166556555778e-05, 5.149467324372381e-05, 4.885468297288753e-05, 5.212242103880271e-05, 4.949601861881092e-05, 4.795926724909805e-05, 5.0567137805046514e-05, 5.852793765370734e-05, 4.912041549687274e-05, 5.4834097682032734e-05, 5.3037238103570417e-05, 4.916460602544248e-05, 5.094103471492417e-05, 5.3724135796073824e-05, 5.7761142670642585e-05, 5.238129597273655e-05]}