{"loss": [0.002230080310255289, 0.0017356723546981812, 0.0011883260449394584, 0.0006891085649840534, 0.0003831977373920381, 0.00023192916705738753, 0.00016721583961043507, 0.00013285425666254014, 0.00011552761134225875, 0.00010459400073159486, 9.724773553898558e-05, 9.19957019505091e-05, 8.200256706913933e-05, 7.742615707684308e-05, 7.27814476704225e-05, 7.508225826313719e-05, 7.465633098036051e-05, 7.759241270832717e-05, 6.958161247894168e-05, 5.686543954652734e-05, 5.566197069128975e-05, 5.466539732879028e-05, 5.2455296099651605e-05, 4.818969318876043e-05, 5.318003968568519e-05, 4.7142770199570805e-05, 4.602798435371369e-05, 4.465880192583427e-05, 4.671558417612687e-05, 4.1695486288517714e-05, 4.185064972261898e-05, 4.0170300053432584e-05, 3.9848579035606235e-05, 3.792372444877401e-05, 4.061004801769741e-05, 3.886954073095694e-05, 3.631796789704822e-05, 3.4569638955872506e-05, 3.5566157748689875e-05, 3.5270346415927634e-05, 3.3298598282271996e-05, 3.362749703228474e-05, 3.288276639068499e-05, 3.415669925743714e-05, 3.249267319915816e-05, 3.110884063062258e-05, 3.0157640139805153e-05, 3.062214454985224e-05, 3.055949855479412e-05, 2.96158432320226e-05, 3.0771767342230305e-05, 3.005256257893052e-05, 2.8276645025471225e-05, 2.7668002076097764e-05, 2.8272614144952968e-05, 2.9579552574432455e-05, 2.8532484066090547e-05, 2.759427297860384e-05, 2.7715223041013815e-05, 2.5577823180356063e-05], "mse": [0.002230080310255289, 0.0017356723546981812, 0.0011883260449394584, 0.0006891085649840534, 0.0003831977373920381, 0.00023192916705738753, 0.00016721583961043507, 0.00013285425666254014, 0.00011552759679034352, 0.00010459400073159486, 9.724773553898558e-05, 9.19957019505091e-05, 8.200256706913933e-05, 7.74261643528007e-05, 7.27814476704225e-05, 7.508225826313719e-05, 7.465633825631812e-05, 7.759241270832717e-05, 6.958161247894168e-05, 5.686543954652734e-05, 5.5661967053310946e-05, 5.466539732879028e-05, 5.2455296099651605e-05, 4.818969318876043e-05, 5.318003968568519e-05, 4.7142770199570805e-05, 4.602798435371369e-05, 4.465880192583427e-05, 4.671558417612687e-05, 4.1695486288517714e-05, 4.185064972261898e-05, 4.0170300053432584e-05, 3.9848579035606235e-05, 3.792372444877401e-05, 4.061004801769741e-05, 3.886954073095694e-05, 3.631796789704822e-05, 3.4569638955872506e-05, 3.5566157748689875e-05, 3.5270346415927634e-05, 3.3298598282271996e-05, 3.362749703228474e-05, 3.288276639068499e-05, 3.415669925743714e-05, 3.249267319915816e-05, 3.110884063062258e-05, 3.0157640139805153e-05, 3.0622148187831044e-05, 3.055949855479412e-05, 2.96158432320226e-05, 3.0771767342230305e-05, 3.005256257893052e-05, 2.8276645025471225e-05, 2.7668002076097764e-05, 2.8272614144952968e-05, 2.9579552574432455e-05, 2.8532484066090547e-05, 2.759427297860384e-05, 2.7715223041013815e-05, 2.5577823180356063e-05], "val_loss": [0.0019335690885782242, 0.0014149928465485573, 0.0008406761917285621, 0.00045989957288838923, 0.00023128751490730792, 0.0001547617866890505, 0.00015648776025045663, 0.00011573107622098178, 0.00011921378609258682, 0.00010504224337637424, 0.00011665192141663283, 9.480571316089481e-05, 0.0001009767729556188, 9.245809633284807e-05, 9.089623927138746e-05, 8.181537123164162e-05, 0.00011658142466330901, 7.762940367683768e-05, 7.616593939019367e-05, 7.97959728515707e-05, 7.226895831990987e-05, 7.540086517110467e-05, 6.181701610330492e-05, 6.120838224887848e-05, 6.228894199011847e-05, 6.0435268096625805e-05, 6.514322012662888e-05, 6.182640936458483e-05, 6.046739872545004e-05, 5.5915839766385034e-05, 5.7984940212918445e-05, 6.248654972296208e-05, 5.533925650524907e-05, 5.540117126656696e-05, 5.512378265848383e-05, 5.547048567677848e-05, 5.687620796379633e-05, 5.388880890677683e-05, 5.9669604524970055e-05, 5.644144403049722e-05, 5.204503395361826e-05, 5.3762050811201334e-05, 6.328708695946261e-05, 5.390139267547056e-05, 5.134351158631034e-05, 5.287232488626614e-05, 5.495364166563377e-05, 5.3652143833460286e-05, 5.105124364490621e-05, 4.837390952161513e-05, 5.4729658586438745e-05, 5.914388384553604e-05, 5.598716234089807e-05, 5.4995762184262276e-05, 5.1679147873073816e-05, 5.025315476814285e-05, 5.0774709961842746e-05, 5.306681850925088e-05, 5.015018905396573e-05, 5.426360439741984e-05], "val_mse": [0.0019335690885782242, 0.0014149928465485573, 0.0008406761917285621, 0.0004598996019922197, 0.00023128751490730792, 0.0001547617866890505, 0.00015648777480237186, 0.00011573107622098178, 0.00011921378609258682, 0.00010504224337637424, 0.00011665192141663283, 9.480571316089481e-05, 0.0001009767729556188, 9.245808905689046e-05, 9.089623927138746e-05, 8.181537123164162e-05, 0.00011658142466330901, 7.762940367683768e-05, 7.616593939019367e-05, 7.97959728515707e-05, 7.226895831990987e-05, 7.540086517110467e-05, 6.181701610330492e-05, 6.120838224887848e-05, 6.228894199011847e-05, 6.0435268096625805e-05, 6.514322012662888e-05, 6.182640936458483e-05, 6.046739872545004e-05, 5.5915839766385034e-05, 5.7984940212918445e-05, 6.248654972296208e-05, 5.533925650524907e-05, 5.540117126656696e-05, 5.512378993444145e-05, 5.547048567677848e-05, 5.687620796379633e-05, 5.3888816182734445e-05, 5.9669604524970055e-05, 5.644144403049722e-05, 5.204503395361826e-05, 5.3762050811201334e-05, 6.328708695946261e-05, 5.390139267547056e-05, 5.134351158631034e-05, 5.287232488626614e-05, 5.495364166563377e-05, 5.3652143833460286e-05, 5.105124364490621e-05, 4.837390952161513e-05, 5.4729658586438745e-05, 5.914388384553604e-05, 5.598716234089807e-05, 5.4995762184262276e-05, 5.1679147873073816e-05, 5.025315476814285e-05, 5.0774709961842746e-05, 5.306681850925088e-05, 5.015018905396573e-05, 5.426360439741984e-05]}