{"loss": [0.0013291931245476007, 0.00024338238290511072, 9.699013025965542e-05, 6.949934322619811e-05, 5.919060276937671e-05, 4.9466281780041754e-05, 4.676518801716156e-05, 4.1159022657666355e-05, 3.784068030654453e-05, 3.6355115298647434e-05, 3.513629417284392e-05, 3.1476713047595695e-05, 2.9490529414033517e-05, 2.921158738899976e-05, 2.908599708462134e-05, 2.8339429263724014e-05, 2.7679903723765165e-05, 2.69836400548229e-05, 2.419513839413412e-05, 2.274498183396645e-05, 2.3121310732676648e-05, 2.322798354725819e-05, 2.1542773538385518e-05, 2.3252978280652314e-05, 2.10213620448485e-05, 2.0894825865980238e-05, 1.9556067854864523e-05, 2.0925628632539883e-05, 1.9679313481901772e-05, 2.0014867914142087e-05, 1.8183922293246724e-05, 1.83308311534347e-05, 1.9755780158448033e-05, 1.7594762539374642e-05, 1.7002304957713932e-05, 1.6916837921598926e-05, 1.702520967228338e-05, 1.630271435715258e-05, 1.782263097993564e-05, 1.633943793422077e-05, 1.639197398617398e-05, 1.5299881852115504e-05, 1.854547008406371e-05, 2.0201825464027934e-05, 1.757661266310606e-05, 1.478547892475035e-05, 1.4584895325242542e-05, 1.5739908121759072e-05, 1.4449851732933894e-05, 1.5658421034459025e-05, 1.4384629139385652e-05, 1.4463815205090214e-05, 1.4872043720970396e-05, 1.366752439935226e-05, 1.3578249308920931e-05, 1.3708407095691655e-05, 1.4331279089674354e-05, 1.4136565368971787e-05, 1.3946412764198612e-05, 1.344288102700375e-05, 1.5497145795961842e-05, 1.312800759478705e-05, 1.435285867046332e-05, 1.25794931591372e-05, 1.2010681530227885e-05, 1.1862141946039628e-05, 1.2214406524435617e-05, 1.3487892829289194e-05, 1.1922779776796233e-05, 1.1964293662458658e-05, 1.120101114793215e-05, 1.2081819477316458e-05, 1.2841918760386761e-05, 1.1506099326652475e-05, 1.1590246685955208e-05, 1.1693208762153517e-05, 1.109014374378603e-05, 1.50644173118053e-05, 1.4565767742169555e-05, 1.4556834685208742e-05, 1.065787273546448e-05, 1.2106648682674859e-05, 1.1415258086344693e-05, 1.0587068572931457e-05, 1.0443973224028014e-05, 1.134664944402175e-05, 1.1320244084345177e-05, 1.0908303011092357e-05, 1.1254832315898966e-05, 1.066537788574351e-05, 1.0779260264826007e-05, 1.1378199815226253e-05, 1.065390733856475e-05, 1.0618339729262516e-05, 1.0612667210807558e-05, 1.3249930816527922e-05, 1.1211530363652855e-05, 1.0992892384820152e-05, 1.0304677743988577e-05, 1.0265046512358822e-05], "mse": [0.0013291931245476007, 0.00024338238290511072, 9.699013025965542e-05, 6.949934322619811e-05, 5.919060276937671e-05, 4.9466281780041754e-05, 4.676518801716156e-05, 4.1159022657666355e-05, 3.784068030654453e-05, 3.6355115298647434e-05, 3.513629417284392e-05, 3.14767166855745e-05, 2.9490529414033517e-05, 2.921158738899976e-05, 2.908599708462134e-05, 2.8339429263724014e-05, 2.767990190477576e-05, 2.69836400548229e-05, 2.419513839413412e-05, 2.274498183396645e-05, 2.3121310732676648e-05, 2.322798354725819e-05, 2.1542773538385518e-05, 2.3252978280652314e-05, 2.10213620448485e-05, 2.0894825865980238e-05, 1.9556067854864523e-05, 2.0925628632539883e-05, 1.9679313481901772e-05, 2.0014867914142087e-05, 1.8183922293246724e-05, 1.83308311534347e-05, 1.9755780158448033e-05, 1.7594762539374642e-05, 1.7002304957713932e-05, 1.6916837921598926e-05, 1.702520967228338e-05, 1.630271435715258e-05, 1.782263097993564e-05, 1.633943793422077e-05, 1.639197398617398e-05, 1.5299881852115504e-05, 1.854547008406371e-05, 2.0201825464027934e-05, 1.757661266310606e-05, 1.478547892475035e-05, 1.4584895325242542e-05, 1.5739908121759072e-05, 1.4449851732933894e-05, 1.5658421034459025e-05, 1.4384629139385652e-05, 1.4463815205090214e-05, 1.4872043720970396e-05, 1.366752439935226e-05, 1.3578249308920931e-05, 1.3708407095691655e-05, 1.4331279089674354e-05, 1.4136565368971787e-05, 1.3946412764198612e-05, 1.344288102700375e-05, 1.5497145795961842e-05, 1.312800759478705e-05, 1.435285867046332e-05, 1.25794931591372e-05, 1.2010681530227885e-05, 1.1862141946039628e-05, 1.2214406524435617e-05, 1.3487892829289194e-05, 1.1922779776796233e-05, 1.1964293662458658e-05, 1.120101114793215e-05, 1.2081819477316458e-05, 1.2841918760386761e-05, 1.1506099326652475e-05, 1.1590246685955208e-05, 1.1693208762153517e-05, 1.109014374378603e-05, 1.50644173118053e-05, 1.4565767742169555e-05, 1.4556834685208742e-05, 1.065787273546448e-05, 1.2106648682674859e-05, 1.1415258086344693e-05, 1.0587068572931457e-05, 1.0443973224028014e-05, 1.134664944402175e-05, 1.1320244084345177e-05, 1.0908303011092357e-05, 1.1254832315898966e-05, 1.066537788574351e-05, 1.0779259355331305e-05, 1.1378199815226253e-05, 1.065390733856475e-05, 1.0618339729262516e-05, 1.0612667210807558e-05, 1.3249930816527922e-05, 1.1211530363652855e-05, 1.0992892384820152e-05, 1.0304677743988577e-05, 1.0265046512358822e-05], "val_loss": [0.0005974956438876688, 0.00013083519297651947, 7.661126437596977e-05, 6.401291466318071e-05, 5.4763044317951426e-05, 5.1645212806761265e-05, 6.310638855211437e-05, 4.770436498802155e-05, 4.846651427214965e-05, 4.83194125990849e-05, 4.0414986870018765e-05, 3.976455263909884e-05, 3.959548121201806e-05, 3.9982554881135e-05, 4.051424912177026e-05, 4.096530028618872e-05, 3.331836705910973e-05, 3.7359535781433806e-05, 3.303659468656406e-05, 3.3941163565032184e-05, 3.1215939088724554e-05, 3.1045914511196315e-05, 3.626900434028357e-05, 2.9584514777525328e-05, 2.9132759664207697e-05, 2.9244132747408003e-05, 2.9924507543910295e-05, 2.8477275918703526e-05, 3.5466375265968964e-05, 2.962739745271392e-05, 2.6358480681665242e-05, 2.7963362299487926e-05, 2.628637412271928e-05, 2.6027415515272878e-05, 2.6967858502757736e-05, 2.594629768282175e-05, 2.5841658498393372e-05, 2.5328925403300673e-05, 2.775986649794504e-05, 2.45963892666623e-05, 2.5049568648682907e-05, 2.5988134439103305e-05, 2.7778640287579037e-05, 2.7929243515245616e-05, 2.3215012333821505e-05, 2.377683085796889e-05, 2.6962534320773557e-05, 2.2032827473594807e-05, 2.2491032723337412e-05, 2.3193539163912646e-05, 2.358567144256085e-05, 2.4047791157499887e-05, 2.5322109650005586e-05, 2.2947773686610162e-05, 2.2966889446252026e-05, 2.7231581043452024e-05, 2.186581514251884e-05, 2.1850790290045552e-05, 2.0959154426236637e-05, 3.243647370254621e-05, 2.1725751139456406e-05, 2.2657972294837236e-05, 2.1295822079991922e-05, 2.0794956071767956e-05, 2.1859777916688472e-05, 2.0698467778856866e-05, 2.226144351880066e-05, 2.1907897462369874e-05, 2.0340901755844243e-05, 2.1933301468379796e-05, 2.046931149379816e-05, 2.089132794935722e-05, 2.1417319658212364e-05, 2.1469120838446543e-05, 2.020295687543694e-05, 2.241324182250537e-05, 2.2016132788849063e-05, 2.1286126866471022e-05, 2.6076426365762018e-05, 2.1709960492444225e-05, 2.0064904674654827e-05, 2.208307159889955e-05, 2.0352921637822874e-05, 2.084653897327371e-05, 1.981966670427937e-05, 2.217386463598814e-05, 2.032593147305306e-05, 2.3301126930164173e-05, 2.1005573216825724e-05, 1.925500873767305e-05, 1.9714008885785006e-05, 1.9824912669719197e-05, 2.0271983885322697e-05, 2.3876473278505728e-05, 2.1162548364372924e-05, 2.0167382899671793e-05, 2.1874637241126038e-05, 2.2631546016782522e-05, 2.002572909987066e-05, 2.020261308643967e-05],