{"loss": [0.0015050678048282862, 0.0003080659662373364, 0.00011997318506473675, 8.838048233883455e-05, 7.300421566469595e-05, 6.085224595153704e-05, 5.487911039381288e-05, 5.0923168601002544e-05, 4.825844371225685e-05, 4.605446520145051e-05, 4.280127177480608e-05, 4.1334260458825156e-05, 3.993637437815778e-05, 3.900197771145031e-05, 4.009930489701219e-05, 3.7670950405299664e-05, 3.4762615541694686e-05, 3.456459307926707e-05, 3.506565553834662e-05, 3.316895890748128e-05, 3.353378633619286e-05, 3.289888263680041e-05, 3.1815943657420576e-05, 3.418661799514666e-05, 3.457689308561385e-05, 2.9373180950642563e-05, 3.187841866747476e-05, 2.934533404186368e-05, 2.8080807169317268e-05, 2.9422275474644266e-05, 2.8480768378358334e-05, 2.825225965352729e-05, 2.6958256057696417e-05, 2.6515534045756795e-05, 2.692567795747891e-05, 3.0627576052211225e-05, 2.6634046662366018e-05, 2.5894292775774375e-05, 2.7104328182758763e-05, 2.617130485305097e-05, 2.8946209567948245e-05, 2.5337827537441626e-05, 2.579190731921699e-05, 2.5687895686132833e-05, 2.461789881635923e-05, 2.537964792281855e-05, 2.5106784960371442e-05, 2.4970993763417937e-05, 2.3195645553641953e-05, 2.3774495275574736e-05, 2.4539394871680997e-05, 2.304965164512396e-05, 2.5387049390701577e-05, 2.425957063678652e-05, 2.2383839677786455e-05, 2.3530614271294326e-05, 2.223219235020224e-05, 2.2009522581356578e-05, 2.2700458430335857e-05, 2.5135148462140933e-05, 2.227296499768272e-05, 2.1854506485396996e-05, 2.1541347450693138e-05, 2.4183951609302312e-05, 2.4132930775522254e-05, 2.313634831807576e-05, 2.246744406875223e-05, 2.278679676237516e-05, 2.3863574824645184e-05, 2.0573106667143293e-05, 2.1777343135909177e-05, 2.0604682504199445e-05, 2.156826485588681e-05, 2.064674481516704e-05, 2.277823477925267e-05, 2.060425867966842e-05, 2.1850883058505133e-05, 2.02005248866044e-05, 2.202780706284102e-05, 1.9626784705906175e-05, 1.9929104382754304e-05, 2.161033989978023e-05, 1.9170618543284945e-05, 2.0978877728339285e-05, 1.9665925719891675e-05, 2.1540641682804562e-05, 2.0977697204216383e-05, 1.9124756363453344e-05, 1.840223376348149e-05, 1.8925540643977e-05, 2.035740362771321e-05, 1.9326213077874854e-05, 2.141497316188179e-05, 1.9882880224031396e-05, 1.875798261607997e-05, 1.831026020227e-05, 1.884908851934597e-05, 1.85325388883939e-05, 2.0894394765491597e-05, 1.930011967488099e-05], "mse": [0.0015050678048282862, 0.0003080659662373364, 0.00011997318506473675, 8.838048233883455e-05, 7.300421566469595e-05, 6.085224595153704e-05, 5.487911039381288e-05, 5.0923168601002544e-05, 4.825844371225685e-05, 4.6054461563471705e-05, 4.280127177480608e-05, 4.133425682084635e-05, 3.993637437815778e-05, 3.900197771145031e-05, 4.009930489701219e-05, 3.7670950405299664e-05, 3.4762615541694686e-05, 3.456459307926707e-05, 3.506565553834662e-05, 3.316895890748128e-05, 3.3533782698214054e-05, 3.289888263680041e-05, 3.1815943657420576e-05, 3.418661799514666e-05, 3.457689308561385e-05, 2.9373180950642563e-05, 3.187841866747476e-05, 2.934533404186368e-05, 2.8080807169317268e-05, 2.9422275474644266e-05, 2.8480768378358334e-05, 2.825225965352729e-05, 2.6958256057696417e-05, 2.6515534045756795e-05, 2.692567795747891e-05, 3.0627576052211225e-05, 2.6634046662366018e-05, 2.5894292775774375e-05, 2.7104328182758763e-05, 2.617130485305097e-05, 2.8946209567948245e-05, 2.5337827537441626e-05, 2.579190731921699e-05, 2.5687895686132833e-05, 2.461789881635923e-05, 2.537964792281855e-05, 2.5106784960371442e-05, 2.497099558240734e-05, 2.3195645553641953e-05, 2.3774495275574736e-05, 2.4539394871680997e-05, 2.304965164512396e-05, 2.5387049390701577e-05, 2.425957063678652e-05, 2.2383839677786455e-05, 2.3530614271294326e-05, 2.223219235020224e-05, 2.2009522581356578e-05, 2.2700458430335857e-05, 2.5135148462140933e-05, 2.227296499768272e-05, 2.1854506485396996e-05, 2.1541347450693138e-05, 2.4183951609302312e-05, 2.4132930775522254e-05, 2.313634831807576e-05, 2.246744406875223e-05, 2.278679676237516e-05, 2.3863574824645184e-05, 2.0573106667143293e-05, 2.1777343135909177e-05, 2.0604682504199445e-05, 2.156826485588681e-05, 2.064674481516704e-05, 2.277823477925267e-05, 2.060425867966842e-05, 2.1850883058505133e-05, 2.02005248866044e-05, 2.202780706284102e-05, 1.9626784705906175e-05, 1.99291025637649e-05, 2.161033989978023e-05, 1.9170618543284945e-05, 2.0978877728339285e-05, 1.9665925719891675e-05, 2.1540641682804562e-05, 2.0977697204216383e-05, 1.9124756363453344e-05, 1.840223376348149e-05, 1.8925540643977e-05, 2.035740362771321e-05, 1.9326213077874854e-05, 2.141497316188179e-05, 1.9882880224031396e-05, 1.875798261607997e-05, 1.831026020227e-05, 1.884908851934597e-05, 1.85325388883939e-05, 2.0894394765491597e-05, 1.930011967488099e-05], "val_loss": [0.00041344467899762094, 0.00014307252422440797, 9.19813392101787e-05, 7.829977403162047e-05, 6.279593071667477e-05, 5.687083103111945e-05, 5.589682768913917e-05, 5.349429920897819e-05, 4.877956962445751e-05, 4.9332786147715524e-05, 4.466377504286356e-05, 4.8603247705614194e-05, 4.7463214286835864e-05, 5.133668310008943e-05, 4.733263631351292e-05, 4.384997009765357e-05, 4.0649556467542425e-05, 4.088091736775823e-05, 4.0829436329659075e-05, 4.0140239434549585e-05, 4.175310459686443e-05, 4.354129487182945e-05, 4.9577909521758556e-05, 4.311306474846788e-05, 4.023877772851847e-05, 3.7096961023053154e-05, 3.8678299461025745e-05, 3.773600474232808e-05, 3.658641435322352e-05, 4.2987176129827276e-05, 3.984900104114786e-05, 3.620074858190492e-05, 3.4868480724981055e-05, 3.771089541260153e-05, 3.7107856769580394e-05, 3.901935997419059e-05, 3.582395220291801e-05, 3.7043835618533194e-05, 3.453486715443432e-05, 3.4681859688134864e-05, 3.447722701821476e-05, 3.592118082451634e-05, 3.570827539078891e-05, 3.469162038527429e-05, 3.907952122972347e-05, 4.0261140384245664e-05, 3.793755968217738e-05, 3.374660082045011e-05, 3.464517430984415e-05, 3.688224023790099e-05, 3.511760587571189e-05, 3.4479337045922875e-05, 3.4622113162186e-05, 3.313869092380628e-05, 3.7007182982051745e-05, 3.43633109878283e-05, 3.328173988847993e-05, 3.710903547471389e-05, 3.494195334496908e-05, 3.3623458875808865e-05, 3.677538188640028e-05, 3.235237818444148e-05, 3.3693897421471775e-05, 3.421317887841724e-05, 3.330473919049837e-05, 4.2827185097848997e-05, 3.217762423446402e-05, 3.6134166293777525e-05, 3.3080628782045096e-05, 3.260090306866914e-05, 3.236850898247212e-05, 3.226145781809464e-05, 3.346108496771194e-05, 3.3345710107823834e-05, 3.2953787012957036e-05, 3.6486533645074815e-05, 3.182516957167536e-05, 3.662793824332766e-05, 3.312497938168235e-05, 3.248986104154028e-05, 3.414979801164009e-05, 3.4007061913143843e-05, 3.477360587567091e-05, 3.284062404418364e-05, 3.126648880424909e-05, 3.42319872288499e-05, 3.173883669660427e-05, 3.1877461879048496e-05, 3.177396138198674e-05, 3.125198418274522e-05, 3.1379378924611956e-05, 3.412596561247483e-05, 3.2960731914499775e-05, 3.2539064704906195e-05, 3.1744093575980514e-05, 3.300888783996925e-05, 3.437158011365682e-05, 3.293559348094277e-05, 3.3330710721202195e-05, 3.236427437514067e-05],