{"loss": [0.0013539072824642062, 0.00022250851907301694, 0.00012469176726881415, 9.921276796376333e-05, 7.813786214683205e-05, 6.754547212040052e-05, 6.107649824116379e-05, 5.5726050049997866e-05, 5.3116673370823264e-05, 4.9899415898835286e-05, 5.187767601455562e-05, 4.645849912776612e-05, 4.5110416976967826e-05, 4.541646194411442e-05, 4.3702715629478917e-05, 4.179208190180361e-05, 4.429779073689133e-05, 4.055954923387617e-05, 4.0573613659944385e-05, 4.1977538785431534e-05, 3.78094264306128e-05, 3.7103702197782695e-05, 3.640402792370878e-05, 4.042982618557289e-05, 3.689478035084903e-05, 3.613701119320467e-05, 3.516714059514925e-05, 3.6631987313739955e-05, 3.836824544123374e-05, 3.401753565412946e-05, 3.4104254154954106e-05, 3.359924812684767e-05, 3.5448934795567766e-05, 3.148480391246267e-05, 3.1664822017773986e-05, 3.180397834512405e-05, 3.043477590836119e-05, 3.106600706814788e-05], "mse": [0.0013539072824642062, 0.00022250851907301694, 0.00012469176726881415, 9.921276796376333e-05, 7.813786214683205e-05, 6.754547212040052e-05, 6.107649096520618e-05, 5.5726050049997866e-05, 5.3116673370823264e-05, 4.9899415898835286e-05, 5.187767601455562e-05, 4.645849912776612e-05, 4.5110416976967826e-05, 4.541646194411442e-05, 4.3702715629478917e-05, 4.179208190180361e-05, 4.429779073689133e-05, 4.055954923387617e-05, 4.0573613659944385e-05, 4.1977538785431534e-05, 3.78094264306128e-05, 3.7103702197782695e-05, 3.640402792370878e-05, 4.042982618557289e-05, 3.689478035084903e-05, 3.613701119320467e-05, 3.516714059514925e-05, 3.6631987313739955e-05, 3.836824544123374e-05, 3.401753565412946e-05, 3.4104254154954106e-05, 3.359924812684767e-05, 3.5448934795567766e-05, 3.148480391246267e-05, 3.1664822017773986e-05, 3.180397834512405e-05, 3.043477590836119e-05, 3.106600706814788e-05], "val_loss": [0.0003265497216489166, 0.00013514389866031706, 0.00010173662303714082, 7.791260577505454e-05, 7.790892414050177e-05, 7.405551878036931e-05, 5.9243935538688675e-05, 6.127837696112692e-05, 5.334087472874671e-05, 5.391677768784575e-05, 5.6782300816848874e-05, 5.2401130233192816e-05, 5.308545951265842e-05, 5.408767538028769e-05, 5.2907485951436684e-05, 6.223866512300447e-05, 5.032171975472011e-05, 6.01411666139029e-05, 5.12529986735899e-05, 5.1335151511011645e-05, 5.687775046681054e-05, 5.44160429853946e-05, 5.173290628590621e-05, 5.385467375162989e-05, 4.969803921994753e-05, 5.042905831942335e-05, 5.062871059635654e-05, 4.783579061040655e-05, 5.330417479854077e-05, 5.2732346375705674e-05, 4.972412352799438e-05, 5.3108255087863654e-05, 5.46148294233717e-05, 5.028203304391354e-05, 5.2029237849637866e-05, 5.0899201596621424e-05, 5.0848637329181656e-05, 5.1299612096045166e-05], "val_mse": [0.0003265497216489166, 0.00013514389866031706, 0.00010173663758905604, 7.791260577505454e-05, 7.790892414050177e-05, 7.405551878036931e-05, 5.9243935538688675e-05, 6.127837696112692e-05, 5.334087472874671e-05, 5.391677768784575e-05, 5.6782300816848874e-05, 5.2401130233192816e-05, 5.308545951265842e-05, 5.408767538028769e-05, 5.2907485951436684e-05, 6.223866512300447e-05, 5.03217161167413e-05, 6.01411666139029e-05, 5.12529986735899e-05, 5.1335151511011645e-05, 5.687775046681054e-05, 5.44160429853946e-05, 5.173290628590621e-05, 5.385467375162989e-05, 4.969803921994753e-05, 5.042905831942335e-05, 5.062871059635654e-05, 4.783579061040655e-05, 5.330417479854077e-05, 5.2732346375705674e-05, 4.972412352799438e-05, 5.3108255087863654e-05, 5.46148294233717e-05, 5.028203304391354e-05, 5.2029237849637866e-05, 5.0899201596621424e-05, 5.0848637329181656e-05, 5.1299612096045166e-05]}