{"loss": [0.002132625784724951, 0.0014470593305304646, 0.0010065061505883932, 0.0006276443018577993, 0.00034774732193909585, 0.0001703485322650522, 0.00010068307165056467, 7.600777462357655e-05, 6.117386510595679e-05, 5.281800986267626e-05, 4.45244659204036e-05, 4.27918421337381e-05, 3.860647848341614e-05, 3.349874896230176e-05, 3.0661387427244335e-05, 2.659959500306286e-05, 2.4814817152218893e-05, 2.3916019927128218e-05, 2.606473208288662e-05, 2.463489363435656e-05, 2.031942130997777e-05, 1.848253668867983e-05, 1.7056536307791248e-05, 1.5966119462973438e-05, 1.6255336959147826e-05, 1.556055576656945e-05, 1.4651149285782594e-05, 1.7813463273341767e-05, 2.2183168766787276e-05, 1.7015645425999537e-05, 1.471293671784224e-05, 1.3803100046061445e-05, 1.21898256111308e-05, 1.1783615263993852e-05, 1.1925110811716877e-05, 1.0808244951476809e-05, 9.667475751484744e-06, 9.952964319381863e-06, 9.150072401098441e-06, 8.644366971566342e-06, 8.974951015261468e-06, 8.689110472914763e-06, 8.211174645111896e-06, 7.965486474859063e-06, 7.884211299824528e-06, 8.067743692663498e-06, 7.03351543052122e-06, 7.908221959951334e-06, 8.072006494330708e-06, 8.059108040470164e-06, 6.818272140662884e-06, 6.48663717583986e-06, 5.753262030339101e-06, 5.910823347221594e-06, 7.4707140811369754e-06, 6.183671303006122e-06, 5.543415227293735e-06, 5.6481540013919584e-06, 5.360815521271434e-06, 4.778913080372149e-06, 4.8154242904274724e-06, 4.705988430941943e-06, 4.6073355406406336e-06, 4.502712272369536e-06, 4.485246336116688e-06, 4.527899818640435e-06, 4.7683975026302505e-06, 5.430422788776923e-06, 4.241066562826745e-06, 3.829894012596924e-06, 4.039418399770511e-06, 3.810764155787183e-06, 3.789222773775691e-06, 5.11826146976091e-06, 5.123477876622928e-06, 4.884700501861516e-06, 4.225190878059948e-06, 4.710501798399491e-06, 4.771799012814881e-06, 3.520520067468169e-06, 4.661121238314081e-06, 5.092057108413428e-06, 3.873197329085087e-06, 3.733700168595533e-06, 2.963226506835781e-06, 2.920177848864114e-06, 3.062104269702104e-06, 3.1031663638714235e-06, 3.0781836812820984e-06], "mse": [0.002132625784724951, 0.0014470593305304646, 0.0010065061505883932, 0.0006276443018577993, 0.00034774732193909585, 0.0001703485322650522, 0.00010068307165056467, 7.600777462357655e-05, 6.117386510595679e-05, 5.281800986267626e-05, 4.45244659204036e-05, 4.27918421337381e-05, 3.860647848341614e-05, 3.349874896230176e-05, 3.0661387427244335e-05, 2.659959500306286e-05, 2.4814817152218893e-05, 2.3916019927128218e-05, 2.606473208288662e-05, 2.463489363435656e-05, 2.031942130997777e-05, 1.848253668867983e-05, 1.7056536307791248e-05, 1.5966121281962842e-05, 1.6255336959147826e-05, 1.556055576656945e-05, 1.4651149285782594e-05, 1.7813461454352364e-05, 2.2183168766787276e-05, 1.7015645425999537e-05, 1.471293671784224e-05, 1.3803100046061445e-05, 1.21898256111308e-05, 1.1783615263993852e-05, 1.1925110811716877e-05, 1.0808244951476809e-05, 9.667475751484744e-06, 9.952964319381863e-06, 9.150072401098441e-06, 8.644366971566342e-06, 8.974951015261468e-06, 8.689110472914763e-06, 8.211174645111896e-06, 7.965486474859063e-06, 7.884211299824528e-06, 8.067743692663498e-06, 7.03351543052122e-06, 7.908221959951334e-06, 8.072006494330708e-06, 8.059108040470164e-06, 6.818272140662884e-06, 6.48663717583986e-06, 5.753262030339101e-06, 5.910823347221594e-06, 7.4707140811369754e-06, 6.183671303006122e-06, 5.543415227293735e-06, 5.6481540013919584e-06, 5.360815521271434e-06, 4.778913080372149e-06, 4.8154242904274724e-06, 4.705988430941943e-06, 4.6073355406406336e-06, 4.502712272369536e-06, 4.485246790864039e-06, 4.527899818640435e-06, 4.7683975026302505e-06, 5.430422788776923e-06, 4.241066562826745e-06, 3.829894012596924e-06, 4.039418399770511e-06, 3.810764155787183e-06, 3.789222773775691e-06, 5.11826146976091e-06, 5.123477876622928e-06, 4.884700501861516e-06, 4.225190878059948e-06, 4.710501798399491e-06, 4.771799012814881e-06, 3.520520067468169e-06, 4.661121238314081e-06, 5.092057108413428e-06, 3.873197329085087e-06, 3.733700168595533e-06, 2.963226506835781e-06, 2.920177848864114e-06, 3.062104269702104e-06, 3.1031663638714235e-06, 3.0781836812820984e-06], "val_loss": [0.001894064829684794, 0.0011142087168991566, 0.0006117730517871678, 0.0003448550123721361, 0.00022471207194030285, 0.00013636973744723946, 0.00010381999891251326, 8.263328345492482e-05, 7.369928061962128e-05, 6.596870662178844e-05, 6.19394049863331e-05, 6.322134868241847e-05, 5.429437806014903e-05, 4.89938429382164e-05, 4.188278398942202e-05, 4.279561107978225e-05, 3.912429747288115e-05, 3.961597758461721e-05, 5.0701746658887714e-05, 4.031923526781611e-05, 3.344575088704005e-05, 3.4913839044747874e-05, 3.291027314844541e-05, 3.381665010238066e-05, 3.00324954878306e-05, 3.1101892091101035e-05, 3.2695515983505175e-05, 5.7046265283133835e-05, 2.947490975202527e-05, 2.861305620172061e-05, 2.8252328775124624e-05, 3.216048571630381e-05, 2.6297944714315236e-05, 3.575532537070103e-05, 3.332856431370601e-05, 2.7212056011194363e-05, 2.636481076478958e-05, 2.426635182928294e-05, 2.518633300496731e-05, 2.457000664435327e-05, 2.4064591343631037e-05, 2.398539800196886e-05, 2.330260213057045e-05, 2.4067561753327027e-05, 2.7690024580806494e-05, 2.773766391328536e-05, 2.3368227630271576e-05, 2.5266397642553784e-05, 2.455541653034743e-05, 2.6770325348479673e-05, 2.515246524126269e-05, 2.3170247004600242e-05, 2.2058080503484234e-05, 2.4746312192291953e-05, 2.189920451201033e-05, 2.2040232579456642e-05, 2.2402580725611188e-05, 2.3654623873881064e-05, 2.2149053620523773e-05, 2.0920724637107924e-05, 2.1233829102129675e-05, 2.1552437829086557e-05, 2.022916669375263e-05, 2.2873284251545556e-05, 2.1412324713310227e-05, 2.1440815544337966e-05, 2.1199377442826517e-05, 2.1481679141288623e-05, 1.9518631233950146e-05, 2.1432444555102848e-05, 2.16023745451821e-05, 2.2479260223917663e-05, 2.1953903342364356e-05, 2.067568311758805e-05, 2.3281058020074852e-05, 2.197375215473585e-05, 2.128095002262853e-05, 2.324888191651553e-05, 1.8891032596002333e-05, 2.2291907953331247e-05, 2.0382285583764315e-05, 2.3630744180991314e-05, 1.97325243789237e-05, 2.0480922103160992e-05, 2.0327282982179895e-05, 2.0027906430186704e-05, 1.9344690372236073e-05, 1.9488779798848554e-05, 2.0101977497688495e-05],