{"loss": [0.00213290611281991, 0.0017658581491559744, 0.0014387898845598102, 0.0011084801517426968, 0.000821742054540664, 0.000602131534833461, 0.00047158851521089673, 0.0003698946675285697, 0.0002693130518309772, 0.00020329889957793057, 0.00015421905845869333, 0.00013664008292835206, 0.00010629803728079423, 9.256322664441541e-05, 8.272219565697014e-05, 7.548517169198021e-05, 6.983771891100332e-05, 6.90895612933673e-05, 6.512705294881016e-05, 6.116779695730656e-05, 5.384074756875634e-05, 4.734585672849789e-05, 4.6394805394811556e-05, 4.2547861085040495e-05, 3.93589107261505e-05, 3.560953337000683e-05, 3.923855547327548e-05, 3.780716360779479e-05, 3.4013926779152825e-05, 3.2237836421700194e-05, 3.0058470656513236e-05, 2.9509455998777412e-05, 2.6046420316561125e-05, 2.541863068472594e-05, 2.5800098228501156e-05, 2.4530128939659335e-05, 2.155092624889221e-05, 2.1237448891042732e-05, 2.1905369067098945e-05, 1.9859693566104397e-05, 2.0070157916052267e-05, 1.9267985408077948e-05, 1.8609873222885653e-05, 1.8460132196196355e-05, 1.745533154462464e-05, 1.707371666270774e-05, 1.7331421986455098e-05, 1.6624257114017382e-05, 1.6056230379035696e-05, 1.4929932149243541e-05, 1.5474088286282495e-05, 1.4765023479412775e-05, 1.5722031093901023e-05, 1.5605839507770725e-05, 1.6507958207512274e-05, 1.3778604625258595e-05, 1.2768954547937028e-05, 1.2705832887149882e-05, 1.22875499073416e-05, 1.2891669939563144e-05, 1.4404710782400798e-05, 1.1751539204851724e-05, 1.1501651897560805e-05, 1.0794827176141553e-05, 1.2049918950651772e-05, 1.084663745132275e-05, 1.0559420843492262e-05, 9.587347449269146e-06, 9.529499038762879e-06, 1.0240928531857207e-05, 9.18738169275457e-06, 1.0102821761392988e-05, 1.054899621522054e-05, 1.0534733519307338e-05, 9.533412594464608e-06], "mse": [0.00213290611281991, 0.0017658581491559744, 0.0014387898845598102, 0.0011084801517426968, 0.000821742054540664, 0.000602131534833461, 0.00047158851521089673, 0.0003698946675285697, 0.0002693130518309772, 0.00020329889957793057, 0.00015421905845869333, 0.00013664008292835206, 0.00010629803728079423, 9.256322664441541e-05, 8.272219565697014e-05, 7.548517169198021e-05, 6.983771163504571e-05, 6.908955401740968e-05, 6.512705294881016e-05, 6.116779695730656e-05, 5.384074756875634e-05, 4.734585672849789e-05, 4.6394805394811556e-05, 4.2547861085040495e-05, 3.93589107261505e-05, 3.560953337000683e-05, 3.923855547327548e-05, 3.780716360779479e-05, 3.4013926779152825e-05, 3.2237836421700194e-05, 3.0058470656513236e-05, 2.9509455998777412e-05, 2.6046420316561125e-05, 2.541863068472594e-05, 2.5800098228501156e-05, 2.4530128939659335e-05, 2.155092624889221e-05, 2.1237448891042732e-05, 2.1905369067098945e-05, 1.9859693566104397e-05, 2.0070157916052267e-05, 1.9267985408077948e-05, 1.8609873222885653e-05, 1.8460128558217548e-05, 1.745533154462464e-05, 1.707371666270774e-05, 1.7331421986455098e-05, 1.6624257114017382e-05, 1.6056230379035696e-05, 1.4929932149243541e-05, 1.5474088286282495e-05, 1.4765023479412775e-05, 1.5722031093901023e-05, 1.5605839507770725e-05, 1.6507958207512274e-05, 1.3778604625258595e-05, 1.2768954547937028e-05, 1.2705832887149882e-05, 1.22875499073416e-05, 1.2891669939563144e-05, 1.4404710782400798e-05, 1.1751539204851724e-05, 1.1501651897560805e-05, 1.0794827176141553e-05, 1.2049918950651772e-05, 1.084663745132275e-05, 1.0559420843492262e-05, 9.587347449269146e-06, 9.529499038762879e-06, 1.0240928531857207e-05, 9.18738169275457e-06, 1.0102821761392988e-05, 1.054899621522054e-05, 1.0534733519307338e-05, 9.533412594464608e-06], "val_loss": [0.0019726252648979425, 0.0017363179940730333, 0.0014468841254711151, 0.0012016688706353307, 0.0008756833267398179, 0.00067781942198053, 0.0005311660934239626, 0.0004206682206131518, 0.00031720666447654366, 0.0002553629456087947, 0.00022601833916269243, 0.00017165605095215142, 0.00015699933283030987, 0.00014221275341697037, 0.0001490454887971282, 0.00012972364493180066, 0.00013557188503909856, 0.0001213152427226305, 0.00011670960520859808, 0.00011888324661413208, 0.00011044998973375186, 0.00013060285709798336, 0.00010390950046712533, 0.00010601696703815833, 0.0001085510739358142, 0.00010052150901174173, 0.0001164759014500305, 9.62062185863033e-05, 0.00011046284635085613, 9.649951243773103e-05, 0.0001015301895677112, 0.00010076795297209173, 9.168325777864084e-05, 0.00010809458035510033, 8.932688797358423e-05, 9.839273116085678e-05, 9.847137698670849e-05, 0.00010111518349731341, 9.487799979979172e-05, 8.865420386428013e-05, 9.741383837535977e-05, 9.04755579540506e-05, 9.759790555108339e-05, 9.281819802708924e-05, 9.243637032341212e-05, 9.444537863600999e-05, 8.861448441166431e-05, 8.7613589130342e-05, 8.931326738093048e-05, 9.049971413332969e-05, 0.00010052927245851606, 8.290480764117092e-05, 0.00010471672430867329, 8.963901927927509e-05, 9.668949496699497e-05, 8.59081992530264e-05, 9.116970613831654e-05, 9.150104597210884e-05, 8.309660915983841e-05, 8.379414066439494e-05, 9.713337203720585e-05, 8.256128057837486e-05, 8.588087803218514e-05, 9.526465146336704e-05, 7.856193406041712e-05, 8.626828639535233e-05, 8.339037594851106e-05, 8.672872354509309e-05, 9.248573769582435e-05, 8.761366188991815e-05, 8.325242379214615e-05, 9.885011240839958e-05, 8.009799057617784e-05, 8.199454168789089e-05, 8.762280049268156e-05], "val_mse": [0.0019726252648979425, 0.0017363179940730333, 0.0014468841254711151, 0.0012016688706353307, 0.0008756833267398179, 0.00067781942198053, 0.0005311660934239626, 0.0004206682206131518, 0.0003172066935803741, 0.0002553629456087947, 0.00022601833916269243, 0.00017165605095215142, 0.00015699933283030987, 0.00014221275341697037, 0.0001490454887971282, 0.00012972364493180066, 0.0001355718995910138, 0.0001213152427226305, 0.00011670960520859808, 0.00011888324661413208, 0.00011044998973375186, 0.0001306028716498986, 0.00010390950046712533, 0.00010601696703815833, 0.0001085510739358142, 0.00010052150901174173, 0.0001164759014500305, 9.62062185863033e-05, 0.00011046284635085613, 9.649951243773103e-05, 0.0001015301895677112, 0.00010076795297209173, 9.168325777864084e-05, 0.00010809458035510033, 8.932688797358423e-05, 9.839273116085678e-05, 9.847137698670849e-05, 0.00010111518349731341, 9.487799979979172e-05, 8.865420386428013e-05, 9.741383837535977e-05, 9.04755579540506e-05, 9.759790555108339e-05, 9.281819802708924e-05, 9.243637032341212e-05, 9.444537863600999e-05, 8.861448441166431e-05, 8.7613589130342e-05, 8.931326738093048e-05, 9.049971413332969e-05, 0.00010052927245851606, 8.290480764117092e-05, 0.00010471672430867329, 8.963901927927509e-05, 9.668950224295259e-05, 8.59081992530264e-05, 9.116970613831654e-05, 9.150104597210884e-05, 8.309660915983841e-05, 8.379414066439494e-05, 9.713335748529062e-05, 8.256128785433248e-05, 8.588087803218514e-05, 9.526465146336704e-05, 7.856193406041712e-05, 8.626828639535233e-05, 8.339037594851106e-05, 8.672872354509309e-05, 9.248573769582435e-05, 8.761366188991815e-05, 8.325242379214615e-05, 9.885011240839958e-05, 8.009799057617784e-05, 8.199454168789089e-05, 8.762280049268156e-05]}