{"loss": [0.0017869301373139024, 0.0006541857728734612, 0.00023351851268671453, 0.00014497130177915096, 9.940590825863183e-05, 7.349667430389673e-05, 6.0632708482444286e-05, 4.776911373483017e-05, 4.264965537004173e-05, 4.009681288152933e-05, 3.447462586336769e-05, 3.1236853828886524e-05, 3.009554711752571e-05, 2.6712103135650977e-05, 2.507200770196505e-05, 2.255214349133894e-05, 2.22354028664995e-05, 2.1503225070773624e-05, 2.0842531739617698e-05, 1.928919300553389e-05, 1.839736978581641e-05, 2.0759738617925905e-05, 1.813406743167434e-05, 1.7590013158041984e-05, 1.5744966731290333e-05, 1.6323447198374197e-05, 1.6975091057247482e-05, 1.3521021173801273e-05, 1.3675977243110538e-05, 1.2783487363776658e-05, 1.257531221199315e-05, 1.3171666978450958e-05, 1.343654002994299e-05, 1.2186048479634337e-05, 1.2950781638210174e-05, 1.184634766104864e-05, 1.1192187230335549e-05, 1.0806451427924912e-05, 1.0778128853417002e-05, 1.1308850844216067e-05, 1.1046472536690999e-05, 1.0350091542932205e-05, 9.716139174997807e-06, 9.41017333389027e-06, 9.143210263573565e-06, 1.0907037903962191e-05, 8.969942427938804e-06, 9.46052296058042e-06, 8.356736543646548e-06, 1.037810307025211e-05, 9.233242053596769e-06, 7.849848771002144e-06, 8.430364687228575e-06, 8.515972695022356e-06, 9.280983249482233e-06, 8.292484380945098e-06, 1.0396415746072307e-05, 1.210054961120477e-05, 7.359117262240034e-06, 7.677988833165728e-06, 7.24599067325471e-06, 7.13920690031955e-06, 6.72039641358424e-06, 6.801294148317538e-06, 6.540682534250664e-06, 6.690367172268452e-06, 6.359163307934068e-06, 7.417600045300787e-06, 6.951854629733134e-06, 7.3202218118240125e-06, 6.853267677797703e-06, 6.245688837225316e-06, 6.499991286545992e-06, 6.0173920246597845e-06, 6.421103080356261e-06, 5.551534286496462e-06, 5.980590231047245e-06, 6.238868991204072e-06, 6.838770332251443e-06, 7.157962954806862e-06, 6.179665433592163e-06, 6.133159786259057e-06, 5.558583779929904e-06, 5.730952125304611e-06, 5.212055384617997e-06, 5.087078534415923e-06, 7.424264822475379e-06, 6.471569122368237e-06, 5.727052212023409e-06, 5.842273822054267e-06, 9.925891390594188e-06, 7.991176971700042e-06, 5.228623194852844e-06], "mse": [0.0017869301373139024, 0.0006541857728734612, 0.00023351851268671453, 0.00014497130177915096, 9.940590825863183e-05, 7.349667430389673e-05, 6.0632708482444286e-05, 4.776911373483017e-05, 4.264966264599934e-05, 4.009681288152933e-05, 3.447462586336769e-05, 3.1236853828886524e-05, 3.009554711752571e-05, 2.6712103135650977e-05, 2.507200770196505e-05, 2.255214349133894e-05, 2.22354028664995e-05, 2.1503225070773624e-05, 2.0842531739617698e-05, 1.928919300553389e-05, 1.839736978581641e-05, 2.0759738617925905e-05, 1.813406743167434e-05, 1.7590013158041984e-05, 1.5744966731290333e-05, 1.6323447198374197e-05, 1.6975091057247482e-05, 1.3521021173801273e-05, 1.3675977243110538e-05, 1.2783487363776658e-05, 1.257531221199315e-05, 1.3171666978450958e-05, 1.343654002994299e-05, 1.2186048479634337e-05, 1.2950781638210174e-05, 1.184634766104864e-05, 1.1192187230335549e-05, 1.0806451427924912e-05, 1.0778128853417002e-05, 1.1308850844216067e-05, 1.1046472536690999e-05, 1.0350091542932205e-05, 9.716139174997807e-06, 9.41017333389027e-06, 9.143210263573565e-06, 1.0907037903962191e-05, 8.969942427938804e-06, 9.46052296058042e-06, 8.356736543646548e-06, 1.037810307025211e-05, 9.233242053596769e-06, 7.849847861507442e-06, 8.430364687228575e-06, 8.515972695022356e-06, 9.280983249482233e-06, 8.292484380945098e-06, 1.0396415746072307e-05, 1.210054961120477e-05, 7.359117262240034e-06, 7.677988833165728e-06, 7.24599067325471e-06, 7.13920690031955e-06, 6.72039641358424e-06, 6.801294148317538e-06, 6.540682534250664e-06, 6.690367172268452e-06, 6.359163307934068e-06, 7.417600045300787e-06, 6.951854629733134e-06, 7.3202218118240125e-06, 6.853267677797703e-06, 6.245688837225316e-06, 6.499991286545992e-06, 6.017391569912434e-06, 6.421103080356261e-06, 5.551534286496462e-06, 5.980590231047245e-06, 6.238868991204072e-06, 6.838770332251443e-06, 7.157962954806862e-06, 6.179665433592163e-06, 6.133159786259057e-06, 5.558583779929904e-06, 5.730952125304611e-06, 5.212055384617997e-06, 5.087078534415923e-06, 7.424264822475379e-06, 6.471569122368237e-06, 5.727052212023409e-06, 5.842273822054267e-06, 9.925891390594188e-06, 7.991176971700042e-06, 5.228623194852844e-06], "val_loss": [0.0011289751855656505, 0.0003994965518359095, 0.00018562837794888765, 0.00014143908629193902, 0.00010073179146274924, 7.784528861520812e-05, 6.568393291672692e-05, 5.4693846323061734e-05, 5.138725828146562e-05, 5.081159542896785e-05, 4.425994120538235e-05, 4.0240847738459706e-05, 4.036706013721414e-05, 4.1174698708346114e-05, 3.6820387322222814e-05, 3.829326306004077e-05, 3.760970867006108e-05, 3.651800216175616e-05, 3.470666706562042e-05, 3.5330376704223454e-05, 3.289798041805625e-05, 4.0114620787790045e-05, 3.355105218361132e-05, 3.0537648854078725e-05, 3.181042484357022e-05, 4.416565570863895e-05, 3.1140822102315724e-05, 2.85069127130555e-05, 2.784339631034527e-05, 2.7659085390041582e-05, 2.9454598916345276e-05, 2.8045282306266017e-05, 2.6706520657171495e-05, 3.132392521365546e-05, 2.63528672803659e-05, 3.0031313144718297e-05, 2.5608629584894516e-05, 2.60084452747833e-05, 2.5722214559209533e-05, 2.636877979966812e-05, 2.966065403597895e-05, 2.5402585379197262e-05, 2.4044198653427884e-05, 2.3888265786808915e-05, 2.456983747833874e-05, 2.3749891624902375e-05, 2.5503044525976293e-05, 2.481000410625711e-05, 2.5151048248517327e-05, 2.6191315555479378e-05, 2.451473119435832e-05, 2.3216340196086094e-05, 2.3025229893391952e-05, 2.5026098228408955e-05, 2.2737734980182722e-05, 2.320642670383677e-05, 3.0651419365312904e-05, 2.326700632693246e-05, 2.241369838884566e-05, 2.4907099941628985e-05, 2.3290938770514913e-05, 2.1722104065702297e-05, 2.3057225917000324e-05, 2.268930256832391e-05, 2.6201876607956365e-05, 2.2369451471604407e-05, 2.4433657017652877e-05, 2.3598959160153754e-05, 2.363290695939213e-05, 2.7429647161625326e-05, 2.1756408386863768e-05, 2.165775549656246e-05, 2.1799805836053565e-05, 2.1548117729253136e-05, 2.1669824491254985e-05, 2.5078474209294654e-05, 2.1672158254659735e-05, 2.3829245037632063e-05, 2.0975887309759855e-05, 2.303160545125138e-05, 2.097040123771876e-05, 2.073059295071289e-05, 2.0404710085131228e-05, 2.0551658963086084e-05, 2.111393041559495e-05, 2.2013531634001993e-05, 2.4251467038993724e-05, 2.127553307218477e-05, 2.238638626295142e-05, 2.0501525796134956e-05, 2.6082396288984455e-05, 2.0521105398074724e-05, 2.2766644178773277e-05],