{"loss": [0.004746910184621811, 0.0015986099606379867, 0.0010418769670650363, 0.0007808743976056576, 0.000676858180668205, 0.0006390255875885487, 0.0006078342557884753, 0.000568791467230767, 0.0005480399704538286, 0.0005286569357849658, 0.0005256140138953924, 0.0004995015915483236, 0.0004811574472114444, 0.0004782445030286908, 0.00046324319555424154, 0.00045066935126669705, 0.00045485104783438146, 0.00047806359361857176, 0.0004439752083271742, 0.00043331662891432643, 0.0004568655858747661, 0.00043584415107034147, 0.0004283848684281111, 0.0004209024482406676, 0.0004125908890273422, 0.00040152305155061185, 0.00039793679025024176, 0.0003965337236877531, 0.00039244501385837793, 0.00039084613672457635, 0.000408574182074517, 0.00039385739364661276, 0.0003846457111649215, 0.0003716172941494733, 0.00037347653415054083, 0.0003828559711109847, 0.0003704989794641733, 0.0003669999132398516, 0.0003951943654101342, 0.00037880492163822055, 0.0003647258272394538, 0.0003645380202215165, 0.0003631998260971159, 0.000350769521901384, 0.0003497826401144266, 0.0003583875950425863, 0.00034383629099465907], "mse": [0.004746910184621811, 0.0015986099606379867, 0.0010418769670650363, 0.0007808743976056576, 0.000676858180668205, 0.0006390255875885487, 0.0006078342557884753, 0.000568791467230767, 0.0005480399704538286, 0.0005286569357849658, 0.0005256140138953924, 0.0004995015915483236, 0.0004811574472114444, 0.0004782445030286908, 0.00046324319555424154, 0.00045066935126669705, 0.00045485104783438146, 0.00047806359361857176, 0.0004439752083271742, 0.00043331662891432643, 0.0004568655858747661, 0.00043584415107034147, 0.0004283848684281111, 0.0004209024482406676, 0.0004125908890273422, 0.00040152305155061185, 0.00039793679025024176, 0.00039653375279158354, 0.00039244501385837793, 0.00039084613672457635, 0.000408574182074517, 0.00039385739364661276, 0.0003846457111649215, 0.0003716172941494733, 0.00037347653415054083, 0.0003828559711109847, 0.0003704989794641733, 0.0003669999132398516, 0.0003951943654101342, 0.00037880492163822055, 0.0003647258272394538, 0.0003645380202215165, 0.0003631998260971159, 0.000350769521901384, 0.0003497826401144266, 0.0003583875950425863, 0.00034383629099465907], "val_loss": [0.002447989769279957, 0.0015701139345765114, 0.0010771398665383458, 0.0008357675396837294, 0.0007549338042736053, 0.0007350007654167712, 0.0006818377296440303, 0.000637824006844312, 0.0005982822040095925, 0.0006166520179249346, 0.0005883765406906605, 0.0005550578935071826, 0.0005499544204212725, 0.0005297363386489451, 0.0005223014741204679, 0.0005717886378988624, 0.000513111415784806, 0.000515265972353518, 0.0005076827364973724, 0.0005075886729173362, 0.0005498427199199796, 0.0004924787790514529, 0.0005149665521457791, 0.0004805073840543628, 0.0004931634175591171, 0.00047250892384909093, 0.00046551975538022816, 0.0004809218517038971, 0.0004828718665521592, 0.00045791984302923083, 0.0005129669443704188, 0.00047661751159466803, 0.00048449161113239825, 0.00046622438821941614, 0.00046602170914411545, 0.0005027635488659143, 0.0004368745139800012, 0.00045621360186487436, 0.0005179880536161363, 0.00048674881691113114, 0.0005373452440835536, 0.00047991733299568295, 0.0004706556210294366, 0.0004498011549003422, 0.000465699820779264, 0.00047031734720803797, 0.00046637599007226527], "val_mse": [0.002447990234941244, 0.0015701139345765114, 0.0010771398665383458, 0.0008357675396837294, 0.0007549338042736053, 0.0007350007654167712, 0.0006818377296440303, 0.000637824006844312, 0.0005982822040095925, 0.0006166520179249346, 0.0005883765406906605, 0.0005550578935071826, 0.0005499544204212725, 0.0005297363386489451, 0.0005223014741204679, 0.0005717886378988624, 0.000513111415784806, 0.000515265972353518, 0.0005076827364973724, 0.0005075886729173362, 0.0005498427199199796, 0.0004924787790514529, 0.0005149664939381182, 0.0004805073840543628, 0.0004931634175591171, 0.00047250892384909093, 0.00046551975538022816, 0.0004809219390153885, 0.0004828718665521592, 0.00045791984302923083, 0.0005129669443704188, 0.00047661751159466803, 0.00048449161113239825, 0.00046622438821941614, 0.00046602170914411545, 0.0005027635488659143, 0.0004368745139800012, 0.00045621360186487436, 0.0005179880536161363, 0.00048674881691113114, 0.0005373452440835536, 0.00047991733299568295, 0.0004706556210294366, 0.0004498011549003422, 0.000465699820779264, 0.00047031734720803797, 0.00046637599007226527]}