{"loss": [0.0013188335578888655, 0.0002403485996183008, 0.00016568474529776722, 0.0001356299762846902, 0.00011575295502552763, 0.00010608445154502988, 0.00010139961523236707, 9.75583607214503e-05, 9.542494808556512e-05, 9.268191934097558e-05, 9.104183845920488e-05, 8.785714453551918e-05, 8.568789780838415e-05, 8.716771117178723e-05, 7.996458589332178e-05, 7.951776206027716e-05, 7.906988321337849e-05, 7.8816112363711e-05, 7.7954595326446e-05, 8.064404391916469e-05, 7.896881288615987e-05, 7.708885095780715e-05, 7.624740101164207e-05], "mse": [0.0013188335578888655, 0.0002403485996183008, 0.00016568474529776722, 0.0001356299762846902, 0.00011575295502552763, 0.00010608445154502988, 0.00010139961523236707, 9.75583607214503e-05, 9.542494808556512e-05, 9.268191934097558e-05, 9.104183845920488e-05, 8.785714453551918e-05, 8.568789780838415e-05, 8.716772572370246e-05, 7.996458589332178e-05, 7.951776206027716e-05, 7.906988321337849e-05, 7.8816112363711e-05, 7.7954595326446e-05, 8.064404391916469e-05, 7.896881288615987e-05, 7.708885095780715e-05, 7.624740101164207e-05], "val_loss": [0.00034466414945200086, 0.00016327861521858722, 0.00013439719623420388, 0.00012483027239795774, 0.0001184746652143076, 0.00011393022577976808, 0.00011450977763161063, 0.00012073219113517553, 0.00010793735418701544, 0.00011683675256790593, 0.00011486101720947772, 0.00011245948553550988, 0.00010079964704345912, 0.0001201498816953972, 0.00010792604007292539, 0.0001175912912003696, 0.0001041670620907098, 0.00010732861119322479, 0.00010080535139422864, 0.0001185345245175995, 0.00010223286517430097, 0.00011218897998332977, 0.0001110678058466874], "val_mse": [0.00034466414945200086, 0.00016327861521858722, 0.00013439719623420388, 0.00012483027239795774, 0.0001184746652143076, 0.00011393022577976808, 0.00011450977763161063, 0.00012073219113517553, 0.00010793735418701544, 0.00011683675256790593, 0.00011486101720947772, 0.00011245948553550988, 0.00010079964704345912, 0.0001201498816953972, 0.00010792604007292539, 0.0001175912912003696, 0.0001041670620907098, 0.00010732861119322479, 0.00010080535139422864, 0.0001185345245175995, 0.00010223286517430097, 0.00011218897998332977, 0.0001110678058466874]}