{"loss": [0.00631310697644949, 0.0018886321922764182, 0.001101812464185059, 0.0008061504340730608, 0.0007005917141214013, 0.0006839294219389558, 0.0005954051157459617, 0.000569236115552485, 0.0005742419161833823, 0.0005384014802984893, 0.000535598723217845, 0.0005033487686887383, 0.0004920204519294202, 0.00047943153185769916, 0.00046741869300603867, 0.00044499774230644107, 0.00044780768803320825, 0.00044411132694222033, 0.00044977321522310376, 0.0004417274903971702, 0.0004292281810194254, 0.0004446650273166597, 0.0004092149902135134, 0.00040383273153565824, 0.0004036641039419919, 0.0004030557756777853, 0.00040608670678921044, 0.00040368811460211873, 0.0004017656610812992, 0.0003969803510699421, 0.00039447081508114934, 0.00037831126246601343, 0.0003748530289158225, 0.000387374748243019, 0.00038790085818618536, 0.00037984654773026705, 0.00038335390854626894, 0.00037505553336814046, 0.00037048759986646473, 0.0003796330711338669, 0.000384586863219738, 0.00037812558002769947, 0.0003740289539564401, 0.00036062521394342184, 0.0003516680735629052, 0.0003659022331703454, 0.0003923992335330695, 0.000355533353285864, 0.0003535371506586671, 0.00034886292996816337, 0.00035364332143217325, 0.00034360107383690774, 0.0003463819739408791, 0.0003527559747453779, 0.000344640837283805, 0.0003409443306736648, 0.0003817543329205364, 0.00036587208160199225, 0.00034329216578043997], "mse": [0.00631310697644949, 0.0018886321922764182, 0.001101812464185059, 0.0008061504340730608, 0.0007005917141214013, 0.0006839294219389558, 0.0005954051157459617, 0.000569236115552485, 0.0005742419161833823, 0.0005384014802984893, 0.000535598723217845, 0.0005033487686887383, 0.0004920204519294202, 0.00047943153185769916, 0.00046741869300603867, 0.00044499768409878016, 0.00044780768803320825, 0.00044411132694222033, 0.00044977321522310376, 0.0004417274903971702, 0.0004292281810194254, 0.0004446650273166597, 0.0004092149902135134, 0.00040383273153565824, 0.0004036641039419919, 0.0004030557756777853, 0.00040608670678921044, 0.00040368811460211873, 0.0004017656610812992, 0.0003969803510699421, 0.00039447081508114934, 0.00037831126246601343, 0.0003748530289158225, 0.000387374748243019, 0.00038790085818618536, 0.00037984654773026705, 0.00038335390854626894, 0.00037505553336814046, 0.00037048759986646473, 0.0003796330711338669, 0.000384586863219738, 0.00037812558002769947, 0.0003740289539564401, 0.00036062521394342184, 0.0003516680735629052, 0.0003659022331703454, 0.0003923992335330695, 0.000355533353285864, 0.0003535371506586671, 0.00034886292996816337, 0.00035364332143217325, 0.00034360107383690774, 0.0003463819739408791, 0.0003527559747453779, 0.000344640837283805, 0.00034094430156983435, 0.0003817543329205364, 0.00036587208160199225, 0.00034329216578043997], "val_loss": [0.0021715033799409866, 0.0012311210157349706, 0.0009437361150048673, 0.0007627529557794333, 0.0007319666910916567, 0.0007917340262793005, 0.0006343623390421271, 0.0006641403306275606, 0.0006103140767663717, 0.0005959637346677482, 0.0005707247764803469, 0.0006260568625293672, 0.0005722194910049438, 0.0005914216744713485, 0.0005399493384175003, 0.0005404804833233356, 0.0005564613384194672, 0.0005740097840316594, 0.0005273350398056209, 0.0005239990423433483, 0.0005710424738936126, 0.0005523157306015491, 0.0005346807301975787, 0.0005418406217359006, 0.0005240753525868058, 0.0005082894931547344, 0.0005121452268213034, 0.0005094308289699256, 0.0005009209853596985, 0.0005504313739947975, 0.0005151901859790087, 0.0005151942605152726, 0.0005240461323410273, 0.0005178595311008394, 0.0005063256248831749, 0.000509146018885076, 0.0004993284237571061, 0.0005310036358423531, 0.00048423075350001454, 0.0005422481335699558, 0.0004983359831385314, 0.0006299362285062671, 0.00048287954996339977, 0.0005043852142989635, 0.00048464135034009814, 0.0004918489721603692, 0.000539191416464746, 0.0004762911412399262, 0.00047573575284332037, 0.00048446559230796993, 0.0004929153365083039, 0.0005094701191410422, 0.0005377674242481589, 0.0005217412835918367, 0.0004796004213858396, 0.0004896664759144187, 0.0005720334011130035, 0.0005024950951337814, 0.0005020973621867597], "val_mse": [0.0021715033799409866, 0.0012311210157349706, 0.0009437361150048673, 0.0007627529557794333, 0.0007319666910916567, 0.0007917340262793005, 0.0006343623390421271, 0.0006641403306275606, 0.0006103140767663717, 0.0005959637346677482, 0.0005707247764803469, 0.0006260568625293672, 0.0005722194910049438, 0.0005914216744713485, 0.0005399493384175003, 0.0005404804833233356, 0.0005564613384194672, 0.0005740097840316594, 0.0005273350980132818, 0.0005239990423433483, 0.0005710424738936126, 0.0005523157306015491, 0.0005346807301975787, 0.0005418406217359006, 0.0005240753525868058, 0.0005082894931547344, 0.0005121452268213034, 0.0005094308289699256, 0.0005009209853596985, 0.0005504313739947975, 0.0005151903023943305, 0.0005151942605152726, 0.0005240461323410273, 0.0005178595311008394, 0.0005063256248831749, 0.000509146018885076, 0.0004993284237571061, 0.0005310036358423531, 0.00048423075350001454, 0.0005422481335699558, 0.0004983359831385314, 0.0006299362285062671, 0.00048287954996339977, 0.0005043852142989635, 0.00048464135034009814, 0.0004918489721603692, 0.000539191416464746, 0.00047629111213609576, 0.00047573575284332037, 0.00048446559230796993, 0.0004929153365083039, 0.0005094701191410422, 0.0005377674242481589, 0.0005217412835918367, 0.0004796004213858396, 0.0004896664759144187, 0.0005720334011130035, 0.0005024950951337814, 0.0005020973621867597]}