{"loss": [0.0012864344753324986, 0.00017126531747635454, 8.469690510537475e-05, 6.04122324148193e-05, 5.056944792158902e-05, 4.11282671848312e-05, 3.708193253260106e-05, 3.392749931663275e-05, 3.155369631713256e-05, 2.9937282306491397e-05, 3.1683135603088886e-05, 2.7603678972809575e-05, 2.5947350877686404e-05, 2.444025085424073e-05, 2.4231974748545326e-05, 2.2820271624368615e-05, 2.2170024749357253e-05, 2.2624248231295496e-05, 2.089779809466563e-05, 2.0377146938699298e-05, 1.9353967218194157e-05, 1.8216225726064295e-05, 2.0642301024054177e-05, 2.0874167603324167e-05, 1.752691423462238e-05, 1.71836818481097e-05, 1.7252885299967602e-05, 1.7526705050840974e-05, 1.73820553754922e-05, 1.5787129086675122e-05, 1.5815739971003495e-05, 1.5438656191690825e-05, 1.638232424738817e-05, 1.485227494413266e-05, 1.4307855053630192e-05, 1.6701269487384707e-05, 1.421782417310169e-05, 1.5492729289690033e-05, 1.3482620488503017e-05, 1.4306644516182132e-05, 1.5275098121492192e-05, 1.4614260180678684e-05, 1.4176017430145293e-05, 1.3580975064542145e-05, 1.386373787681805e-05, 1.226291169587057e-05, 1.283331039303448e-05, 1.313242955802707e-05, 1.2779669305018615e-05, 1.2287568097235635e-05, 1.2179873920104e-05, 1.2481908015615772e-05, 1.535206138214562e-05, 1.334491025772877e-05, 1.2163051906100009e-05, 1.367413187836064e-05, 1.1345605344104115e-05, 1.1893795999640133e-05, 1.1150730642839335e-05, 1.2144630090915598e-05, 1.1560239727259614e-05, 1.172213796962751e-05, 1.1538821127032861e-05, 1.16390792754828e-05, 1.0885745723498985e-05, 1.1275675205979496e-05, 1.1460294444987085e-05, 1.0684926564863417e-05, 1.0674876648408826e-05, 1.110491302824812e-05, 1.1332735084579326e-05, 1.0398020094726235e-05, 1.0675388693925925e-05, 1.1450187230366282e-05, 1.1019116755051073e-05, 9.801529813557863e-06, 1.0991140698024537e-05, 1.085870826500468e-05], "mse": [0.0012864344753324986, 0.00017126531747635454, 8.469690510537475e-05, 6.04122324148193e-05, 5.056944792158902e-05, 4.11282671848312e-05, 3.708193253260106e-05, 3.392749931663275e-05, 3.155369631713256e-05, 2.99372841254808e-05, 3.1683135603088886e-05, 2.7603678972809575e-05, 2.5947350877686404e-05, 2.444025085424073e-05, 2.4231974748545326e-05, 2.2820271624368615e-05, 2.2170024749357253e-05, 2.2624251869274303e-05, 2.089779809466563e-05, 2.0377146938699298e-05, 1.9353967218194157e-05, 1.8216225726064295e-05, 2.0642301024054177e-05, 2.0874167603324167e-05, 1.752691423462238e-05, 1.71836818481097e-05, 1.7252885299967602e-05, 1.7526705050840974e-05, 1.73820553754922e-05, 1.5787129086675122e-05, 1.5815739971003495e-05, 1.5438656191690825e-05, 1.638232424738817e-05, 1.485227494413266e-05, 1.4307855053630192e-05, 1.6701269487384707e-05, 1.421782417310169e-05, 1.5492729289690033e-05, 1.3482620488503017e-05, 1.4306644516182132e-05, 1.5275098121492192e-05, 1.4614260180678684e-05, 1.4176017430145293e-05, 1.3580975064542145e-05, 1.386373787681805e-05, 1.226291169587057e-05, 1.283331039303448e-05, 1.313242955802707e-05, 1.2779669305018615e-05, 1.2287568097235635e-05, 1.2179873920104e-05, 1.2481908015615772e-05, 1.535206138214562e-05, 1.334491025772877e-05, 1.2163051906100009e-05, 1.367413187836064e-05, 1.1345605344104115e-05, 1.1893795999640133e-05, 1.1150729733344633e-05, 1.2144630090915598e-05, 1.1560239727259614e-05, 1.172213796962751e-05, 1.1538821127032861e-05, 1.16390792754828e-05, 1.0885745723498985e-05, 1.1275675205979496e-05, 1.1460294444987085e-05, 1.0684927474358119e-05, 1.0674876648408826e-05, 1.110491302824812e-05, 1.1332735084579326e-05, 1.0398020094726235e-05, 1.0675388693925925e-05, 1.1450187230366282e-05, 1.1019116755051073e-05, 9.801529813557863e-06, 1.0991140698024537e-05, 1.085870826500468e-05], "val_loss": [0.0003624905366450548, 0.00012045015319017693, 0.00010165897401748225, 6.975579890422523e-05, 5.227416113484651e-05, 4.379210440674797e-05, 4.573580372380093e-05, 3.9183763874461874e-05, 3.6946650652680546e-05, 4.469275154406205e-05, 5.2607905672630295e-05, 3.352338899276219e-05, 4.307580093154684e-05, 3.963058043154888e-05, 3.673134051496163e-05, 3.0201010304153897e-05, 3.1310755730373785e-05, 3.328741149744019e-05, 2.833260987245012e-05, 3.170369745930657e-05, 2.7125939595862292e-05, 2.9009384888922796e-05, 3.326524529256858e-05, 3.520479367580265e-05, 3.2431151339551434e-05, 3.651666338555515e-05, 2.7226755264564417e-05, 3.3815886126831174e-05, 3.384271985851228e-05, 2.5623741748859175e-05, 2.5575998733984306e-05, 3.0235210942919366e-05, 2.526458047213964e-05, 2.3010205040918663e-05, 2.299203333677724e-05, 2.4973882318590768e-05, 2.6979007088812068e-05, 2.3776532543706708e-05, 2.2610798623645678e-05, 2.2601245291298255e-05, 3.228383502573706e-05, 2.464044519001618e-05, 2.4280940124299377e-05, 2.1669979105354287e-05, 2.757686706900131e-05, 2.245492760266643e-05, 2.7176798539585434e-05, 2.3869850338087417e-05, 2.358352139708586e-05, 2.3690834495937452e-05, 2.3619339117431082e-05, 2.2351317966240458e-05, 2.78027309832396e-05, 2.095322088280227e-05, 2.3286380383069627e-05, 2.4553812181693502e-05, 2.399907862127293e-05, 2.298206527484581e-05, 2.0732120901811868e-05, 2.1428837499115616e-05, 2.1070816728752106e-05, 2.0356976165203378e-05, 2.4378634407185018e-05, 2.151782791770529e-05, 1.9680053810589015e-05, 2.248731834697537e-05, 2.1362244297051802e-05, 1.9589582734624855e-05, 2.1285810362314805e-05, 2.1389263565652072e-05, 1.9941473510698415e-05, 1.9964445527875796e-05, 2.8050893888575956e-05, 2.2570849978365004e-05, 2.360518010391388e-05, 2.2676762455375865e-05, 2.1204825316090137e-05, 2.157403650926426e-05], "val_mse": [0.0003624905366450548, 0.00012045015319017693, 0.00010165897401748225, 6.975579890422523e-05, 5.227416113484651e-05, 4.379210440674797e-05, 4.573580372380093e-05, 3.9183763874461874e-05, 3.6946650652680546e-05, 4.4692755182040855e-05, 5.2607905672630295e-05, 3.352338899276219e-05, 4.307580093154684e-05, 3.963058043154888e-05, 3.673134051496163e-05, 3.0201010304153897e-05, 3.1310755730373785e-05, 3.328741149744019e-05, 2.833260987245012e-05, 3.170369745930657e-05, 2.7125939595862292e-05, 2.900938125094399e-05, 3.326524529256858e-05, 3.520479367580265e-05, 3.2431151339551434e-05, 3.651666338555515e-05, 2.7226755264564417e-05, 3.3815886126831174e-05, 3.384271985851228e-05, 2.5623741748859175e-05, 2.5575998733984306e-05, 3.0235210942919366e-05, 2.526458047213964e-05, 2.3010205040918663e-05, 2.299203333677724e-05, 2.4973882318590768e-05, 2.6979007088812068e-05, 2.3776532543706708e-05, 2.2610798623645678e-05, 2.2601245291298255e-05, 3.228383502573706e-05, 2.464044519001618e-05, 2.428093648632057e-05, 2.1669979105354287e-05, 2.757686706900131e-05, 2.245492760266643e-05, 2.7176798539585434e-05, 2.3869850338087417e-05, 2.358352139708586e-05, 2.3690834495937452e-05, 2.3619339117431082e-05, 2.2351317966240458e-05, 2.78027309832396e-05, 2.095322088280227e-05, 2.3286380383069627e-05, 2.4553812181693502e-05, 2.399907862127293e-05, 2.298206527484581e-05, 2.0732120901811868e-05, 2.1428837499115616e-05, 2.1070816728752106e-05, 2.0356976165203378e-05, 2.4378634407185018e-05, 2.151782791770529e-05, 1.9680053810589015e-05, 2.248731834697537e-05, 2.1362244297051802e-05, 1.9589586372603662e-05, 2.1285810362314805e-05, 2.1389263565652072e-05, 1.9941473510698415e-05, 1.9964445527875796e-05, 2.8050893888575956e-05, 2.2570849978365004e-05, 2.360518010391388e-05, 2.2676762455375865e-05, 2.1204825316090137e-05, 2.157403650926426e-05]}