{"loss": [0.0021702549420297146, 0.0015340332174673676, 0.0010356686543673277, 0.0006999430479481816, 0.0004271887301001698, 0.0002320648927707225, 0.00014980511332396418, 0.00011317859025439247, 9.236662299372256e-05, 8.01141286501661e-05, 6.863797170808539e-05, 5.980594505672343e-05, 5.2820745622739196e-05, 5.2048115321667865e-05, 4.072662704857066e-05, 3.782873318414204e-05, 3.499424201436341e-05, 3.267394640715793e-05, 3.025553269253578e-05, 2.8277723686187528e-05, 2.8932408895343542e-05, 2.6018442440545186e-05, 2.424826379865408e-05, 2.319355553481728e-05, 2.3204276658361778e-05, 2.1483012460521422e-05, 2.1551846657530405e-05, 2.0436960767256096e-05, 1.9237351807532832e-05, 1.8947195712826215e-05, 1.9577204511733726e-05, 1.739896833896637e-05, 1.708777926978655e-05, 1.7560469132149592e-05, 1.560841701575555e-05, 1.8426178939989768e-05, 1.834075737860985e-05, 1.566845276101958e-05, 1.3198518900026102e-05, 1.2540949683170766e-05, 1.33481062221108e-05, 1.2467014130379539e-05, 1.339167465630453e-05, 1.1894469025719445e-05, 1.2477548807510175e-05, 1.2986992260266561e-05, 1.1813317541964352e-05, 1.0673835276975296e-05, 9.79361266217893e-06, 1.0263776857755147e-05, 9.078567927645054e-06, 9.924513506121002e-06, 9.567408596922178e-06, 8.912029443308711e-06, 7.886422281444538e-06, 8.199048352253158e-06, 8.644641638966277e-06, 8.327882824232802e-06, 8.171210538421292e-06, 7.1535928327648435e-06, 6.904597739776364e-06, 6.550233138113981e-06, 6.723056685586926e-06, 7.226760317280423e-06, 7.155733328545466e-06, 6.610571290366352e-06, 7.124143394321436e-06, 6.740158823959064e-06, 6.04227989242645e-06, 5.8311125030741096e-06, 5.707191121473443e-06, 5.882748610019917e-06, 5.70991869608406e-06, 5.88230932407896e-06, 5.982382390357088e-06, 6.8893300522177014e-06, 6.542047231050674e-06, 4.669688678404782e-06, 4.951999471813906e-06, 5.256161784927826e-06, 5.856973984919023e-06, 6.331111762847286e-06, 6.2033309404796455e-06, 5.355522262107115e-06, 4.678137429436902e-06, 4.2602387111401185e-06, 4.5140318434278015e-06, 5.60786975256633e-06, 6.766665137547534e-06, 7.794952580297831e-06, 5.13153781867004e-06, 4.357170382718323e-06, 4.120108314964455e-06, 3.873615696647903e-06, 3.5735367873712676e-06, 3.711203589773504e-06], "mse": [0.0021702549420297146, 0.0015340332174673676, 0.0010356686543673277, 0.0006999430479481816, 0.00042718867189250886, 0.0002320648927707225, 0.00014980511332396418, 0.00011317859025439247, 9.236662299372256e-05, 8.01141286501661e-05, 6.863797170808539e-05, 5.980594505672343e-05, 5.2820745622739196e-05, 5.2048115321667865e-05, 4.072662704857066e-05, 3.782873318414204e-05, 3.499424201436341e-05, 3.267394640715793e-05, 3.0255536330514587e-05, 2.8277723686187528e-05, 2.8932408895343542e-05, 2.6018442440545186e-05, 2.424826379865408e-05, 2.319355553481728e-05, 2.3204276658361778e-05, 2.1483012460521422e-05, 2.1551846657530405e-05, 2.0436960767256096e-05, 1.9237351807532832e-05, 1.8947195712826215e-05, 1.9577204511733726e-05, 1.739896833896637e-05, 1.708777926978655e-05, 1.7560469132149592e-05, 1.560841701575555e-05, 1.8426178939989768e-05, 1.834075737860985e-05, 1.566845276101958e-05, 1.3198518900026102e-05, 1.2540949683170766e-05, 1.33481062221108e-05, 1.2467014130379539e-05, 1.339167465630453e-05, 1.1894469025719445e-05, 1.2477548807510175e-05, 1.2986992260266561e-05, 1.1813317541964352e-05, 1.0673834367480595e-05, 9.79361266217893e-06, 1.0263776857755147e-05, 9.078567927645054e-06, 9.924513506121002e-06, 9.567408596922178e-06, 8.912029443308711e-06, 7.886422281444538e-06, 8.199048352253158e-06, 8.644641638966277e-06, 8.327882824232802e-06, 8.171210538421292e-06, 7.1535928327648435e-06, 6.904597739776364e-06, 6.550233138113981e-06, 6.723056685586926e-06, 7.226760317280423e-06, 7.155733328545466e-06, 6.610571290366352e-06, 7.124143394321436e-06, 6.740158823959064e-06, 6.04227989242645e-06, 5.8311125030741096e-06, 5.707191121473443e-06, 5.882748610019917e-06, 5.70991869608406e-06, 5.88230932407896e-06, 5.982382390357088e-06, 6.8893300522177014e-06, 6.542047231050674e-06, 4.669688678404782e-06, 4.951999471813906e-06, 5.256161784927826e-06, 5.856973984919023e-06, 6.331111762847286e-06, 6.203331395226996e-06, 5.355522262107115e-06, 4.678137429436902e-06, 4.2602387111401185e-06, 4.5140318434278015e-06, 5.60786975256633e-06, 6.766665137547534e-06, 7.794953489792533e-06, 5.13153781867004e-06, 4.357170382718323e-06, 4.120108314964455e-06, 3.873615696647903e-06, 3.5735367873712676e-06, 3.7112033623998286e-06], "val_loss": [0.002194697503000498, 0.0014658839209005237, 0.000988591811619699, 0.000573202851228416, 0.0003463686443865299, 0.00027773220790550113, 0.0001899345952551812, 0.00016129703726619482, 0.0001284830941585824, 0.00014276409638114274, 0.0001024036537273787, 9.670980216469616e-05, 0.00010989147995132953, 8.163538586813956e-05, 8.381203224416822e-05, 7.488081610063091e-05, 6.96616480126977e-05, 7.12442779331468e-05, 6.788329483242705e-05, 6.38039200566709e-05, 6.637860496994108e-05, 5.942153438809328e-05, 6.124172068666667e-05, 5.7647608628030866e-05, 6.211539584910497e-05, 6.0043425037292764e-05, 6.081403626012616e-05, 5.2357412641867995e-05, 5.0293689128011465e-05, 4.857475505559705e-05, 4.8740195779828355e-05, 4.747346247313544e-05, 4.915441240882501e-05, 4.778583024744876e-05, 4.425844599609263e-05, 4.701894795289263e-05, 4.5183733163867146e-05, 4.788432124769315e-05, 4.567834548652172e-05, 4.2999461584258825e-05, 4.273841477697715e-05, 4.295260805520229e-05, 5.021704055252485e-05, 4.229132173350081e-05, 4.848148819291964e-05, 3.9888494939077646e-05, 4.091615483048372e-05, 3.9527436456410214e-05, 4.427250678418204e-05, 4.2604049667716026e-05, 3.7234898627502844e-05, 4.3953099520877004e-05, 4.317908314988017e-05, 3.716216451721266e-05, 3.626425313996151e-05, 3.995743827545084e-05, 3.610153362387791e-05, 3.7711877666879445e-05, 3.696922794915736e-05, 3.592688881326467e-05, 3.46596643794328e-05, 3.688964352477342e-05, 3.838120028376579e-05, 3.393928272998892e-05, 3.812761133303866e-05, 3.3367785363225266e-05, 3.8818736356915906e-05, 3.4290562325622886e-05, 3.438028215896338e-05, 3.612940781749785e-05, 3.6214449210092425e-05, 3.3771641028579324e-05, 3.318960443721153e-05, 3.38165154971648e-05, 3.856007970171049e-05, 3.520500467857346e-05, 3.3678072213660926e-05, 3.427096453378908e-05, 3.2310999813489616e-05, 3.209263741155155e-05, 3.3118983992608264e-05, 3.391390055185184e-05, 3.371490311110392e-05, 3.461199230514467e-05, 3.3407453884137794e-05, 3.154722071485594e-05, 3.624094097176567e-05, 3.196038960595615e-05, 3.2649993954692036e-05, 3.4093733120243996e-05, 3.5082921385765076e-05, 3.31606061081402e-05, 3.583003854146227e-05, 3.332047344883904e-05, 3.222602390451357e-05, 3.683219983940944e-05],