{"loss": [0.015021898783743382, 0.0031549017876386642, 0.0008385442197322845, 0.000570275355130434, 0.00039674542495049536, 0.00030547662754543126, 0.00025903823552653193, 0.00021722976816818118, 0.00019081198843196034, 0.0001705832837615162, 0.00016192621842492372, 0.000151514817844145, 0.00014484123676083982, 0.0001371354446746409, 0.00013263753498904407, 0.0001282121957046911, 0.0001232921495102346, 0.00011666075442917645, 0.00010347079660277814, 0.00010575181659078225, 9.332728222943842e-05, 0.00010088671115227044, 0.00010830251267179847, 0.00010250957711832598, 9.4906150479801e-05, 9.662312368163839e-05, 0.0001004409568849951, 8.5806219431106e-05, 9.015924297273159e-05, 8.130332571454346e-05, 0.00010122580715687945, 7.831046241335571e-05, 7.172524783527479e-05, 8.598416025051847e-05, 7.698241097386926e-05, 7.424775685649365e-05, 8.038411033339798e-05, 7.869898399803787e-05, 6.648415728705004e-05, 7.306592306122184e-05, 6.947875226614997e-05, 6.861411384306848e-05, 7.016023300820962e-05, 8.278350287582725e-05, 6.632574513787404e-05, 6.372002098942176e-05, 6.349808973027393e-05, 8.479156531393528e-05, 8.519383845850825e-05, 5.818989666295238e-05, 6.128339737188071e-05, 6.684550317004323e-05, 6.710431625833735e-05, 6.243481038836762e-05, 5.748580224462785e-05, 6.695559568470344e-05, 6.427253538277e-05, 6.739590025972575e-05, 5.992480510030873e-05, 5.785041503258981e-05, 5.320375203154981e-05, 5.485411747940816e-05, 5.6495970056857914e-05, 5.670679820468649e-05, 5.938349204370752e-05, 6.500762538053095e-05, 4.823324707103893e-05, 5.534948650165461e-05, 6.512393883895129e-05, 5.2202904043952e-05, 5.1136034016963094e-05, 4.999064913135953e-05, 6.749416934326291e-05, 4.584309135680087e-05, 5.441601751954295e-05, 5.381119990488514e-05, 5.097818575450219e-05, 5.294692164170556e-05, 4.7947225539246574e-05, 5.298390533425845e-05, 5.3265353926690295e-05, 8.827189594740048e-05, 4.747387356474064e-05, 4.635547156794928e-05, 4.8746100219432265e-05, 4.1399533074581996e-05, 5.378921196097508e-05, 4.756939961225726e-05, 5.06837350258138e-05, 4.346174682723358e-05, 4.268826523912139e-05, 4.675709715229459e-05, 4.609913594322279e-05, 4.9122820200864226e-05, 4.1974359191954136e-05, 6.0026271967217326e-05, 4.8542915465077385e-05, 5.0041020585922524e-05, 5.823243918712251e-05, 4.465508754947223e-05, 4.585104397847317e-05, 5.280607001623139e-05, 4.025337693747133e-05, 3.8776055589551106e-05, 3.5275887057650834e-05], "mse": [0.015021898783743382, 0.0031549017876386642, 0.0008385442197322845, 0.000570275355130434, 0.00039674542495049536, 0.00030547662754543126, 0.00025903823552653193, 0.00021722976816818118, 0.00019081198843196034, 0.0001705832837615162, 0.00016192621842492372, 0.000151514817844145, 0.00014484123676083982, 0.0001371354446746409, 0.00013263753498904407, 0.0001282121957046911, 0.0001232921495102346, 0.00011666075442917645, 0.00010347079660277814, 0.00010575181659078225, 9.332728222943842e-05, 0.00010088670387631282, 0.00010830251267179847, 0.00010250957711832598, 9.4906150479801e-05, 9.662312368163839e-05, 0.0001004409568849951, 8.5806219431106e-05, 9.015924297273159e-05, 8.130332571454346e-05, 0.00010122580715687945, 7.831046241335571e-05, 7.172524783527479e-05, 8.598416752647609e-05, 7.698241097386926e-05, 7.424775685649365e-05, 8.038411033339798e-05, 7.869898399803787e-05, 6.648415728705004e-05, 7.306592306122184e-05, 6.947875226614997e-05, 6.861411384306848e-05, 7.016023300820962e-05, 8.278350287582725e-05, 6.632574513787404e-05, 6.372002098942176e-05, 6.349808973027393e-05, 8.479156531393528e-05, 8.519383845850825e-05, 5.818989666295238e-05, 6.128339737188071e-05, 6.684550317004323e-05, 6.710431625833735e-05, 6.243481038836762e-05, 5.748580224462785e-05, 6.695559568470344e-05, 6.427253538277e-05, 6.739590025972575e-05, 5.992480510030873e-05, 5.785041503258981e-05, 5.320375203154981e-05, 5.485411747940816e-05, 5.6495970056857914e-05, 5.670679820468649e-05, 5.938349204370752e-05, 6.500762538053095e-05, 4.823324707103893e-05, 5.534948650165461e-05, 6.512393156299368e-05, 5.2202904043952e-05, 5.1136034016963094e-05, 4.999064913135953e-05, 6.749416934326291e-05, 4.584309135680087e-05, 5.441601751954295e-05, 5.381119990488514e-05, 5.097818575450219e-05, 5.294692164170556e-05, 4.7947225539246574e-05, 5.298390533425845e-05, 5.3265353926690295e-05, 8.827189594740048e-05, 4.747387356474064e-05, 4.635547156794928e-05, 4.8746100219432265e-05, 4.1399533074581996e-05, 5.378921196097508e-05, 4.756939961225726e-05, 5.06837350258138e-05, 4.346174682723358e-05, 4.268826523912139e-05, 4.67571007902734e-05, 4.609913594322279e-05, 4.9122820200864226e-05, 4.1974359191954136e-05, 6.0026271967217326e-05, 4.8542915465077385e-05, 5.0041020585922524e-05, 5.823243918712251e-05, 4.465508754947223e-05, 4.585104397847317e-05, 5.280607001623139e-05, 4.025337693747133e-05, 3.8776055589551106e-05, 3.5275887057650834e-05], "val_loss": [0.006918808910995722, 0.001065662712790072, 0.0005956122768111527, 0.00043960922630503774, 0.00033856730442494154, 0.00028888817178085446, 0.000304912420688197, 0.0002716478775255382, 0.0002230656100437045, 0.0001963248651009053, 0.00022485340014100075, 0.00015818449901416898, 0.00015223337686620653, 0.00020010251319035888, 0.00016167585272341967, 0.00024546406348235905, 0.00013942568330094218, 0.00014078462845645845, 0.00012610797421075404, 0.00015612406423315406, 0.00019133248133584857, 0.00012422417057678103, 0.00021239239140413702, 0.00012373991194181144, 0.00013225797738414258, 0.0002568507334217429, 0.00011717195593519136, 0.00012735901691485196, 0.00014388030103873461, 0.00016680744010955095, 0.00011110945342807099, 0.0001083045281120576, 0.00010906217357842252, 0.00010535936598898843, 0.00014010003360453993, 0.00010613778431434184, 0.00014428335998672992, 0.00011726032244041562, 0.00012093372060917318, 0.00011826594709418714, 0.00010160060628550127, 0.00010448884859215468, 0.0002652264083735645, 9.550666436553001e-05, 0.00011456609354354441, 0.00010987999849021435, 9.197412146022543e-05, 0.00010368446965003386, 0.00011180188448633999, 9.215254976879805e-05, 0.00015155476285144687, 0.0001176772202597931, 0.00010227852180832997, 0.00011964225268457085, 9.008167398860678e-05, 0.00010638031380949542, 8.676385186845437e-05, 8.927898306865245e-05, 0.00010811727406689897, 8.650915697216988e-05, 0.00011098464165115729, 0.00014338517212308943, 0.00011817751510534436, 0.00011285833898000419, 9.60354445851408e-05, 9.337147639598697e-05, 8.522865391569212e-05, 0.00013217415835242718, 0.00010015370935434476, 9.16419448913075e-05, 9.100208262680098e-05, 9.957726433640346e-05, 0.00010575391934253275, 8.664209599373862e-05, 8.20341520011425e-05, 9.920282172970474e-05, 0.00014466370339505374, 8.652616088511422e-05, 0.00010922328510787338, 8.824554242892191e-05, 0.00010940831271000206, 9.092564869206399e-05, 9.880154539132491e-05, 8.404504478676245e-05, 8.195492409868166e-05, 8.046507718972862e-05, 0.00011526604794198647, 0.0001182068299385719, 8.306303061544895e-05, 9.264809341402724e-05, 8.872968464856967e-05, 8.495764632243663e-05, 8.496531518176198e-05, 8.68135757627897e-05, 7.538101635873318e-05, 8.571092621423304e-05, 8.917193918023258e-05, 0.00010669059702195227, 0.00010691131319617853, 7.56238296162337e-05, 8.850434824125841e-05, 7.596175419166684e-05, 8.32040241220966e-05, 8.201169839594513e-05, 8.018071093829349e-05],