{"loss": [0.004882900509983301, 0.0016534425085410476, 0.0010052182478830218, 0.0006159967160783708, 0.000459048809716478, 0.00037612192681990564, 0.0003396002284716815, 0.0003079282178077847, 0.00030408395105041564, 0.0002694235881790519, 0.00025393543182872236, 0.0002368701680097729, 0.00022923239157535136, 0.00022015288413967937, 0.00022362590243574232, 0.0002148959756596014, 0.00020692669204436243, 0.00019141618395224214, 0.00018512482347432524, 0.00018422816356178373, 0.00017711952386889607, 0.00018507703498471528, 0.0001825022482080385, 0.0001779414596967399, 0.00018213341536466032, 0.00016553746536374092, 0.0001663560833549127, 0.00016416050493717194, 0.00015966086357366294, 0.00016138017235789448, 0.0001669090852374211, 0.0001697842963039875, 0.0001523422688478604, 0.00015325527056120336, 0.00015591210103593767, 0.00014764147636014968, 0.00016403371409978718, 0.00015111698303371668, 0.00015070030349306762, 0.0001427392999175936, 0.00014717894373461604, 0.00014645789633505046, 0.00014767660468351096, 0.00014494468632619828, 0.00015350991452578455, 0.00014948006719350815, 0.00014019565423950553, 0.00014866929268464446, 0.00013493122241925448, 0.0001339631708106026, 0.00014467201253864914, 0.000139850759296678, 0.00014656988787464797, 0.00013931003923062235, 0.00014523795107379556, 0.00014685085625387728], "mse": [0.004882900509983301, 0.0016534425085410476, 0.0010052182478830218, 0.0006159967160783708, 0.000459048809716478, 0.00037612192681990564, 0.0003396002284716815, 0.0003079282178077847, 0.00030408395105041564, 0.0002694235881790519, 0.00025393543182872236, 0.0002368701680097729, 0.00022923239157535136, 0.00022015288413967937, 0.00022362587333191186, 0.0002148959756596014, 0.00020692669204436243, 0.00019141618395224214, 0.00018512482347432524, 0.00018422816356178373, 0.00017711952386889607, 0.00018507703498471528, 0.0001825022482080385, 0.0001779414596967399, 0.00018213341536466032, 0.00016553746536374092, 0.0001663560833549127, 0.00016416050493717194, 0.00015966086357366294, 0.00016138017235789448, 0.0001669090852374211, 0.0001697842963039875, 0.0001523422688478604, 0.00015325527056120336, 0.00015591210103593767, 0.00014764147636014968, 0.00016403371409978718, 0.00015111698303371668, 0.00015070030349306762, 0.0001427392999175936, 0.00014717894373461604, 0.00014645789633505046, 0.00014767660468351096, 0.00014494468632619828, 0.00015350992907769978, 0.00014948006719350815, 0.00014019565423950553, 0.00014866929268464446, 0.00013493122241925448, 0.0001339631708106026, 0.00014467201253864914, 0.000139850759296678, 0.00014656988787464797, 0.00013931003923062235, 0.00014523795107379556, 0.00014685085625387728], "val_loss": [0.002406963612884283, 0.0016128264833241701, 0.0010355324484407902, 0.0007170174503698945, 0.0006354552460834384, 0.0005819099606014788, 0.000500280992127955, 0.0004646996676456183, 0.0005549532361328602, 0.00046055763959884644, 0.00039259158074855804, 0.00042195661808364093, 0.00040283825364895165, 0.00043843957246281207, 0.0003683022514451295, 0.00035790499532595277, 0.0003774014476221055, 0.00037714134668931365, 0.000373100716387853, 0.0003337050147820264, 0.0003435410908423364, 0.00033870950574055314, 0.00033573288237676024, 0.0003406641772016883, 0.00034253555350005627, 0.00035894595202989876, 0.00035789067624136806, 0.00040826236363500357, 0.00033669397816993296, 0.0003176153404638171, 0.00036602618638426065, 0.00032151746563613415, 0.0003167057002428919, 0.000310900853946805, 0.00032047502463683486, 0.0003167071845382452, 0.0003509900707285851, 0.00034998886985704303, 0.00030912915826775134, 0.00030720734503120184, 0.0003077342116739601, 0.00029023096431046724, 0.0003146062372252345, 0.00029378454200923443, 0.0003243678074795753, 0.000288179173367098, 0.00030774666811339557, 0.00030879746191203594, 0.00030423037242144346, 0.00030263629741966724, 0.0003160100895911455, 0.0003091218532063067, 0.00030064579914323986, 0.0002963959123007953, 0.0002969919878523797, 0.0003051476669497788], "val_mse": [0.002406963612884283, 0.0016128264833241701, 0.001035532564856112, 0.0007170174503698945, 0.0006354552460834384, 0.0005819099606014788, 0.000500280992127955, 0.00046469972585327923, 0.0005549532361328602, 0.00046055763959884644, 0.00039259158074855804, 0.00042195661808364093, 0.00040283825364895165, 0.00043843957246281207, 0.0003683021932374686, 0.00035790499532595277, 0.0003774014476221055, 0.00037714134668931365, 0.0003731007454916835, 0.0003337050147820264, 0.0003435410908423364, 0.00033870950574055314, 0.00033573288237676024, 0.0003406641772016883, 0.0003425356117077172, 0.00035894595202989876, 0.00035789067624136806, 0.00040826236363500357, 0.00033669397816993296, 0.0003176153404638171, 0.00036602618638426065, 0.00032151746563613415, 0.0003167057002428919, 0.000310900853946805, 0.00032047502463683486, 0.0003167072427459061, 0.0003509900707285851, 0.00034998886985704303, 0.00030912915826775134, 0.00030720734503120184, 0.0003077342116739601, 0.00029023096431046724, 0.0003146062372252345, 0.00029378460021689534, 0.0003243677783757448, 0.000288179173367098, 0.00030774666811339557, 0.00030879746191203594, 0.00030423037242144346, 0.00030263629741966724, 0.0003160100895911455, 0.0003091218532063067, 0.00030064579914323986, 0.0002963959123007953, 0.0002969919878523797, 0.0003051476669497788]}