{"loss": [0.0013932168949395418, 0.0003113082784693688, 0.00017704088531900197, 0.00013582693645730615, 0.00011603967868722975, 0.00010591252794256434, 9.433536615688354e-05, 9.001682337839156e-05, 8.444552076980472e-05, 8.198295108741149e-05, 7.748448842903599e-05, 7.244844164233655e-05, 7.21036340110004e-05, 7.233976066345349e-05, 7.216948142740875e-05, 6.853477680124342e-05, 6.69885630486533e-05, 6.53241149848327e-05, 6.32127994322218e-05, 6.498727452708408e-05, 6.267955177463591e-05, 6.005553586874157e-05, 6.41083242953755e-05, 6.394308002199978e-05, 5.7104331062873825e-05, 6.000174835207872e-05, 5.675766078638844e-05, 5.908889215788804e-05, 5.666770812240429e-05, 5.4192423704080284e-05, 5.483075437950902e-05, 5.3868501709075645e-05, 5.452336699818261e-05, 5.5774398788344115e-05], "mse": [0.0013932168949395418, 0.0003113082784693688, 0.00017704088531900197, 0.0001358269655611366, 0.00011603967868722975, 0.00010591252794256434, 9.433536615688354e-05, 9.001682337839156e-05, 8.444552076980472e-05, 8.198295836336911e-05, 7.748448842903599e-05, 7.244844164233655e-05, 7.21036340110004e-05, 7.233976066345349e-05, 7.216948142740875e-05, 6.853477680124342e-05, 6.69885630486533e-05, 6.53241149848327e-05, 6.32127994322218e-05, 6.498727452708408e-05, 6.267955177463591e-05, 6.005553586874157e-05, 6.41083242953755e-05, 6.394308002199978e-05, 5.7104331062873825e-05, 6.000174835207872e-05, 5.675766078638844e-05, 5.908889215788804e-05, 5.666770812240429e-05, 5.4192423704080284e-05, 5.483075437950902e-05, 5.3868501709075645e-05, 5.452336699818261e-05, 5.5774398788344115e-05], "val_loss": [0.0005459716776385903, 0.0001910845749080181, 0.00015616878226865083, 0.00011811230069724843, 0.00011893228656845167, 9.882306767394766e-05, 8.832273306325078e-05, 8.76950507517904e-05, 8.425859414273873e-05, 8.388749120058492e-05, 7.941028889035806e-05, 8.24687595013529e-05, 7.677960093133152e-05, 9.616879833629355e-05, 8.295424049720168e-05, 7.366044155787677e-05, 7.625743455719203e-05, 7.460627966793254e-05, 7.572353933937848e-05, 7.06663413438946e-05, 7.165505667217076e-05, 7.248544716276228e-05, 7.2976436058525e-05, 6.833866063971072e-05, 7.16560025466606e-05, 7.08257794030942e-05, 7.732297672191635e-05, 6.876247061882168e-05, 7.192401972133666e-05, 7.21870455890894e-05, 7.163226837292314e-05, 9.001594298752025e-05, 6.835529347881675e-05, 7.236032251967117e-05], "val_mse": [0.0005459716776385903, 0.0001910845749080181, 0.00015616878226865083, 0.00011811230069724843, 0.00011893228656845167, 9.882306767394766e-05, 8.832273306325078e-05, 8.76950507517904e-05, 8.425859414273873e-05, 8.388749120058492e-05, 7.941028889035806e-05, 8.24687595013529e-05, 7.677960093133152e-05, 9.616879833629355e-05, 8.295424049720168e-05, 7.366044155787677e-05, 7.625743455719203e-05, 7.460627966793254e-05, 7.572353933937848e-05, 7.06663413438946e-05, 7.165505667217076e-05, 7.248544716276228e-05, 7.2976436058525e-05, 6.833866063971072e-05, 7.16560025466606e-05, 7.08257794030942e-05, 7.732297672191635e-05, 6.876247061882168e-05, 7.192401972133666e-05, 7.21870455890894e-05, 7.163226837292314e-05, 9.001594298752025e-05, 6.835529347881675e-05, 7.236032251967117e-05]}