{"loss": [0.0012746314750984311, 0.00022906449157744646, 9.734471677802503e-05, 6.367386231431738e-05, 4.8898007662501186e-05, 4.10282846132759e-05, 3.637134068412706e-05, 3.218316487618722e-05, 2.987527841469273e-05, 2.7625321308732964e-05, 2.603726534289308e-05, 2.454181230859831e-05, 2.4510287403245457e-05, 2.2974843886913732e-05, 2.2793632524553686e-05, 2.1184054276091047e-05, 1.9879329556715675e-05, 2.1096177079016343e-05, 1.8607141100801528e-05, 1.8062104572891258e-05, 1.7915459466166794e-05, 1.7764628864824772e-05, 1.7195581676787697e-05, 1.6395306374761276e-05, 1.6585163393756375e-05, 1.7110614862758666e-05, 1.736975355015602e-05, 1.8482067389413714e-05, 1.5856729078222997e-05, 1.5407136743306182e-05, 1.4753543837286998e-05, 1.5207820979412645e-05, 1.5186795280897059e-05, 1.4375093996932264e-05, 1.4061587535252329e-05, 1.5829329640837386e-05, 1.573049303260632e-05, 1.4307599485618994e-05, 1.3539784049498849e-05, 1.4211528650776017e-05, 1.5459720088983886e-05, 1.4904349882272072e-05, 1.3205411050876137e-05, 1.405447255820036e-05, 1.2710856935882475e-05, 1.3285022760101128e-05, 1.3171975297154859e-05], "mse": [0.0012746314750984311, 0.00022906449157744646, 9.734471677802503e-05, 6.367386231431738e-05, 4.8898007662501186e-05, 4.10282846132759e-05, 3.637134068412706e-05, 3.218316487618722e-05, 2.987527841469273e-05, 2.7625321308732964e-05, 2.603726534289308e-05, 2.454181230859831e-05, 2.4510287403245457e-05, 2.2974843886913732e-05, 2.2793632524553686e-05, 2.1184054276091047e-05, 1.9879329556715675e-05, 2.1096177079016343e-05, 1.8607141100801528e-05, 1.8062104572891258e-05, 1.7915459466166794e-05, 1.776462704583537e-05, 1.7195581676787697e-05, 1.6395306374761276e-05, 1.6585163393756375e-05, 1.7110614862758666e-05, 1.736975355015602e-05, 1.8482067389413714e-05, 1.5856729078222997e-05, 1.5407136743306182e-05, 1.4753543837286998e-05, 1.5207820979412645e-05, 1.5186795280897059e-05, 1.4375093996932264e-05, 1.4061587535252329e-05, 1.5829329640837386e-05, 1.573049303260632e-05, 1.4307599485618994e-05, 1.3539784049498849e-05, 1.4211528650776017e-05, 1.5459720088983886e-05, 1.4904349882272072e-05, 1.3205411050876137e-05, 1.405447255820036e-05, 1.2710856935882475e-05, 1.3285022760101128e-05, 1.3171977116144262e-05], "val_loss": [0.00038568759919144213, 0.00012036525004077703, 6.955813296372071e-05, 5.210160816204734e-05, 4.438954420038499e-05, 4.055414683534764e-05, 4.226464807288721e-05, 3.410170756978914e-05, 3.280272721895017e-05, 3.4416865673847497e-05, 3.156057937303558e-05, 3.101899346802384e-05, 2.928282083303202e-05, 2.770255559880752e-05, 2.890002360800281e-05, 2.603562461445108e-05, 2.4935930923675187e-05, 2.7013513317797333e-05, 2.669432433322072e-05, 2.3622629669262096e-05, 2.577060877229087e-05, 2.5885736249620095e-05, 2.2449436073657125e-05, 2.4111606762744486e-05, 2.700331788219046e-05, 2.2331736545311287e-05, 2.4576746000093408e-05, 2.1682320948457345e-05, 2.4946908524725586e-05, 2.1043098968220875e-05, 2.1662410290446132e-05, 2.102285361615941e-05, 2.1651572751579806e-05, 2.2580637960345484e-05, 2.0481440515141003e-05, 2.435278111079242e-05, 2.0230947484378703e-05, 2.1313428078428842e-05, 2.024814057222102e-05, 2.3964543288457207e-05, 2.553828016971238e-05, 2.113773734890856e-05, 2.131821747752838e-05, 2.1316005586413667e-05, 2.0256889911252074e-05, 2.275550468766596e-05, 2.2715799786965363e-05], "val_mse": [0.00038568759919144213, 0.00012036525004077703, 6.955813296372071e-05, 5.210160816204734e-05, 4.438954420038499e-05, 4.055414683534764e-05, 4.226464807288721e-05, 3.410170756978914e-05, 3.280272721895017e-05, 3.4416865673847497e-05, 3.156057937303558e-05, 3.101899346802384e-05, 2.928282083303202e-05, 2.770255559880752e-05, 2.890002360800281e-05, 2.603562461445108e-05, 2.4935930923675187e-05, 2.7013513317797333e-05, 2.669432433322072e-05, 2.3622629669262096e-05, 2.577060877229087e-05, 2.5885736249620095e-05, 2.2449436073657125e-05, 2.4111606762744486e-05, 2.700331788219046e-05, 2.2331736545311287e-05, 2.4576746000093408e-05, 2.1682320948457345e-05, 2.4946908524725586e-05, 2.1043098968220875e-05, 2.1662410290446132e-05, 2.1022851797170006e-05, 2.1651572751579806e-05, 2.2580637960345484e-05, 2.0481440515141003e-05, 2.435278111079242e-05, 2.0230947484378703e-05, 2.131343171640765e-05, 2.024814057222102e-05, 2.3964543288457207e-05, 2.553828016971238e-05, 2.113773734890856e-05, 2.131821747752838e-05, 2.1316003767424263e-05, 2.0256889911252074e-05, 2.275550468766596e-05, 2.271580342494417e-05]}