{"loss": [4.746888589579612e-05, 7.142939466575626e-06, 5.238510311755817e-06, 4.383224222692661e-06, 3.705430344780325e-06, 3.323445071146125e-06, 2.9620100576721597e-06, 2.756763933575712e-06, 2.5880112843879033e-06, 2.4295445655297954e-06, 2.2811391318100505e-06, 2.2342887859849725e-06, 2.1217879293544684e-06, 2.034012140939012e-06, 1.9742944914469263e-06, 1.9037729543924797e-06, 1.8716052636591485e-06, 1.7980933080252726e-06, 1.747898977555451e-06, 1.7373779428453417e-06, 1.6725834939279594e-06, 1.6338558452844154e-06, 1.619238787498034e-06, 1.6116969163704198e-06, 1.5625993228240986e-06, 1.521651142866176e-06, 1.5053460629133042e-06, 1.4797863059357041e-06, 1.4418156979445484e-06, 1.4395609468920156e-06, 1.4058671240491094e-06, 1.3874338264940889e-06, 1.3639505596074741e-06, 1.345878899883246e-06, 1.326883875663043e-06, 1.3170567854103865e-06, 1.3188830507715466e-06, 1.2872040997535805e-06, 1.3020638789384975e-06, 1.2617322227015393e-06, 1.2614636943908408e-06, 1.2379680356389144e-06, 1.228024984811782e-06, 1.2169668934802758e-06, 1.2046690471834154e-06, 1.1834748647743254e-06, 1.1783781701524276e-06, 1.1770721357606817e-06, 1.1615533139774925e-06, 1.144951966125518e-06, 1.13468934159755e-06, 1.1320660178171238e-06, 1.1217696282983525e-06, 1.1207131365154055e-06, 1.1090415910075535e-06, 1.0942801509372657e-06, 1.0930366443062667e-06, 1.0842308029168635e-06, 1.0853840421987115e-06, 1.0486229484740761e-06, 1.076598778126936e-06], "mse": [4.746888589579612e-05, 7.142939466575626e-06, 5.238510311755817e-06, 4.383224222692661e-06, 3.705430344780325e-06, 3.323445071146125e-06, 2.9620100576721597e-06, 2.756763933575712e-06, 2.5880112843879033e-06, 2.4295450202771463e-06, 2.2811391318100505e-06, 2.2342887859849725e-06, 2.1217879293544684e-06, 2.034012140939012e-06, 1.9742944914469263e-06, 1.9037729543924797e-06, 1.8716052636591485e-06, 1.7980933080252726e-06, 1.747898977555451e-06, 1.7373779428453417e-06, 1.6725834939279594e-06, 1.6338558452844154e-06, 1.619238787498034e-06, 1.6116969163704198e-06, 1.5625993228240986e-06, 1.521651142866176e-06, 1.5053460629133042e-06, 1.4797863059357041e-06, 1.4418156979445484e-06, 1.4395609468920156e-06, 1.4058671240491094e-06, 1.3874338264940889e-06, 1.3639505596074741e-06, 1.345878899883246e-06, 1.3268839893498807e-06, 1.3170567854103865e-06, 1.3188830507715466e-06, 1.2872040997535805e-06, 1.3020638789384975e-06, 1.2617322227015393e-06, 1.2614636943908408e-06, 1.2379680356389144e-06, 1.228024984811782e-06, 1.2169668934802758e-06, 1.2046690471834154e-06, 1.1834748647743254e-06, 1.1783781701524276e-06, 1.1770721357606817e-06, 1.1615533139774925e-06, 1.1449518524386804e-06, 1.13468934159755e-06, 1.1320660178171238e-06, 1.1217697419851902e-06, 1.1207131365154055e-06, 1.1090415910075535e-06, 1.0942801509372657e-06, 1.0930366443062667e-06, 1.0842308029168635e-06, 1.0853840421987115e-06, 1.0486229484740761e-06, 1.076598778126936e-06], "val_loss": [8.826273187878542e-06, 5.2161803978378884e-06, 4.951595201418968e-06, 4.912237272947095e-06, 3.829934485111153e-06, 3.3579178762010997e-06, 2.4211121854023077e-06, 2.530361825847649e-06, 2.6731584057415603e-06, 2.0514710286079207e-06, 2.026390575338155e-06, 2.290299335072632e-06, 1.9081146547250682e-06, 1.8664453591554775e-06, 2.9502855340979295e-06, 2.10954635804228e-06, 1.683419213804882e-06, 2.3227471501741093e-06, 1.488829184381757e-06, 1.467305423830112e-06, 1.6084529761428712e-06, 1.4973873021517647e-06, 2.2156950763019267e-06, 1.3143022670192295e-06, 1.5981378282958758e-06, 1.3467150665746885e-06, 1.4578039326806902e-06, 1.3339516726773581e-06, 1.2821319614886306e-06, 1.2180470321254688e-06, 1.524970912214485e-06, 1.9742653876164695e-06, 1.2407818985593622e-06, 1.933142812049482e-06, 1.4336172853290918e-06, 1.2692117934420821e-06, 1.1269798960711341e-06, 1.151745436800411e-06, 1.137758772529196e-06, 1.1633767371677095e-06, 1.5065318166307406e-06, 1.1303382052574307e-06, 1.7923533732755459e-06, 1.2819771200156538e-06, 1.4282339861892979e-06, 1.3180263067624765e-06, 1.0636365459504304e-06, 1.2155002195868292e-06, 1.1097957894889987e-06, 1.446273358851613e-06, 1.0105143246619264e-06, 1.206949605148111e-06, 2.253150114484015e-06, 1.0274580972691183e-06, 1.4959101690692478e-06, 1.3379068377616932e-06, 1.0414994449092774e-06, 1.3277203834149987e-06, 1.2462514860089868e-06, 1.1438867204560665e-06, 1.235459535564587e-06], "val_mse": [8.826273187878542e-06, 5.2161803978378884e-06, 4.951595201418968e-06, 4.912237272947095e-06, 3.829934485111153e-06, 3.3579178762010997e-06, 2.4211121854023077e-06, 2.5303615984739736e-06, 2.6731584057415603e-06, 2.0514710286079207e-06, 2.026390575338155e-06, 2.290299335072632e-06, 1.9081146547250682e-06, 1.8664453591554775e-06, 2.9502855340979295e-06, 2.10954635804228e-06, 1.683419213804882e-06, 2.3227471501741093e-06, 1.488829184381757e-06, 1.467305423830112e-06, 1.6084529761428712e-06, 1.4973873021517647e-06, 2.2156950763019267e-06, 1.3143022670192295e-06, 1.5981378282958758e-06, 1.3467150665746885e-06, 1.4578039326806902e-06, 1.3339516726773581e-06, 1.2821319614886306e-06, 1.2180470321254688e-06, 1.524970912214485e-06, 1.9742653876164695e-06, 1.2407818985593622e-06, 1.933142812049482e-06, 1.4336172853290918e-06, 1.2692117934420821e-06, 1.1269798960711341e-06, 1.151745436800411e-06, 1.1377586588423583e-06, 1.1633767371677095e-06, 1.5065318166307406e-06, 1.1303382052574307e-06, 1.7923533732755459e-06, 1.2819771200156538e-06, 1.4282339861892979e-06, 1.3180263067624765e-06, 1.0636365459504304e-06, 1.2155002195868292e-06, 1.1097957894889987e-06, 1.446273358851613e-06, 1.0105143246619264e-06, 1.206949605148111e-06, 2.253150114484015e-06, 1.0274580972691183e-06, 1.4959101690692478e-06, 1.3379068377616932e-06, 1.0414994449092774e-06, 1.3277203834149987e-06, 1.2462514860089868e-06, 1.1438867204560665e-06, 1.235459535564587e-06]}