{"loss": [0.002232171827927232, 0.0016783218597993255, 0.001123228226788342, 0.0006620003841817379, 0.00038286400376819074, 0.00020239506557118148, 0.00012382457498461008, 0.0001056420587701723, 9.362955461256206e-05, 8.426573185715824e-05, 8.503876597387716e-05, 7.016683230176568e-05, 6.814244261477143e-05, 5.703405986423604e-05, 5.479527317220345e-05, 5.1341856305953115e-05, 4.663671279558912e-05, 4.583623740472831e-05, 4.429856926435605e-05, 4.235280357534066e-05, 3.835437019006349e-05, 3.96157665818464e-05, 3.7505127693293616e-05, 3.5216195101384073e-05, 3.49099536833819e-05, 3.275716881034896e-05, 3.223153544240631e-05, 3.3903084840858355e-05, 3.122511407127604e-05, 3.1603529350832105e-05, 3.2754105632193387e-05, 3.0364975827978924e-05, 2.8094003937439993e-05, 2.6956069632433355e-05, 2.57370738836471e-05, 2.519274494261481e-05, 2.7606680305325426e-05, 3.267414649599232e-05, 2.5314988306490704e-05, 2.8295389711274765e-05, 2.8002221370115876e-05, 2.6061732569360174e-05, 2.2695141524309292e-05, 2.1810594262205996e-05, 2.2364203687175177e-05, 2.2970820282353088e-05, 2.1114570699865e-05, 2.253656020911876e-05, 2.1397760065156035e-05, 2.1266838302835822e-05, 2.02375631488394e-05, 1.934904867084697e-05, 1.8060492948279716e-05, 1.7913691408466548e-05, 1.9443636119831353e-05, 2.283193498442415e-05, 2.075976772175636e-05, 1.787395194696728e-05], "mse": [0.002232171827927232, 0.0016783218597993255, 0.001123228226788342, 0.0006620004423893988, 0.00038286400376819074, 0.00020239506557118148, 0.00012382457498461008, 0.0001056420587701723, 9.362955461256206e-05, 8.426573185715824e-05, 8.503876597387716e-05, 7.016683230176568e-05, 6.814244261477143e-05, 5.703405986423604e-05, 5.479527317220345e-05, 5.1341856305953115e-05, 4.663671279558912e-05, 4.583623740472831e-05, 4.429856926435605e-05, 4.235280357534066e-05, 3.8354366552084684e-05, 3.96157665818464e-05, 3.7505127693293616e-05, 3.5216195101384073e-05, 3.49099536833819e-05, 3.275716881034896e-05, 3.223153544240631e-05, 3.3903084840858355e-05, 3.122511407127604e-05, 3.1603529350832105e-05, 3.2754105632193387e-05, 3.0364975827978924e-05, 2.8094003937439993e-05, 2.6956069632433355e-05, 2.57370738836471e-05, 2.519274494261481e-05, 2.7606680305325426e-05, 3.267414649599232e-05, 2.5314988306490704e-05, 2.8295389711274765e-05, 2.800221773213707e-05, 2.6061732569360174e-05, 2.2695141524309292e-05, 2.1810594262205996e-05, 2.2364203687175177e-05, 2.2970820282353088e-05, 2.1114570699865e-05, 2.253656020911876e-05, 2.1397760065156035e-05, 2.1266838302835822e-05, 2.02375631488394e-05, 1.934904867084697e-05, 1.8060492948279716e-05, 1.7913691408466548e-05, 1.9443636119831353e-05, 2.283193498442415e-05, 2.075976772175636e-05, 1.787395194696728e-05], "val_loss": [0.0019966457039117813, 0.0014792357105761766, 0.0009883905295282602, 0.0005867966683581471, 0.00031226835562847555, 0.00016020397015381604, 0.00012312302715145051, 0.00011478851956781, 8.564073505112901e-05, 8.12773359939456e-05, 7.292543159564957e-05, 8.849854930303991e-05, 6.675256008747965e-05, 6.552490958711132e-05, 6.138223398011178e-05, 6.10410061199218e-05, 6.060494342818856e-05, 4.732608431368135e-05, 6.21214639977552e-05, 4.665696178562939e-05, 4.450900087249465e-05, 4.3390416976762936e-05, 4.608784365700558e-05, 4.248155892128125e-05, 4.489126513362862e-05, 3.96110481233336e-05, 4.577640356728807e-05, 4.120055018574931e-05, 4.059731145389378e-05, 4.319670915720053e-05, 4.493064625421539e-05, 5.50480981473811e-05, 4.372088369564153e-05, 3.883211320498958e-05, 3.995451334048994e-05, 4.690163768827915e-05, 6.460922304540873e-05, 3.919800656149164e-05, 5.3021802159491926e-05, 4.004478978458792e-05, 3.784519503824413e-05, 3.774565630010329e-05, 3.9865353755885735e-05, 4.4777116272598505e-05, 4.3569445551838726e-05, 3.7419365980895236e-05, 3.3946493203984573e-05, 3.2768268283689395e-05, 4.5843269617762417e-05, 3.686127092805691e-05, 3.401246067369357e-05, 3.318564995424822e-05, 3.3541975426487625e-05, 3.6160123272566125e-05, 3.485505294520408e-05, 3.473781544016674e-05, 4.08931118727196e-05, 3.5742770705837756e-05], "val_mse": [0.0019966457039117813, 0.0014792357105761766, 0.0009883905295282602, 0.0005867966683581471, 0.00031226835562847555, 0.00016020397015381604, 0.00012312302715145051, 0.00011478851956781, 8.564073505112901e-05, 8.12773359939456e-05, 7.292543159564957e-05, 8.849854930303991e-05, 6.675256008747965e-05, 6.552490958711132e-05, 6.138223398011178e-05, 6.10410061199218e-05, 6.060494342818856e-05, 4.732608431368135e-05, 6.21214639977552e-05, 4.665696178562939e-05, 4.450900087249465e-05, 4.3390416976762936e-05, 4.608784365700558e-05, 4.248155892128125e-05, 4.489126513362862e-05, 3.96110481233336e-05, 4.577640356728807e-05, 4.120055018574931e-05, 4.059731145389378e-05, 4.319670915720053e-05, 4.493064625421539e-05, 5.50480981473811e-05, 4.372088369564153e-05, 3.883211320498958e-05, 3.995451334048994e-05, 4.690163768827915e-05, 6.460922304540873e-05, 3.919800656149164e-05, 5.3021805797470734e-05, 4.004478978458792e-05, 3.784519503824413e-05, 3.774565630010329e-05, 3.9865353755885735e-05, 4.4777116272598505e-05, 4.3569445551838726e-05, 3.7419365980895236e-05, 3.3946493203984573e-05, 3.2768268283689395e-05, 4.5843269617762417e-05, 3.686127092805691e-05, 3.401246067369357e-05, 3.318564995424822e-05, 3.3541975426487625e-05, 3.6160123272566125e-05, 3.485505294520408e-05, 3.473781544016674e-05, 4.08931118727196e-05, 3.5742770705837756e-05]}