{"loss": [0.040788307785987854, 0.03830564767122269, 0.037545934319496155, 0.03695189580321312, 0.036647964268922806, 0.03649487346410751, 0.036433327943086624, 0.035874176770448685, 0.03566429764032364, 0.03552907332777977, 0.03558899089694023], "mse": [0.040788307785987854, 0.03830564767122269, 0.037545934319496155, 0.03695189580321312, 0.036647964268922806, 0.03649487346410751, 0.036433327943086624, 0.035874176770448685, 0.03566429764032364, 0.03552907332777977, 0.03558899089694023], "val_loss": [0.041840095072984695, 0.042813681066036224, 0.042395640164613724, 0.04358851537108421, 0.04300728440284729, 0.04283647984266281, 0.04414234310388565, 0.04313725605607033, 0.0442073829472065, 0.04426064342260361, 0.04420723766088486], "val_mse": [0.041840095072984695, 0.042813681066036224, 0.042395640164613724, 0.04358851537108421, 0.04300728440284729, 0.04283647984266281, 0.04414234310388565, 0.04313725605607033, 0.0442073829472065, 0.04426064342260361, 0.04420723766088486]}