{"loss": [0.09494973719120026, 0.09049470722675323, 0.0888948142528534, 0.08863598853349686, 0.08681158721446991, 0.0859987661242485, 0.08529550582170486, 0.08451829850673676, 0.08381907641887665, 0.0835125595331192, 0.08336351811885834], "mse": [0.09494973719120026, 0.09049470722675323, 0.0888948142528534, 0.08863598853349686, 0.08681158721446991, 0.0859987661242485, 0.08529550582170486, 0.08451829850673676, 0.08381907641887665, 0.0835125669836998, 0.08336351811885834], "val_loss": [0.06181963160634041, 0.06301294267177582, 0.06329910457134247, 0.06266356259584427, 0.06310038268566132, 0.06294385343790054, 0.06412729620933533, 0.0631168931722641, 0.06331805139780045, 0.06440500915050507, 0.06392550468444824], "val_mse": [0.06181963160634041, 0.06301294267177582, 0.06329910457134247, 0.06266356259584427, 0.06310038268566132, 0.06294385343790054, 0.06412729620933533, 0.0631168931722641, 0.06331805139780045, 0.06440500915050507, 0.06392550468444824]}