{"loss": [0.20999689400196075, 0.20493929088115692, 0.20025816559791565, 0.19829609990119934, 0.1960931122303009, 0.19518795609474182, 0.19236420094966888, 0.19210238754749298, 0.1890958547592163, 0.1886107474565506, 0.1889028251171112, 0.1860121786594391, 0.18216176331043243, 0.18065814673900604, 0.18032173812389374, 0.17608089745044708, 0.17362529039382935, 0.17265143990516663, 0.16890665888786316, 0.16697943210601807], "mse": [0.20999689400196075, 0.2049393206834793, 0.20025816559791565, 0.19829609990119934, 0.1960931122303009, 0.19518795609474182, 0.19236420094966888, 0.19210238754749298, 0.1890958547592163, 0.1886107474565506, 0.1889028251171112, 0.1860121786594391, 0.18216176331043243, 0.18065814673900604, 0.18032173812389374, 0.17608089745044708, 0.17362529039382935, 0.17265143990516663, 0.16890665888786316, 0.16697943210601807], "val_loss": [0.2347489595413208, 0.23430690169334412, 0.235886812210083, 0.2317284792661667, 0.23071689903736115, 0.23240652680397034, 0.2371496707201004, 0.23103871941566467, 0.22767551243305206, 0.22735171020030975, 0.22923541069030762, 0.23620565235614777, 0.23619019985198975, 0.24750041961669922, 0.24406711757183075, 0.2391190528869629, 0.24512100219726562, 0.24834394454956055, 0.24923944473266602, 0.25207605957984924], "val_mse": [0.2347489595413208, 0.2343069314956665, 0.235886812210083, 0.2317284792661667, 0.23071689903736115, 0.23240652680397034, 0.2371496707201004, 0.23103871941566467, 0.22767551243305206, 0.22735171020030975, 0.22923541069030762, 0.23620565235614777, 0.23619019985198975, 0.24750041961669922, 0.24406711757183075, 0.2391190528869629, 0.24512100219726562, 0.24834394454956055, 0.24923944473266602, 0.25207602977752686]}