{"loss": [0.0012519912561401725, 0.0002137297997251153, 8.533905202057213e-05, 6.0366568504832685e-05, 4.411566987982951e-05, 3.282366742496379e-05, 2.8613621907425113e-05, 2.4399130779784173e-05, 2.274156577186659e-05, 1.9515649910317734e-05, 1.8859898773371242e-05, 1.775466625986155e-05, 1.5464762327610515e-05, 1.5163831449171994e-05, 1.4925877621863037e-05, 1.6662455891491845e-05, 1.3921845493314322e-05, 1.240601977769984e-05, 1.1652861758193467e-05, 1.3157555258658249e-05, 1.1462295333330985e-05, 1.0926081813522615e-05, 9.980614777305163e-06, 9.952221262210514e-06, 9.073944966075942e-06, 9.91791057458613e-06, 9.153311111731455e-06, 1.0667386050045025e-05, 9.142952876572963e-06, 9.476280865783338e-06, 7.954136890475638e-06, 8.180411896319129e-06, 9.304274499299936e-06, 7.307690793822985e-06, 7.48882484913338e-06, 8.351958967978135e-06, 7.490077223337721e-06, 7.434960025420878e-06, 6.782254786230624e-06, 6.503773420263315e-06, 6.275833129620878e-06, 6.083137577661546e-06, 7.304555765585974e-06, 6.145003226265544e-06, 6.097219738876447e-06, 6.233684871403966e-06, 8.087885362328961e-06, 6.465920705522876e-06, 6.52880999041372e-06, 5.700403562514111e-06, 4.91730270368862e-06, 6.043148914613994e-06, 4.400821126182564e-06, 4.777222784468904e-06, 6.062565262254793e-06, 5.646254066959955e-06, 5.233208867139183e-06, 5.986025826132391e-06, 6.8825811467831954e-06, 4.5912902351119556e-06, 4.8701485866331495e-06, 4.861742127104662e-06, 4.200463990855496e-06, 7.142041795304976e-06, 4.746840204461478e-06, 3.7955398966005305e-06, 4.390618414618075e-06, 5.865904768143082e-06, 4.337771770224208e-06, 3.8656071410514414e-06, 6.336458227451658e-06, 3.680661620819592e-06, 5.375957698561251e-06, 3.750479663722217e-06, 4.06799108532141e-06, 3.5765604025073117e-06, 3.702655703818891e-06, 3.4999784475076012e-06, 5.082437382952776e-06, 4.674125648307381e-06, 3.615163677750388e-06, 3.5909367852582363e-06, 4.805869139090646e-06, 4.080394319316838e-06, 5.066899575467687e-06, 4.0978229662869126e-06, 3.696790145113482e-06, 5.811317350890022e-06, 3.8053610751376254e-06, 4.481775704334723e-06, 3.0632957077614265e-06, 2.7432063234300585e-06], "mse": [0.0012519912561401725, 0.0002137297997251153, 8.533905202057213e-05, 6.0366568504832685e-05, 4.411566987982951e-05, 3.282366742496379e-05, 2.8613621907425113e-05, 2.4399130779784173e-05, 2.274156577186659e-05, 1.9515649910317734e-05, 1.885989695438184e-05, 1.775466625986155e-05, 1.546476414659992e-05, 1.5163831449171994e-05, 1.4925877621863037e-05, 1.6662455891491845e-05, 1.3921845493314322e-05, 1.240601977769984e-05, 1.1652861758193467e-05, 1.3157555258658249e-05, 1.1462295333330985e-05, 1.0926081813522615e-05, 9.980614777305163e-06, 9.952221262210514e-06, 9.073944966075942e-06, 9.91791057458613e-06, 9.153311111731455e-06, 1.0667386050045025e-05, 9.142952876572963e-06, 9.476280865783338e-06, 7.954136890475638e-06, 8.180411896319129e-06, 9.304273589805234e-06, 7.307690793822985e-06, 7.48882484913338e-06, 8.351958058483433e-06, 7.490077223337721e-06, 7.434960025420878e-06, 6.782254786230624e-06, 6.503773420263315e-06, 6.275833129620878e-06, 6.083137577661546e-06, 7.304555765585974e-06, 6.145003226265544e-06, 6.097219738876447e-06, 6.233684871403966e-06, 8.087885362328961e-06, 6.465920705522876e-06, 6.52880999041372e-06, 5.700403562514111e-06, 4.91730270368862e-06, 6.043148914613994e-06, 4.400821126182564e-06, 4.777222784468904e-06, 6.062566171749495e-06, 5.646254066959955e-06, 5.233208867139183e-06, 5.9860262808797415e-06, 6.8825811467831954e-06, 4.5912902351119556e-06, 4.8701490413805e-06, 4.861742127104662e-06, 4.200463990855496e-06, 7.142042250052327e-06, 4.746840204461478e-06, 3.7955398966005305e-06, 4.390618414618075e-06, 5.865904768143082e-06, 4.337771770224208e-06, 3.8656071410514414e-06, 6.336458227451658e-06, 3.680661620819592e-06, 5.375957698561251e-06, 3.750479663722217e-06, 4.06799108532141e-06, 3.5765604025073117e-06, 3.702655703818891e-06, 3.4999784475076012e-06, 5.082437382952776e-06, 4.674125648307381e-06, 3.615163677750388e-06, 3.5909367852582363e-06, 4.805869139090646e-06, 4.080394319316838e-06, 5.066899575467687e-06, 4.0978229662869126e-06, 3.696790145113482e-06, 5.811317350890022e-06, 3.8053610751376254e-06, 4.481775704334723e-06, 3.0632957077614265e-06, 2.7432063234300585e-06], "val_loss": [0.0003691677993629128, 0.00011123398144263774, 7.303313032025471e-05, 5.534463707590476e-05, 4.24698373535648e-05, 3.451933662290685e-05, 3.1353447411675006e-05, 2.771881190710701e-05, 2.414117261650972e-05, 2.1892732547712512e-05, 2.6015230105258524e-05, 2.1216581444605254e-05, 1.831914414651692e-05, 2.0308254534029402e-05, 2.660298196133226e-05, 2.0901612515444867e-05, 1.595248977537267e-05, 1.5640394849469885e-05, 1.7649243091000244e-05, 1.4487825865217019e-05, 1.5236565559462178e-05, 1.8294847905053757e-05, 1.3837321603205055e-05, 1.4265566278481856e-05, 1.5512800018768758e-05, 1.9055420125368983e-05, 1.672602229518816e-05, 1.5539058949798346e-05, 1.3540719919546973e-05, 1.3149824553693179e-05, 1.2198051081213634e-05, 1.9954282834078185e-05, 1.2970792340638582e-05, 1.2117912774556316e-05, 1.3366521670832299e-05, 1.2873317245976068e-05, 1.233701277669752e-05, 1.1572464245546144e-05, 1.2023906492686365e-05, 1.1458201697678305e-05, 1.1171756341354921e-05, 1.0967126399918925e-05, 1.0616191502776928e-05, 1.1516431186464615e-05, 1.2701777450274676e-05, 1.1348194675520062e-05, 1.697610605333466e-05, 1.0782840035972185e-05, 1.1499978427309543e-05, 1.0638480489433277e-05, 1.1074081157858018e-05, 1.0651518095983192e-05, 1.0113303687830921e-05, 1.4221300261851866e-05, 1.2844556295021903e-05, 1.0668720278772525e-05, 1.3147213394404389e-05, 1.3312954251887277e-05, 1.0171589565288741e-05, 1.0013707651523873e-05, 9.552481060381979e-06, 9.69645770965144e-06, 9.494222467765212e-06, 1.3118941751599777e-05, 9.289090485253837e-06, 1.0500552889425308e-05, 1.047721798386192e-05, 1.0375760211900342e-05, 9.392715583089739e-06, 9.502356078883167e-06, 9.983043128158897e-06, 1.0133564501302317e-05, 9.139932444668375e-06, 1.166622132586781e-05, 8.909592907002661e-06, 8.610307304479647e-06, 8.632381650386378e-06, 9.023863640322816e-06, 1.190499824588187e-05, 9.338189556729048e-06, 8.202428034564946e-06, 7.908526640676428e-06, 9.339363714389037e-06, 9.265995686291717e-06, 9.724778465169948e-06, 1.0777119314298034e-05, 2.1044084860477597e-05, 8.551967766834423e-06, 8.710137990419753e-06, 8.800275281828362e-06, 8.030615390453022e-06, 8.443917067779694e-06],