{"loss": [0.09281210601329803, 0.08850166946649551, 0.0871322900056839, 0.0855042114853859, 0.08409135788679123, 0.08310059458017349, 0.08226896822452545, 0.08046959340572357, 0.08025915920734406, 0.07848811894655228, 0.07889755815267563], "mse": [0.09281210601329803, 0.08850166946649551, 0.0871322900056839, 0.0855042114853859, 0.08409135788679123, 0.08310059458017349, 0.08226896822452545, 0.08046959340572357, 0.08025915920734406, 0.07848811894655228, 0.07889755815267563], "val_loss": [0.0700194463133812, 0.07181628048419952, 0.07176098972558975, 0.07137312740087509, 0.07263268530368805, 0.07347847521305084, 0.07393117994070053, 0.07413677126169205, 0.07609162479639053, 0.07852722704410553, 0.08090167492628098], "val_mse": [0.0700194463133812, 0.07181628048419952, 0.07176098972558975, 0.07137312740087509, 0.07263268530368805, 0.07347847521305084, 0.07393117249011993, 0.07413677126169205, 0.07609162479639053, 0.07852722704410553, 0.08090167492628098]}