{"loss": [0.006310657132416964, 0.0017654543044045568, 0.0008620411972515285, 0.0003942743642255664, 0.00024977989960461855, 0.00018342318071518093, 0.00016757934645283967, 0.00016353317187167704, 0.00013369397493079305, 0.00011928573076147586, 0.00011344624363118783, 0.00010458758333697915, 9.87061794148758e-05, 9.218636841978878e-05, 9.833533113123849e-05, 8.526231249561533e-05, 8.061779954005033e-05, 7.518225902458653e-05, 8.537922258256003e-05, 8.42459048726596e-05, 7.488955452572554e-05, 7.302687299670652e-05, 7.517718040617183e-05, 7.288458436960354e-05, 7.631096377735958e-05, 6.782741547795013e-05, 6.086434223107062e-05, 5.7574921811465174e-05, 6.931144889676943e-05, 6.296465289779007e-05, 5.9418085584184155e-05, 6.591063720406964e-05, 6.580394983757287e-05, 5.954178050160408e-05, 5.5033728131093085e-05, 5.853119364473969e-05, 7.476289465557784e-05, 6.468486390076578e-05, 5.31492150912527e-05, 5.184011024539359e-05, 5.587665509665385e-05, 5.077313107904047e-05, 5.307384708430618e-05, 4.995033305021934e-05, 5.760344720329158e-05, 5.122341826790944e-05, 4.8646375944372267e-05, 4.8739308112999424e-05, 5.362080264603719e-05, 4.9249949370278046e-05, 4.888668627245352e-05, 4.911670839646831e-05, 5.207631693338044e-05, 5.0626993470359594e-05, 7.519972859881818e-05, 5.299826443661004e-05, 4.60735427623149e-05, 4.6977202146081254e-05, 5.009242158848792e-05, 5.2234576287446544e-05, 4.560912202578038e-05, 4.993655238649808e-05, 4.4543961848830804e-05, 4.1292867535958067e-05, 4.927716145175509e-05, 4.3944353819824755e-05, 4.553385588224046e-05, 4.649576294468716e-05, 4.4881104258820415e-05], "mse": [0.006310657132416964, 0.0017654543044045568, 0.0008620411972515285, 0.0003942743642255664, 0.00024977989960461855, 0.00018342318071518093, 0.00016757934645283967, 0.00016353317187167704, 0.00013369397493079305, 0.00011928573076147586, 0.00011344624363118783, 0.00010458758333697915, 9.87061794148758e-05, 9.218636841978878e-05, 9.833533113123849e-05, 8.526231249561533e-05, 8.061779954005033e-05, 7.518225902458653e-05, 8.537922258256003e-05, 8.42459048726596e-05, 7.488955452572554e-05, 7.302687299670652e-05, 7.517718040617183e-05, 7.288458436960354e-05, 7.631096377735958e-05, 6.782741547795013e-05, 6.086434223107062e-05, 5.7574921811465174e-05, 6.931144889676943e-05, 6.296465289779007e-05, 5.9418085584184155e-05, 6.591063720406964e-05, 6.580394983757287e-05, 5.954178050160408e-05, 5.5033728131093085e-05, 5.853119364473969e-05, 7.476289465557784e-05, 6.468486390076578e-05, 5.31492150912527e-05, 5.184011024539359e-05, 5.587665509665385e-05, 5.077313107904047e-05, 5.307384708430618e-05, 4.995033305021934e-05, 5.760344720329158e-05, 5.122341826790944e-05, 4.8646375944372267e-05, 4.8739308112999424e-05, 5.362080264603719e-05, 4.9249949370278046e-05, 4.888668627245352e-05, 4.911670839646831e-05, 5.207631693338044e-05, 5.0626993470359594e-05, 7.519972859881818e-05, 5.299826443661004e-05, 4.60735427623149e-05, 4.6977202146081254e-05, 5.009242158848792e-05, 5.2234576287446544e-05, 4.560912202578038e-05, 4.993655238649808e-05, 4.4543961848830804e-05, 4.1292867535958067e-05, 4.927716145175509e-05, 4.3944353819824755e-05, 4.553385224426165e-05, 4.649576294468716e-05, 4.4881104258820415e-05], "val_loss": [0.0025500482879579067, 0.0013683588476851583, 0.0005601240554824471, 0.0002941616403404623, 0.0002136071416316554, 0.00018773008196149021, 0.00020072470942977816, 0.00016039321781136096, 0.00015001908468548208, 0.00013620397658087313, 0.00018319685477763414, 0.0001282122975680977, 0.00012510130181908607, 0.00011755944433389232, 0.0001161102918558754, 0.00010876191663555801, 0.00010978570207953453, 0.00010539966751821339, 0.00010887643293244764, 0.00011164136958541349, 9.581597259966657e-05, 0.00011015174823114648, 9.501850581727922e-05, 9.594877337804064e-05, 0.00019604424596764147, 8.927948510972783e-05, 8.837562199914828e-05, 8.81109299371019e-05, 9.453199163544923e-05, 8.8899651018437e-05, 9.293104812968522e-05, 9.985972428694367e-05, 9.224170207744464e-05, 8.723424980416894e-05, 0.00010568411380518228, 8.379617793252692e-05, 0.00010226334416074678, 8.40371722006239e-05, 8.80711231729947e-05, 8.55969701660797e-05, 8.388252899749205e-05, 8.426989370491356e-05, 8.078392420429736e-05, 8.535964298062027e-05, 8.45048125484027e-05, 8.13735241536051e-05, 7.878200267441571e-05, 9.118070011027157e-05, 7.807563815731555e-05, 8.423018880421296e-05, 8.104232983896509e-05, 8.98384751053527e-05, 8.00782727310434e-05, 0.0001381690672133118, 8.210753003368154e-05, 7.856380398152396e-05, 7.721182191744447e-05, 8.066774171311408e-05, 7.557112985523418e-05, 8.448370499536395e-05, 8.45023023430258e-05, 8.40019783936441e-05, 8.001305832294747e-05, 7.885924424044788e-05, 8.081891428446397e-05, 7.850892143324018e-05, 8.053224883042276e-05, 8.706927474122494e-05, 7.69912512623705e-05], "val_mse": [0.0025500482879579067, 0.0013683588476851583, 0.0005601240554824471, 0.0002941616403404623, 0.0002136071416316554, 0.00018773008196149021, 0.00020072470942977816, 0.00016039321781136096, 0.00015001908468548208, 0.00013620397658087313, 0.00018319685477763414, 0.0001282122975680977, 0.00012510130181908607, 0.00011755944433389232, 0.0001161102918558754, 0.00010876191663555801, 0.00010978570207953453, 0.00010539966751821339, 0.00010887643293244764, 0.00011164136958541349, 9.581597259966657e-05, 0.00011015174823114648, 9.501850581727922e-05, 9.594877337804064e-05, 0.00019604421686381102, 8.927948510972783e-05, 8.837562199914828e-05, 8.81109299371019e-05, 9.453199163544923e-05, 8.8899651018437e-05, 9.293105540564284e-05, 9.985972428694367e-05, 9.224170207744464e-05, 8.723424980416894e-05, 0.00010568411380518228, 8.379617793252692e-05, 0.00010226334416074678, 8.40371722006239e-05, 8.807111589703709e-05, 8.55969701660797e-05, 8.388252899749205e-05, 8.426989370491356e-05, 8.078392420429736e-05, 8.535963570466265e-05, 8.45048125484027e-05, 8.13735241536051e-05, 7.878200267441571e-05, 9.118070011027157e-05, 7.807563815731555e-05, 8.423018880421296e-05, 8.104232983896509e-05, 8.98384751053527e-05, 8.00782727310434e-05, 0.0001381690672133118, 8.210753003368154e-05, 7.856380398152396e-05, 7.721182191744447e-05, 8.066774171311408e-05, 7.557113713119179e-05, 8.448370499536395e-05, 8.45023023430258e-05, 8.40019783936441e-05, 8.001305832294747e-05, 7.885924424044788e-05, 8.081891428446397e-05, 7.850892143324018e-05, 8.053224883042276e-05, 8.706927474122494e-05, 7.69912512623705e-05]}