{"loss": [0.002766976598650217, 0.0022742063738405704, 0.001739373430609703, 0.001251369365490973, 0.0009316106443293393, 0.0007633321220055223, 0.0006361186387948692, 0.0006122751510702074, 0.0005661589675582945, 0.0005525656160898507, 0.0005344419041648507, 0.0005279117613099515, 0.0005319115007296205, 0.0005051232874393463, 0.0004974824842065573, 0.000501433270983398, 0.0004938954953104258, 0.00048373639583587646, 0.00048495206283405423, 0.00047868824913166463, 0.0004924673121422529, 0.0004898749175481498], "mse": [0.002766976598650217, 0.0022742063738405704, 0.001739373430609703, 0.001251369365490973, 0.0009316106443293393, 0.0007633321220055223, 0.0006361186387948692, 0.0006122751510702074, 0.0005661589675582945, 0.0005525656160898507, 0.0005344419041648507, 0.0005279117613099515, 0.0005319115007296205, 0.0005051232874393463, 0.0004974824842065573, 0.000501433270983398, 0.0004938954953104258, 0.00048373639583587646, 0.00048495206283405423, 0.00047868824913166463, 0.000492467253934592, 0.0004898749175481498], "val_loss": [0.0018313287291675806, 0.0014805980026721954, 0.0011426482815295458, 0.0008771058055572212, 0.0007352776592597365, 0.0005209032096900046, 0.00046498747542500496, 0.0004736408591270447, 0.0004584366106428206, 0.00042181299068033695, 0.0004463770892471075, 0.0004085242690052837, 0.00041939434595406055, 0.0004107425338588655, 0.0004217877867631614, 0.0004114180337637663, 0.0004166747094132006, 0.00041358679300174117, 0.00041160290129482746, 0.00041719916043803096, 0.0004536010674200952, 0.0004310856165830046], "val_mse": [0.0018313287291675806, 0.0014805980026721954, 0.0011426482815295458, 0.0008771058055572212, 0.0007352776592597365, 0.0005209032096900046, 0.00046498747542500496, 0.0004736408591270447, 0.0004584366106428206, 0.00042181299068033695, 0.0004463770892471075, 0.0004085242690052837, 0.00041939434595406055, 0.0004107425338588655, 0.0004217877867631614, 0.0004114180337637663, 0.0004166747094132006, 0.00041358679300174117, 0.00041160290129482746, 0.00041719916043803096, 0.0004536010674200952, 0.0004310856165830046]}