{"loss": [0.0024518738500773907, 0.0022448834497481585, 0.0020778437610715628, 0.0018804457504302263, 0.0016595898196101189, 0.0014171137008816004, 0.0011617632117122412, 0.0009165115770883858, 0.0006922270986251533, 0.0005437351064756513, 0.00042046542512252927, 0.0003682060050778091, 0.0003512638795655221, 0.00033291272120550275, 0.00031243599369190633, 0.0002978801785502583, 0.0002887284499593079, 0.0002810000441968441], "mse": [0.0024518738500773907, 0.0022448834497481585, 0.0020778437610715628, 0.0018804457504302263, 0.0016595898196101189, 0.0014171137008816004, 0.0011617632117122412, 0.0009165115770883858, 0.0006922270986251533, 0.0005437351064756513, 0.00042046542512252927, 0.0003682060050778091, 0.0003512638795655221, 0.00033291272120550275, 0.00031243599369190633, 0.0002978801785502583, 0.0002887284499593079, 0.00028100007330067456], "val_loss": [0.0027935057878494263, 0.0026299776509404182, 0.0024297600612044334, 0.002220646943897009, 0.0020154588855803013, 0.0018211950082331896, 0.0016638956731185317, 0.001582676195539534, 0.0015953460242599249, 0.001622890355065465, 0.0016195669304579496, 0.0016541210934519768, 0.001645666896365583, 0.0016468273242935538, 0.001630344777368009, 0.0016075639287009835, 0.0016237329691648483, 0.0016033996362239122], "val_mse": [0.0027935057878494263, 0.0026299776509404182, 0.00242975982837379, 0.0022206471767276525, 0.0020154588855803013, 0.0018211950082331896, 0.0016638956731185317, 0.001582676195539534, 0.0015953460242599249, 0.001622890355065465, 0.0016195669304579496, 0.0016541210934519768, 0.001645666896365583, 0.0016468273242935538, 0.001630344777368009, 0.0016075639287009835, 0.0016237329691648483, 0.0016033996362239122]}