{"loss": [0.005908912047743797, 0.0012951507233083248, 0.0006827738252468407, 0.0004700113495346159, 0.00031279135146178305, 0.0002408811851637438, 0.00021526157797779888, 0.00016551669978071004, 0.0001503433013567701, 0.00013069606211502105, 0.00012334628263488412, 0.00012020063877571374, 0.00011032088514184579, 0.0001055152461049147, 0.00010287892655469477, 9.783571294974536e-05, 9.372438944410533e-05, 9.116689034271985e-05, 8.557174442103133e-05, 8.498034731019288e-05, 8.645946945762262e-05, 7.724948227405548e-05, 8.302743663080037e-05, 8.928144961828366e-05, 7.073242159094661e-05, 6.54525138088502e-05, 6.817260873503983e-05, 7.200290565378964e-05, 6.521199975395575e-05, 6.750068860128522e-05, 6.867769843665883e-05, 6.473714165622368e-05, 6.445814506150782e-05, 6.341521657304838e-05, 5.75141457375139e-05, 5.583330130320974e-05, 5.882102414034307e-05, 7.006379746599123e-05, 5.954310472588986e-05, 5.5646858527325094e-05, 5.360916838981211e-05, 5.62641434953548e-05, 5.309681728249416e-05, 5.593284367932938e-05, 6.238759669940919e-05, 5.4428815928986296e-05, 5.1719965995289385e-05, 5.029882231610827e-05, 5.0572765758261085e-05, 5.0132759497500956e-05], "mse": [0.005908912047743797, 0.0012951507233083248, 0.0006827738252468407, 0.0004700113495346159, 0.00031279135146178305, 0.0002408811851637438, 0.00021526157797779888, 0.00016551669978071004, 0.0001503433013567701, 0.00013069606211502105, 0.00012334628263488412, 0.00012020063877571374, 0.00011032088514184579, 0.0001055152461049147, 0.00010287892655469477, 9.783571294974536e-05, 9.372440399602056e-05, 9.116689034271985e-05, 8.557174442103133e-05, 8.498034731019288e-05, 8.645946945762262e-05, 7.724948227405548e-05, 8.302743663080037e-05, 8.928144961828366e-05, 7.073242159094661e-05, 6.54525138088502e-05, 6.817260873503983e-05, 7.200290565378964e-05, 6.521199975395575e-05, 6.750068860128522e-05, 6.867769843665883e-05, 6.473714165622368e-05, 6.445814506150782e-05, 6.341521657304838e-05, 5.75141457375139e-05, 5.583330130320974e-05, 5.882102414034307e-05, 7.006379746599123e-05, 5.954310472588986e-05, 5.5646858527325094e-05, 5.360916838981211e-05, 5.62641434953548e-05, 5.309681728249416e-05, 5.593284367932938e-05, 6.238759669940919e-05, 5.4428815928986296e-05, 5.1719965995289385e-05, 5.029882231610827e-05, 5.0572765758261085e-05, 5.0132759497500956e-05], "val_loss": [0.0021168955136090517, 0.000964018632657826, 0.000580309540964663, 0.00038134551141411066, 0.00029631805955432355, 0.00022305639868136495, 0.00020380615023896098, 0.0001804924540920183, 0.00015442859148606658, 0.00014372933947015554, 0.00016853000852279365, 0.0001279340940527618, 0.00011954124056501314, 0.00012723040708806366, 0.00011176127009093761, 0.0001247646869160235, 0.00010823913180502132, 0.00010318028944311664, 0.00010560628288658336, 0.00010300886788172647, 0.00010893237049458548, 0.00010401612235000357, 0.00016776139091234654, 0.00010425614163978025, 9.052873792825267e-05, 8.970780618255958e-05, 0.00011462608381407335, 9.492552635492757e-05, 9.593857248546556e-05, 9.610864071873948e-05, 8.841167436912656e-05, 8.753917063586414e-05, 9.177259198622778e-05, 8.720076584722847e-05, 8.524092118022963e-05, 9.999325266107917e-05, 8.533054642612115e-05, 0.00012989529932383448, 8.158761920640245e-05, 8.05916715762578e-05, 9.934483387041837e-05, 8.492478082189336e-05, 8.062632696237415e-05, 8.795387839199975e-05, 8.39539643493481e-05, 8.754752343520522e-05, 8.152041846187785e-05, 8.301177149405703e-05, 8.624741167295724e-05, 8.221776079153642e-05], "val_mse": [0.0021168955136090517, 0.000964018632657826, 0.000580309540964663, 0.00038134551141411066, 0.00029631805955432355, 0.00022305639868136495, 0.00020380615023896098, 0.0001804924540920183, 0.00015442859148606658, 0.00014372933947015554, 0.00016853000852279365, 0.0001279340940527618, 0.00011954124056501314, 0.00012723040708806366, 0.00011176127009093761, 0.0001247646869160235, 0.00010823913180502132, 0.00010318028944311664, 0.00010560628288658336, 0.00010300886788172647, 0.00010893237049458548, 0.00010401612235000357, 0.00016776139091234654, 0.00010425614163978025, 9.052872337633744e-05, 8.970780618255958e-05, 0.00011462608381407335, 9.492552635492757e-05, 9.593857248546556e-05, 9.610864071873948e-05, 8.841168164508417e-05, 8.753917063586414e-05, 9.177259198622778e-05, 8.720076584722847e-05, 8.524092118022963e-05, 9.999325266107917e-05, 8.533054642612115e-05, 0.00012989529932383448, 8.158761920640245e-05, 8.05916715762578e-05, 9.934483387041837e-05, 8.492477354593575e-05, 8.062632696237415e-05, 8.795387839199975e-05, 8.39539643493481e-05, 8.754752343520522e-05, 8.152041846187785e-05, 8.301177149405703e-05, 8.624741167295724e-05, 8.221776079153642e-05]}