{"loss": [0.0409214124083519, 0.03865107148885727, 0.03802840784192085, 0.03744019940495491, 0.03701348230242729, 0.036689698696136475, 0.03691525384783745, 0.036486364901065826, 0.0362742580473423, 0.0361601747572422, 0.03605936840176582], "mse": [0.0409214124083519, 0.03865107148885727, 0.03802840784192085, 0.03744019940495491, 0.03701348230242729, 0.036689698696136475, 0.03691525384783745, 0.036486364901065826, 0.0362742580473423, 0.0361601747572422, 0.036059364676475525], "val_loss": [0.040776342153549194, 0.04201297461986542, 0.04099344089627266, 0.04132122918963432, 0.04138636961579323, 0.041254039853811264, 0.04241231456398964, 0.04117795079946518, 0.04124506935477257, 0.041473522782325745, 0.0415155254304409], "val_mse": [0.040776342153549194, 0.04201297461986542, 0.04099344089627266, 0.04132122918963432, 0.04138636961579323, 0.041254039853811264, 0.04241231456398964, 0.04117795079946518, 0.04124506935477257, 0.041473522782325745, 0.0415155254304409]}