{"loss": [0.006283444352447987, 0.00497165834531188, 0.003678708802908659, 0.002359944162890315, 0.0014469462912529707, 0.0011776820756495, 0.0010377148864790797, 0.0008673978736624122, 0.0007451288402080536, 0.0006669700960628688, 0.0005774974124506116, 0.0005003614933229983, 0.0004497102927416563, 0.0003892829117830843, 0.00036077978438697755, 0.00031653890619054437, 0.0002921641571447253, 0.0002680787583813071, 0.0002496108063496649, 0.0002347323315916583, 0.00021831542835570872, 0.0002015384379774332, 0.00019058278121519834, 0.00018745972192846239, 0.00018135071150027215, 0.00017596007091924548, 0.0001814447605283931, 0.00017440220108255744, 0.00015927752247080207, 0.00015294551849365234, 0.00014922617992851883, 0.00015123932098504156, 0.00014505904982797801, 0.00014106101298239082, 0.00014571627252735198, 0.00013363375910557806, 0.00013096722250338644, 0.00012335674546193331, 0.00013762066373601556, 0.00013834491255693138, 0.00014132613432593644, 0.00013861338084097952, 0.00012887627235613763, 0.000130357570014894, 0.00012016596883768216, 0.00011782953515648842, 0.00010797959112096578, 0.0001086913762264885, 0.00011873502808157355, 0.00011338373587932438, 0.00010183055564993992, 9.971300460165367e-05, 0.00010617532825563103, 0.00010823008778970689, 0.0001028715050779283, 0.00010184478014707565, 0.00010910546552622691, 9.63269267231226e-05, 0.00010587215365376323, 0.00010861120972549543, 9.394723747391254e-05, 9.138898167293519e-05, 9.288850560551509e-05], "mse": [0.006283444352447987, 0.00497165834531188, 0.003678708802908659, 0.002359944162890315, 0.0014469462912529707, 0.0011776820756495, 0.0010377148864790797, 0.0008673978736624122, 0.0007451288402080536, 0.0006669700960628688, 0.0005774974124506116, 0.0005003614933229983, 0.0004497102345339954, 0.0003892829117830843, 0.00036077978438697755, 0.00031653890619054437, 0.0002921641571447253, 0.0002680787583813071, 0.0002496108063496649, 0.0002347323315916583, 0.00021831542835570872, 0.0002015384379774332, 0.00019058278121519834, 0.00018745972192846239, 0.00018135071150027215, 0.00017596007091924548, 0.0001814447605283931, 0.00017440220108255744, 0.00015927752247080207, 0.00015294550394173712, 0.00014922617992851883, 0.00015123932098504156, 0.00014505904982797801, 0.00014106101298239082, 0.00014571627252735198, 0.00013363375910557806, 0.00013096722250338644, 0.00012335674546193331, 0.00013762066373601556, 0.00013834491255693138, 0.00014132613432593644, 0.00013861338084097952, 0.00012887627235613763, 0.000130357570014894, 0.00012016596883768216, 0.00011782953515648842, 0.00010797959112096578, 0.0001086913762264885, 0.00011873502808157355, 0.00011338373587932438, 0.00010183055564993992, 9.971300460165367e-05, 0.00010617532825563103, 0.00010823008778970689, 0.0001028715050779283, 0.00010184478014707565, 0.00010910546552622691, 9.63269267231226e-05, 0.00010587215365376323, 0.00010861120972549543, 9.394723747391254e-05, 9.138898167293519e-05, 9.288850560551509e-05], "val_loss": [0.0055715953931212425, 0.004351383540779352, 0.0031326469033956528, 0.0019558179192245007, 0.0012609967961907387, 0.0011692564003169537, 0.0009368589380756021, 0.0009025208419188857, 0.0007558917859569192, 0.0006367553723976016, 0.000648391549475491, 0.000638863886706531, 0.0004988466389477253, 0.0005256612785160542, 0.00045995647087693214, 0.0005138287087902427, 0.00037223674007691443, 0.0004965420812368393, 0.0003921778406947851, 0.0004085227847099304, 0.00037179962964728475, 0.0004015137383248657, 0.00035298001603223383, 0.0003265615669079125, 0.0004312880337238312, 0.00035071891034021974, 0.00037374248495325446, 0.00034517733729444444, 0.00032162145362235606, 0.00039765628753229976, 0.0003021747979801148, 0.0003885710029862821, 0.0002950280031654984, 0.0003956289147026837, 0.0002923713473137468, 0.0003753058845177293, 0.0003218899364583194, 0.00031346961623057723, 0.0003887072089128196, 0.0003483493928797543, 0.0002891570620704442, 0.00035020342329517007, 0.0003563410718925297, 0.00032760281465016305, 0.00032780104083940387, 0.00029138755053281784, 0.00028234763885848224, 0.00034753058571368456, 0.0002758497721515596, 0.00029438460478559136, 0.000300989777315408, 0.0003134381549898535, 0.0002712464483920485, 0.0003438784333411604, 0.0002737713512033224, 0.00036265066592022777, 0.00028256321093067527, 0.00031359345302917063, 0.0003016311675310135, 0.00029760770848952234, 0.00027887275791727006, 0.0002864831476472318, 0.0003048355283681303], "val_mse": [0.0055715953931212425, 0.004351383540779352, 0.0031326469033956528, 0.0019558179192245007, 0.0012609967961907387, 0.0011692564003169537, 0.0009368589380756021, 0.0009025208419188857, 0.0007558918441645801, 0.0006367553723976016, 0.000648391549475491, 0.000638863886706531, 0.0004988466389477253, 0.0005256612785160542, 0.00045995647087693214, 0.0005138287087902427, 0.00037223674007691443, 0.0004965420812368393, 0.0003921778406947851, 0.0004085227847099304, 0.00037179962964728475, 0.0004015137383248657, 0.00035298001603223383, 0.0003265615669079125, 0.0004312880337238312, 0.00035071891034021974, 0.00037374248495325446, 0.000345177308190614, 0.00032162145362235606, 0.00039765634573996067, 0.0003021747979801148, 0.0003885710029862821, 0.0002950280031654984, 0.0003956289147026837, 0.0002923713473137468, 0.0003753058845177293, 0.0003218899364583194, 0.00031346961623057723, 0.0003887072089128196, 0.0003483493928797543, 0.0002891570620704442, 0.00035020342329517007, 0.0003563410718925297, 0.00032760281465016305, 0.00032780104083940387, 0.00029138755053281784, 0.00028234763885848224, 0.00034753058571368456, 0.0002758497721515596, 0.00029438460478559136, 0.000300989777315408, 0.0003134381549898535, 0.0002712464483920485, 0.0003438784333411604, 0.0002737713512033224, 0.00036265066592022777, 0.00028256321093067527, 0.00031359345302917063, 0.0003016311675310135, 0.00029760770848952234, 0.00027887275791727006, 0.0002864831476472318, 0.0003048355283681303]}