{"loss": [0.005785963498055935, 0.0052444180473685265, 0.004954352043569088, 0.004703162238001823, 0.0044345548376441, 0.004241940099745989, 0.004031670279800892, 0.003933371976017952, 0.0037994240410625935, 0.003703054739162326, 0.0036645226646214724, 0.003644344164058566, 0.0035682611633092165, 0.003536476520821452, 0.003470109310001135, 0.0035110595636069775, 0.0034305467270314693], "mse": [0.005785963498055935, 0.0052444180473685265, 0.004954352043569088, 0.004703161772340536, 0.0044345548376441, 0.004241940099745989, 0.004031670279800892, 0.003933371976017952, 0.0037994240410625935, 0.003703054739162326, 0.0036645226646214724, 0.003644344164058566, 0.0035682611633092165, 0.003536476520821452, 0.003470109310001135, 0.0035110595636069775, 0.0034305467270314693], "val_loss": [0.0057886093854904175, 0.005340175703167915, 0.005039154551923275, 0.004710698965936899, 0.0045606112107634544, 0.0044242083095014095, 0.0043544345535337925, 0.004359645769000053, 0.004373099654912949, 0.004513405729085207, 0.0044380072504282, 0.004644331522285938, 0.004626634065061808, 0.0046219429932534695, 0.004628072492778301, 0.004813092760741711, 0.004655561875551939], "val_mse": [0.0057886093854904175, 0.005340175703167915, 0.005039154551923275, 0.004710698965936899, 0.0045606112107634544, 0.0044242083095014095, 0.0043544345535337925, 0.004359645769000053, 0.004373099654912949, 0.004513405729085207, 0.0044380072504282, 0.004644331522285938, 0.004626634065061808, 0.0046219429932534695, 0.004628072492778301, 0.004813092760741711, 0.004655561875551939]}