{"loss": [0.0020914373453706503, 0.0013604966225102544, 0.0008940029656514525, 0.0006817885441705585, 0.0005169734358787537, 0.0003807562170550227, 0.00029207239276729524, 0.00023433924070559442, 0.0001943327661138028, 0.00018038081179838628, 0.00016807382053229958, 0.00015093697584234178, 0.00014431003364734352, 0.0001388924865750596, 0.00013788085198029876, 0.00014254874258767813, 0.00013732585648540407, 0.00012947597133461386, 0.00012476231495384127, 0.0001228672481374815, 0.00011830431321868673, 0.00011612159141805023, 0.00011690820974763483, 0.00011597985576372594, 0.00011237784929107875, 0.00010817713337019086, 0.00011086631275247782, 0.00011281792831141502, 0.00011039271339541301, 0.00010755148105090484, 0.00010382849723100662, 9.743165719555691e-05, 0.00010004024079535156, 9.398506517754868e-05, 9.643777593737468e-05, 9.271199814975262e-05, 9.182690700981766e-05, 9.370084444526583e-05, 9.269281872548163e-05, 8.846470882417634e-05, 8.90745795913972e-05, 8.872345642885193e-05, 8.855262422002852e-05, 8.406698179896921e-05, 8.40120337670669e-05, 8.347420225618407e-05, 8.802332740742713e-05, 9.499904263066128e-05, 9.396682435180992e-05, 8.420473022852093e-05, 8.386977424379438e-05, 8.835086191538721e-05, 7.959968934301287e-05, 7.951124280225486e-05], "mse": [0.0020914373453706503, 0.0013604966225102544, 0.0008940029656514525, 0.0006817886023782194, 0.0005169734358787537, 0.00038075618795119226, 0.00029207239276729524, 0.00023433924070559442, 0.0001943327661138028, 0.00018038081179838628, 0.0001680738350842148, 0.00015093697584234178, 0.00014431003364734352, 0.0001388924865750596, 0.00013788085198029876, 0.0001425487280357629, 0.00013732585648540407, 0.00012947597133461386, 0.00012476231495384127, 0.0001228672481374815, 0.00011830431321868673, 0.00011612159141805023, 0.00011690820974763483, 0.00011597985576372594, 0.00011237784929107875, 0.00010817713337019086, 0.00011086631275247782, 0.00011281792831141502, 0.00011039271339541301, 0.00010755148105090484, 0.00010382849723100662, 9.743165719555691e-05, 0.00010004024079535156, 9.398506517754868e-05, 9.643777593737468e-05, 9.271199814975262e-05, 9.182690700981766e-05, 9.370084444526583e-05, 9.269281872548163e-05, 8.846470882417634e-05, 8.90745795913972e-05, 8.872345642885193e-05, 8.855262422002852e-05, 8.406698179896921e-05, 8.40120337670669e-05, 8.347420225618407e-05, 8.802332740742713e-05, 9.499904263066128e-05, 9.396682435180992e-05, 8.420473022852093e-05, 8.3869781519752e-05, 8.835086191538721e-05, 7.959968934301287e-05, 7.951124280225486e-05], "val_loss": [0.0021469886414706707, 0.0014034875202924013, 0.0009758500382304192, 0.0007257618708536029, 0.0005137132247909904, 0.00039902160642668605, 0.0002844826958607882, 0.00022712994541507214, 0.00020172700169496238, 0.00020343271899037063, 0.0001878059410955757, 0.00018353285850025713, 0.0001796914730221033, 0.00020671314268838614, 0.00017297282465733588, 0.00018086172349285334, 0.00016434145800303668, 0.00016844466153997928, 0.0001713638484943658, 0.0001619476533960551, 0.00016234708891715854, 0.00016100876382552087, 0.00015963776968419552, 0.00015674946189392358, 0.0001529286673758179, 0.00015390869521070272, 0.0001546531420899555, 0.0001573277113493532, 0.00017920086975209415, 0.00014892962644807994, 0.00014811111032031476, 0.00015603222709614784, 0.00014624427421949804, 0.0001453453442081809, 0.00014910052414052188, 0.00014363664377015084, 0.00015494399121962488, 0.00015280884690582752, 0.00014319000183604658, 0.00014252279652282596, 0.0001471689174650237, 0.0001429367548553273, 0.00013982239761389792, 0.00013950606808066368, 0.00014358262706082314, 0.00014409018331207335, 0.0001466445391997695, 0.00014887185534462333, 0.0001475161116104573, 0.00015011811046861112, 0.00014689311501570046, 0.00014539191033691168, 0.00014123128494247794, 0.00014269581879489124], "val_mse": [0.0021469886414706707, 0.0014034875202924013, 0.0009758500382304192, 0.0007257618708536029, 0.0005137132247909904, 0.00039902160642668605, 0.0002844826958607882, 0.00022712994541507214, 0.00020172700169496238, 0.00020343271899037063, 0.0001878059410955757, 0.00018353285850025713, 0.0001796914730221033, 0.00020671314268838614, 0.00017297282465733588, 0.00018086172349285334, 0.00016434145800303668, 0.00016844466153997928, 0.0001713638484943658, 0.0001619476533960551, 0.00016234710346907377, 0.00016100876382552087, 0.00015963776968419552, 0.00015674946189392358, 0.0001529286673758179, 0.00015390869521070272, 0.0001546531420899555, 0.0001573277113493532, 0.00017920086975209415, 0.00014892962644807994, 0.00014811111032031476, 0.00015603222709614784, 0.00014624427421949804, 0.0001453453442081809, 0.00014910052414052188, 0.00014363664377015084, 0.00015494399121962488, 0.00015280884690582752, 0.00014319000183604658, 0.00014252279652282596, 0.0001471689174650237, 0.0001429367548553273, 0.00013982239761389792, 0.00013950606808066368, 0.00014358262706082314, 0.00014409018331207335, 0.0001466445391997695, 0.00014887185534462333, 0.0001475161116104573, 0.0001501180959166959, 0.00014689311501570046, 0.00014539189578499645, 0.00014123128494247794, 0.00014269581879489124]}