{"loss": [0.0011521881679072976, 0.00021837477106601, 0.00010780450247693807, 7.553680916316807e-05, 6.054167533875443e-05, 4.7781068133190274e-05, 4.041174543090165e-05, 3.8188794860616326e-05, 3.5800901969196275e-05, 3.051782914553769e-05, 2.832234531524591e-05, 2.820182817231398e-05, 2.9566595912910998e-05, 2.4318895157193765e-05, 2.39219607465202e-05, 2.1801088223583065e-05, 2.1397718228399754e-05, 2.1573390768026002e-05, 1.9620396415120922e-05, 1.8600470866658725e-05, 1.774639167706482e-05, 1.6618809240753762e-05, 1.749726288835518e-05, 1.8215701857116073e-05, 1.702506051515229e-05, 1.566845821798779e-05, 1.5990182873792946e-05, 1.5552384866168723e-05, 1.422445257048821e-05, 1.4461873433901928e-05, 1.4427961104956921e-05, 1.8340180758968927e-05, 1.4436338460654952e-05, 1.3972956367069855e-05, 1.5036086551845074e-05, 1.2746109860017896e-05, 1.3869854228687473e-05, 1.2473235983634368e-05, 1.229204372066306e-05, 1.1972545507887844e-05, 1.167968730442226e-05, 1.1491230907267891e-05, 1.2824079931306187e-05, 1.0935269528999925e-05, 1.0398603080830071e-05, 1.2360658729448915e-05, 1.1958781215071213e-05, 1.0988056601490825e-05, 9.773304554983042e-06, 1.0708455192798283e-05, 1.17804083856754e-05, 1.0142863175133243e-05, 1.1346985957061406e-05, 1.237359902006574e-05, 9.414109626959544e-06, 1.0417843441246077e-05, 9.679752110969275e-06, 9.112514817388728e-06, 8.73518547450658e-06, 8.833490937831812e-06, 1.1433618055889383e-05, 9.342126759293023e-06, 8.703997991688084e-06, 8.305481969728135e-06, 8.30398130347021e-06, 1.1448439181549475e-05, 8.306384188472293e-06, 8.59811007103417e-06, 8.329273441631813e-06, 8.650992640468758e-06, 8.372936463274527e-06, 7.989326149981935e-06, 7.956351510074455e-06, 1.0126930646947585e-05, 8.747710126044694e-06, 9.790425792743918e-06, 7.668326361454092e-06, 7.2905027082015295e-06, 7.766647286189254e-06, 8.15694329503458e-06, 9.414527085027657e-06, 9.572921953804325e-06, 9.48956312640803e-06, 7.108835234248545e-06, 6.573605787707493e-06, 6.827466222603107e-06, 7.9282626757049e-06, 1.2565194992930628e-05, 6.748876330675557e-06, 6.647940608672798e-06, 6.5214453570661135e-06, 6.506003501272062e-06, 6.346725967887323e-06, 6.48466220809496e-06, 8.353701559826732e-06, 8.201780474337284e-06, 8.097911631921306e-06, 6.565029707417125e-06, 6.67211406835122e-06, 6.496583409898449e-06], "mse": [0.0011521881679072976, 0.00021837477106601, 0.00010780450247693807, 7.553680916316807e-05, 6.054167533875443e-05, 4.7781068133190274e-05, 4.041174543090165e-05, 3.8188794860616326e-05, 3.5800901969196275e-05, 3.051782914553769e-05, 2.832234531524591e-05, 2.820182817231398e-05, 2.9566595912910998e-05, 2.4318895157193765e-05, 2.39219607465202e-05, 2.1801088223583065e-05, 2.1397718228399754e-05, 2.1573390768026002e-05, 1.9620396415120922e-05, 1.8600470866658725e-05, 1.774639167706482e-05, 1.6618809240753762e-05, 1.749726288835518e-05, 1.8215701857116073e-05, 1.702506051515229e-05, 1.566845821798779e-05, 1.5990182873792946e-05, 1.5552384866168723e-05, 1.422445257048821e-05, 1.4461873433901928e-05, 1.4427961104956921e-05, 1.8340180758968927e-05, 1.4436338460654952e-05, 1.3972956367069855e-05, 1.5036086551845074e-05, 1.2746109860017896e-05, 1.3869854228687473e-05, 1.2473235983634368e-05, 1.229204372066306e-05, 1.1972545507887844e-05, 1.167968730442226e-05, 1.1491230907267891e-05, 1.2824079931306187e-05, 1.0935269528999925e-05, 1.0398603080830071e-05, 1.2360658729448915e-05, 1.1958781215071213e-05, 1.0988056601490825e-05, 9.773304554983042e-06, 1.0708455192798283e-05, 1.17804083856754e-05, 1.0142863175133243e-05, 1.1346985957061406e-05, 1.237359902006574e-05, 9.414108717464842e-06, 1.0417843441246077e-05, 9.679752110969275e-06, 9.112514817388728e-06, 8.73518547450658e-06, 8.833490937831812e-06, 1.1433618055889383e-05, 9.342126759293023e-06, 8.703997991688084e-06, 8.305481969728135e-06, 8.30398130347021e-06, 1.1448439181549475e-05, 8.306384188472293e-06, 8.59811007103417e-06, 8.329273441631813e-06, 8.650992640468758e-06, 8.372936463274527e-06, 7.989326149981935e-06, 7.956351510074455e-06, 1.0126930646947585e-05, 8.747710126044694e-06, 9.790425792743918e-06, 7.668326361454092e-06, 7.2905027082015295e-06, 7.766647286189254e-06, 8.156942385539878e-06, 9.414527085027657e-06, 9.572921953804325e-06, 9.48956312640803e-06, 7.108835234248545e-06, 6.573605787707493e-06, 6.827466222603107e-06, 7.9282626757049e-06, 1.2565194992930628e-05, 6.748876330675557e-06, 6.647940608672798e-06, 6.5214453570661135e-06, 6.506003501272062e-06, 6.346725967887323e-06, 6.48466220809496e-06, 8.353701559826732e-06, 8.201780474337284e-06, 8.097911631921306e-06, 6.565029707417125e-06, 6.67211406835122e-06, 6.496583409898449e-06], "val_loss": [0.0004110466979909688, 0.00013045522791799158, 9.420769492862746e-05, 7.632403867319226e-05, 6.001051588100381e-05, 5.2805811719736084e-05, 4.7521818487439305e-05, 4.481477662920952e-05, 4.162735785939731e-05, 3.7806072214152664e-05, 3.554352224455215e-05, 3.486035348032601e-05, 4.305869515519589e-05, 3.208575799362734e-05, 3.4894375858129933e-05, 3.4099775803042576e-05, 2.9226559490780346e-05, 2.9245084078866057e-05, 3.140262924716808e-05, 2.810895057336893e-05, 2.6533305572229438e-05, 2.510231024643872e-05, 2.5607310817576945e-05, 2.5068957256735303e-05, 2.579736064944882e-05, 2.608879003673792e-05, 2.6375953893875703e-05, 2.254436185467057e-05, 2.4731709345360287e-05, 2.7798507289844565e-05, 2.48040996666532e-05, 2.758089976850897e-05, 2.779303031275049e-05, 2.1887351977056824e-05, 2.4966961063910276e-05, 2.8050944820279256e-05, 2.3249987862072885e-05, 2.1381514670792967e-05, 3.247438507969491e-05, 2.1665044187102467e-05, 2.1297337298165075e-05, 2.4875636881915852e-05, 1.9946992324548773e-05, 1.9793871615547687e-05, 1.9877810700563714e-05, 2.135368595190812e-05, 2.005016358452849e-05, 1.8494247342459857e-05, 2.0303583369241096e-05, 2.1600539184873924e-05, 2.176366797357332e-05, 2.158598908863496e-05, 1.8523060134612024e-05, 2.1962854589219205e-05, 1.811745278246235e-05, 2.189676888519898e-05, 1.8851867935154587e-05, 1.905213503050618e-05, 1.9193694242858328e-05, 1.9578272258513607e-05, 1.8257978808833286e-05, 2.197397952841129e-05, 1.8986367649631575e-05, 1.8446749891154468e-05, 1.7434455003240146e-05, 1.910046375996899e-05, 1.688003249000758e-05, 1.8537650248617865e-05, 1.6352363672922365e-05, 1.6704232621123083e-05, 1.874475674412679e-05, 1.6817082723719068e-05, 1.9130819055135362e-05, 1.925543801917229e-05, 1.7170526916743256e-05, 1.6212015907512978e-05, 1.7860165826277807e-05, 1.6590924133197404e-05, 1.934750071086455e-05, 1.6990752556012012e-05, 1.8363925846642815e-05, 2.9864435418858193e-05, 1.5634090232197195e-05, 1.5729521692264825e-05, 1.6050546037149616e-05, 1.794694981072098e-05, 1.6763970052124932e-05, 1.581802098371554e-05, 1.603314194653649e-05, 1.542923564556986e-05, 1.6108944691950455e-05, 1.5446390534634702e-05, 1.6555308320675977e-05, 1.7497053704573773e-05, 1.952396814886015e-05, 2.0667928765760735e-05, 1.62418837135192e-05, 1.6172652976820245e-05, 1.5994373825378716e-05, 1.577520015416667e-05],