{"loss": [0.0024615591391921043, 0.001202383660711348, 0.0005204015178605914, 0.0003402326547075063, 0.0003070804523304105, 0.0002828011056408286, 0.00027567445067688823, 0.00024534715339541435, 0.0002408217842457816, 0.0002387168788118288, 0.00022242512204684317, 0.0002170019579352811, 0.0002133477828465402, 0.00021526064665522426, 0.00020674873667303473, 0.00020407472038641572, 0.00020402211521286517, 0.00020377956388983876, 0.0001967570569831878, 0.00019322906155139208, 0.00018764688866212964, 0.0001960573863470927, 0.0001896369067253545, 0.0001923815143527463, 0.00019052732386626303, 0.00019830513338092715, 0.00020161652355454862, 0.00018085572810377926, 0.00018548095249570906, 0.00017856067279353738], "mse": [0.0024615591391921043, 0.001202383660711348, 0.0005204014596529305, 0.0003402326547075063, 0.0003070804523304105, 0.0002828011056408286, 0.00027567445067688823, 0.00024534715339541435, 0.0002408217842457816, 0.0002387168788118288, 0.00022242512204684317, 0.0002170019579352811, 0.0002133477828465402, 0.00021526064665522426, 0.00020674873667303473, 0.00020407472038641572, 0.00020402211521286517, 0.00020377956388983876, 0.0001967570569831878, 0.00019322906155139208, 0.00018764688866212964, 0.0001960573863470927, 0.0001896369067253545, 0.0001923815143527463, 0.00019052732386626303, 0.00019830513338092715, 0.00020161652355454862, 0.00018085572810377926, 0.00018548095249570906, 0.00017856067279353738], "val_loss": [0.002124208491295576, 0.0008419326622970402, 0.00043914132402278483, 0.000396451388951391, 0.0003578740288503468, 0.000362518650945276, 0.0003313896886538714, 0.000336075114319101, 0.00033688367693684995, 0.0003132736310362816, 0.00030256120953708887, 0.00029491743771359324, 0.00032875698525458574, 0.00029897320200689137, 0.00028668061713688076, 0.0002970929490402341, 0.0002929778420366347, 0.0002797217748593539, 0.0002912346099037677, 0.00027232823777012527, 0.0002874717174563557, 0.00030143558979034424, 0.0002981990692205727, 0.00027936522383242846, 0.0002892424236051738, 0.0003095241554547101, 0.00028316062525846064, 0.0002843364782165736, 0.0002810795558616519, 0.0002727925020735711], "val_mse": [0.002124208491295576, 0.0008419327205047011, 0.00043914132402278483, 0.000396451388951391, 0.0003578740288503468, 0.00036251862184144557, 0.0003313896886538714, 0.000336075114319101, 0.00033688367693684995, 0.0003132736310362816, 0.00030256120953708887, 0.00029491743771359324, 0.00032875698525458574, 0.00029897320200689137, 0.00028668061713688076, 0.0002970929490402341, 0.0002929778420366347, 0.0002797217748593539, 0.0002912346099037677, 0.0002723282086662948, 0.0002874717174563557, 0.00030143558979034424, 0.0002981990692205727, 0.00027936522383242846, 0.0002892424236051738, 0.0003095241554547101, 0.00028316062525846064, 0.0002843364200089127, 0.0002810795558616519, 0.0002727925020735711]}