{"loss": [0.0023256500717252493, 0.001889467821456492, 0.001404283568263054, 0.0008691994589753449, 0.0005132175283506513, 0.0002942038991022855, 0.00018348972662352026, 0.00013154078624211252, 0.00012030576181132346, 0.00010143539111595601, 9.348685125587508e-05, 7.926572288852185e-05, 7.227250898722559e-05, 6.53238021186553e-05, 6.28570414846763e-05, 5.583551319432445e-05, 4.9382484576199204e-05, 4.555395571514964e-05, 4.437819370650686e-05, 4.103622995899059e-05, 3.655414184322581e-05, 3.800910053541884e-05, 3.4673590562306345e-05, 3.5400262277107686e-05, 3.3276846806984395e-05, 3.254817420383915e-05, 2.9700109735131264e-05, 2.7115111151942983e-05, 2.5649136659922078e-05, 2.495272747182753e-05, 2.4564433260820806e-05, 2.462460906826891e-05, 2.407709507679101e-05, 2.375769145146478e-05, 2.3143076759879477e-05, 2.12058330362197e-05, 2.2348556740325876e-05, 2.1385598302003928e-05, 2.0026887796120718e-05, 2.058677091554273e-05, 2.1430570996017195e-05, 1.8847589672077447e-05, 1.8893148080678657e-05, 1.8746133719105273e-05, 1.81970426638145e-05, 1.8548156731412746e-05, 1.6983181922114454e-05, 1.6570298612350598e-05], "mse": [0.0023256500717252493, 0.001889467821456492, 0.001404283568263054, 0.0008691994589753449, 0.0005132175283506513, 0.0002942038991022855, 0.00018348972662352026, 0.00013154078624211252, 0.00012030576181132346, 0.00010143539111595601, 9.348685125587508e-05, 7.926572288852185e-05, 7.227250898722559e-05, 6.53238021186553e-05, 6.28570414846763e-05, 5.583551319432445e-05, 4.9382484576199204e-05, 4.555395571514964e-05, 4.437819370650686e-05, 4.103622632101178e-05, 3.655414184322581e-05, 3.800910053541884e-05, 3.4673590562306345e-05, 3.5400262277107686e-05, 3.3276846806984395e-05, 3.254817420383915e-05, 2.9700109735131264e-05, 2.7115111151942983e-05, 2.5649136659922078e-05, 2.495272747182753e-05, 2.4564433260820806e-05, 2.462460906826891e-05, 2.407709507679101e-05, 2.375769145146478e-05, 2.3143076759879477e-05, 2.12058330362197e-05, 2.2348556740325876e-05, 2.1385598302003928e-05, 2.0026887796120718e-05, 2.058677091554273e-05, 2.1430570996017195e-05, 1.8847589672077447e-05, 1.8893148080678657e-05, 1.8746133719105273e-05, 1.81970426638145e-05, 1.8548156731412746e-05, 1.6983181922114454e-05, 1.6570298612350598e-05], "val_loss": [0.001890306593850255, 0.0015484385658055544, 0.0010954150930047035, 0.0006992225535213947, 0.00041878363117575645, 0.00022942715440876782, 0.00014099139661993831, 0.00011449445446487516, 0.00014295053551904857, 9.836043318500742e-05, 0.00010143765393877402, 9.769971075002104e-05, 8.478103700326756e-05, 9.164639050140977e-05, 7.652236672583967e-05, 7.176854705903679e-05, 8.206854545278475e-05, 7.385637582046911e-05, 7.699943671468645e-05, 7.162944530136883e-05, 8.043101115617901e-05, 7.041673234198242e-05, 7.217963866423815e-05, 8.369209535885602e-05, 7.366683712461963e-05, 7.175013161031529e-05, 7.302764424821362e-05, 7.166115392465144e-05, 7.040746277198195e-05, 7.32505795895122e-05, 7.634417852386832e-05, 6.999463948886842e-05, 7.122755778254941e-05, 7.11510656401515e-05, 7.270985224749893e-05, 7.285024912562221e-05, 7.134799670893699e-05, 6.793234206270427e-05, 7.088186976034194e-05, 8.072071068454534e-05, 7.178762461990118e-05, 7.385281060123816e-05, 7.861536141717806e-05, 7.654805813217536e-05, 6.866457260912284e-05, 7.350923988269642e-05, 6.989701796555892e-05, 7.084144453983754e-05], "val_mse": [0.001890306593850255, 0.0015484385658055544, 0.0010954150930047035, 0.0006992225535213947, 0.00041878363117575645, 0.00022942715440876782, 0.00014099139661993831, 0.00011449446901679039, 0.00014295053551904857, 9.836043318500742e-05, 0.00010143765393877402, 9.769969619810581e-05, 8.478104427922517e-05, 9.164639050140977e-05, 7.652236672583967e-05, 7.176854705903679e-05, 8.206854545278475e-05, 7.385637582046911e-05, 7.699944399064407e-05, 7.162944530136883e-05, 8.043101115617901e-05, 7.041673234198242e-05, 7.217963866423815e-05, 8.369209535885602e-05, 7.366683712461963e-05, 7.175013161031529e-05, 7.302764424821362e-05, 7.166115392465144e-05, 7.040746277198195e-05, 7.32505795895122e-05, 7.634419307578355e-05, 6.999463948886842e-05, 7.122755778254941e-05, 7.11510656401515e-05, 7.270985224749893e-05, 7.28502418496646e-05, 7.134799670893699e-05, 6.793234206270427e-05, 7.088186976034194e-05, 8.072071068454534e-05, 7.178762461990118e-05, 7.385281060123816e-05, 7.861536141717806e-05, 7.654805813217536e-05, 6.866457260912284e-05, 7.350923988269642e-05, 6.989701796555892e-05, 7.084144453983754e-05]}