{"loss": [0.019609427079558372, 0.008909469470381737, 0.0038114646449685097, 0.0017017051577568054, 0.0011175009422004223, 0.0008435677736997604, 0.0006790946936234832, 0.0005561215220950544, 0.00048168201465159655, 0.000458601483842358, 0.0003734506026376039, 0.0003246646374464035, 0.00029979782993905246, 0.00025532435392960906, 0.000245084025664255, 0.0002100719721056521, 0.0002063037100015208, 0.00019730080384761095, 0.0001801037578843534, 0.0001604619319550693, 0.00015552130935247988, 0.0001529671426396817, 0.00016764544125180691, 0.00013971177395433187, 0.00016071373829618096, 0.0001715158432489261, 0.00014847716374788433, 0.0001275973190786317, 0.00011123868898721412, 0.00012186806998215616, 0.00012932448589708656, 0.00011345046368660405, 9.886887710308656e-05, 9.34694689931348e-05, 0.00010968915012199432, 0.00010143222607439384, 8.970101043814793e-05, 8.611346856923774e-05, 8.773554873187095e-05, 8.471916225971654e-05, 7.561045640613884e-05, 7.888617983553559e-05, 8.62381057231687e-05, 8.591580262873322e-05, 7.837235170882195e-05, 7.573910988867283e-05, 7.319776341319084e-05, 8.009699376998469e-05, 6.787916936445981e-05, 8.229297236539423e-05, 6.788852624595165e-05, 6.59901270410046e-05, 7.013676076894626e-05, 8.236550638685003e-05, 8.376991172553971e-05, 6.896314152982086e-05, 7.388578524114564e-05, 7.729930803179741e-05, 7.02761608408764e-05, 5.766272442997433e-05, 6.227786798262969e-05, 8.57818013173528e-05, 7.30106548871845e-05, 7.982039824128151e-05, 6.81228848407045e-05, 5.6525754189351574e-05, 6.556160951731727e-05, 7.947439007693902e-05, 5.949044498265721e-05, 5.4398657084675506e-05, 5.9419948229333386e-05, 5.501570558408275e-05, 5.1295224693603814e-05, 5.8682053349912167e-05, 6.957469304325059e-05, 6.67769490974024e-05, 5.677279841620475e-05, 4.92721883347258e-05, 4.86760945932474e-05, 6.93781694280915e-05, 5.3123938414501026e-05, 6.101450344431214e-05, 6.0602524172281846e-05, 5.210517338127829e-05, 4.666144013754092e-05, 5.1030594477197155e-05], "mse": [0.019609427079558372, 0.008909469470381737, 0.0038114646449685097, 0.0017017051577568054, 0.0011175008257851005, 0.0008435677736997604, 0.0006790946936234832, 0.0005561215220950544, 0.00048168201465159655, 0.000458601483842358, 0.0003734506026376039, 0.0003246646374464035, 0.00029979782993905246, 0.00025532435392960906, 0.000245084025664255, 0.0002100719721056521, 0.0002063037100015208, 0.00019730080384761095, 0.0001801037578843534, 0.0001604619319550693, 0.00015552130935247988, 0.0001529671426396817, 0.00016764544125180691, 0.00013971177395433187, 0.00016071373829618096, 0.0001715158432489261, 0.00014847716374788433, 0.0001275973190786317, 0.00011123868898721412, 0.00012186806998215616, 0.00012932448589708656, 0.00011345046368660405, 9.886887710308656e-05, 9.34694689931348e-05, 0.00010968915012199432, 0.00010143222607439384, 8.970101043814793e-05, 8.611346856923774e-05, 8.773554873187095e-05, 8.471917681163177e-05, 7.561045640613884e-05, 7.888617255957797e-05, 8.62381057231687e-05, 8.591580262873322e-05, 7.837235170882195e-05, 7.573910988867283e-05, 7.319776341319084e-05, 8.00970010459423e-05, 6.787916936445981e-05, 8.229297236539423e-05, 6.788852624595165e-05, 6.59901270410046e-05, 7.013676076894626e-05, 8.236550638685003e-05, 8.376992627745494e-05, 6.896314152982086e-05, 7.388578524114564e-05, 7.729930803179741e-05, 7.02761608408764e-05, 5.766272442997433e-05, 6.227788253454491e-05, 8.57818013173528e-05, 7.30106548871845e-05, 7.982039824128151e-05, 6.81228848407045e-05, 5.6525754189351574e-05, 6.556160951731727e-05, 7.947439007693902e-05, 5.949044498265721e-05, 5.4398657084675506e-05, 5.9419948229333386e-05, 5.501570558408275e-05, 5.1295224693603814e-05, 5.8682053349912167e-05, 6.957469304325059e-05, 6.67769490974024e-05, 5.677279841620475e-05, 4.92721883347258e-05, 4.86760945932474e-05, 6.93781694280915e-05, 5.3123938414501026e-05, 6.101450344431214e-05, 6.0602524172281846e-05, 5.210517338127829e-05, 4.666144013754092e-05, 5.1030594477197155e-05], "val_loss": [0.01508955005556345, 0.006794436369091272, 0.002122860634699464, 0.0016162678366526961, 0.000805347110144794, 0.0008827170822769403, 0.000543741974979639, 0.0004859847540501505, 0.0004933792515657842, 0.00040205579716712236, 0.0003386976895853877, 0.0003346508019603789, 0.000305149529594928, 0.0002794561441987753, 0.0002605455811135471, 0.0002561930159572512, 0.0003206680703442544, 0.00022491799609269947, 0.00020358631445560604, 0.00021852417557965964, 0.00021446119353640825, 0.00019854557467624545, 0.00022291188361123204, 0.00020940347167197615, 0.00017310956900473684, 0.0002126673934981227, 0.00019308483751956373, 0.0001871720887720585, 0.00016604283882770687, 0.00019712561334017664, 0.00021607695089187473, 0.00017473302432335913, 0.00015389254258479923, 0.00016758887795731425, 0.00015378775424323976, 0.0001650659687584266, 0.00014534241927322, 0.00015136439469642937, 0.00014497643860522658, 0.00013326859334483743, 0.00014019172522239387, 0.0001391290861647576, 0.00017438706709071994, 0.000150190680869855, 0.00013527019473258406, 0.00013303042214829475, 0.00013533180754166096, 0.00013354160182643682, 0.00013005294022150338, 0.00014440690574701875, 0.00012524129124358296, 0.00012988403614144772, 0.00013258526450954378, 0.0002782187657430768, 0.00012575258733704686, 0.00012385804438963532, 0.0001300671574426815, 0.00014495934010483325, 0.00012787050218321383, 0.00012698586215265095, 0.00012076769780833274, 0.0002202292380388826, 0.00013436381414067, 0.000129557098262012, 0.00012351271288935095, 0.00012598095054272562, 0.00015812393394298851, 0.0001312938693445176, 0.00011980497220065445, 0.0001252858928637579, 0.0001214586227433756, 0.0001284106692764908, 0.00012300962407607585, 0.00012279370275791734, 0.00017392696463502944, 0.00011052185436710715, 0.00011500519758556038, 0.00011200142034795135, 0.00011928043386433274, 0.0001536177151137963, 0.00012821584823541343, 0.00014032245962880552, 0.00012214596790727228, 0.00012344098649919033, 0.000113140900793951, 0.00011623760656220838],