{"loss": [0.0010631605982780457, 0.00014937955711502582, 8.027894364204258e-05, 5.765109744970687e-05, 4.716148760053329e-05, 4.156031718594022e-05, 3.623056909418665e-05, 3.11308576783631e-05, 2.92640870611649e-05, 2.7696038159774616e-05, 2.5055722289835103e-05, 2.2841482859803364e-05, 2.0343779397080652e-05, 2.017249607888516e-05, 2.08648998523131e-05, 1.9273897123639472e-05, 1.786602479114663e-05, 1.6297823094646446e-05, 1.799813071556855e-05, 1.3930345630797092e-05, 1.4705608919030055e-05, 1.3535139260056894e-05, 1.4116737474978436e-05, 1.2952573342772666e-05, 1.2832341781177092e-05, 1.300938401982421e-05, 1.164228524430655e-05, 1.2677675840677693e-05, 1.171621261164546e-05, 1.1743532922992017e-05, 1.3868536370864604e-05, 9.997606866818387e-06, 9.808560207602568e-06, 9.81169523583958e-06, 9.942788892658427e-06, 1.0609905984892976e-05, 9.117424269788899e-06, 9.13972962734988e-06, 1.0062997716886457e-05, 1.038269965647487e-05, 8.18759963294724e-06, 9.509187293588184e-06, 8.061377229751088e-06, 9.603902981325518e-06, 1.1348533007549122e-05, 8.725261068320833e-06, 7.83182531449711e-06, 7.014225047896616e-06, 8.361733307538088e-06, 7.33731849322794e-06, 7.0189462348935194e-06, 6.665286491625011e-06, 6.990903784753755e-06, 7.920996722532436e-06, 8.100277227640618e-06, 7.38356948204455e-06, 7.570190973638091e-06, 5.967689048702596e-06, 7.642020136700012e-06, 7.040066975605441e-06, 6.050815500202589e-06, 6.200313691806514e-06, 6.452724846894853e-06, 6.029363248671871e-06, 7.106375960574951e-06, 5.825164407724515e-06, 5.723530193790793e-06, 6.217509053385584e-06, 5.726400559069589e-06, 5.949380465608556e-06, 5.768287337559741e-06, 6.0215015764697455e-06, 5.532452632905915e-06, 4.979131063009845e-06, 5.287816293275682e-06, 5.824825620948104e-06], "mse": [0.0010631605982780457, 0.00014937955711502582, 8.027894364204258e-05, 5.765109744970687e-05, 4.716148760053329e-05, 4.156031718594022e-05, 3.623056909418665e-05, 3.11308576783631e-05, 2.92640870611649e-05, 2.7696038159774616e-05, 2.5055722289835103e-05, 2.2841482859803364e-05, 2.0343779397080652e-05, 2.017249607888516e-05, 2.08648998523131e-05, 1.9273897123639472e-05, 1.786602479114663e-05, 1.6297823094646446e-05, 1.7998128896579146e-05, 1.3930345630797092e-05, 1.4705608919030055e-05, 1.3535139260056894e-05, 1.4116737474978436e-05, 1.2952573342772666e-05, 1.2832341781177092e-05, 1.300938401982421e-05, 1.164228524430655e-05, 1.2677675840677693e-05, 1.171621261164546e-05, 1.1743532922992017e-05, 1.3868536370864604e-05, 9.997606866818387e-06, 9.808560207602568e-06, 9.81169523583958e-06, 9.942788892658427e-06, 1.0609905984892976e-05, 9.117424269788899e-06, 9.139730536844581e-06, 1.0062997716886457e-05, 1.038269965647487e-05, 8.18759963294724e-06, 9.509187293588184e-06, 8.061377229751088e-06, 9.603902981325518e-06, 1.1348533007549122e-05, 8.725261068320833e-06, 7.83182531449711e-06, 7.014225047896616e-06, 8.361733307538088e-06, 7.33731849322794e-06, 7.0189462348935194e-06, 6.665286491625011e-06, 6.990903784753755e-06, 7.920996722532436e-06, 8.100277227640618e-06, 7.38356948204455e-06, 7.570190973638091e-06, 5.967689048702596e-06, 7.642020136700012e-06, 7.040066975605441e-06, 6.050815500202589e-06, 6.200313691806514e-06, 6.452724846894853e-06, 6.029363248671871e-06, 7.106375960574951e-06, 5.825164407724515e-06, 5.723530193790793e-06, 6.217509053385584e-06, 5.726400559069589e-06, 5.949380465608556e-06, 5.768287337559741e-06, 6.0215015764697455e-06, 5.532452632905915e-06, 4.979131063009845e-06, 5.287816293275682e-06, 5.824825620948104e-06], "val_loss": [0.0003029471554327756, 0.00010443731298437342, 7.288463530130684e-05, 5.8735316997626796e-05, 6.603976362384856e-05, 4.621717016561888e-05, 4.234514562995173e-05, 3.7637673813151196e-05, 3.6091747460886836e-05, 3.555132934707217e-05, 2.7516913178260438e-05, 2.7952452001045458e-05, 2.6851077564060688e-05, 2.9543223718064837e-05, 2.8588128770934418e-05, 2.4227900212281384e-05, 2.2927855752641335e-05, 3.157159881084226e-05, 2.1123449187143706e-05, 2.1193678549025208e-05, 1.9925319065805525e-05, 3.3524098398629576e-05, 1.844939288275782e-05, 1.8578846720629372e-05, 1.699235690466594e-05, 1.7514095816295594e-05, 2.146804217773024e-05, 1.66664340213174e-05, 1.8265827748109587e-05, 3.3133619581349194e-05, 1.547036117699463e-05, 1.4738675417902414e-05, 1.7706805010675453e-05, 1.4465406820818316e-05, 1.4584672499040607e-05, 1.4940676010155585e-05, 2.010937714658212e-05, 1.5552252079942264e-05, 1.9785225958912633e-05, 1.328702910541324e-05, 1.355375843559159e-05, 1.3525931535696145e-05, 1.265427636099048e-05, 2.4182205379474908e-05, 1.291572698391974e-05, 1.5327072105719708e-05, 1.458783390262397e-05, 1.3730679711443372e-05, 1.3449666766973678e-05, 1.2551818144856952e-05, 1.1701850780809764e-05, 1.194465767184738e-05, 1.1444641131674871e-05, 1.4493281923932955e-05, 1.4554672816302627e-05, 1.193307889479911e-05, 1.2488732863857877e-05, 1.3786136150883976e-05, 1.5356943549704738e-05, 1.1698326488840394e-05, 1.1234273188165389e-05, 1.1108502803836018e-05, 1.2003283700323664e-05, 1.0816080248332582e-05, 1.092907041311264e-05, 1.0380373169027735e-05, 1.4546754755428992e-05, 1.1066960723837838e-05, 1.6629695892333984e-05, 1.2390482879709452e-05, 1.1939861906284932e-05, 1.1110666491731536e-05, 1.0985589142364915e-05, 1.224332572746789e-05, 1.1239917512284592e-05, 1.4261308933782857e-05], "val_mse": [0.0003029471554327756, 0.00010443732026033103, 7.288463530130684e-05, 5.8735316997626796e-05, 6.603976362384856e-05, 4.621717016561888e-05, 4.234514562995173e-05, 3.7637673813151196e-05, 3.6091747460886836e-05, 3.555132934707217e-05, 2.7516913178260438e-05, 2.7952452001045458e-05, 2.6851077564060688e-05, 2.9543223718064837e-05, 2.8588128770934418e-05, 2.4227900212281384e-05, 2.2927855752641335e-05, 3.157159881084226e-05, 2.1123449187143706e-05, 2.1193678549025208e-05, 1.9925319065805525e-05, 3.3524098398629576e-05, 1.844939288275782e-05, 1.8578846720629372e-05, 1.699235690466594e-05, 1.7514095816295594e-05, 2.146804217773024e-05, 1.66664340213174e-05, 1.8265827748109587e-05, 3.3133619581349194e-05, 1.5470359358005226e-05, 1.4738675417902414e-05, 1.7706805010675453e-05, 1.4465406820818316e-05, 1.4584672499040607e-05, 1.4940676010155585e-05, 2.010937714658212e-05, 1.5552252079942264e-05, 1.9785225958912633e-05, 1.328702910541324e-05, 1.355375843559159e-05, 1.3525931535696145e-05, 1.265427636099048e-05, 2.4182205379474908e-05, 1.291572698391974e-05, 1.5327072105719708e-05, 1.458783390262397e-05, 1.3730679711443372e-05, 1.3449666766973678e-05, 1.2551818144856952e-05, 1.1701850780809764e-05, 1.194465767184738e-05, 1.1444641131674871e-05, 1.4493281923932955e-05, 1.4554672816302627e-05, 1.193307889479911e-05, 1.2488733773352578e-05, 1.3786136150883976e-05, 1.5356943549704738e-05, 1.1698326488840394e-05, 1.1234273188165389e-05, 1.1108502803836018e-05, 1.2003283700323664e-05, 1.0816080248332582e-05, 1.092907041311264e-05, 1.0380373169027735e-05, 1.4546754755428992e-05, 1.1066960723837838e-05, 1.6629695892333984e-05, 1.2390482879709452e-05, 1.1939861906284932e-05, 1.1110666491731536e-05, 1.0985589142364915e-05, 1.224332572746789e-05, 1.1239917512284592e-05, 1.4261308933782857e-05]}