{"loss": [0.002073220442980528, 0.0014400857035070658, 0.0009055644040927291, 0.0006091731484048069, 0.00042737656622193754, 0.00028755550738424063, 0.00020770030096173286, 0.00016198513912968338, 0.0001355969870928675, 0.00011963500583078712, 0.00011084888683399186, 9.625281381886452e-05, 8.834616892272606e-05, 7.466570968972519e-05, 6.660087092313915e-05, 6.027368362993002e-05, 5.655365021084435e-05, 5.195214180275798e-05, 4.7691413783468306e-05, 4.492449079407379e-05, 4.1294457332696766e-05, 3.931043829652481e-05, 3.79243356292136e-05, 4.0015198464971036e-05, 3.6015007935930043e-05, 3.311094405944459e-05, 3.4392287489026785e-05, 3.292183464509435e-05, 3.126722731394693e-05, 2.970005152747035e-05, 2.6965073629980907e-05, 2.5707122404128313e-05, 2.3777629394317046e-05, 2.423684418317862e-05, 2.434140697005205e-05, 2.1460504285641946e-05, 2.049618706223555e-05, 2.1167003069422208e-05, 2.0553025024128146e-05, 1.9700060875038616e-05, 1.8790718968375586e-05, 1.8300601368537173e-05, 1.867685750767123e-05, 1.8720447769737802e-05, 1.8315156921744347e-05, 1.8859285773942247e-05, 1.9121449440717697e-05, 1.6632006008876488e-05, 1.535043520561885e-05, 1.4780271158087999e-05, 1.4814910173299722e-05, 1.5770037862239406e-05, 1.6387493815273046e-05, 1.5254472600645386e-05, 1.4302085219242144e-05, 1.3169823432690464e-05, 1.3858814781997353e-05, 1.3042427781329025e-05, 1.3130598745192401e-05, 1.7013377146213315e-05, 1.597690788912587e-05, 1.694564343779348e-05, 1.5658919437555596e-05, 1.4997493053670041e-05, 1.3333122296899091e-05, 1.3418024536804296e-05, 1.3098052477289457e-05, 1.1678796909109224e-05, 1.1169897334184498e-05, 1.05176313809352e-05, 1.0321998161089141e-05, 1.1290603652014397e-05, 1.0613008271320723e-05, 1.1568352419999428e-05, 9.990092621592339e-06, 1.1153215382364579e-05, 9.62827107287012e-06, 9.84741473075701e-06, 1.0157304132007994e-05, 1.094384970201645e-05, 1.017429258354241e-05, 9.588382454239763e-06, 1.3539550309360493e-05, 1.1171444384672213e-05, 1.0710877177189104e-05, 1.1337070645822678e-05, 1.0600938367133494e-05, 9.449905519431923e-06, 1.0147243301616982e-05, 1.0223439858236816e-05, 9.151900485449005e-06, 8.497605449520051e-06, 8.474768947053235e-06, 9.796891390578821e-06, 1.0353235666116234e-05, 8.38806045067031e-06, 9.652753760747146e-06, 8.790512765699532e-06, 8.66468053573044e-06, 9.261419108952396e-06, 8.074867764662486e-06, 8.172098205250222e-06, 7.30968895368278e-06], "mse": [0.002073220442980528, 0.0014400857035070658, 0.0009055644040927291, 0.0006091731484048069, 0.00042737656622193754, 0.00028755550738424063, 0.00020770030096173286, 0.00016198513912968338, 0.0001355969870928675, 0.00011963500583078712, 0.00011084888683399186, 9.625281381886452e-05, 8.834616892272606e-05, 7.466570968972519e-05, 6.660087092313915e-05, 6.027368362993002e-05, 5.655365021084435e-05, 5.195214180275798e-05, 4.7691413783468306e-05, 4.492449079407379e-05, 4.1294457332696766e-05, 3.9310441934503615e-05, 3.79243356292136e-05, 4.0015198464971036e-05, 3.6015007935930043e-05, 3.311094405944459e-05, 3.4392287489026785e-05, 3.292183464509435e-05, 3.126722731394693e-05, 2.970005152747035e-05, 2.6965073629980907e-05, 2.5707122404128313e-05, 2.3777629394317046e-05, 2.423684418317862e-05, 2.434140697005205e-05, 2.1460504285641946e-05, 2.049618706223555e-05, 2.1167003069422208e-05, 2.0553025024128146e-05, 1.9700060875038616e-05, 1.8790718968375586e-05, 1.8300601368537173e-05, 1.867685750767123e-05, 1.8720447769737802e-05, 1.8315156921744347e-05, 1.8859285773942247e-05, 1.9121449440717697e-05, 1.6632006008876488e-05, 1.535043520561885e-05, 1.4780271158087999e-05, 1.4814910173299722e-05, 1.5770037862239406e-05, 1.6387493815273046e-05, 1.5254472600645386e-05, 1.4302085219242144e-05, 1.3169823432690464e-05, 1.3858814781997353e-05, 1.3042427781329025e-05, 1.3130598745192401e-05, 1.7013377146213315e-05, 1.597690788912587e-05, 1.694564343779348e-05, 1.5658919437555596e-05, 1.4997493053670041e-05, 1.3333122296899091e-05, 1.3418024536804296e-05, 1.3098052477289457e-05, 1.167879509011982e-05, 1.1169897334184498e-05, 1.05176313809352e-05, 1.0321998161089141e-05, 1.1290603652014397e-05, 1.0613008271320723e-05, 1.1568352419999428e-05, 9.990092621592339e-06, 1.1153215382364579e-05, 9.62827107287012e-06, 9.84741473075701e-06, 1.0157304132007994e-05, 1.094384970201645e-05, 1.017429258354241e-05, 9.588382454239763e-06, 1.3539550309360493e-05, 1.1171444384672213e-05, 1.0710877177189104e-05, 1.1337070645822678e-05, 1.0600938367133494e-05, 9.449905519431923e-06, 1.0147243301616982e-05, 1.0223439858236816e-05, 9.151900485449005e-06, 8.497605449520051e-06, 8.474768947053235e-06, 9.796892300073523e-06, 1.0353235666116234e-05, 8.38806045067031e-06, 9.652753760747146e-06, 8.790512765699532e-06, 8.66468053573044e-06, 9.261419108952396e-06, 8.074866855167784e-06, 8.172098205250222e-06, 7.30968895368278e-06], "val_loss": [0.0015100209275260568, 0.0012004108866676688, 0.0009134543943218887, 0.0008312578429467976, 0.0006098640151321888, 0.00036404188722372055, 0.00027885125018656254, 0.0002225712814833969, 0.0001966749841812998, 0.00016550545115023851, 0.00016956511535681784, 0.00013842078624293208, 0.0001610721374163404, 0.00011713315325323492, 0.00011139820708194748, 0.0001124332775361836, 8.915372745832428e-05, 8.765146776568145e-05, 8.754460577620193e-05, 9.410166967427358e-05, 7.42482952773571e-05, 8.037286897888407e-05, 7.10511376382783e-05, 8.232679101638496e-05, 7.246951281558722e-05, 6.299279630184174e-05, 6.179562478791922e-05, 6.698196375509724e-05, 6.542589835589752e-05, 5.6390817917417735e-05, 5.11862090206705e-05, 5.020859680371359e-05, 5.7178385759470984e-05, 4.972638635081239e-05, 4.7718196583446115e-05, 4.550892481347546e-05, 4.525684198597446e-05, 4.987829743186012e-05, 4.5222714106785133e-05, 4.582461770041846e-05, 4.406920197652653e-05, 4.129931767238304e-05, 4.187005470157601e-05, 4.158802403253503e-05, 3.936993743991479e-05, 4.9707228754414245e-05, 4.24384415964596e-05, 3.826784814009443e-05, 3.937379369745031e-05, 4.3346761231077835e-05, 3.9239901525434107e-05, 4.005396840511821e-05, 4.052927761222236e-05, 3.806599852396175e-05, 3.8786900404375046e-05, 4.3116182496305555e-05, 3.893142638844438e-05, 3.6553366953739896e-05, 3.789295078604482e-05, 3.81791869585868e-05, 3.688714059535414e-05, 4.548413198790513e-05, 3.6990772059652954e-05, 3.615748573793098e-05, 3.804014340857975e-05, 4.162980985711329e-05, 3.8660709833493456e-05, 3.810292764683254e-05, 3.51358248735778e-05, 3.460560037638061e-05, 3.5948247386841103e-05, 3.597186878323555e-05, 3.730340540641919e-05, 3.4556756872916594e-05, 3.705735434778035e-05, 3.484259286778979e-05, 3.669724173960276e-05, 3.331415791762993e-05, 3.468796057859436e-05, 3.702206231537275e-05, 3.594343434087932e-05, 3.4226766729261726e-05, 3.4552263969089836e-05, 3.420239227125421e-05, 4.0612190787214786e-05, 3.315695721539669e-05, 3.488485890557058e-05, 3.349677353980951e-05, 3.400081186555326e-05, 3.415793617023155e-05, 3.5382061469135806e-05, 3.311349792056717e-05, 3.254615148762241e-05, 3.365849988767877e-05, 3.60212943633087e-05, 3.55173324351199e-05, 3.8742771721445024e-05, 3.602205470087938e-05, 3.6578585422830656e-05, 3.6873261706205085e-05, 3.386789103387855e-05, 3.313624984002672e-05, 3.5080509405815974e-05],