{"loss": [0.0026784813962876797, 0.0021945866756141186, 0.0017334306612610817, 0.001372606260702014, 0.0010753714013844728, 0.0008078363025560975, 0.0006761675467714667, 0.0005921061965636909, 0.0005850385641679168, 0.0005417966167442501, 0.0005274616996757686, 0.0005063320859335363, 0.0005027098231948912, 0.0004958515055477619, 0.0004953992902301252, 0.0004845313378609717, 0.00047686524339951575, 0.00046696499339304864, 0.00046791756176389754, 0.00046034305705688894, 0.0004495609027799219, 0.0004442031495273113, 0.00044376178993843496, 0.00044665150926448405, 0.00044779485324397683, 0.0004482658114284277, 0.00045641156611964107, 0.000434085086453706, 0.00042316660983487964, 0.0004216135130263865], "mse": [0.0026784813962876797, 0.0021945866756141186, 0.0017334306612610817, 0.001372606260702014, 0.0010753714013844728, 0.0008078363025560975, 0.0006761675467714667, 0.0005921061965636909, 0.0005850385641679168, 0.0005417966167442501, 0.0005274616996757686, 0.0005063320859335363, 0.0005027098231948912, 0.0004958515055477619, 0.0004953992902301252, 0.0004845313378609717, 0.00047686524339951575, 0.00046696499339304864, 0.00046791756176389754, 0.00046034305705688894, 0.0004495609027799219, 0.0004442031495273113, 0.00044376178993843496, 0.00044665150926448405, 0.00044779485324397683, 0.0004482658114284277, 0.00045641156611964107, 0.000434085086453706, 0.00042316660983487964, 0.0004216135130263865], "val_loss": [0.0019031340489163995, 0.0016035251319408417, 0.0012398796388879418, 0.0012147162342444062, 0.0007864149520173669, 0.0005853166803717613, 0.0005273952265270054, 0.0005485581932589412, 0.0005040409159846604, 0.00047184721915982664, 0.0004373195697553456, 0.0004463585210032761, 0.00044357808656059206, 0.0004340898303780705, 0.0004496208275668323, 0.00042947049951180816, 0.00042479680269025266, 0.0004330211377236992, 0.000439332245150581, 0.0004218485264573246, 0.0004321700835134834, 0.0004246961325407028, 0.00043395665124990046, 0.0004512662999331951, 0.00045314626186154783, 0.000464337324956432, 0.00047044866369105875, 0.00043281196849420667, 0.00043071917025372386, 0.0004276505787856877], "val_mse": [0.0019031340489163995, 0.0016035251319408417, 0.0012398796388879418, 0.0012147162342444062, 0.0007864149520173669, 0.0005853166803717613, 0.0005273952847346663, 0.0005485581932589412, 0.0005040409159846604, 0.00047184721915982664, 0.0004373195697553456, 0.0004463585210032761, 0.00044357808656059206, 0.0004340898303780705, 0.0004496208275668323, 0.00042947049951180816, 0.00042479680269025266, 0.0004330211377236992, 0.0004393321869429201, 0.0004218485264573246, 0.0004321700835134834, 0.0004246961325407028, 0.00043395665124990046, 0.0004512662999331951, 0.00045314626186154783, 0.000464337324956432, 0.0004704486927948892, 0.00043281196849420667, 0.00043071917025372386, 0.0004276505787856877]}