{"loss": [9.355347719974816e-05, 1.130523014580831e-05, 8.388054993702099e-06, 6.746450253558578e-06, 5.699575467588147e-06, 4.978494416718604e-06, 4.651982635550667e-06, 4.328114755480783e-06, 3.949955953430617e-06, 3.6906405966874445e-06, 3.5582097552833147e-06, 3.4395241073070792e-06, 3.2879747777769808e-06, 3.0862315725244116e-06, 3.1076949653652264e-06, 2.9166567401262e-06, 2.9347700092330342e-06, 2.6319100925320527e-06, 2.66070037469035e-06, 2.5088190795941046e-06, 2.5735087092471076e-06, 2.543376467656344e-06, 2.3457209863408934e-06, 2.3950692593643907e-06, 2.3570571556774667e-06, 2.299315610798658e-06, 2.1326509340724442e-06, 2.273979134770343e-06, 2.05468700187339e-06, 2.0976783616788452e-06, 2.043767153736553e-06, 1.9984465779998573e-06, 1.997322442548466e-06, 1.9328567759657744e-06, 1.9867402443196625e-06, 1.8613532120070886e-06, 1.817818770177837e-06, 1.848087208600191e-06, 1.8190181663158e-06, 1.7787485830922378e-06, 1.7364044424539316e-06, 1.709423713691649e-06, 1.7634788491704967e-06, 1.6817127743706806e-06, 1.6577074575252482e-06, 1.6963168718575616e-06, 1.6529151025679312e-06, 1.6181251112357131e-06, 1.5241022310874541e-06, 1.6520712051715236e-06, 1.5643630604245118e-06], "mse": [9.355347719974816e-05, 1.130523014580831e-05, 8.388054993702099e-06, 6.746450253558578e-06, 5.699575467588147e-06, 4.978494416718604e-06, 4.651982635550667e-06, 4.328114755480783e-06, 3.949955953430617e-06, 3.6906405966874445e-06, 3.5582097552833147e-06, 3.439523879933404e-06, 3.2879747777769808e-06, 3.0862315725244116e-06, 3.1076949653652264e-06, 2.9166567401262e-06, 2.9347700092330342e-06, 2.6319100925320527e-06, 2.66070037469035e-06, 2.5088190795941046e-06, 2.5735087092471076e-06, 2.543376467656344e-06, 2.3457209863408934e-06, 2.3950692593643907e-06, 2.3570571556774667e-06, 2.299315610798658e-06, 2.1326509340724442e-06, 2.273979134770343e-06, 2.0546872292470653e-06, 2.0976783616788452e-06, 2.043767153736553e-06, 1.9984465779998573e-06, 1.997322442548466e-06, 1.9328567759657744e-06, 1.9867402443196625e-06, 1.8613532120070886e-06, 1.817818770177837e-06, 1.848087208600191e-06, 1.8190181663158e-06, 1.7787485830922378e-06, 1.7364044424539316e-06, 1.709423713691649e-06, 1.7634788491704967e-06, 1.6817127743706806e-06, 1.6577074575252482e-06, 1.6963168718575616e-06, 1.6529151025679312e-06, 1.6181251112357131e-06, 1.5241022310874541e-06, 1.6520712051715236e-06, 1.5643630604245118e-06], "val_loss": [1.5008406080596615e-05, 8.480899850837886e-06, 6.722414582327474e-06, 5.767185029981192e-06, 5.3486037359107286e-06, 4.076931872987188e-06, 4.717945557786152e-06, 4.342357897257898e-06, 4.089712092536502e-06, 3.288246716692811e-06, 3.1594279334967723e-06, 3.794566055148607e-06, 3.634933818830177e-06, 3.5169575767213246e-06, 3.8241996662691236e-06, 3.178580300300382e-06, 2.4234318516391795e-06, 2.7730936835723696e-06, 2.3812708604964428e-06, 2.766050101854489e-06, 2.353335048610461e-06, 2.2395936412067385e-06, 2.2747503862774465e-06, 3.3310391245322535e-06, 2.5124311378021957e-06, 2.1288656171236653e-06, 2.235512056358857e-06, 2.7469850465422496e-06, 2.2712638383382e-06, 3.2090592867461964e-06, 1.9480623905110406e-06, 1.860874817793956e-06, 3.7065176456962945e-06, 1.95744473785453e-06, 1.9548599539120914e-06, 2.0183990727673518e-06, 3.2484806524735177e-06, 2.1550297333305934e-06, 1.6532580957573373e-06, 1.6323911040672101e-06, 1.603053419785283e-06, 2.050411922027706e-06, 1.6532572999494732e-06, 1.968583774214494e-06, 2.979697683258564e-06, 1.646363102736359e-06, 2.336938905500574e-06, 2.070933078357484e-06, 1.7886156911117723e-06, 1.611572315596277e-06, 1.6633655377518153e-06], "val_mse": [1.5008406080596615e-05, 8.480898941343185e-06, 6.722414582327474e-06, 5.767185029981192e-06, 5.3486037359107286e-06, 4.076931872987188e-06, 4.717945557786152e-06, 4.342357897257898e-06, 4.089712092536502e-06, 3.288246716692811e-06, 3.1594279334967723e-06, 3.794566055148607e-06, 3.634933818830177e-06, 3.5169575767213246e-06, 3.8241996662691236e-06, 3.178580300300382e-06, 2.4234318516391795e-06, 2.7730936835723696e-06, 2.3812708604964428e-06, 2.766050101854489e-06, 2.353335048610461e-06, 2.2395936412067385e-06, 2.2747503862774465e-06, 3.3310391245322535e-06, 2.5124311378021957e-06, 2.1288656171236653e-06, 2.235512056358857e-06, 2.7469850465422496e-06, 2.2712638383382e-06, 3.209059514119872e-06, 1.9480623905110406e-06, 1.860874817793956e-06, 3.7065176456962945e-06, 1.95744473785453e-06, 1.9548599539120914e-06, 2.0183990727673518e-06, 3.2484806524735177e-06, 2.1550297333305934e-06, 1.6532580957573373e-06, 1.6323911040672101e-06, 1.603053419785283e-06, 2.050411922027706e-06, 1.6532572999494732e-06, 1.968583774214494e-06, 2.979697683258564e-06, 1.646363102736359e-06, 2.336938905500574e-06, 2.0709333057311596e-06, 1.7886156911117723e-06, 1.611572315596277e-06, 1.6633655377518153e-06]}