{"loss": [0.0018645587842911482, 0.001095965737476945, 0.0009927119826897979, 0.0009730702731758356, 0.0009267816785722971, 0.0009122586343437433, 0.0009067836217582226, 0.0008991546928882599, 0.0008805388933978975, 0.0008773166919127107, 0.0008668542141094804, 0.0008720146724954247, 0.0008509035687893629, 0.0008461691322736442, 0.0008555071544833481, 0.0008568729390390217, 0.0008435655618086457, 0.0008372433367185295, 0.0008344139787368476, 0.0008407706045545638, 0.0008285784861072898, 0.0008219853625632823, 0.0008156485273502767, 0.0008185614715330303, 0.0008135761599987745, 0.0008133251103572547, 0.0008096672827377915, 0.0008050620672293007, 0.0008130374480970204, 0.0008035378996282816, 0.0008005709387362003, 0.0008012686739675701, 0.0008073271019384265, 0.0007913546287454665], "mse": [0.0018645587842911482, 0.001095965737476945, 0.0009927119826897979, 0.0009730702731758356, 0.0009267816785722971, 0.0009122586343437433, 0.0009067836217582226, 0.0008991546928882599, 0.0008805388933978975, 0.0008773166919127107, 0.0008668542141094804, 0.0008720146724954247, 0.0008509035687893629, 0.0008461691322736442, 0.0008555071544833481, 0.0008568729390390217, 0.0008435655618086457, 0.0008372433367185295, 0.0008344139787368476, 0.0008407706045545638, 0.0008285784861072898, 0.0008219853625632823, 0.0008156485273502767, 0.0008185614715330303, 0.0008135761599987745, 0.0008133251103572547, 0.0008096672827377915, 0.0008050620672293007, 0.0008130374480970204, 0.0008035378996282816, 0.0008005709387362003, 0.0008012686739675701, 0.0008073271019384265, 0.0007913546287454665], "val_loss": [0.0013904506340622902, 0.0010320624569430947, 0.0009852234506979585, 0.0009404149022884667, 0.000933937553782016, 0.0009168647229671478, 0.0009073458495549858, 0.0009470270597375929, 0.0009063759935088456, 0.000915142591111362, 0.0009004399180412292, 0.00089306227164343, 0.0008984051528386772, 0.0008987988694570959, 0.0009064294281415641, 0.0009184383670799434, 0.0008836355991661549, 0.0008863387047313154, 0.0009144928772002459, 0.000900148821529001, 0.0008887395379133523, 0.0008823612588457763, 0.0008898616069927812, 0.0008762751240283251, 0.0008788840495981276, 0.0008892224868759513, 0.0008868169970810413, 0.0008933800272643566, 0.0008919675019569695, 0.0008887979201972485, 0.0009154017898254097, 0.0008910305332392454, 0.0008955214871093631, 0.0008898766827769578], "val_mse": [0.0013904506340622902, 0.0010320624569430947, 0.0009852234506979585, 0.0009404149022884667, 0.0009339376701973379, 0.0009168647229671478, 0.0009073458495549858, 0.0009470270597375929, 0.0009063761099241674, 0.000915142591111362, 0.0009004399180412292, 0.00089306227164343, 0.0008984051528386772, 0.0008987988694570959, 0.0009064294281415641, 0.0009184383670799434, 0.0008836355991661549, 0.0008863387047313154, 0.0009144928772002459, 0.000900148821529001, 0.0008887395379133523, 0.0008823612588457763, 0.0008898616069927812, 0.0008762751240283251, 0.0008788840495981276, 0.0008892224868759513, 0.0008868169970810413, 0.0008933800272643566, 0.0008919675019569695, 0.0008887979201972485, 0.0009154017898254097, 0.0008910305332392454, 0.0008955214871093631, 0.0008898766827769578]}