{"loss": [0.001243522739969194, 0.00027573551051318645, 0.00017709149688016623, 0.00014531571650877595, 0.00012451515067368746, 0.00011813158198492602, 0.00011014212941518053, 0.00010333668615203351, 9.846413740888238e-05, 9.325794235337526e-05, 9.74703289102763e-05, 9.272288298234344e-05, 9.597525786375627e-05, 8.576675463700667e-05, 8.593768143327907e-05, 8.289811376016587e-05, 8.448294101981446e-05, 8.035326027311385e-05, 7.856400043237954e-05, 7.815154094714671e-05, 7.692556391702965e-05, 7.560646190540865e-05, 7.859258039388806e-05, 7.381730392808095e-05, 7.511563308071345e-05, 7.524240936618298e-05, 7.18086666893214e-05, 7.476813334506005e-05, 7.325869228225201e-05, 7.066340913297608e-05, 7.040340278763324e-05, 7.196074875537306e-05, 7.124235708033666e-05, 7.047130930004641e-05], "mse": [0.001243522739969194, 0.00027573551051318645, 0.00017709149688016623, 0.00014531571650877595, 0.00012451515067368746, 0.00011813158198492602, 0.00011014212941518053, 0.00010333668615203351, 9.846413740888238e-05, 9.325794235337526e-05, 9.74703289102763e-05, 9.272288298234344e-05, 9.597526513971388e-05, 8.576675463700667e-05, 8.593768143327907e-05, 8.289811376016587e-05, 8.448294101981446e-05, 8.035326027311385e-05, 7.856400043237954e-05, 7.815154094714671e-05, 7.692556391702965e-05, 7.560646190540865e-05, 7.859258766984567e-05, 7.381730392808095e-05, 7.511563308071345e-05, 7.524240936618298e-05, 7.18086666893214e-05, 7.476813334506005e-05, 7.325869228225201e-05, 7.066340913297608e-05, 7.040340278763324e-05, 7.196074875537306e-05, 7.124235708033666e-05, 7.047130930004641e-05], "val_loss": [0.0004389513924252242, 0.00019426758808549494, 0.000182647054316476, 0.00013214049977250397, 0.00014748470857739449, 0.00013514913734979928, 0.00012384126603137702, 0.00013420921459328383, 0.00011433294275775552, 0.00011375216854503378, 0.0001082862145267427, 0.00010800728341564536, 0.00010562445095274597, 0.00011184522736584768, 0.00010428814130136743, 0.00010493706213310361, 0.00010373834811616689, 0.0001055470565916039, 0.00010483812366146594, 0.00010846332588698715, 0.00011064988211728632, 0.00010884008224820718, 0.00010491278226254508, 0.00010104985267389566, 0.00010620635293889791, 0.00010219552495982498, 0.0001022786891553551, 0.00010759240103652701, 0.0001048404083121568, 0.00010259498230880126, 0.00010369780648034066, 0.00010330343502573669, 0.00010181788093177602, 0.00010896177991526201], "val_mse": [0.0004389513924252242, 0.00019426758808549494, 0.000182647054316476, 0.00013214049977250397, 0.00014748470857739449, 0.00013514913734979928, 0.00012384128058329225, 0.00013420921459328383, 0.00011433294275775552, 0.00011375216854503378, 0.0001082862145267427, 0.00010800728341564536, 0.00010562445095274597, 0.00011184522736584768, 0.00010428813402540982, 0.00010493706213310361, 0.00010373834811616689, 0.0001055470565916039, 0.00010483813821338117, 0.00010846332588698715, 0.00011064988211728632, 0.00010884008224820718, 0.00010491278226254508, 0.00010104985267389566, 0.00010620635293889791, 0.00010219552495982498, 0.0001022786891553551, 0.00010759240103652701, 0.0001048404083121568, 0.00010259498230880126, 0.00010369780648034066, 0.00010330342774977908, 0.00010181788093177602, 0.00010896177991526201]}