{"loss": [0.007410591933876276, 0.004803933203220367, 0.0023643230088055134, 0.0016715064411982894, 0.0013465664815157652, 0.0011216412531211972, 0.0008888075826689601, 0.0006867308402433991, 0.0005454110214486718, 0.0005200648447498679, 0.00043153256410732865, 0.0003838404081761837, 0.00035301229218021035, 0.0003157791798003018, 0.00028901133919134736, 0.00027645580121316016, 0.00027092749951407313, 0.00024281317018903792, 0.00023862704983912408, 0.0002339777711313218, 0.00022931431885808706, 0.00020879395015072078, 0.00020397233311086893, 0.00019961674115620553, 0.0001883917284430936, 0.00019175183842889965, 0.00019231322221457958, 0.00018465964240022004, 0.000177821159013547, 0.00016795206465758383, 0.00017189142818097025, 0.00016382279864046723, 0.00016114012396428734, 0.0001561471726745367, 0.00014845603436697274, 0.00014777046453673393, 0.00015023481682874262, 0.00014194397954270244, 0.00015196323511190712, 0.0001388389791827649, 0.00015136470028664917, 0.00014459349040407687, 0.0001335258421022445, 0.00013199474778957665, 0.0001269856293220073, 0.00012773385969921947, 0.00013066604151390493, 0.00012674291792791337, 0.00012781881378032267, 0.0001240682031493634, 0.00012467341730371118, 0.0001225790474563837, 0.00012814029469154775, 0.00011501957487780601, 0.00011703581549227238, 0.00011865922715514898, 0.00011990578059339896, 0.0001249969791388139, 0.00011844145774375647, 0.00011208713840460405, 0.00011227877985220402], "mse": [0.007410591933876276, 0.004803933203220367, 0.0023643230088055134, 0.0016715064411982894, 0.0013465664815157652, 0.0011216412531211972, 0.0008888075826689601, 0.0006867308402433991, 0.0005454110214486718, 0.0005200648447498679, 0.00043153256410732865, 0.0003838404081761837, 0.00035301229218021035, 0.0003157791798003018, 0.00028901133919134736, 0.00027645580121316016, 0.00027092749951407313, 0.00024281317018903792, 0.00023862704983912408, 0.0002339777711313218, 0.00022931431885808706, 0.00020879395015072078, 0.00020397233311086893, 0.00019961674115620553, 0.0001883917284430936, 0.00019175183842889965, 0.00019231322221457958, 0.00018465964240022004, 0.000177821159013547, 0.00016795206465758383, 0.00017189142818097025, 0.00016382279864046723, 0.00016114012396428734, 0.00015614715812262148, 0.00014845603436697274, 0.00014777046453673393, 0.00015023481682874262, 0.00014194397954270244, 0.00015196323511190712, 0.0001388389791827649, 0.00015136468573473394, 0.00014459349040407687, 0.0001335258421022445, 0.00013199474778957665, 0.0001269856293220073, 0.00012773385969921947, 0.00013066604151390493, 0.00012674291792791337, 0.00012781881378032267, 0.0001240682031493634, 0.00012467341730371118, 0.0001225790474563837, 0.00012814029469154775, 0.00011501957487780601, 0.00011703581549227238, 0.00011865922715514898, 0.00011990578059339896, 0.0001249969791388139, 0.00011844145774375647, 0.00011208713840460405, 0.00011227877985220402], "val_loss": [0.006034114398062229, 0.0033683315850794315, 0.0016334621468558908, 0.0012424166779965162, 0.0010148192523047328, 0.0008466181461699307, 0.0006935099372640252, 0.000558822532184422, 0.0004542433307506144, 0.00038440426578745246, 0.0003341368865221739, 0.00030412751948460937, 0.0002617229474708438, 0.0002567037590779364, 0.0002460877294652164, 0.0002368109708186239, 0.00022458637249656022, 0.0002234612184111029, 0.0002217490691691637, 0.0002497268724255264, 0.00020699729793705046, 0.00020659311849158257, 0.00020135589875280857, 0.0001972156169358641, 0.00020152903744019568, 0.00023628042254131287, 0.0002047858142759651, 0.0002116320829372853, 0.0001905903045553714, 0.0002073307550745085, 0.00019810572848655283, 0.00018854843801818788, 0.00018342195835430175, 0.0001931494625750929, 0.00019846975919790566, 0.00019263244757894427, 0.00018258756608702242, 0.00018103321781381965, 0.0001979877706617117, 0.0001893554872367531, 0.00018733038450591266, 0.000181659561349079, 0.00019010895630344748, 0.00018902597366832197, 0.00017785241652745754, 0.00018747648573480546, 0.0001902109506772831, 0.00018313735199626535, 0.00019720548880286515, 0.00019205748685635626, 0.0001744307519402355, 0.00017919072706717998, 0.00018338553491048515, 0.00018093119433615357, 0.00018477860430721194, 0.0001917651534313336, 0.00020079640671610832, 0.0001877824543043971, 0.0001792421971913427, 0.000183296506293118, 0.0001832802954595536], "val_mse": [0.006034114398062229, 0.0033683315850794315, 0.0016334621468558908, 0.0012424166779965162, 0.0010148192523047328, 0.0008466181461699307, 0.0006935099372640252, 0.000558822532184422, 0.0004542433307506144, 0.0003844042948912829, 0.00033413691562600434, 0.00030412751948460937, 0.0002617229474708438, 0.0002567037590779364, 0.0002460877294652164, 0.0002368109708186239, 0.00022458637249656022, 0.0002234612184111029, 0.0002217490691691637, 0.0002497268724255264, 0.00020699729793705046, 0.00020659311849158257, 0.00020135589875280857, 0.0001972156169358641, 0.00020152903744019568, 0.00023628042254131287, 0.0002047858142759651, 0.0002116320829372853, 0.0001905903045553714, 0.0002073307550745085, 0.00019810572848655283, 0.00018854842346627265, 0.00018342195835430175, 0.0001931494625750929, 0.00019846975919790566, 0.00019263244757894427, 0.00018258756608702242, 0.00018103323236573488, 0.0001979877706617117, 0.0001893554872367531, 0.00018733038450591266, 0.000181659561349079, 0.00019010895630344748, 0.00018902597366832197, 0.00017785241652745754, 0.00018747648573480546, 0.0001902109506772831, 0.00018313735199626535, 0.00019720548880286515, 0.00019205748685635626, 0.0001744307519402355, 0.00017919072706717998, 0.00018338553491048515, 0.00018093119433615357, 0.00018477860430721194, 0.0001917651534313336, 0.00020079640671610832, 0.0001877824543043971, 0.0001792421971913427, 0.000183296506293118, 0.00018328031001146883]}