{"loss": [0.00209525553509593, 0.001376995467580855, 0.0008756864699535072, 0.0005996436229906976, 0.00041674013482406735, 0.0002731835702434182, 0.0001787524961400777, 0.00013595071504823864, 0.000110854089143686, 9.089993545785546e-05, 8.127412002068013e-05, 7.668855687370524e-05, 6.97462965035811e-05, 5.811474329675548e-05, 5.36363513674587e-05, 5.038393283030018e-05, 4.342269676271826e-05, 4.0190250729210675e-05, 3.743749766726978e-05, 3.425648174015805e-05, 3.565140286809765e-05, 3.813082730630413e-05, 3.5449273127596825e-05, 3.4069344110321254e-05, 2.9037331842118874e-05, 2.4791288524284028e-05, 2.468226921337191e-05, 2.3704862542217597e-05, 2.3298136511584744e-05, 2.2837384676677175e-05, 2.0846473489655182e-05, 1.9538663764251396e-05, 1.9019962564925663e-05, 1.865613376139663e-05, 2.0161049178568646e-05, 1.822207195800729e-05, 1.6468868125230074e-05, 1.6915753803914413e-05, 1.7041656974470243e-05, 1.541246638225857e-05, 1.6056679669418372e-05, 1.629734833841212e-05, 1.4137108337308746e-05, 1.476712350267917e-05, 1.6256799426628277e-05, 1.599584356881678e-05, 1.355316362605663e-05, 1.3000161743548233e-05, 1.4702211956318934e-05, 1.3740728718403261e-05], "mse": [0.00209525553509593, 0.0013769955839961767, 0.0008756864699535072, 0.0005996436229906976, 0.00041674013482406735, 0.0002731835702434182, 0.0001787524961400777, 0.00013595071504823864, 0.000110854089143686, 9.089993545785546e-05, 8.127412002068013e-05, 7.668855687370524e-05, 6.97462965035811e-05, 5.811474329675548e-05, 5.36363513674587e-05, 5.038393283030018e-05, 4.342269676271826e-05, 4.0190250729210675e-05, 3.743749766726978e-05, 3.425648174015805e-05, 3.565140286809765e-05, 3.813082730630413e-05, 3.5449273127596825e-05, 3.4069344110321254e-05, 2.9037331842118874e-05, 2.4791288524284028e-05, 2.468226921337191e-05, 2.3704862542217597e-05, 2.3298136511584744e-05, 2.2837384676677175e-05, 2.0846473489655182e-05, 1.9538663764251396e-05, 1.9019962564925663e-05, 1.865613376139663e-05, 2.0161049178568646e-05, 1.822207195800729e-05, 1.6468868125230074e-05, 1.6915753803914413e-05, 1.7041656974470243e-05, 1.541246638225857e-05, 1.6056679669418372e-05, 1.629734833841212e-05, 1.4137108337308746e-05, 1.476712350267917e-05, 1.625680124561768e-05, 1.599584356881678e-05, 1.355316362605663e-05, 1.3000161743548233e-05, 1.4702211956318934e-05, 1.3740728718403261e-05], "val_loss": [0.0015912705566734076, 0.0011741649359464645, 0.0008852236205711961, 0.0007023655343800783, 0.00042408666922710836, 0.00028002200997434556, 0.00016267552564386278, 0.00013001130719203502, 9.993298590416089e-05, 8.360536594409496e-05, 8.440214151050895e-05, 8.259098103735596e-05, 6.177998147904873e-05, 6.76409326842986e-05, 6.288581062108278e-05, 5.7493074564263225e-05, 5.723037611460313e-05, 5.039146708440967e-05, 4.9841863074107096e-05, 5.692993727279827e-05, 4.376253855298273e-05, 4.6291930630104616e-05, 6.107795343268663e-05, 4.814930071006529e-05, 3.9818522054702044e-05, 4.4646883907262236e-05, 4.253843144397251e-05, 4.299904321669601e-05, 4.238438486936502e-05, 4.477178299566731e-05, 3.9332069718511775e-05, 3.890035441145301e-05, 3.890044899890199e-05, 3.929869126295671e-05, 4.2299718188587576e-05, 3.872003799187951e-05, 3.841246507363394e-05, 3.968252713093534e-05, 3.872342495014891e-05, 3.659154026536271e-05, 4.166460348642431e-05, 3.910358645953238e-05, 4.138774238526821e-05, 3.721562825376168e-05, 3.91449430026114e-05, 3.6939571145921946e-05, 3.669587385957129e-05, 3.7079447793075815e-05, 4.0459421143168584e-05, 3.721464963746257e-05], "val_mse": [0.0015912705566734076, 0.0011741649359464645, 0.0008852236205711961, 0.0007023655343800783, 0.00042408666922710836, 0.00028002200997434556, 0.00016267552564386278, 0.00013001130719203502, 9.993298590416089e-05, 8.360536594409496e-05, 8.440214151050895e-05, 8.259098103735596e-05, 6.177998147904873e-05, 6.76409326842986e-05, 6.288581062108278e-05, 5.7493074564263225e-05, 5.723037611460313e-05, 5.039146708440967e-05, 4.9841863074107096e-05, 5.692993363481946e-05, 4.376253855298273e-05, 4.629193426808342e-05, 6.107795343268663e-05, 4.814930071006529e-05, 3.9818522054702044e-05, 4.4646883907262236e-05, 4.253843144397251e-05, 4.299904321669601e-05, 4.238438486936502e-05, 4.477178299566731e-05, 3.9332069718511775e-05, 3.890035441145301e-05, 3.890044899890199e-05, 3.929869126295671e-05, 4.2299718188587576e-05, 3.872003799187951e-05, 3.841246507363394e-05, 3.968252713093534e-05, 3.872342495014891e-05, 3.659154026536271e-05, 4.166460348642431e-05, 3.910358645953238e-05, 4.138774238526821e-05, 3.721562461578287e-05, 3.91449430026114e-05, 3.6939571145921946e-05, 3.669587385957129e-05, 3.7079447793075815e-05, 4.0459421143168584e-05, 3.721464963746257e-05]}