{"loss": [0.0019679185934364796, 0.0008751553832553327, 0.0004556240455713123, 0.0003401752910576761, 0.00031625054543837905, 0.0002918344980571419, 0.0002833558537531644, 0.0002612319076433778, 0.00025150913279503584, 0.00024559165467508137, 0.0002317912149010226, 0.0002286062081111595, 0.00022245476429816335, 0.0002197685098508373, 0.0002123327722074464, 0.00021771634055767208, 0.00019966467516496778, 0.00019771231745835394, 0.00019139172218274325, 0.00019880836771335453, 0.00019079848425462842, 0.00019043410429731011, 0.00019168254220858216, 0.00019137443450745195, 0.0001811914553400129, 0.0001801669568521902, 0.00018168405222240835, 0.0001725538750179112, 0.0001767684007063508, 0.0001749744697008282, 0.0001703753077890724, 0.00017438204667996615, 0.00016847060760483146, 0.00016842660261318088, 0.00016690455959178507, 0.00017161799769382924, 0.00016381833120249212, 0.00016064550436567515, 0.00016235005750786513, 0.00017059341189451516, 0.0001694931270321831, 0.00015955539129208773, 0.00016736758698243648, 0.00016172433970496058, 0.00015327789878938347, 0.00015467290359083563, 0.00014884641859680414, 0.0001500630023656413, 0.00015179216279648244, 0.00014952915080357343, 0.00014729207032360137, 0.0001537421630928293, 0.00014923018170520663, 0.00014390521391760558], "mse": [0.0019679185934364796, 0.0008751553832553327, 0.0004556240455713123, 0.0003401752910576761, 0.00031625054543837905, 0.0002918344980571419, 0.0002833558537531644, 0.0002612319076433778, 0.00025150913279503584, 0.00024559165467508137, 0.0002317912149010226, 0.0002286062081111595, 0.00022245476429816335, 0.0002197685098508373, 0.0002123327722074464, 0.00021771634055767208, 0.00019966467516496778, 0.00019771231745835394, 0.00019139172218274325, 0.00019880836771335453, 0.00019079848425462842, 0.00019043410429731011, 0.00019168254220858216, 0.00019137443450745195, 0.0001811914553400129, 0.0001801669568521902, 0.00018168405222240835, 0.0001725538750179112, 0.0001767684007063508, 0.0001749744697008282, 0.0001703753077890724, 0.00017438203212805092, 0.00016847060760483146, 0.00016842660261318088, 0.00016690455959178507, 0.00017161799769382924, 0.00016381833120249212, 0.00016064550436567515, 0.00016235005750786513, 0.00017059341189451516, 0.00016949311248026788, 0.00015955539129208773, 0.00016736758698243648, 0.00016172433970496058, 0.00015327789878938347, 0.00015467290359083563, 0.00014884641859680414, 0.0001500630023656413, 0.00015179216279648244, 0.00014952915080357343, 0.00014729207032360137, 0.0001537421630928293, 0.00014923018170520663, 0.00014390521391760558], "val_loss": [0.001448749448172748, 0.0007918825722299516, 0.0004373267001938075, 0.0003747966547962278, 0.0003718407533597201, 0.000397281430196017, 0.00034340244019404054, 0.0002975818351842463, 0.00029957425431348383, 0.00029735348653048277, 0.000275506085017696, 0.00027968850918114185, 0.0002778452471829951, 0.0002807804848998785, 0.0002717132738325745, 0.000256281258771196, 0.00024548787041567266, 0.00026067791623063385, 0.0002300750056747347, 0.00023348495597019792, 0.0002665529027581215, 0.00025313335936516523, 0.0002736985043156892, 0.00024144416966009885, 0.00026529040769673884, 0.00023617032275069505, 0.0002343718515476212, 0.00022416772844735533, 0.00023984590370673686, 0.0002673846611287445, 0.00022506546520162374, 0.0002241866895928979, 0.00022564627579413354, 0.00022514842567034066, 0.00023140264966059476, 0.00022944183729123324, 0.00021852232748642564, 0.00024120886519085616, 0.00025228923186659813, 0.00022165486006997526, 0.00022263993741944432, 0.000258484244113788, 0.00023119349498301744, 0.00021555196144618094, 0.00022351328516379, 0.0002325890091015026, 0.00023311343102250248, 0.0002305837842868641, 0.00025377172278240323, 0.00023159924603533, 0.00022098729095887393, 0.0002603432512842119, 0.000219255467527546, 0.00022530909336637706], "val_mse": [0.001448749448172748, 0.0007918825722299516, 0.0004373267001938075, 0.0003747966547962278, 0.0003718407533597201, 0.000397281430196017, 0.00034340244019404054, 0.0002975818351842463, 0.00029957425431348383, 0.00029735348653048277, 0.000275506085017696, 0.00027968850918114185, 0.0002778452471829951, 0.0002807804848998785, 0.0002717132738325745, 0.000256281258771196, 0.00024548787041567266, 0.00026067791623063385, 0.0002300750056747347, 0.0002334849414182827, 0.0002665529027581215, 0.00025313335936516523, 0.0002736985043156892, 0.00024144416966009885, 0.00026529040769673884, 0.00023617032275069505, 0.0002343718515476212, 0.00022416772844735533, 0.00023984590370673686, 0.0002673846611287445, 0.00022506546520162374, 0.00022418670414481312, 0.00022564627579413354, 0.00022514842567034066, 0.00023140264966059476, 0.00022944183729123324, 0.00021852232748642564, 0.00024120886519085616, 0.00025228923186659813, 0.00022165486006997526, 0.00022263993741944432, 0.000258484244113788, 0.00023119349498301744, 0.00021555196144618094, 0.00022351328516379, 0.0002325890091015026, 0.00023311343102250248, 0.0002305837842868641, 0.00025377172278240323, 0.00023159924603533, 0.00022098729095887393, 0.00026034328038804233, 0.000219255467527546, 0.00022530909336637706]}