{"loss": [0.002757586073130369, 0.0024250694550573826, 0.002102247206494212, 0.001780620077624917, 0.001450077397748828, 0.0011361486976966262, 0.000895754317753017, 0.0007123661926016212, 0.0005923457210883498, 0.000492333434522152, 0.0003902736643794924, 0.0003454211982898414, 0.00031021697213873267, 0.00029339437605813146, 0.00027094641700387, 0.00024880163255147636, 0.00023270759265869856, 0.0002245280920760706, 0.0002218257141066715, 0.00021424567967187613, 0.00020204119209665805, 0.00020039505034219474, 0.00020248876535333693, 0.00021182873751968145, 0.00021274574100971222, 0.00022018243907950819, 0.00020501362450886518, 0.00018633875879459083, 0.00017945675062946975, 0.00016910763224586844, 0.0001766918139765039, 0.00016333188978023827, 0.00016101294022519141, 0.00016445865912828594, 0.00016630525351502, 0.00016309134662151337, 0.0001533686590846628, 0.00015313393669202924, 0.0001504724787082523, 0.00014962705608922988, 0.00014820297656115144, 0.0001433058496331796, 0.00014064453716855496, 0.00014582656149286777, 0.00014210080553311855, 0.0001405071234330535, 0.00014081208792049438, 0.00014866511628497392, 0.00014636217383667827, 0.00013778086577076465, 0.00013385372585617006, 0.0001358060399070382, 0.0001376498694298789, 0.0001345795317320153], "mse": [0.002757586073130369, 0.0024250694550573826, 0.002102247206494212, 0.001780620077624917, 0.001450077397748828, 0.0011361486976966262, 0.000895754317753017, 0.0007123661926016212, 0.0005923457210883498, 0.000492333434522152, 0.0003902736643794924, 0.0003454211982898414, 0.00031021697213873267, 0.00029339437605813146, 0.00027094641700387, 0.00024880163255147636, 0.00023270759265869856, 0.0002245280920760706, 0.0002218257141066715, 0.00021424567967187613, 0.00020204119209665805, 0.00020039505034219474, 0.00020248876535333693, 0.00021182873751968145, 0.00021274574100971222, 0.00022018243907950819, 0.00020501362450886518, 0.00018633875879459083, 0.00017945675062946975, 0.00016910763224586844, 0.0001766918139765039, 0.00016333188978023827, 0.00016101294022519141, 0.00016445867368020117, 0.00016630525351502, 0.00016309134662151337, 0.0001533686590846628, 0.00015313393669202924, 0.0001504724787082523, 0.00014962705608922988, 0.00014820297656115144, 0.0001433058496331796, 0.00014064453716855496, 0.00014582656149286777, 0.00014210080553311855, 0.0001405071234330535, 0.00014081208792049438, 0.00014866511628497392, 0.00014636217383667827, 0.00013778086577076465, 0.00013385372585617006, 0.0001358060399070382, 0.0001376498694298789, 0.0001345795317320153], "val_loss": [0.002323076594620943, 0.002249609911814332, 0.0019976478070020676, 0.001703793415799737, 0.0015362731646746397, 0.0013660512631759048, 0.0010572951287031174, 0.0008922512643039227, 0.0008284052601084113, 0.0006089560920372605, 0.0005272930138744414, 0.0005197306745685637, 0.0004711059737019241, 0.0003788590547628701, 0.0003636277688201517, 0.00035233874223195016, 0.00034395683906041086, 0.0003300608950667083, 0.0003186738467775285, 0.0003088401281274855, 0.00032407892285846174, 0.0002995629911310971, 0.0003259841469116509, 0.0003187640686519444, 0.0003069493395742029, 0.0003203326486982405, 0.00028689560713246465, 0.0002891583717428148, 0.0002877818187698722, 0.0002938418765552342, 0.0002894743229262531, 0.00027501347358338535, 0.00026977426023222506, 0.0002665628562681377, 0.00029147774330340326, 0.00029250411898829043, 0.00026894762413576245, 0.0002626336645334959, 0.0002685414219740778, 0.00027058750856667757, 0.0002700841869227588, 0.0002679230528883636, 0.00026833650190383196, 0.00025661842664703727, 0.00027225897065363824, 0.0002700360200833529, 0.00025798651040531695, 0.0002848328440450132, 0.00026222175802104175, 0.0002714912116061896, 0.00027211708948016167, 0.0002579393913038075, 0.0002701440826058388, 0.00027118035359308124], "val_mse": [0.002323076594620943, 0.002249609911814332, 0.0019976478070020676, 0.001703793415799737, 0.0015362731646746397, 0.0013660512631759048, 0.0010572951287031174, 0.0008922511478886008, 0.0008284052601084113, 0.0006089560920372605, 0.0005272930138744414, 0.0005197306745685637, 0.0004711059737019241, 0.0003788590547628701, 0.0003636277688201517, 0.00035233874223195016, 0.00034395683906041086, 0.0003300608950667083, 0.0003186738467775285, 0.0003088401281274855, 0.00032407892285846174, 0.0002995629911310971, 0.0003259841469116509, 0.0003187640686519444, 0.0003069493395742029, 0.0003203326486982405, 0.00028689560713246465, 0.0002891583717428148, 0.0002877818187698722, 0.0002938418765552342, 0.0002894743229262531, 0.00027501347358338535, 0.00026977426023222506, 0.0002665628562681377, 0.00029147774330340326, 0.00029250411898829043, 0.00026894762413576245, 0.0002626336645334959, 0.0002685414219740778, 0.00027058750856667757, 0.0002700841869227588, 0.0002679230528883636, 0.00026833650190383196, 0.00025661842664703727, 0.00027225897065363824, 0.0002700360200833529, 0.00025798651040531695, 0.00028483287314884365, 0.00026222175802104175, 0.0002714912116061896, 0.00027211708948016167, 0.0002579393913038075, 0.0002701440826058388, 0.00027118035359308124]}