{"loss": [0.0021709424909204245, 0.0018965924391523004, 0.0016772106755524874, 0.001457383157685399, 0.0012612168211489916, 0.001092639402486384, 0.0009667049162089825, 0.0008597710402682424, 0.0007709061028435826, 0.0006890062359161675, 0.0006179950432851911, 0.0005612604436464608, 0.000530172954313457, 0.00045388113358058035, 0.0004197421367280185, 0.0003921471652574837, 0.00036203552735969424, 0.00035008828854188323, 0.0003313453053124249, 0.00032353203278034925, 0.00032074289629235864, 0.00031066910014487803, 0.0003100952599197626, 0.0002986198815051466, 0.0002943923173006624, 0.0002910423499997705, 0.00028373170061968267, 0.00029573673964478076, 0.0002792089944705367, 0.0002809978905133903, 0.00026764196809381247, 0.0002673701965250075, 0.0002665397187229246, 0.00026536668883636594, 0.0002682757913134992, 0.00026069715386256576, 0.0002465256839059293, 0.00024009612388908863, 0.0002478347159922123, 0.0002468838356435299, 0.0002402695536147803, 0.00025227939477190375, 0.0002516372478567064, 0.0002588102070149034, 0.00026409284328110516, 0.00023844923998694867, 0.00023629651695955545, 0.00022347578487824649, 0.00021899657440371811, 0.0002167784550692886, 0.00021070179354865104, 0.00022943643853068352, 0.00022512555005960166, 0.00022121579968370497, 0.00021197344176471233, 0.00021755529451183975], "mse": [0.0021709424909204245, 0.0018965924391523004, 0.0016772106755524874, 0.001457383157685399, 0.0012612168211489916, 0.001092639402486384, 0.0009667049162089825, 0.0008597710402682424, 0.0007709061028435826, 0.0006890062359161675, 0.0006179950432851911, 0.0005612604436464608, 0.000530172954313457, 0.00045388113358058035, 0.0004197421367280185, 0.0003921471652574837, 0.00036203552735969424, 0.00035008828854188323, 0.0003313453053124249, 0.00032353203278034925, 0.0003207429253961891, 0.00031066910014487803, 0.0003100952599197626, 0.0002986198815051466, 0.00029439228819683194, 0.0002910423499997705, 0.00028373170061968267, 0.00029573673964478076, 0.0002792089944705367, 0.0002809978905133903, 0.00026764196809381247, 0.0002673701965250075, 0.0002665397187229246, 0.00026536668883636594, 0.0002682757913134992, 0.00026069715386256576, 0.0002465256839059293, 0.00024009612388908863, 0.0002478347159922123, 0.0002468838356435299, 0.0002402695536147803, 0.00025227939477190375, 0.0002516372478567064, 0.0002588102070149034, 0.00026409284328110516, 0.00023844923998694867, 0.00023629651695955545, 0.00022347578487824649, 0.00021899657440371811, 0.00021677848417311907, 0.00021070179354865104, 0.00022943643853068352, 0.00022512555005960166, 0.00022121579968370497, 0.00021197344176471233, 0.00021755529451183975], "val_loss": [0.0031020971946418285, 0.002904078923165798, 0.0024741117376834154, 0.0021616327576339245, 0.001966184936463833, 0.0015590798575431108, 0.0012933528050780296, 0.0011403061216697097, 0.0009886435000225902, 0.0009005421889014542, 0.0008058155071921647, 0.0007969880243763328, 0.0006438866257667542, 0.0005979315028525889, 0.0005350736901164055, 0.0004684192535933107, 0.00041857725591398776, 0.0003914670960512012, 0.000362464168574661, 0.0003538201854098588, 0.0003739616950042546, 0.00039517012191936374, 0.00033935983083210886, 0.0003213086165487766, 0.00032706771162338555, 0.0003188361006323248, 0.0003105423820670694, 0.0003389302873983979, 0.0003635691828094423, 0.00032499764347448945, 0.00029881211230531335, 0.0003103985218331218, 0.0003144635702483356, 0.0003440834116190672, 0.0003016938571818173, 0.00030644115759059787, 0.0002942122519016266, 0.00029271742096170783, 0.0003193649463355541, 0.0002940138801932335, 0.00032035057665780187, 0.0003080227761529386, 0.00034499814501032233, 0.0003605197125580162, 0.0003408133634366095, 0.0002793129242490977, 0.0002876963117159903, 0.0002986847539432347, 0.00028334103990346193, 0.0003050288069061935, 0.000343443505698815, 0.0002994079259224236, 0.00028883147751912475, 0.0003106673539150506, 0.00030865269945934415, 0.0002880291431210935], "val_mse": [0.0031020971946418285, 0.0029040786903351545, 0.0024741117376834154, 0.0021616327576339245, 0.001966184703633189, 0.0015590798575431108, 0.0012933528050780296, 0.0011403061216697097, 0.0009886435000225902, 0.0009005421889014542, 0.0008058155071921647, 0.0007969880243763328, 0.0006438866257667542, 0.000597931444644928, 0.0005350736901164055, 0.0004684192535933107, 0.00041857725591398776, 0.0003914670960512012, 0.000362464168574661, 0.0003538201854098588, 0.0003739616950042546, 0.00039517012191936374, 0.00033935983083210886, 0.0003213086165487766, 0.00032706771162338555, 0.0003188361006323248, 0.0003105423820670694, 0.0003389302873983979, 0.0003635691828094423, 0.00032499764347448945, 0.00029881211230531335, 0.0003103985218331218, 0.0003144635702483356, 0.0003440834116190672, 0.0003016938571818173, 0.00030644115759059787, 0.0002942122519016266, 0.00029271742096170783, 0.0003193649463355541, 0.0002940138801932335, 0.00032035057665780187, 0.0003080227761529386, 0.00034499814501032233, 0.0003605197125580162, 0.0003408133634366095, 0.0002793129242490977, 0.0002876963117159903, 0.0002986847539432347, 0.00028334103990346193, 0.0003050288069061935, 0.000343443505698815, 0.0002994079259224236, 0.00028883147751912475, 0.0003106673539150506, 0.00030865269945934415, 0.0002880291431210935]}