{"loss": [0.0024596364237368107, 0.0009012972586788237, 0.0004268399497959763, 0.00033270346466451883, 0.00029034994076937437, 0.0002602107997518033, 0.000248750759055838, 0.00022419494052883238, 0.00022866505605634302, 0.00020653194223996252, 0.00019788208010140806, 0.00019484906806610525, 0.00021192872372921556, 0.00019449921092018485, 0.00018421631830278784, 0.00018171494593843818, 0.00018202899082098156, 0.00017788421246223152, 0.00017283677880186588, 0.0001739605941111222, 0.00017147645121440291, 0.0001685219758655876, 0.0001702186418697238, 0.00016430045070592314, 0.00016528394189663231, 0.00016999470244627446, 0.00016159951337613165, 0.00016564158431719989], "mse": [0.0024596364237368107, 0.0009012972586788237, 0.0004268399497959763, 0.00033270346466451883, 0.00029034994076937437, 0.0002602107997518033, 0.000248750759055838, 0.00022419494052883238, 0.00022866505605634302, 0.00020653194223996252, 0.00019788208010140806, 0.00019484906806610525, 0.00021192872372921556, 0.00019449921092018485, 0.00018421631830278784, 0.00018171494593843818, 0.00018202899082098156, 0.00017788421246223152, 0.00017283677880186588, 0.0001739605941111222, 0.00017147645121440291, 0.0001685219758655876, 0.0001702186418697238, 0.00016430045070592314, 0.00016528394189663231, 0.00016999470244627446, 0.00016159949882421643, 0.00016564158431719989], "val_loss": [0.0016016296576708555, 0.0006453855894505978, 0.00043908285442739725, 0.00042028355528600514, 0.0003696678322739899, 0.0003592090797610581, 0.00035235329414717853, 0.00033648498356342316, 0.000332571828039363, 0.00032885363907553256, 0.00033270035055465996, 0.000334510812535882, 0.0003386489988770336, 0.0003247886197641492, 0.000318247388349846, 0.0003161683271173388, 0.00032255853875540197, 0.0003160753985866904, 0.0003296787035651505, 0.00031779814162291586, 0.0003164361114613712, 0.00032945512793958187, 0.00032349766115657985, 0.0003175922902300954, 0.00032395520247519016, 0.00032764658681117, 0.0003225726541131735, 0.00032189011108130217], "val_mse": [0.0016016296576708555, 0.0006453855894505978, 0.00043908285442739725, 0.00042028355528600514, 0.0003696678322739899, 0.0003592090797610581, 0.00035235329414717853, 0.00033648498356342316, 0.000332571828039363, 0.00032885363907553256, 0.00033270035055465996, 0.000334510812535882, 0.0003386489988770336, 0.0003247886197641492, 0.000318247388349846, 0.0003161683271173388, 0.00032255853875540197, 0.0003160753985866904, 0.0003296787035651505, 0.0003177981707267463, 0.0003164361114613712, 0.00032945512793958187, 0.00032349766115657985, 0.0003175922902300954, 0.00032395520247519016, 0.00032764658681117, 0.0003225726541131735, 0.00032189011108130217]}