{"loss": [0.0015148189850151539, 0.00040031730895861983, 0.0003263036778662354, 0.00028062061755917966, 0.0002649487869348377, 0.00025695058866403997, 0.0002471246989443898, 0.00025554411695338786, 0.0002396426280029118, 0.00023581692948937416, 0.00022635534696746618, 0.00022416449792217463, 0.00022272081696428359, 0.00022067689860705286, 0.0002162661839975044, 0.00021537613065447658, 0.00021244944946374744, 0.00021297890634741634, 0.00020933282212354243, 0.00020984798902645707, 0.0002099614794133231, 0.0002074134536087513, 0.00019852629338856786, 0.00019836654246319085, 0.0001984074478968978, 0.00019964008242823184, 0.00019217623048461974, 0.00019705420709215105, 0.0001927536359289661], "mse": [0.0015148189850151539, 0.00040031730895861983, 0.0003263036778662354, 0.00028062061755917966, 0.0002649487869348377, 0.00025695058866403997, 0.0002471246989443898, 0.00025554411695338786, 0.0002396426280029118, 0.00023581692948937416, 0.00022635534696746618, 0.00022416449792217463, 0.00022272081696428359, 0.00022067689860705286, 0.0002162661839975044, 0.00021537613065447658, 0.00021244944946374744, 0.00021297890634741634, 0.00020933282212354243, 0.00020984798902645707, 0.0002099614794133231, 0.0002074134536087513, 0.00019852629338856786, 0.00019836654246319085, 0.0001984074478968978, 0.00019964008242823184, 0.00019217623048461974, 0.00019705420709215105, 0.0001927536359289661], "val_loss": [0.0005048132152296603, 0.00029376649763435125, 0.0002755488094408065, 0.0003076406428590417, 0.00027896268875338137, 0.00023144215811043978, 0.0002852719626389444, 0.0002534979721531272, 0.00023115523799788207, 0.00023125819279812276, 0.0002231761027360335, 0.0002219850430265069, 0.0002161138254450634, 0.00022650675964541733, 0.00021779525559395552, 0.00020996179955545813, 0.0002566090552136302, 0.00024442229187116027, 0.0002041320112766698, 0.00024276455224025995, 0.00022465441725216806, 0.00022973271552473307, 0.0002219744783360511, 0.00023636054538656026, 0.00022135110339149833, 0.00020659076108131558, 0.00021607111557386816, 0.0002152008528355509, 0.00020910864986944944], "val_mse": [0.0005048132152296603, 0.00029376649763435125, 0.0002755488094408065, 0.0003076406428590417, 0.00027896268875338137, 0.00023144215811043978, 0.0002852719626389444, 0.0002534979721531272, 0.00023115523799788207, 0.00023125819279812276, 0.0002231761027360335, 0.0002219850430265069, 0.0002161138254450634, 0.00022650675964541733, 0.00021779525559395552, 0.00020996179955545813, 0.0002566090552136302, 0.00024442229187116027, 0.0002041320112766698, 0.00024276455224025995, 0.00022465441725216806, 0.00022973271552473307, 0.0002219744783360511, 0.00023636054538656026, 0.00022135110339149833, 0.00020659076108131558, 0.00021607111557386816, 0.0002152008528355509, 0.00020910864986944944]}