{"loss": [0.0017376091564074159, 0.0005595281254500151, 0.00025721697602421045, 0.00018904729222413152, 0.00015192560385912657, 0.00014169106725603342, 0.0001244668528670445, 0.00011477786028990522, 0.00010813037806656212, 0.00010304880561307073, 9.818427497521043e-05, 9.794579091249034e-05, 9.199434134643525e-05, 9.753397898748517e-05, 9.045044134836644e-05, 8.567451732233167e-05, 8.633815741632134e-05, 8.498351235175505e-05, 8.48521085572429e-05, 8.149016503011808e-05, 7.992776954779401e-05, 7.93483923189342e-05, 8.061049447860569e-05, 8.207828796003014e-05, 7.471341814380139e-05, 7.63873104006052e-05, 7.894994632806629e-05, 7.358287257375196e-05, 7.512795855291188e-05, 7.25358331692405e-05, 7.113497122190893e-05, 7.111848390195519e-05, 7.172943151090294e-05, 6.956880679354072e-05, 7.59607064537704e-05, 7.527305569965392e-05, 7.04994672560133e-05, 6.982167542446405e-05, 7.088943675626069e-05, 6.727717845933512e-05, 6.783563003409654e-05, 6.872459198348224e-05, 7.064513920340687e-05, 7.000241021160036e-05, 6.676489283563569e-05, 6.629114068346098e-05, 6.848060729680583e-05, 6.504901830339804e-05, 6.994717114139348e-05, 6.395974924089387e-05, 6.548609962919727e-05, 6.366753223119304e-05, 6.230043072719127e-05, 6.26924738753587e-05, 6.248705903999507e-05, 6.203671364346519e-05, 5.992731894366443e-05, 6.024375034030527e-05, 6.065905108698644e-05, 5.911900370847434e-05, 5.928558312007226e-05, 5.948882972006686e-05, 5.9470396081451327e-05, 6.156478048069403e-05, 5.828982830280438e-05, 6.422850856324658e-05, 5.883548510610126e-05, 5.8869864005828276e-05, 5.799112841486931e-05, 5.745226008002646e-05, 5.965242598904297e-05, 5.7815756008494645e-05, 6.108177331043407e-05, 6.119296449469402e-05, 5.694639548892155e-05, 5.7748733524931595e-05, 5.81077765673399e-05, 5.589230568148196e-05, 5.8806421293411404e-05, 5.474940553540364e-05], "mse": [0.0017376091564074159, 0.0005595281254500151, 0.00025721697602421045, 0.00018904729222413152, 0.00015192560385912657, 0.00014169106725603342, 0.0001244668528670445, 0.00011477786028990522, 0.00010813037806656212, 0.00010304880561307073, 9.818427497521043e-05, 9.794579091249034e-05, 9.199434134643525e-05, 9.753397898748517e-05, 9.045044862432405e-05, 8.567451732233167e-05, 8.633815741632134e-05, 8.498351235175505e-05, 8.48521085572429e-05, 8.149016503011808e-05, 7.992776954779401e-05, 7.93483923189342e-05, 8.061049447860569e-05, 8.207828796003014e-05, 7.471341814380139e-05, 7.638731767656282e-05, 7.894994632806629e-05, 7.358287257375196e-05, 7.512795855291188e-05, 7.25358331692405e-05, 7.113497122190893e-05, 7.111848390195519e-05, 7.172943151090294e-05, 6.956880679354072e-05, 7.59607064537704e-05, 7.527305569965392e-05, 7.04994672560133e-05, 6.982167542446405e-05, 7.088943675626069e-05, 6.727717845933512e-05, 6.783563003409654e-05, 6.872459198348224e-05, 7.064513920340687e-05, 7.000241021160036e-05, 6.676489283563569e-05, 6.629114068346098e-05, 6.848061457276344e-05, 6.504901102744043e-05, 6.994717114139348e-05, 6.395974924089387e-05, 6.548609962919727e-05, 6.366753223119304e-05, 6.230043072719127e-05, 6.26924738753587e-05, 6.248705903999507e-05, 6.203671364346519e-05, 5.992731894366443e-05, 6.024375034030527e-05, 6.065905108698644e-05, 5.911900370847434e-05, 5.928558312007226e-05, 5.948882972006686e-05, 5.9470396081451327e-05, 6.156478048069403e-05, 5.828982830280438e-05, 6.422850856324658e-05, 5.883548510610126e-05, 5.8869864005828276e-05, 5.799112841486931e-05, 5.745226008002646e-05, 5.965242598904297e-05, 5.7815756008494645e-05, 6.108177331043407e-05, 6.119296449469402e-05, 5.694639548892155e-05, 5.7748733524931595e-05, 5.81077765673399e-05, 5.589230568148196e-05, 5.8806421293411404e-05, 5.474940553540364e-05], "val_loss": [0.001387838739901781, 0.00047006766544654965, 0.0003025502082891762, 0.00023698076256550848, 0.00022286747116595507, 0.00020954724459443241, 0.00018472358351573348, 0.00018170574912801385, 0.00017244760238099843, 0.00017153350927401334, 0.00016861739277374, 0.00016213113849516958, 0.00017327741079498082, 0.00015765456191729754, 0.00015849006013013422, 0.00015806901501491666, 0.0001729614450596273, 0.00015873153461143374, 0.00015643771621398628, 0.00017441215459257364, 0.00015160419570747763, 0.00015739728405606002, 0.00015702692326158285, 0.00016184132255148143, 0.00015124909987207502, 0.00017054185445886105, 0.00015392042405437678, 0.00014899682719260454, 0.0001597077789483592, 0.00015739617811050266, 0.00015319889644160867, 0.00015232940495479852, 0.00014866256969980896, 0.00016503993538208306, 0.0002059393736999482, 0.00016451675037387758, 0.00014789537817705423, 0.0001560325617901981, 0.00015691718726884574, 0.00014886698045302182, 0.00015007113688625395, 0.00017978250980377197, 0.00015430504572577775, 0.0001529843284515664, 0.00014704736531712115, 0.00016002169286366552, 0.00016459707694593817, 0.00016841254546307027, 0.0001525439729448408, 0.00016021823103073984, 0.00014943639689590782, 0.0001456232275813818, 0.00014979064872022718, 0.0001454686716897413, 0.0001471405557822436, 0.0001686734176473692, 0.0001509712601546198, 0.0001480793725932017, 0.0001525854750070721, 0.00015154255379457027, 0.00014970480697229505, 0.0001479989878134802, 0.00014785143139306456, 0.0001453747390769422, 0.00014974796795286238, 0.00015137197624426335, 0.00016281795979011804, 0.00015634064038749784, 0.0001540742814540863, 0.00014425064728129655, 0.00014601917064283043, 0.00014939116954337806, 0.00016175258497241884, 0.00016686184972058982, 0.00015068041102495044, 0.00016247160965576768, 0.0001566209684824571, 0.00015034116222523153, 0.00014798823394812644, 0.00015277869533747435], "val_mse": [0.001387838739901781, 0.00047006766544654965, 0.0003025502082891762, 0.00023698076256550848, 0.00022286747116595507, 0.00020954724459443241, 0.00018472358351573348, 0.00018170574912801385, 0.00017244760238099843, 0.00017153350927401334, 0.00016861739277374, 0.00016213113849516958, 0.00017327741079498082, 0.00015765454736538231, 0.00015849006013013422, 0.00015806901501491666, 0.0001729614450596273, 0.00015873153461143374, 0.00015643771621398628, 0.00017441215459257364, 0.00015160419570747763, 0.00015739728405606002, 0.00015702692326158285, 0.00016184132255148143, 0.00015124909987207502, 0.00017054185445886105, 0.00015392042405437678, 0.00014899682719260454, 0.0001597077789483592, 0.00015739617811050266, 0.00015319889644160867, 0.00015232940495479852, 0.00014866255514789373, 0.00016503993538208306, 0.0002059393736999482, 0.00016451675037387758, 0.00014789537817705423, 0.0001560325617901981, 0.00015691718726884574, 0.00014886698045302182, 0.00015007113688625395, 0.00017978250980377197, 0.00015430504572577775, 0.0001529843284515664, 0.00014704736531712115, 0.00016002169286366552, 0.00016459707694593817, 0.00016841254546307027, 0.0001525439729448408, 0.00016021823103073984, 0.00014943639689590782, 0.0001456232275813818, 0.00014979064872022718, 0.0001454686716897413, 0.0001471405557822436, 0.0001686734176473692, 0.0001509712601546198, 0.0001480793725932017, 0.0001525854750070721, 0.00015154255379457027, 0.00014970480697229505, 0.0001479989878134802, 0.00014785143139306456, 0.0001453747390769422, 0.00014974796795286238, 0.00015137197624426335, 0.00016281795979011804, 0.00015634064038749784, 0.0001540742814540863, 0.00014425064728129655, 0.00014601918519474566, 0.00014939116954337806, 0.00016175258497241884, 0.00016686184972058982, 0.00015068041102495044, 0.00016247160965576768, 0.0001566209684824571, 0.00015034116222523153, 0.00014798823394812644, 0.00015277869533747435]}