{"loss": [0.001292504370212555, 0.0001842611818574369, 0.00011755824380088598, 8.297335443785414e-05, 6.952600961085409e-05, 6.006009425618686e-05, 5.5393073125742376e-05, 5.311556742526591e-05, 4.7753346734680235e-05, 4.696273390436545e-05, 4.353330587036908e-05, 4.043790977448225e-05, 4.0857692511053756e-05, 3.9311991713475436e-05, 3.77212418243289e-05, 3.7348101614043117e-05, 3.7028312362963334e-05, 3.71188361896202e-05, 3.557853779057041e-05, 3.5119548556394875e-05, 3.461506275925785e-05, 3.332668711664155e-05, 3.812961222138256e-05, 3.18124148179777e-05, 3.133381324005313e-05, 3.2345626095775515e-05, 3.0375409551197663e-05, 2.9759503377135843e-05, 3.130980985588394e-05, 2.872178993129637e-05, 2.8022068363497965e-05, 3.286484206910245e-05, 2.7917818442801945e-05, 2.768773993011564e-05, 3.223701423848979e-05, 2.8921282137162052e-05, 2.7955560653936118e-05, 2.6600931960274465e-05, 2.6349578547524288e-05, 2.6419773348607123e-05, 2.5432416805415414e-05, 2.713399226195179e-05, 2.807746386679355e-05, 2.5389177608303726e-05, 2.5314497179351747e-05, 2.501496419426985e-05, 2.424232843623031e-05, 2.4850040063029155e-05, 2.546601535868831e-05, 2.444040001137182e-05, 2.628409129101783e-05, 2.4187076633097604e-05, 2.45769988396205e-05, 2.2830932721262798e-05, 2.2773754608351737e-05, 2.240146932308562e-05], "mse": [0.001292504370212555, 0.0001842611818574369, 0.00011755824380088598, 8.297335443785414e-05, 6.952600961085409e-05, 6.006009425618686e-05, 5.5393073125742376e-05, 5.311556742526591e-05, 4.7753346734680235e-05, 4.696273390436545e-05, 4.353330587036908e-05, 4.043790977448225e-05, 4.0857692511053756e-05, 3.9311991713475436e-05, 3.77212418243289e-05, 3.7348105252021924e-05, 3.7028312362963334e-05, 3.71188361896202e-05, 3.557853779057041e-05, 3.5119548556394875e-05, 3.461506275925785e-05, 3.332668711664155e-05, 3.812961222138256e-05, 3.18124148179777e-05, 3.133381324005313e-05, 3.2345626095775515e-05, 3.0375409551197663e-05, 2.9759503377135843e-05, 3.130980985588394e-05, 2.872178993129637e-05, 2.8022068363497965e-05, 3.286484206910245e-05, 2.7917818442801945e-05, 2.768773993011564e-05, 3.223701423848979e-05, 2.8921282137162052e-05, 2.7955560653936118e-05, 2.6600931960274465e-05, 2.6349578547524288e-05, 2.6419773348607123e-05, 2.5432416805415414e-05, 2.713399226195179e-05, 2.807746386679355e-05, 2.5389177608303726e-05, 2.5314500817330554e-05, 2.501496419426985e-05, 2.424232843623031e-05, 2.4850040063029155e-05, 2.546601535868831e-05, 2.444040001137182e-05, 2.628409129101783e-05, 2.4187078452087007e-05, 2.45769988396205e-05, 2.2830932721262798e-05, 2.2773754608351737e-05, 2.240146932308562e-05], "val_loss": [0.0002580759464763105, 0.0001248613407369703, 9.032833622768521e-05, 8.071821503108367e-05, 6.879484135424718e-05, 5.8462072047404945e-05, 5.7717854360817e-05, 5.290588524076156e-05, 6.39124700683169e-05, 5.348410559236072e-05, 4.832154081668705e-05, 4.81563329230994e-05, 4.7110359446378425e-05, 4.890521813649684e-05, 4.983538747183047e-05, 4.700565114035271e-05, 4.689243723987602e-05, 4.547653588815592e-05, 4.439902477315627e-05, 4.4525786506710574e-05, 4.2986601329175755e-05, 4.735185211757198e-05, 4.2778137867571786e-05, 4.8013658670242876e-05, 4.3256735807517543e-05, 4.918866034131497e-05, 4.655297379940748e-05, 4.6190409193513915e-05, 4.16203256463632e-05, 4.490461651585065e-05, 4.3556825403356925e-05, 5.3082836529938504e-05, 4.276657637092285e-05, 4.26996048190631e-05, 4.319497384130955e-05, 4.4506807171273977e-05, 4.596753205987625e-05, 4.152720794081688e-05, 4.417023592395708e-05, 4.441593409865163e-05, 4.545960109680891e-05, 5.223343032412231e-05, 4.15375798183959e-05, 4.222809002385475e-05, 4.0923780034063384e-05, 4.0301481931237504e-05, 4.246254320605658e-05, 4.0807433833833784e-05, 4.114639887120575e-05, 4.050937786814757e-05, 4.155872011324391e-05, 4.097737473784946e-05, 4.097292185178958e-05, 4.0484137571183965e-05, 4.130437082494609e-05, 4.178053859504871e-05], "val_mse": [0.0002580759464763105, 0.0001248613407369703, 9.032833622768521e-05, 8.071821503108367e-05, 6.879484135424718e-05, 5.8462072047404945e-05, 5.7717854360817e-05, 5.290588524076156e-05, 6.39124700683169e-05, 5.348410559236072e-05, 4.832154081668705e-05, 4.81563329230994e-05, 4.7110359446378425e-05, 4.890521813649684e-05, 4.983538747183047e-05, 4.700565114035271e-05, 4.689243723987602e-05, 4.547653588815592e-05, 4.439902477315627e-05, 4.4525786506710574e-05, 4.298660496715456e-05, 4.735185211757198e-05, 4.2778137867571786e-05, 4.8013658670242876e-05, 4.325674308347516e-05, 4.918866034131497e-05, 4.655297379940748e-05, 4.6190409193513915e-05, 4.16203256463632e-05, 4.490461651585065e-05, 4.3556825403356925e-05, 5.308282925398089e-05, 4.276657637092285e-05, 4.26996048190631e-05, 4.319497384130955e-05, 4.4506807171273977e-05, 4.596753205987625e-05, 4.152720794081688e-05, 4.417023592395708e-05, 4.441593409865163e-05, 4.545960109680891e-05, 5.223343032412231e-05, 4.15375798183959e-05, 4.222809002385475e-05, 4.0923780034063384e-05, 4.0301481931237504e-05, 4.246254320605658e-05, 4.0807433833833784e-05, 4.114639887120575e-05, 4.050937786814757e-05, 4.155872011324391e-05, 4.097737473784946e-05, 4.097292185178958e-05, 4.0484137571183965e-05, 4.130437082494609e-05, 4.178053859504871e-05]}