{"loss": [0.0017996830865740776, 0.000694568210747093, 0.00031230642343871295, 0.00022657473164144903, 0.00017500994727015495, 0.00015286201960407197, 0.00013764739560429007, 0.00013376219430938363, 0.0001225203595822677, 0.0001261373545276001, 0.0001169636016129516, 0.00011058650125050917, 0.00010815406130859628, 0.00010737700358731672, 0.0001026082391035743, 0.00010740081052063033, 9.616521856514737e-05, 9.656426846049726e-05, 9.489883086644113e-05, 0.00010036663297796622, 8.904568676371127e-05, 8.783768862485886e-05, 8.706547669135034e-05, 8.701286424184218e-05, 8.949849870987236e-05, 8.508646715199575e-05, 8.336349128512666e-05, 8.022761903703213e-05, 8.533071377314627e-05, 8.344719390152022e-05, 8.312044519698247e-05, 7.574223127448931e-05, 7.82277638791129e-05, 7.747513154754415e-05, 7.572139293188229e-05, 7.430664118146524e-05, 7.44275312172249e-05, 7.497614569729194e-05, 7.501636719098315e-05, 7.131160236895084e-05, 7.417856249958277e-05, 7.280994032043964e-05], "mse": [0.0017996830865740776, 0.000694568210747093, 0.00031230642343871295, 0.00022657473164144903, 0.00017500994727015495, 0.00015286199050024152, 0.00013764739560429007, 0.00013376219430938363, 0.0001225203595822677, 0.0001261373545276001, 0.0001169636016129516, 0.00011058650125050917, 0.00010815406130859628, 0.00010737700358731672, 0.0001026082391035743, 0.00010740081052063033, 9.616521856514737e-05, 9.656426846049726e-05, 9.489883086644113e-05, 0.00010036663297796622, 8.904568676371127e-05, 8.783768862485886e-05, 8.706547669135034e-05, 8.701286424184218e-05, 8.949849870987236e-05, 8.508646715199575e-05, 8.336349128512666e-05, 8.022761903703213e-05, 8.533071377314627e-05, 8.344719390152022e-05, 8.312044519698247e-05, 7.574223127448931e-05, 7.82277638791129e-05, 7.747513154754415e-05, 7.572139293188229e-05, 7.430664118146524e-05, 7.44275312172249e-05, 7.497614569729194e-05, 7.501636719098315e-05, 7.131160236895084e-05, 7.417856249958277e-05, 7.280994032043964e-05], "val_loss": [0.001390150748193264, 0.00054805853869766, 0.00027028616750612855, 0.0002223691699327901, 0.000175409484654665, 0.00016884606156963855, 0.00014049049059394747, 0.0001264538586838171, 0.00012422796862665564, 0.00015504274051636457, 0.00011106989404652268, 0.00010810760431922972, 0.00011281383922323585, 0.00010417652083560824, 0.00011348583939252421, 9.962959302356467e-05, 9.547247464070097e-05, 9.153620339930058e-05, 0.00012421736028045416, 9.277930803364143e-05, 9.755564678926021e-05, 8.863274706527591e-05, 9.342814155388623e-05, 8.598501153755933e-05, 8.396009798161685e-05, 8.569149213144556e-05, 8.395629993174225e-05, 8.499325485900044e-05, 8.779700874583796e-05, 9.75334332906641e-05, 8.057041122810915e-05, 7.769916555844247e-05, 8.143822924466804e-05, 8.347218681592494e-05, 7.990032463567331e-05, 8.227265789173543e-05, 8.361612708540633e-05, 8.127876208163798e-05, 7.950681902002543e-05, 8.092369535006583e-05, 7.87731260061264e-05, 0.00010452556307427585], "val_mse": [0.001390150748193264, 0.00054805853869766, 0.00027028616750612855, 0.00022236918448470533, 0.00017540947010274976, 0.00016884606156963855, 0.00014049049059394747, 0.0001264538586838171, 0.00012422796862665564, 0.00015504274051636457, 0.00011106989404652268, 0.00010810760431922972, 0.00011281383922323585, 0.00010417652083560824, 0.00011348583939252421, 9.962959302356467e-05, 9.547247464070097e-05, 9.153620339930058e-05, 0.00012421736028045416, 9.277930803364143e-05, 9.75556395133026e-05, 8.863274706527591e-05, 9.342814155388623e-05, 8.598501153755933e-05, 8.396009798161685e-05, 8.569149940740317e-05, 8.395629993174225e-05, 8.499325485900044e-05, 8.779701602179557e-05, 9.75334332906641e-05, 8.057041122810915e-05, 7.769916555844247e-05, 8.143822924466804e-05, 8.347218681592494e-05, 7.990032463567331e-05, 8.227265789173543e-05, 8.361612708540633e-05, 8.127876208163798e-05, 7.950681902002543e-05, 8.092369535006583e-05, 7.87731260061264e-05, 0.00010452556307427585]}