{"loss": [0.0021710903383791447, 0.0019536027684807777, 0.0017808109987527132, 0.0015968451043590903, 0.0014001349918544292, 0.001161511754617095, 0.000917852099519223, 0.0006778619717806578, 0.00049536710139364, 0.00036615910357795656, 0.0002739978954195976, 0.00019729258201550692, 0.00015423132572323084, 0.000134945847094059, 0.00011806481052190065, 0.00010262278374284506, 9.453979146201164e-05, 8.921347034629434e-05, 8.489785250276327e-05, 7.979854854056612e-05, 8.219671144615859e-05, 7.240641571115702e-05, 6.826340541010723e-05, 6.442165613407269e-05, 6.093809497542679e-05, 5.701284317183308e-05, 5.856940333615057e-05, 5.9609435993479565e-05, 5.1987997721880674e-05, 5.1113755034748465e-05, 4.6778131945757195e-05, 4.577018989948556e-05, 4.54551336588338e-05, 4.351394818513654e-05, 4.102280945517123e-05, 3.9964950701687485e-05, 4.0817027183948085e-05, 4.2072017095051706e-05, 3.9720005588606e-05, 4.0663078834768385e-05, 3.703277980093844e-05, 3.4931243135361e-05, 3.431209916016087e-05, 3.359595575602725e-05, 3.1804334867047146e-05, 3.191803261870518e-05, 3.041963282157667e-05, 3.175494202878326e-05, 3.105542418779805e-05, 3.0268001864897087e-05, 3.101185939158313e-05, 2.8987929908907972e-05, 3.0791132303420454e-05, 3.059584560105577e-05, 2.8740541893057525e-05, 2.9502149118343368e-05, 2.832738755387254e-05, 2.6511497708270326e-05, 2.52914906013757e-05, 2.3839695131755434e-05, 2.4657314497744665e-05, 2.439090167172253e-05, 2.49065433308715e-05, 2.390773079241626e-05, 2.276994382555131e-05, 2.3120062905945815e-05, 2.3093572963261977e-05, 2.2114780222182162e-05, 2.2206930225365795e-05, 2.274976941407658e-05, 2.1069365175208077e-05, 2.1236706743366085e-05, 2.0191930161672644e-05, 2.0702154870377854e-05, 2.0693891201517545e-05, 2.080248304991983e-05, 2.061678060272243e-05, 1.899205381050706e-05, 2.0025050616823137e-05, 2.055331970041152e-05, 2.0462312022573315e-05, 1.925781907630153e-05, 1.8031543731922284e-05, 1.9493401850922965e-05, 1.975443956325762e-05], "mse": [0.0021710903383791447, 0.0019536027684807777, 0.0017808109987527132, 0.0015968451043590903, 0.0014001349918544292, 0.001161511754617095, 0.000917852099519223, 0.0006778619717806578, 0.00049536710139364, 0.00036615910357795656, 0.0002739978954195976, 0.00019729258201550692, 0.00015423132572323084, 0.00013494586164597422, 0.00011806481052190065, 0.00010262278374284506, 9.453979146201164e-05, 8.921347034629434e-05, 8.489785250276327e-05, 7.979854854056612e-05, 8.219671144615859e-05, 7.240641571115702e-05, 6.826340541010723e-05, 6.442165613407269e-05, 6.093809497542679e-05, 5.701284317183308e-05, 5.856940333615057e-05, 5.9609435993479565e-05, 5.1987997721880674e-05, 5.1113755034748465e-05, 4.6778131945757195e-05, 4.577018989948556e-05, 4.54551336588338e-05, 4.351394818513654e-05, 4.102280581719242e-05, 3.9964950701687485e-05, 4.081702354596928e-05, 4.2072017095051706e-05, 3.9720005588606e-05, 4.0663078834768385e-05, 3.703277980093844e-05, 3.4931243135361e-05, 3.431209916016087e-05, 3.359595575602725e-05, 3.1804334867047146e-05, 3.191803261870518e-05, 3.041963282157667e-05, 3.175494202878326e-05, 3.105542418779805e-05, 3.0268001864897087e-05, 3.101185939158313e-05, 2.8987929908907972e-05, 3.0791132303420454e-05, 3.059584560105577e-05, 2.8740541893057525e-05, 2.9502149118343368e-05, 2.832738755387254e-05, 2.6511497708270326e-05, 2.52914906013757e-05, 2.3839695131755434e-05, 2.4657314497744665e-05, 2.439090167172253e-05, 2.49065433308715e-05, 2.390773079241626e-05, 2.276994382555131e-05, 2.3120062905945815e-05, 2.3093572963261977e-05, 2.2114780222182162e-05, 2.2206930225365795e-05, 2.274976941407658e-05, 2.1069365175208077e-05, 2.1236706743366085e-05, 2.0191930161672644e-05, 2.0702154870377854e-05, 2.0693891201517545e-05, 2.080248304991983e-05, 2.061678060272243e-05, 1.899205381050706e-05, 2.0025050616823137e-05, 2.055331970041152e-05, 2.0462312022573315e-05, 1.925781907630153e-05, 1.8031543731922284e-05, 1.9493401850922965e-05, 1.975443956325762e-05], "val_loss": [0.0025356344413012266, 0.0024258748162537813, 0.0021964844781905413, 0.0018957809079438448, 0.0016530603170394897, 0.00137811666354537, 0.0009974075946956873, 0.0007562685641460121, 0.0005671991966664791, 0.00039855242357589304, 0.00031761263380758464, 0.0003101298934780061, 0.0002844050177372992, 0.0003103246563114226, 0.00026548278401605785, 0.00027376963407732546, 0.00029545510187745094, 0.00023272733960766345, 0.00024304620455950499, 0.0002868794254027307, 0.00024502392625436187, 0.00022947850811760873, 0.00022567463747691363, 0.0002123380545526743, 0.000228974997298792, 0.0002450745669193566, 0.00019468145910650492, 0.00022504381195176393, 0.0002331491996301338, 0.0002308860857738182, 0.00019471265841275454, 0.00018852265202440321, 0.00020807477994821966, 0.0001732406235532835, 0.00019104222883470356, 0.00017132077482528985, 0.00016910287376958877, 0.00019896356388926506, 0.00016561956726945937, 0.00016530108405277133, 0.00017332303104922175, 0.00017257287981919944, 0.00016318376583512872, 0.00015267051639966667, 0.00015065635670907795, 0.0001558616349939257, 0.00016199101810343564, 0.00014364835806190968, 0.00014745266526006162, 0.00015722238458693027, 0.00013053376460447907, 0.00016811936802696437, 0.0001263364974875003, 0.00015818349493201822, 0.00013377744471654296, 0.00015727034769952297, 0.0001203259889734909, 0.00014599401038140059, 0.00012659738422371447, 0.00012534379493445158, 0.00012891975347884, 0.00012841445277445018, 0.0001261488941963762, 0.00011988484766334295, 0.0001350759994238615, 0.00012186302046757191, 0.0001315575063927099, 0.00011998878471786156, 0.00011952102795476094, 0.00011764925147872418, 0.00011757687025237828, 0.00012139896716689691, 0.00011940831609535962, 0.00012057705316692591, 0.00010749064676929265, 0.00012813582725357264, 0.00010926199320238084, 0.00011289385292911902, 0.0001242053840542212, 0.00012476675328798592, 0.00011654271656880155, 0.00011440841626608744, 0.00011069735046476126, 0.00012788374442607164, 0.00010893014405155554],