{"loss": [0.027005940675735474, 0.025638988241553307, 0.025341659784317017, 0.025010347366333008, 0.024663103744387627, 0.02455303631722927, 0.02413441427052021, 0.023836201056838036, 0.02357751689851284, 0.023448733612895012, 0.023289775475859642, 0.02263500541448593, 0.022406356409192085], "mse": [0.027005940675735474, 0.025638991966843605, 0.025341659784317017, 0.025010347366333008, 0.024663103744387627, 0.02455303631722927, 0.024134410545229912, 0.023836201056838036, 0.02357751689851284, 0.023448733612895012, 0.023289775475859642, 0.02263500727713108, 0.022406356409192085], "val_loss": [0.029393991455435753, 0.029970284551382065, 0.028586771339178085, 0.029034573584794998, 0.030748575925827026, 0.03081873431801796, 0.02902667224407196, 0.029128700494766235, 0.02951830066740513, 0.02925379015505314, 0.030053887516260147, 0.02972349524497986, 0.030727293342351913], "val_mse": [0.029393991455435753, 0.029970284551382065, 0.028586771339178085, 0.029034573584794998, 0.030748575925827026, 0.03081873059272766, 0.02902667596936226, 0.029128700494766235, 0.02951830066740513, 0.02925379015505314, 0.030053887516260147, 0.02972349524497986, 0.030727293342351913]}