{"loss": [0.024070892482995987, 0.023389458656311035, 0.023070260882377625, 0.022951481863856316, 0.022810518741607666, 0.022794168442487717, 0.02264387160539627, 0.022597506642341614, 0.02248033508658409, 0.022476959973573685, 0.022329486906528473, 0.022235887125134468, 0.022127246484160423, 0.022064322605729103, 0.022025341168045998, 0.02193889394402504, 0.02183341234922409, 0.02180403470993042, 0.021648066118359566, 0.02158438228070736], "mse": [0.024070892482995987, 0.023389458656311035, 0.023070260882377625, 0.022951481863856316, 0.022810518741607666, 0.022794168442487717, 0.02264387160539627, 0.022597506642341614, 0.02248033508658409, 0.022476959973573685, 0.022329486906528473, 0.022235887125134468, 0.022127246484160423, 0.022064322605729103, 0.022025341168045998, 0.02193889394402504, 0.02183341234922409, 0.02180403470993042, 0.021648066118359566, 0.02158438041806221], "val_loss": [0.020220443606376648, 0.019788097590208054, 0.019628779962658882, 0.01946939527988434, 0.01935320347547531, 0.019510826095938683, 0.019359007477760315, 0.019365333020687103, 0.019391372799873352, 0.019298005849123, 0.019588565453886986, 0.01948787458240986, 0.019406316801905632, 0.019443809986114502, 0.019616812467575073, 0.01978028379380703, 0.019789760932326317, 0.019558459520339966, 0.01966876909136772, 0.019783591851592064], "val_mse": [0.020220443606376648, 0.019788097590208054, 0.019628779962658882, 0.01946939527988434, 0.01935320347547531, 0.019510826095938683, 0.019359007477760315, 0.019365333020687103, 0.019391372799873352, 0.019298005849123, 0.019588565453886986, 0.01948787458240986, 0.019406316801905632, 0.019443809986114502, 0.019616812467575073, 0.01978028379380703, 0.019789760932326317, 0.019558457657694817, 0.01966876909136772, 0.019783591851592064]}