{"loss": [0.00204846216365695, 0.000986117753200233, 0.0005314311711117625, 0.0003800201811827719, 0.00032468713470734656, 0.000297037506243214, 0.0002828496217262, 0.00026243063621222973, 0.00025474868016317487, 0.00024075362307485193, 0.00023793530999682844, 0.0002267288218718022, 0.00022044306388124824, 0.0002185928460676223, 0.00020988004689570516, 0.00021083677711430937, 0.0002094062219839543, 0.00020409308490343392, 0.0001956721389433369, 0.00019920928752981126, 0.00019122216326650232, 0.0001952066522790119, 0.00018785403517540544, 0.00019184402481187135, 0.0001905675744637847, 0.0001847065577749163, 0.0001846689119702205, 0.0001806999061955139, 0.0001751414529280737, 0.0001817543088691309, 0.0001767349021974951, 0.00017478004156146199, 0.00016903801588341594, 0.0001723719178698957, 0.00017071673937607557, 0.00016503612278029323, 0.00016774590767454356, 0.00016300058632623404, 0.0001620826660655439, 0.00016038450121413916, 0.00015703230747021735, 0.00016790269000921398, 0.00016623410920146853, 0.00016135610349010676, 0.00015595316654071212, 0.0001509975700173527, 0.000150418039993383, 0.00015195333980955184, 0.00015391262422781438, 0.00014787180407438427, 0.00015130688552744687, 0.00014808663399890065, 0.00014362770889420062, 0.00014429942530114204, 0.00014423987886402756, 0.00014415138866752386, 0.00014166357868816704, 0.0001375267602270469, 0.00013832459808327258, 0.0001407313102390617, 0.00014412855671253055, 0.00013730138016398996, 0.00013655713701155037, 0.0001377068692818284], "mse": [0.00204846216365695, 0.000986117753200233, 0.0005314311711117625, 0.0003800201811827719, 0.00032468713470734656, 0.000297037506243214, 0.00028284965083003044, 0.00026243063621222973, 0.00025474868016317487, 0.00024075362307485193, 0.00023793530999682844, 0.0002267288218718022, 0.00022044306388124824, 0.0002185928460676223, 0.00020988004689570516, 0.00021083677711430937, 0.0002094062219839543, 0.00020409308490343392, 0.0001956721389433369, 0.00019920928752981126, 0.00019122216326650232, 0.0001952066522790119, 0.00018785403517540544, 0.00019184402481187135, 0.0001905675744637847, 0.0001847065577749163, 0.0001846689119702205, 0.0001806999061955139, 0.0001751414529280737, 0.0001817543088691309, 0.0001767349021974951, 0.00017478004156146199, 0.00016903801588341594, 0.0001723719178698957, 0.00017071673937607557, 0.00016503612278029323, 0.00016774590767454356, 0.00016300058632623404, 0.0001620826660655439, 0.00016038450121413916, 0.00015703230747021735, 0.00016790269000921398, 0.00016623410920146853, 0.00016135610349010676, 0.00015595316654071212, 0.0001509975700173527, 0.000150418039993383, 0.00015195333980955184, 0.00015391262422781438, 0.00014787180407438427, 0.00015130688552744687, 0.00014808663399890065, 0.00014362770889420062, 0.00014429942530114204, 0.00014423987886402756, 0.00014415138866752386, 0.00014166357868816704, 0.0001375267602270469, 0.00013832459808327258, 0.00014073132479097694, 0.00014412855671253055, 0.00013730138016398996, 0.00013655713701155037, 0.0001377068692818284], "val_loss": [0.001659112749621272, 0.0006910923984833062, 0.0003754187491722405, 0.0002915582153946161, 0.00030083570163697004, 0.0002491209888830781, 0.0002260005276184529, 0.000211206657695584, 0.00020411894365679473, 0.00020878347277175635, 0.00020107027376070619, 0.00018706910486798733, 0.00018922211893368512, 0.00018463707237970084, 0.0001783298939699307, 0.0001743253815220669, 0.00017833083984442055, 0.00017687772924546152, 0.00017264913185499609, 0.00016458463505841792, 0.00017504025890957564, 0.00016768535715527833, 0.00016606165445409715, 0.00017498101806268096, 0.00017855277110356838, 0.00016328539641108364, 0.00017005932750180364, 0.00016473059076815844, 0.00018611080304253846, 0.00017137767281383276, 0.00019334041280671954, 0.00016910472186282277, 0.0001662238355493173, 0.00017821630171965808, 0.00016212205810006708, 0.00017621841107029468, 0.00016172474715858698, 0.00016562156088184565, 0.00016143583343364298, 0.00016174977645277977, 0.00016789119399618357, 0.0001903022639453411, 0.00016053668514359742, 0.000162175259902142, 0.0001649595651542768, 0.00016568329010624439, 0.00015937691205181181, 0.00016269279876723886, 0.00018447318871039897, 0.00016800839512143284, 0.0001630002079764381, 0.00016007397789508104, 0.00018654805899132043, 0.00015667550906073302, 0.00017287375521846116, 0.00016145648260135204, 0.00016251273336820304, 0.0001670961210038513, 0.00016930108540691435, 0.00017481119721196592, 0.00019214826170355082, 0.00016756974218878895, 0.0001787626970326528, 0.000164856668561697], "val_mse": [0.001659112749621272, 0.0006910923402756453, 0.0003754187491722405, 0.0002915582153946161, 0.0003008356725331396, 0.0002491209888830781, 0.0002260005276184529, 0.000211206657695584, 0.00020411894365679473, 0.00020878347277175635, 0.00020107027376070619, 0.00018706910486798733, 0.00018922211893368512, 0.00018463707237970084, 0.0001783298939699307, 0.0001743253815220669, 0.00017833083984442055, 0.00017687772924546152, 0.00017264913185499609, 0.00016458463505841792, 0.00017504025890957564, 0.00016768535715527833, 0.00016606165445409715, 0.00017498101806268096, 0.00017855277110356838, 0.00016328541096299887, 0.00017005932750180364, 0.00016473059076815844, 0.00018611080304253846, 0.00017137767281383276, 0.00019334041280671954, 0.00016910472186282277, 0.0001662238355493173, 0.00017821630171965808, 0.00016212205810006708, 0.00017621841107029468, 0.00016172474715858698, 0.00016562156088184565, 0.00016143583343364298, 0.00016174977645277977, 0.00016789119399618357, 0.0001903022639453411, 0.00016053668514359742, 0.000162175259902142, 0.0001649595651542768, 0.00016568329010624439, 0.00015937689749989659, 0.00016269279876723886, 0.00018447318871039897, 0.00016800839512143284, 0.0001630002079764381, 0.00016007397789508104, 0.00018654805899132043, 0.00015667550906073302, 0.00017287375521846116, 0.00016145648260135204, 0.00016251273336820304, 0.0001670961210038513, 0.00016930108540691435, 0.00017481119721196592, 0.00019214826170355082, 0.00016756978584453464, 0.0001787626970326528, 0.00016485668311361223]}