{"loss": [0.010889986529946327, 0.00984876323491335, 0.009409439750015736, 0.009248094633221626, 0.00915753748267889, 0.009065109305083752, 0.008967173285782337, 0.008935173973441124, 0.008826038800179958, 0.008891711942851543, 0.008740108460187912, 0.008749381639063358, 0.008710040710866451], "mse": [0.010889986529946327, 0.00984876323491335, 0.009409439750015736, 0.009248094633221626, 0.00915753748267889, 0.009065109305083752, 0.008967173285782337, 0.008935173973441124, 0.008826038800179958, 0.008891711942851543, 0.008740108460187912, 0.008749380707740784, 0.008710040710866451], "val_loss": [0.009128044359385967, 0.008657622151076794, 0.00860273465514183, 0.008627032861113548, 0.008848323486745358, 0.008704772219061852, 0.008930692449212074, 0.008676063269376755, 0.008796554058790207, 0.008724521845579147, 0.008746792562305927, 0.008906613104045391, 0.00889027863740921], "val_mse": [0.009128044359385967, 0.008657623082399368, 0.00860273465514183, 0.008627032861113548, 0.008848323486745358, 0.008704772219061852, 0.008930692449212074, 0.008676063269376755, 0.008796554058790207, 0.008724521845579147, 0.008746792562305927, 0.008906613104045391, 0.00889027863740921]}