{"loss": [0.030002016574144363, 0.02788354456424713, 0.02676999568939209, 0.026110488921403885, 0.025593161582946777, 0.025430748239159584, 0.02480694279074669, 0.024406367912888527, 0.02416963502764702, 0.02377147786319256, 0.02326720766723156], "mse": [0.030002016574144363, 0.02788354456424713, 0.02676999568939209, 0.026110488921403885, 0.025593161582946777, 0.025430748239159584, 0.02480694279074669, 0.024406367912888527, 0.02416963502764702, 0.02377147786319256, 0.02326720766723156], "val_loss": [0.01685522496700287, 0.0175666194409132, 0.01876484975218773, 0.01921940967440605, 0.021099280565977097, 0.019155185669660568, 0.020161230117082596, 0.01980270817875862, 0.021000225096940994, 0.020116470754146576, 0.021541958674788475], "val_mse": [0.01685522496700287, 0.0175666194409132, 0.01876484975218773, 0.01921940967440605, 0.021099280565977097, 0.019155185669660568, 0.020161230117082596, 0.01980270817875862, 0.021000225096940994, 0.020116470754146576, 0.021541958674788475]}