{"loss": [0.0038548880256712437, 0.0004928705748170614, 0.00021505031327251345, 0.00014488464512396604, 0.00012783383135683835, 0.00011291217379039153, 9.385462908539921e-05, 8.909085590858012e-05, 8.752148278290406e-05, 7.710148929618299e-05, 7.746468327241018e-05, 7.789511437295005e-05, 7.355630805250257e-05, 7.085766264935955e-05, 7.250819180626422e-05, 7.052657019812614e-05, 6.459165160777047e-05, 6.95693088346161e-05, 6.447159103117883e-05, 6.087370275054127e-05, 6.18172125541605e-05, 5.918544775340706e-05, 6.433203088818118e-05, 5.929724284214899e-05, 5.684853022103198e-05, 5.5708027502987534e-05, 5.9180991229368374e-05, 5.623558536171913e-05, 5.3601295803673565e-05, 5.346372563508339e-05, 5.358911948860623e-05, 5.676354339811951e-05, 5.516579039976932e-05, 5.841830716235563e-05, 5.3712738008471206e-05, 5.530708949663676e-05, 4.952530434820801e-05, 4.938236452289857e-05, 5.266133666737005e-05, 4.9818958359537646e-05, 4.9172969738719985e-05, 5.150668221176602e-05, 4.817519220523536e-05, 5.153686288394965e-05, 5.6121498346328735e-05, 4.8198417061939836e-05, 5.087975296191871e-05, 4.5770932047162205e-05, 5.011351822759025e-05], "mse": [0.0038548880256712437, 0.0004928705748170614, 0.00021505031327251345, 0.00014488464512396604, 0.00012783383135683835, 0.00011291217379039153, 9.385462908539921e-05, 8.909085590858012e-05, 8.752148278290406e-05, 7.710148929618299e-05, 7.74646905483678e-05, 7.789511437295005e-05, 7.355630805250257e-05, 7.085766992531717e-05, 7.250819180626422e-05, 7.052657019812614e-05, 6.459165160777047e-05, 6.95693088346161e-05, 6.447159103117883e-05, 6.087370275054127e-05, 6.18172125541605e-05, 5.918544775340706e-05, 6.433203088818118e-05, 5.929724284214899e-05, 5.684853022103198e-05, 5.5708027502987534e-05, 5.9180991229368374e-05, 5.623558536171913e-05, 5.3601295803673565e-05, 5.346372563508339e-05, 5.358911948860623e-05, 5.676354339811951e-05, 5.516579039976932e-05, 5.841830716235563e-05, 5.3712738008471206e-05, 5.530708949663676e-05, 4.952530434820801e-05, 4.938236452289857e-05, 5.266133666737005e-05, 4.9818958359537646e-05, 4.9172969738719985e-05, 5.150668221176602e-05, 4.817519220523536e-05, 5.153686288394965e-05, 5.6121498346328735e-05, 4.8198417061939836e-05, 5.087975296191871e-05, 4.5770932047162205e-05, 5.011351822759025e-05], "val_loss": [0.001117922249250114, 0.00036209632526151836, 0.0002070543123409152, 0.0001635724911466241, 0.00014247040962800384, 0.0001336880959570408, 0.00011105014709755778, 0.00010486042447155342, 0.00010952204320346937, 9.415571548743173e-05, 8.844423427945003e-05, 8.577616972615942e-05, 8.792147127678618e-05, 0.0001257217809325084, 9.99558178591542e-05, 8.242287731263787e-05, 8.527866884833202e-05, 7.819956226740032e-05, 7.669678598176688e-05, 7.178765372373164e-05, 9.441598376724869e-05, 7.531415030825883e-05, 8.278189488919452e-05, 7.202193228295073e-05, 6.9438036007341e-05, 7.23587436368689e-05, 9.473329555476084e-05, 7.309033389901742e-05, 6.575990846613422e-05, 6.985991058172658e-05, 6.54518444207497e-05, 7.034344889689237e-05, 6.843530718469992e-05, 7.655766967218369e-05, 9.78552270680666e-05, 7.124490366550162e-05, 7.136478234315291e-05, 7.382940384559333e-05, 6.201813812367618e-05, 7.313366222660989e-05, 6.235640466911718e-05, 6.597995525225997e-05, 6.749912427039817e-05, 6.777336966479197e-05, 9.88393003353849e-05, 6.333855708362535e-05, 6.395491072908044e-05, 6.583600770682096e-05, 6.35264441370964e-05], "val_mse": [0.001117922249250114, 0.00036209632526151836, 0.0002070543123409152, 0.0001635724911466241, 0.00014247040962800384, 0.0001336880959570408, 0.00011105014709755778, 0.00010486042447155342, 0.00010952204320346937, 9.415571548743173e-05, 8.844423427945003e-05, 8.577616972615942e-05, 8.792147127678618e-05, 0.0001257217809325084, 9.99558178591542e-05, 8.242287731263787e-05, 8.527866884833202e-05, 7.819956226740032e-05, 7.669678598176688e-05, 7.178765372373164e-05, 9.441597649129108e-05, 7.531415758421645e-05, 8.278189488919452e-05, 7.202193228295073e-05, 6.9438036007341e-05, 7.23587436368689e-05, 9.473329555476084e-05, 7.309033389901742e-05, 6.575990846613422e-05, 6.985991058172658e-05, 6.54518444207497e-05, 7.034344889689237e-05, 6.843530718469992e-05, 7.655766967218369e-05, 9.78552270680666e-05, 7.124490366550162e-05, 7.136478234315291e-05, 7.382940384559333e-05, 6.201813812367618e-05, 7.313366222660989e-05, 6.235640466911718e-05, 6.597995525225997e-05, 6.749913154635578e-05, 6.777336966479197e-05, 9.88393003353849e-05, 6.333855708362535e-05, 6.395491072908044e-05, 6.583600770682096e-05, 6.35264441370964e-05]}