{"loss": [0.0020025146659463644, 0.0014279254246503115, 0.0008700028993189335, 0.0005538560217246413, 0.00035342146293260157, 0.00023029488511383533, 0.00016158779908437282, 0.00012383752618916333, 0.00010618086525937542, 9.183536894852296e-05, 8.008081931620836e-05, 7.477013423340395e-05, 7.139137596823275e-05, 6.18572230450809e-05, 6.0541067796293646e-05, 5.8554625866236165e-05, 5.043640703661367e-05, 5.112909639137797e-05, 4.6485183702316135e-05, 4.5237411541165784e-05, 4.317039929446764e-05, 4.430520857567899e-05, 4.1547686123522e-05, 3.718106745509431e-05, 3.456649210420437e-05, 3.439501961111091e-05, 3.383585135452449e-05, 3.210605791537091e-05, 3.0075932954787277e-05, 2.9262158932397142e-05, 3.125931471004151e-05, 2.815506377373822e-05, 2.7612579287961125e-05, 2.6700965463533066e-05, 2.6639472707756795e-05, 2.5498424292891286e-05, 2.646452594490256e-05, 2.4109383957693353e-05, 2.3975637304829434e-05, 2.3357930331258103e-05, 2.3305667127715424e-05, 2.317845974175725e-05, 2.3478320144931786e-05, 2.349853457417339e-05, 2.08878809644375e-05, 2.0794708689209074e-05, 2.034899989666883e-05, 2.3060760213411413e-05, 1.993568366742693e-05, 1.919847090903204e-05, 2.0035788111272268e-05, 2.2080343114794232e-05, 2.2839532903162763e-05, 2.089901863655541e-05, 1.7825013856054284e-05, 1.790652640920598e-05, 1.726893606246449e-05, 1.6602947653154843e-05, 1.798511038941797e-05, 1.7794369341572747e-05, 1.6110117940115742e-05, 1.574927955516614e-05, 1.613278072909452e-05, 1.563295882078819e-05], "mse": [0.0020025146659463644, 0.0014279254246503115, 0.0008700028993189335, 0.0005538560217246413, 0.00035342146293260157, 0.00023029488511383533, 0.00016158779908437282, 0.00012383752618916333, 0.00010618086525937542, 9.183536894852296e-05, 8.008081931620836e-05, 7.477013423340395e-05, 7.139137596823275e-05, 6.18572230450809e-05, 6.0541067796293646e-05, 5.8554625866236165e-05, 5.043640703661367e-05, 5.112909639137797e-05, 4.6485183702316135e-05, 4.5237411541165784e-05, 4.317039929446764e-05, 4.4305212213657796e-05, 4.1547686123522e-05, 3.718106745509431e-05, 3.456649210420437e-05, 3.439502324908972e-05, 3.383585135452449e-05, 3.210605791537091e-05, 3.0075932954787277e-05, 2.9262158932397142e-05, 3.125931471004151e-05, 2.815506377373822e-05, 2.7612579287961125e-05, 2.6700965463533066e-05, 2.6639472707756795e-05, 2.5498424292891286e-05, 2.646452594490256e-05, 2.4109383957693353e-05, 2.3975637304829434e-05, 2.3357930331258103e-05, 2.3305667127715424e-05, 2.317845974175725e-05, 2.3478318325942382e-05, 2.349853457417339e-05, 2.08878809644375e-05, 2.0794708689209074e-05, 2.034899989666883e-05, 2.3060760213411413e-05, 1.993568366742693e-05, 1.919847090903204e-05, 2.0035788111272268e-05, 2.2080343114794232e-05, 2.2839532903162763e-05, 2.089901863655541e-05, 1.7825013856054284e-05, 1.7906528228195384e-05, 1.726893606246449e-05, 1.6602947653154843e-05, 1.798511038941797e-05, 1.7794369341572747e-05, 1.6110117940115742e-05, 1.574927955516614e-05, 1.613278072909452e-05, 1.563295882078819e-05], "val_loss": [0.002199070993810892, 0.0014211060479283333, 0.000911083712708205, 0.0005336800240911543, 0.0003314951609354466, 0.00019184690609108657, 0.00017678426229394972, 0.0001321218878729269, 0.00013540270447265357, 0.00010439332982059568, 0.00010099272185470909, 8.264518692158163e-05, 8.854631596477702e-05, 7.09170926711522e-05, 7.055888272589073e-05, 6.311434844974428e-05, 7.717786502325907e-05, 5.968982441117987e-05, 5.972041981294751e-05, 5.7161360018653795e-05, 6.813854270149022e-05, 5.135674655321054e-05, 4.786029603565112e-05, 5.760235944762826e-05, 4.707366315415129e-05, 4.5208638766780496e-05, 4.5987399062141776e-05, 4.336542770033702e-05, 4.2162770114373416e-05, 4.314752732170746e-05, 4.170613829046488e-05, 4.336994970799424e-05, 4.256555257597938e-05, 4.054828968946822e-05, 4.250094934832305e-05, 4.0890179661801085e-05, 3.995314909843728e-05, 3.831674621324055e-05, 4.782448377227411e-05, 3.7826135667273775e-05, 4.203086791676469e-05, 4.096682459930889e-05, 4.2995769035769626e-05, 4.387138687889092e-05, 3.985733928857371e-05, 3.74899864254985e-05, 3.8830370613140985e-05, 4.4210210035089403e-05, 3.8774367567384616e-05, 3.916111745638773e-05, 4.2907482566079125e-05, 4.177815208095126e-05, 4.228165926178917e-05, 3.6812580219702795e-05, 3.7508205423364416e-05, 3.840234785457142e-05, 3.6921246646670625e-05, 3.976450898335315e-05, 3.856457624351606e-05, 3.799981277552433e-05, 3.862071389448829e-05, 3.984788781963289e-05, 3.838225529761985e-05, 3.977672167820856e-05], "val_mse": [0.0021990707609802485, 0.0014211060479283333, 0.000911083712708205, 0.0005336800822988153, 0.0003314951609354466, 0.00019184690609108657, 0.00017678427684586495, 0.0001321218878729269, 0.00013540270447265357, 0.00010439332982059568, 0.00010099272185470909, 8.264518692158163e-05, 8.854631596477702e-05, 7.091708539519459e-05, 7.055888272589073e-05, 6.311434844974428e-05, 7.717786502325907e-05, 5.968982441117987e-05, 5.972041981294751e-05, 5.7161360018653795e-05, 6.813854270149022e-05, 5.135674655321054e-05, 4.786029603565112e-05, 5.7602352171670645e-05, 4.707366315415129e-05, 4.5208638766780496e-05, 4.5987399062141776e-05, 4.336542770033702e-05, 4.2162770114373416e-05, 4.314752732170746e-05, 4.170613829046488e-05, 4.336994970799424e-05, 4.256555257597938e-05, 4.054828968946822e-05, 4.250094934832305e-05, 4.0890179661801085e-05, 3.995314909843728e-05, 3.831674257526174e-05, 4.782448377227411e-05, 3.7826135667273775e-05, 4.203086791676469e-05, 4.096682459930889e-05, 4.2995769035769626e-05, 4.387138687889092e-05, 3.985733928857371e-05, 3.74899864254985e-05, 3.8830370613140985e-05, 4.4210210035089403e-05, 3.8774367567384616e-05, 3.916111745638773e-05, 4.2907482566079125e-05, 4.177815208095126e-05, 4.228165926178917e-05, 3.6812580219702795e-05, 3.7508205423364416e-05, 3.840234785457142e-05, 3.6921246646670625e-05, 3.976450898335315e-05, 3.856457624351606e-05, 3.799981277552433e-05, 3.862071389448829e-05, 3.984788781963289e-05, 3.838225529761985e-05, 3.977672167820856e-05]}