{"loss": [0.002642981708049774, 0.0023652471136301756, 0.002193640684708953, 0.0020056001376360655, 0.001834700582548976, 0.0016422050539404154, 0.0014794848393648863, 0.0013500108616426587, 0.0012137823505327106, 0.0010698235128074884, 0.000963154889177531, 0.0008573322556912899, 0.000774508691392839, 0.0007258460973389447, 0.0007119310321286321, 0.0006796631496399641, 0.0006458719726651907, 0.0006297525251284242, 0.0006380213890224695, 0.0006196781760081649, 0.0006168530089780688, 0.0006162109784781933, 0.0006107727531343699, 0.0005978256231173873, 0.0006126636872068048, 0.0006148447282612324, 0.0005849713343195617, 0.0005714719882234931, 0.0005686198128387332, 0.0005725270602852106, 0.0005773425218649209, 0.0005510678165592253, 0.0005565133178606629, 0.0005498295067809522, 0.000552346755284816, 0.0005599121213890612, 0.0005329601699486375, 0.0005502376006916165, 0.0005494017968885601, 0.0005650974926538765, 0.000536050705704838, 0.0005518764373846352, 0.0005320148775354028, 0.0005535756936296821, 0.0005418925429694355, 0.0005218273727223277, 0.0005244059721007943, 0.0005112473154440522, 0.0005121886497363448, 0.0005118491826578975, 0.0005182112799957395, 0.0005236578290350735, 0.0005016267532482743, 0.0005022955010645092, 0.0004909173003397882, 0.0005114112282171845], "mse": [0.002642981708049774, 0.0023652471136301756, 0.002193640684708953, 0.0020056001376360655, 0.001834700582548976, 0.0016422050539404154, 0.0014794848393648863, 0.0013500108616426587, 0.0012137823505327106, 0.0010698235128074884, 0.000963154889177531, 0.0008573322556912899, 0.000774508691392839, 0.0007258460973389447, 0.0007119310321286321, 0.0006796630914323032, 0.0006458719726651907, 0.0006297524669207633, 0.0006380213890224695, 0.0006196781760081649, 0.0006168530089780688, 0.0006162109784781933, 0.0006107727531343699, 0.0005978256231173873, 0.0006126636872068048, 0.0006148447282612324, 0.0005849713343195617, 0.0005714719882234931, 0.0005686198128387332, 0.0005725270602852106, 0.0005773425218649209, 0.0005510678165592253, 0.0005565133178606629, 0.0005498295067809522, 0.000552346755284816, 0.0005599121213890612, 0.0005329601699486375, 0.0005502376006916165, 0.0005494017968885601, 0.0005650974926538765, 0.000536050705704838, 0.0005518764373846352, 0.0005320148775354028, 0.0005535756936296821, 0.0005418925429694355, 0.0005218273727223277, 0.0005244059721007943, 0.0005112473154440522, 0.0005121886497363448, 0.0005118491826578975, 0.0005182112799957395, 0.0005236578290350735, 0.0005016267532482743, 0.0005022954428568482, 0.0004909173003397882, 0.0005114112282171845], "val_loss": [0.0022480774205178022, 0.002256795298308134, 0.0019029397517442703, 0.001774034695699811, 0.0015974553534761071, 0.0013706136960536242, 0.0011732761049643159, 0.001164003973826766, 0.000879464321769774, 0.000685434672050178, 0.0005775772733613849, 0.00043780822306871414, 0.00040757079841569066, 0.00034923612838611007, 0.00028603425016626716, 0.0003143575740978122, 0.0002923998108599335, 0.00024602696066722274, 0.00035103096161037683, 0.00032117438968271017, 0.00023734758724458516, 0.0002525998279452324, 0.00024977794964797795, 0.00039146002382040024, 0.000379724835511297, 0.00032446885597892106, 0.00021418803953565657, 0.00022538271150551736, 0.0002813659666571766, 0.0003532500995788723, 0.00023740707547403872, 0.00024115698761306703, 0.00026810652343556285, 0.00025335856480523944, 0.00020496826618909836, 0.00020641095761675388, 0.00019330981012899429, 0.0002060742990579456, 0.00020885250705759972, 0.0002212672698078677, 0.0003249062574468553, 0.00033510904177092016, 0.00028404142358340323, 0.00028029337408952415, 0.00021783293050248176, 0.00018865829042624682, 0.00020359615155030042, 0.00026065329439006746, 0.00022896095470059663, 0.00025051008560694754, 0.00030431745108217, 0.0002380202931817621, 0.000216223910683766, 0.0002193167310906574, 0.0003172073047608137, 0.0002454922068864107], "val_mse": [0.0022480774205178022, 0.002256795298308134, 0.0019029397517442703, 0.001774034695699811, 0.0015974553534761071, 0.0013706136960536242, 0.0011732761049643159, 0.001164003973826766, 0.000879464321769774, 0.000685434672050178, 0.0005775772733613849, 0.00043780822306871414, 0.00040757079841569066, 0.00034923612838611007, 0.00028603425016626716, 0.00031435760320164263, 0.0002923998108599335, 0.00024602696066722274, 0.00035103096161037683, 0.00032117438968271017, 0.00023734758724458516, 0.0002525998279452324, 0.0002497779205441475, 0.00039146002382040024, 0.000379724835511297, 0.00032446885597892106, 0.00021418803953565657, 0.00022538271150551736, 0.0002813659666571766, 0.0003532501286827028, 0.00023740707547403872, 0.00024115698761306703, 0.00026810652343556285, 0.00025335856480523944, 0.00020496826618909836, 0.00020641095761675388, 0.00019330981012899429, 0.0002060742990579456, 0.00020885250705759972, 0.0002212672698078677, 0.0003249062574468553, 0.00033510904177092016, 0.00028404142358340323, 0.00028029337408952415, 0.00021783293050248176, 0.00018865829042624682, 0.00020359615155030042, 0.00026065329439006746, 0.00022896095470059663, 0.00025051008560694754, 0.00030431745108217, 0.0002380202931817621, 0.000216223910683766, 0.0002193167310906574, 0.0003172073047608137, 0.0002454922068864107]}