{"loss": [0.07191943377256393, 0.06945253908634186, 0.06761981546878815, 0.06680329889059067, 0.06536027789115906, 0.06455286592245102, 0.06337035447359085, 0.06245375797152519, 0.061575472354888916, 0.06061520427465439, 0.06003274768590927], "mse": [0.07191943377256393, 0.06945253908634186, 0.06761981546878815, 0.06680329889059067, 0.06536027789115906, 0.06455286592245102, 0.06337035447359085, 0.06245375797152519, 0.06157546490430832, 0.06061520427465439, 0.06003274768590927], "val_loss": [0.05900781601667404, 0.0606655590236187, 0.06197693943977356, 0.06307943165302277, 0.06339238584041595, 0.06328034400939941, 0.06377479434013367, 0.06502415239810944, 0.06456039845943451, 0.06606938689947128, 0.06520592421293259], "val_mse": [0.05900781601667404, 0.0606655552983284, 0.061976946890354156, 0.06307943165302277, 0.06339238584041595, 0.06328034400939941, 0.06377479434013367, 0.06502415239810944, 0.06456039845943451, 0.06606938689947128, 0.06520592421293259]}