{"loss": [0.0019261983688920736, 0.0016937913605943322, 0.001495086238719523, 0.0012825524900108576, 0.001065731979906559, 0.0008465385180898011, 0.0006528557860292494, 0.0004909477429464459, 0.00037247344153001904, 0.0002892651245929301, 0.00022094897576607764, 0.00017039098020177335, 0.000136496004415676, 0.00011614843970164657, 0.00010596765059744939, 9.318171942140907e-05, 8.624840847915038e-05, 8.395990880671889e-05, 7.555972842965275e-05, 7.469364209100604e-05, 7.468533294741064e-05, 6.383932486642152e-05, 6.262016540858895e-05, 5.798192069050856e-05, 5.558433986152522e-05, 4.92945036967285e-05, 4.799098314833827e-05, 4.478172195376828e-05, 4.5642802433576435e-05, 4.3399086280260235e-05, 3.939115413231775e-05, 3.8821490306872874e-05, 3.710800228873268e-05, 3.519010351737961e-05, 3.3625135984038934e-05, 3.3789878216339275e-05, 3.237686541979201e-05, 3.2708976505091414e-05, 2.9723301850026473e-05, 2.9708648071391508e-05, 2.8666585421888158e-05, 2.8917429517605342e-05, 2.742376454989426e-05, 2.8076528906240128e-05, 2.60753913607914e-05, 2.6194684323854744e-05, 2.734395457082428e-05, 2.623009459057357e-05, 2.5327750336145982e-05, 2.3710421373834834e-05, 2.3523913114331663e-05, 2.5175275368383154e-05, 2.6467800125828944e-05, 2.2292326320894063e-05, 2.035712168435566e-05, 1.9326624169480056e-05, 1.971612437046133e-05, 1.917285771924071e-05, 2.0490897441050038e-05, 2.0766896341228858e-05, 1.8440852727508172e-05, 1.7683269106782973e-05, 1.8131700926460326e-05], "mse": [0.0019261983688920736, 0.0016937913605943322, 0.001495086238719523, 0.0012825524900108576, 0.001065731979906559, 0.0008465385180898011, 0.0006528557860292494, 0.0004909477429464459, 0.00037247344153001904, 0.0002892651245929301, 0.00022094897576607764, 0.00017039098020177335, 0.000136496004415676, 0.00011614843970164657, 0.00010596765059744939, 9.318171942140907e-05, 8.624842303106561e-05, 8.395990880671889e-05, 7.555972842965275e-05, 7.469364209100604e-05, 7.468533294741064e-05, 6.383932486642152e-05, 6.262015085667372e-05, 5.798192069050856e-05, 5.558433986152522e-05, 4.92945036967285e-05, 4.799098314833827e-05, 4.478172195376828e-05, 4.564279879559763e-05, 4.3399086280260235e-05, 3.939115413231775e-05, 3.8821490306872874e-05, 3.710800228873268e-05, 3.519010351737961e-05, 3.3625135984038934e-05, 3.3789878216339275e-05, 3.237686541979201e-05, 3.2708976505091414e-05, 2.9723301850026473e-05, 2.9708646252402104e-05, 2.8666585421888158e-05, 2.8917429517605342e-05, 2.742376454989426e-05, 2.8076528906240128e-05, 2.60753913607914e-05, 2.6194684323854744e-05, 2.734395457082428e-05, 2.623009459057357e-05, 2.5327750336145982e-05, 2.3710421373834834e-05, 2.3523913114331663e-05, 2.5175275368383154e-05, 2.6467800125828944e-05, 2.2292326320894063e-05, 2.035712168435566e-05, 1.9326624169480056e-05, 1.9716126189450733e-05, 1.917285771924071e-05, 2.0490897441050038e-05, 2.0766896341228858e-05, 1.8440852727508172e-05, 1.7683269106782973e-05, 1.8131700926460326e-05], "val_loss": [0.0024752274621278048, 0.002141443081200123, 0.001755165634676814, 0.0013425281504169106, 0.0009429370984435081, 0.0005802839295938611, 0.0004030306008644402, 0.00025107315741479397, 0.00019980312208645046, 0.00019681951380334795, 0.00014726215158589184, 0.00015041776350699365, 0.00016689783660694957, 0.00017008019494824111, 0.00015167120727710426, 0.00015692315355408937, 0.0001651085476623848, 0.00013857898011337966, 0.000144396151881665, 0.00014690244279336184, 0.00013077430776320398, 0.00014118917169980705, 0.00015518386499024928, 0.00013421883340924978, 0.00013515944010578096, 0.0001285478356294334, 0.00013169417798053473, 0.00014324222865980119, 0.00012542278273031116, 0.00013823302288074046, 0.00012843155127484351, 0.00012632913421839476, 0.000118179690616671, 0.00013082714576739818, 0.00012285317643545568, 0.00013251288328319788, 0.00012270787556190044, 0.00013161050446797162, 0.0001252846122952178, 0.00012875389074906707, 0.00012829095066990703, 0.00012441721628420055, 0.00011782140791183338, 0.00012447666085790843, 0.00011794108286267146, 0.00012205319944769144, 0.00012753043847624213, 0.0001218194593093358, 0.00011731334961950779, 0.00013388055958785117, 0.00010780920274555683, 0.00015886081382632256, 0.00010550644947215915, 0.00012588067329488695, 0.00011104950681328773, 0.00011810383148258552, 0.00012448457709979266, 0.00010868483514059335, 0.00013425190991256386, 0.00010694130469346419, 0.00011968328908551484, 0.00010970795119646937, 0.000122331635793671], "val_mse": [0.0024752274621278048, 0.002141443081200123, 0.001755165634676814, 0.0013425281504169106, 0.0009429370984435081, 0.0005802839295938611, 0.0004030306008644402, 0.00025107315741479397, 0.00019980312208645046, 0.00019681951380334795, 0.00014726215158589184, 0.00015041776350699365, 0.00016689783660694957, 0.00017008019494824111, 0.00015167120727710426, 0.00015692315355408937, 0.0001651085476623848, 0.00013857898011337966, 0.000144396151881665, 0.00014690244279336184, 0.00013077430776320398, 0.00014118917169980705, 0.00015518386499024928, 0.00013421883340924978, 0.00013515944010578096, 0.0001285478356294334, 0.00013169417798053473, 0.00014324222865980119, 0.00012542278273031116, 0.00013823302288074046, 0.00012843155127484351, 0.00012632913421839476, 0.000118179690616671, 0.00013082714576739818, 0.00012285317643545568, 0.00013251288328319788, 0.00012270787556190044, 0.00013161050446797162, 0.0001252846122952178, 0.00012875389074906707, 0.00012829095066990703, 0.00012441721628420055, 0.00011782140791183338, 0.00012447666085790843, 0.00011794108286267146, 0.00012205319944769144, 0.00012753043847624213, 0.0001218194593093358, 0.00011731333506759256, 0.00013388055958785117, 0.00010780920274555683, 0.00015886081382632256, 0.00010550644947215915, 0.00012588067329488695, 0.00011104950681328773, 0.00011810383148258552, 0.00012448457709979266, 0.00010868483514059335, 0.00013425190991256386, 0.00010694130469346419, 0.00011968328908551484, 0.00010970795119646937, 0.000122331635793671]}