{"loss": [0.0013529106508940458, 0.0003864517784677446, 0.000293378543574363, 0.00027091088122688234, 0.00026196532417088747, 0.0002438014926156029, 0.00023922056425362825, 0.0002343835076317191, 0.00024367135483771563, 0.0002291274577146396, 0.00022514483134727925, 0.0002240934263681993, 0.0002213201514678076, 0.00022417424770537764, 0.00021925773762632161, 0.0002198083675466478, 0.00021480099530890584, 0.00021135022689122707, 0.00021557824220508337, 0.00020946947915945202, 0.00021300962544046342, 0.00020492756448220462, 0.00020657941058743745, 0.00020949581812601537, 0.00020590433268807828, 0.00020732051052618772, 0.0002039575920207426, 0.0002001615648623556, 0.00020097996457479894, 0.0002017830265685916], "mse": [0.0013529106508940458, 0.0003864517784677446, 0.000293378543574363, 0.00027091088122688234, 0.00026196532417088747, 0.0002438014926156029, 0.00023922056425362825, 0.0002343835076317191, 0.00024367135483771563, 0.0002291274577146396, 0.00022514483134727925, 0.0002240934263681993, 0.0002213201514678076, 0.00022417424770537764, 0.00021925773762632161, 0.0002198083675466478, 0.00021480099530890584, 0.00021135022689122707, 0.00021557824220508337, 0.00020946947915945202, 0.00021300962544046342, 0.00020492756448220462, 0.00020657941058743745, 0.00020949581812601537, 0.00020590433268807828, 0.0002073204959742725, 0.0002039575920207426, 0.0002001615648623556, 0.00020097996457479894, 0.0002017830265685916], "val_loss": [0.0005421873647719622, 0.0002907957532443106, 0.00031004429911263287, 0.0002572620287537575, 0.00021966389613226056, 0.0002352343435632065, 0.00023992346541490406, 0.00023276387946680188, 0.00026117556262761354, 0.00021874204685445875, 0.00020734535064548254, 0.0002179155999328941, 0.00021700649813283235, 0.0002030728355748579, 0.00021994725102558732, 0.0002065683511318639, 0.0002079299883916974, 0.0002106112369801849, 0.0002232341794297099, 0.00019819679437205195, 0.00020053867774549872, 0.0002148186758859083, 0.00021084677428007126, 0.0002222377952421084, 0.00020758539903908968, 0.00019873993005603552, 0.00020587031031027436, 0.00020475845667533576, 0.0002011271717492491, 0.00020490807946771383], "val_mse": [0.0005421873647719622, 0.00029079572414048016, 0.00031004429911263287, 0.0002572620287537575, 0.00021966389613226056, 0.0002352343435632065, 0.00023992346541490406, 0.00023276387946680188, 0.00026117556262761354, 0.00021874204685445875, 0.00020734535064548254, 0.0002179155999328941, 0.00021700649813283235, 0.0002030728355748579, 0.00021994725102558732, 0.0002065683511318639, 0.0002079299883916974, 0.0002106112369801849, 0.0002232341794297099, 0.0001981967652682215, 0.00020053867774549872, 0.0002148186758859083, 0.00021084677428007126, 0.0002222377952421084, 0.00020758539903908968, 0.00019873993005603552, 0.00020587031031027436, 0.00020475845667533576, 0.0002011271717492491, 0.00020490807946771383]}