{"loss": [0.022783609107136726, 0.02198004722595215, 0.021852057427167892, 0.021672654896974564, 0.021568799391388893, 0.021530255675315857, 0.02145400270819664, 0.021370043978095055, 0.021306943148374557, 0.021303176879882812, 0.021216675639152527, 0.021192576736211777, 0.021130593493580818, 0.02114398032426834, 0.021062729880213737, 0.020952649414539337, 0.02085101418197155, 0.020803533494472504, 0.02076943963766098, 0.02066846936941147, 0.02064722590148449], "mse": [0.022783609107136726, 0.02198004722595215, 0.021852057427167892, 0.021672654896974564, 0.021568799391388893, 0.021530255675315857, 0.02145400270819664, 0.021370043978095055, 0.021306943148374557, 0.021303176879882812, 0.021216675639152527, 0.021192576736211777, 0.021130593493580818, 0.02114398032426834, 0.021062729880213737, 0.020952649414539337, 0.02085101418197155, 0.020803533494472504, 0.02076943963766098, 0.02066846936941147, 0.02064722590148449], "val_loss": [0.024848725646734238, 0.024513136595487595, 0.02462473139166832, 0.024249136447906494, 0.024153580889105797, 0.024320868775248528, 0.024235699325799942, 0.02421904169023037, 0.024340031668543816, 0.024147525429725647, 0.02410777099430561, 0.02449488453567028, 0.024410216137766838, 0.02419111877679825, 0.024321282282471657, 0.024295847862958908, 0.024271581321954727, 0.02436988800764084, 0.024479685351252556, 0.024319196119904518, 0.024328190833330154], "val_mse": [0.024848725646734238, 0.024513136595487595, 0.02462473139166832, 0.024249136447906494, 0.024153580889105797, 0.024320868775248528, 0.024235699325799942, 0.02421904169023037, 0.024340031668543816, 0.024147525429725647, 0.02410777658224106, 0.02449488453567028, 0.024410216137766838, 0.02419111877679825, 0.024321282282471657, 0.024295847862958908, 0.024271581321954727, 0.02436988800764084, 0.024479685351252556, 0.024319196119904518, 0.024328190833330154]}