{"loss": [0.00012828700710088015, 1.3338457392819691e-05, 9.521929314360023e-06, 7.761912456771825e-06, 6.527451205329271e-06, 5.7813986131804995e-06, 5.1349165914871264e-06, 4.72144847663003e-06, 4.2575552470225375e-06, 3.893480425176676e-06, 3.933191692340188e-06, 3.541628530001617e-06, 3.4503236747696064e-06, 3.210730938008055e-06, 3.104486950178398e-06, 2.9380773867160315e-06, 2.9029934012214653e-06, 2.758500386335072e-06, 2.7297721771901706e-06, 2.512765831852448e-06, 2.4800453957141144e-06, 2.4688899884495186e-06, 2.300927008036524e-06, 2.3421864625561284e-06, 2.2008496216585627e-06, 2.187309974033269e-06, 2.1859036678506527e-06, 2.0478842088778038e-06, 2.119348891937989e-06, 1.9902377061953302e-06, 2.0643869902414735e-06, 1.92390280062682e-06, 1.9168160179106053e-06, 1.8424016161588952e-06, 1.866309162323887e-06, 1.7846788296083105e-06, 1.7846864466264378e-06, 1.786462007657974e-06, 1.7640674059293815e-06, 1.7203187780978624e-06, 1.6926476291700965e-06, 1.6781006024757517e-06, 1.6731784171497566e-06, 1.642078359509469e-06, 1.6410707530667423e-06, 1.5914679352135863e-06, 1.571579105075216e-06, 1.5425101764776628e-06, 1.5642218613720615e-06, 1.5127100141398842e-06, 1.4952328228901024e-06, 1.465798050048761e-06, 1.5793145848874701e-06, 1.4419000535781379e-06, 1.464410843254882e-06, 1.4477493550657528e-06, 1.4458937585004605e-06, 1.433870011169347e-06, 1.384765823786438e-06, 1.3901142210670514e-06, 1.3926445490142214e-06, 1.3415572084340965e-06, 1.4006396895638318e-06, 1.3130941169947619e-06, 1.3631513411382912e-06, 1.3120271660227445e-06, 1.341862457593379e-06, 1.310848347202409e-06, 1.3259273146104533e-06, 1.263370791093621e-06, 1.271207224817772e-06, 1.32325294543989e-06, 1.2264014230822795e-06, 1.244846998815774e-06, 1.2332076266829972e-06, 1.2418648793754983e-06, 1.2659484127652831e-06, 1.2009367083010147e-06, 1.2201104482301162e-06, 1.2364409940346377e-06, 1.1927262448807596e-06, 1.2002450375803164e-06, 1.1474713801362668e-06, 1.189124986922252e-06, 1.2029818208247889e-06, 1.1434798352638609e-06, 1.1938260513488785e-06, 1.1660408745228779e-06, 1.1586440678001964e-06, 1.144057250712649e-06, 1.1638638852673466e-06, 1.1363733847247204e-06], "mse": [0.00012828700710088015, 1.3338457392819691e-05, 9.521929314360023e-06, 7.761912456771825e-06, 6.52745075058192e-06, 5.7813986131804995e-06, 5.1349165914871264e-06, 4.72144847663003e-06, 4.2575552470225375e-06, 3.893480425176676e-06, 3.933191692340188e-06, 3.541628530001617e-06, 3.4503236747696064e-06, 3.210730938008055e-06, 3.104486950178398e-06, 2.9380773867160315e-06, 2.9029934012214653e-06, 2.758500386335072e-06, 2.7297721771901706e-06, 2.512765831852448e-06, 2.4800453957141144e-06, 2.468890215823194e-06, 2.3009267806628486e-06, 2.342186235182453e-06, 2.2008496216585627e-06, 2.187309974033269e-06, 2.1859036678506527e-06, 2.0478842088778038e-06, 2.119348891937989e-06, 1.9902377061953302e-06, 2.0643869902414735e-06, 1.92390280062682e-06, 1.9168160179106053e-06, 1.8424016161588952e-06, 1.866309162323887e-06, 1.7846788296083105e-06, 1.7846864466264378e-06, 1.786462007657974e-06, 1.7640674059293815e-06, 1.7203187780978624e-06, 1.6926476291700965e-06, 1.6781006024757517e-06, 1.6731784171497566e-06, 1.642078359509469e-06, 1.6410707530667423e-06, 1.5914679352135863e-06, 1.571579105075216e-06, 1.5425101764776628e-06, 1.5642218613720615e-06, 1.5127100141398842e-06, 1.4952328228901024e-06, 1.465798050048761e-06, 1.5793148122611456e-06, 1.4419000535781379e-06, 1.464410843254882e-06, 1.4477493550657528e-06, 1.4458937585004605e-06, 1.433870011169347e-06, 1.384765823786438e-06, 1.3901142210670514e-06, 1.3926446627010591e-06, 1.3415572084340965e-06, 1.4006396895638318e-06, 1.3130941169947619e-06, 1.3631513411382912e-06, 1.3120271660227445e-06, 1.341862457593379e-06, 1.310848347202409e-06, 1.3259273146104533e-06, 1.263370791093621e-06, 1.271207224817772e-06, 1.32325294543989e-06, 1.2264014230822795e-06, 1.244846998815774e-06, 1.2332076266829972e-06, 1.2418648793754983e-06, 1.2659484127652831e-06, 1.2009367083010147e-06, 1.2201104482301162e-06, 1.2364409940346377e-06, 1.1927262448807596e-06, 1.2002450375803164e-06, 1.1474713801362668e-06, 1.189124986922252e-06, 1.2029818208247889e-06, 1.1434798352638609e-06, 1.1938260513488785e-06, 1.1660408745228779e-06, 1.1586440678001964e-06, 1.144057250712649e-06, 1.1638638852673466e-06, 1.1363733847247204e-06], "val_loss": [1.634157706575934e-05, 1.0453511094965506e-05, 9.367086022393778e-06, 7.561357506347122e-06, 6.131242116680369e-06, 5.577376214205287e-06, 5.60133912586025e-06, 4.441630153451115e-06, 4.636627181753283e-06, 4.408168933878187e-06, 3.553835540515138e-06, 3.2031300634116633e-06, 3.539043973432854e-06, 3.810690259342664e-06, 2.894854105761624e-06, 3.5180353279429255e-06, 2.5172812456730753e-06, 3.3846358746814076e-06, 2.213082098023733e-06, 2.4746359486016445e-06, 2.158071538360673e-06, 2.625194156280486e-06, 2.0266447791073006e-06, 2.2820734102424467e-06, 2.3287122985493625e-06, 2.8726942673529265e-06, 2.607566329970723e-06, 3.949235633626813e-06, 2.0763256998179713e-06, 1.7823020925789024e-06, 1.9584263100114185e-06, 1.814973984437529e-06, 1.8400296539766714e-06, 2.1825753719895147e-06, 2.5843553430604516e-06, 1.666482035034278e-06, 1.9274027636129176e-06, 4.3239274418738205e-06, 3.1459769616049016e-06, 1.948738827195484e-06, 1.7717350146995159e-06, 1.6644185052427929e-06, 1.938296236403403e-06, 3.0907010568625992e-06, 2.9187242489570053e-06, 1.6376721987398923e-06, 1.672337361924292e-06, 1.5160765087784966e-06, 1.5206214811769314e-06, 1.8387945601716638e-06, 2.6567993245407706e-06, 1.5003600992713473e-06, 1.564529611641774e-06, 1.6439919363619993e-06, 1.9537633306754287e-06, 1.48017272749712e-06, 1.4672847328256466e-06, 1.5145071756705875e-06, 1.5420974932567333e-06, 1.4078364074521232e-06, 1.489383294028812e-06, 1.5618403494954691e-06, 1.423700041414122e-06, 1.3894672292735777e-06, 1.5543836298093083e-06, 1.6057081211329205e-06, 1.4626560869146488e-06, 1.4664275340692257e-06, 1.5118264400371118e-06, 1.6376144458263298e-06, 1.2849233144152095e-06, 1.25806468531664e-06, 1.6420325437138672e-06, 1.4881866263749544e-06, 1.2842226624343311e-06, 1.4221125184121775e-06, 1.735326122798142e-06, 1.7463639778725337e-06, 1.3121879192112829e-06, 1.4023984249433852e-06, 1.329403630734305e-06, 1.2212344699946698e-06, 1.6341742821168737e-06, 1.476471084060904e-06, 1.2651884162551141e-06, 1.2640419981835294e-06, 1.367897993986844e-06, 1.305771775150788e-06, 1.545638269817573e-06, 1.922680894494988e-06, 1.2576010703924112e-06, 1.265592345589539e-06],