{"loss": [0.002166222780942917, 0.0008128642803058028, 0.0003942037292290479, 0.0002703253994695842, 0.00023396099277306348, 0.0002184005279559642, 0.00020382362708915025, 0.00019476957095321268, 0.0001887865219032392, 0.00018682195513974875, 0.00017932332411874086, 0.00016903216601349413, 0.00016880029579624534, 0.00016375657287426293, 0.00016332775703631341, 0.00016173115000128746, 0.00015349565364886075, 0.0001507285633124411, 0.00015111285028979182, 0.00015707094280514866, 0.0001486371038481593, 0.000142568169394508, 0.00013925043458584696, 0.00014271710824687034, 0.0001347177749266848, 0.00013518327614292502, 0.00013245893933344632, 0.00012957277067471296, 0.0001292783417738974, 0.00012683324166573584, 0.0001305432233493775, 0.00012825534213334322, 0.00012659362982958555, 0.00012662009976338595, 0.0001308322389377281, 0.00012057182175340131, 0.00012122945190640166, 0.00011858028301503509, 0.00011884717241628096, 0.00011921869008801877, 0.00011653377441689372, 0.00011497198283905163, 0.00011579440615605563, 0.00012857327237725258, 0.00011461773101473227, 0.00011079950490966439, 0.00011802108201663941, 0.00010902172653004527, 0.00010666294838301837, 0.00010726843174779788, 0.00010644531721482053, 0.00011222956527490169, 0.00010423970525152981, 9.9882461654488e-05, 0.00010245879821013659, 0.00010327342170057818, 9.905703336698934e-05, 9.817207319429144e-05, 9.654393215896562e-05], "mse": [0.002166222780942917, 0.0008128642803058028, 0.0003942037292290479, 0.0002703253994695842, 0.00023396099277306348, 0.0002184005279559642, 0.00020382362708915025, 0.00019476957095321268, 0.0001887865219032392, 0.00018682195513974875, 0.00017932332411874086, 0.00016903216601349413, 0.00016880029579624534, 0.00016375657287426293, 0.00016332775703631341, 0.00016173115000128746, 0.00015349565364886075, 0.00015072854876052588, 0.00015111286484170705, 0.00015707094280514866, 0.0001486371038481593, 0.000142568169394508, 0.00013925043458584696, 0.00014271710824687034, 0.0001347177749266848, 0.00013518327614292502, 0.00013245893933344632, 0.00012957277067471296, 0.0001292783417738974, 0.00012683324166573584, 0.0001305432233493775, 0.00012825534213334322, 0.00012659362982958555, 0.00012662009976338595, 0.0001308322389377281, 0.00012057182175340131, 0.00012122945190640166, 0.00011858028301503509, 0.00011884717241628096, 0.00011921869008801877, 0.0001165337671409361, 0.00011497197556309402, 0.00011579440615605563, 0.00012857327237725258, 0.00011461773101473227, 0.00011079950490966439, 0.00011802108201663941, 0.0001090217410819605, 0.00010666294838301837, 0.00010726843174779788, 0.00010644530993886292, 0.00011222956527490169, 0.00010423970525152981, 9.9882461654488e-05, 0.00010245879821013659, 0.00010327342170057818, 9.905703336698934e-05, 9.817207319429144e-05, 9.654393215896562e-05], "val_loss": [0.0013892322313040495, 0.0005736856837756932, 0.00026772625278681517, 0.00023052614415064454, 0.00019055174198001623, 0.00018286392150912434, 0.00017051892064046115, 0.0001553220790810883, 0.00016553323075640947, 0.00014279718743637204, 0.00014829367864876986, 0.0001419097388861701, 0.00013226056762505323, 0.00012289927690289915, 0.0001442531793145463, 0.00012531570973806083, 0.0001225806336151436, 0.00011838254431495443, 0.00012299859372433275, 0.00011742854258045554, 0.00011778668704209849, 0.00011820286454167217, 0.00011815480684163049, 0.00011445363634265959, 0.00013209432654548436, 0.00012799612886738032, 0.00011254313722020015, 0.00010908112017204985, 0.0001194645301438868, 0.00010883720824494958, 0.0001100659355870448, 0.00010935183672700077, 0.00010951876902254298, 0.00011899030505446717, 0.000117222145490814, 0.00011044485290767625, 0.00011256712605245411, 0.00011992884537903592, 0.00010485228995094076, 0.00011088888277299702, 0.00010622658010106534, 0.00010555868357187137, 0.0001541698002256453, 0.0001082457893062383, 0.00011521349370013922, 0.00011692648695316166, 0.00010403613850940019, 0.0001072935774573125, 0.0001018195616779849, 0.00011012875620508566, 0.00010833465785253793, 0.00010698317782953382, 0.00011360405915183946, 0.000106702464108821, 0.00011420169903431088, 0.00010453702270751819, 0.00010764285980258137, 0.00010837033187272027, 0.0001078228815458715], "val_mse": [0.0013892322313040495, 0.0005736856837756932, 0.00026772625278681517, 0.00023052614415064454, 0.00019055174198001623, 0.00018286392150912434, 0.00017051892064046115, 0.0001553220790810883, 0.00016553323075640947, 0.00014279718743637204, 0.00014829367864876986, 0.0001419097388861701, 0.00013226056762505323, 0.00012289927690289915, 0.0001442531793145463, 0.00012531570973806083, 0.0001225806336151436, 0.00011838254431495443, 0.00012299859372433275, 0.00011742854258045554, 0.00011778668704209849, 0.00011820286454167217, 0.00011815480684163049, 0.00011445363634265959, 0.00013209432654548436, 0.00012799612886738032, 0.00011254313722020015, 0.00010908112017204985, 0.0001194645301438868, 0.00010883720824494958, 0.0001100659355870448, 0.00010935183672700077, 0.00010951876902254298, 0.00011899030505446717, 0.000117222145490814, 0.00011044485290767625, 0.00011256712605245411, 0.00011992884537903592, 0.00010485228995094076, 0.00011088888277299702, 0.00010622658010106534, 0.00010555868357187137, 0.0001541698002256453, 0.0001082457893062383, 0.00011521349370013922, 0.00011692648695316166, 0.00010403613850940019, 0.0001072935774573125, 0.0001018195616779849, 0.00011012875620508566, 0.00010833465785253793, 0.00010698317782953382, 0.00011360405915183946, 0.000106702464108821, 0.00011420169903431088, 0.00010453702270751819, 0.00010764286707853898, 0.00010837033187272027, 0.0001078228815458715]}