{"loss": [0.0026273787952959538, 0.0005549266352318227, 0.0004095140902791172, 0.00038526617572642863, 0.0003439816937316209, 0.00031864081392996013, 0.00029485151753760874, 0.00028025402571074665, 0.00027673502336256206, 0.00026903324760496616, 0.0002599986910354346, 0.00026243264437653124, 0.0002574507670942694, 0.0002513089566491544, 0.0002527597825974226, 0.0002455511421430856, 0.0002455451467540115, 0.00023836478067096323, 0.00024292337184306234, 0.0002369370631640777, 0.00023528747260570526, 0.0002308748516952619, 0.00023722376499790698, 0.0002282681525684893, 0.00023155778762884438, 0.00022360376897267997, 0.0002229002129752189, 0.0002243166818516329, 0.0002232464903499931, 0.0002238624292658642, 0.00021783506963402033, 0.00022018463641870767, 0.00022009681561030447], "mse": [0.0026273787952959538, 0.0005549266352318227, 0.0004095140902791172, 0.00038526617572642863, 0.0003439816937316209, 0.00031864081392996013, 0.0002948514884337783, 0.00028025402571074665, 0.0002767350524663925, 0.00026903324760496616, 0.00025999872013926506, 0.00026243264437653124, 0.0002574507670942694, 0.0002513089566491544, 0.0002527597825974226, 0.0002455511421430856, 0.0002455451467540115, 0.00023836478067096323, 0.00024292337184306234, 0.0002369370631640777, 0.00023528747260570526, 0.0002308748516952619, 0.00023722376499790698, 0.0002282681525684893, 0.00023155778762884438, 0.00022360376897267997, 0.0002229002129752189, 0.0002243166818516329, 0.0002232464903499931, 0.0002238624292658642, 0.00021783506963402033, 0.00022018463641870767, 0.00022009681561030447], "val_loss": [0.000950225570704788, 0.0005551933427341282, 0.00048010912723839283, 0.00043538588215596974, 0.0004133686306886375, 0.00038022518856450915, 0.0003635337925516069, 0.00035528067382983863, 0.00037587678525596857, 0.0003598045150283724, 0.0003510129463393241, 0.0003347915771882981, 0.0003583021170925349, 0.00033391709439456463, 0.00035169627517461777, 0.0003229253343306482, 0.000375721778254956, 0.000323591724736616, 0.0003218145575374365, 0.00031614481122232974, 0.00032877863850444555, 0.00036641009501181543, 0.0003131995035801083, 0.0003344910510350019, 0.00031986722024157643, 0.00032114540226757526, 0.00034396658884361386, 0.00032840014318935573, 0.00033271711436100304, 0.00035439475323073566, 0.000335960416123271, 0.00037427389179356396, 0.00032802752684801817], "val_mse": [0.000950225570704788, 0.0005551933427341282, 0.0004801090690307319, 0.00043538588215596974, 0.0004133686306886375, 0.00038022518856450915, 0.0003635337925516069, 0.00035528067382983863, 0.00037587678525596857, 0.0003598045150283724, 0.0003510129463393241, 0.0003347915771882981, 0.0003583021170925349, 0.00033391709439456463, 0.00035169627517461777, 0.0003229253343306482, 0.000375721778254956, 0.000323591724736616, 0.0003218145575374365, 0.00031614481122232974, 0.00032877863850444555, 0.00036641009501181543, 0.0003131995035801083, 0.0003344910510350019, 0.0003198672493454069, 0.00032114540226757526, 0.00034396658884361386, 0.00032840014318935573, 0.00033271711436100304, 0.00035439475323073566, 0.0003359604743309319, 0.00037427389179356396, 0.00032802752684801817]}