{"loss": [0.0038705673068761826, 0.0008859974332153797, 0.0006859016139060259, 0.0005907681188546121, 0.0005764277884736657, 0.0005363060045056045, 0.0005267348024062812, 0.0005071992636658251, 0.0004992395406588912, 0.0004917571786791086, 0.00048688080278225243, 0.0004754310066346079, 0.0004732986562885344, 0.0004673243674915284, 0.00046022754395380616, 0.0004620857071131468, 0.0004526580742094666, 0.00045716227032244205, 0.00045451021287590265, 0.0004544101539067924, 0.0004484749515540898, 0.0004383046180009842, 0.0004430668195709586, 0.00044089919538237154, 0.0004389682726468891, 0.0004388685047160834, 0.0004334790864959359, 0.00042269082041457295, 0.00042201936594210565], "mse": [0.0038705673068761826, 0.0008859974332153797, 0.0006859016139060259, 0.0005907681188546121, 0.0005764277884736657, 0.0005363060045056045, 0.0005267348024062812, 0.0005071992636658251, 0.0004992395406588912, 0.0004917571786791086, 0.00048688080278225243, 0.0004754310066346079, 0.00047329868539236486, 0.0004673243674915284, 0.0004602275730576366, 0.0004620857071131468, 0.0004526580742094666, 0.00045716227032244205, 0.00045451021287590265, 0.0004544102121144533, 0.0004484749515540898, 0.0004383046180009842, 0.0004430668195709586, 0.00044089919538237154, 0.0004389682726468891, 0.0004388685047160834, 0.0004334790864959359, 0.00042269082041457295, 0.00042201936594210565], "val_loss": [0.0012050331570208073, 0.000748027116060257, 0.0006288336007855833, 0.000581835862249136, 0.0005349221173673868, 0.0005184507463127375, 0.0005478947423398495, 0.0005048016319051385, 0.00048003054689615965, 0.0005326305981725454, 0.00047387764789164066, 0.00046455691335722804, 0.0004618643142748624, 0.0004666496824938804, 0.00046340207336470485, 0.00045020508696325123, 0.000458169961348176, 0.0005011479952372611, 0.00043818066478706896, 0.00047687432379461825, 0.00046307113370858133, 0.0005030196625739336, 0.0004535704792942852, 0.0004675614181905985, 0.0004604125861078501, 0.0004635145596694201, 0.00045502386637963355, 0.00045903160935267806, 0.000447135855210945], "val_mse": [0.0012050331570208073, 0.000748027116060257, 0.0006288336007855833, 0.000581835862249136, 0.0005349221173673868, 0.0005184507463127375, 0.0005478947423398495, 0.0005048016319051385, 0.00048003054689615965, 0.0005326305981725454, 0.00047387764789164066, 0.00046455691335722804, 0.0004618643142748624, 0.0004666496824938804, 0.00046340207336470485, 0.00045020508696325123, 0.000458169961348176, 0.0005011479952372611, 0.00043818066478706896, 0.00047687432379461825, 0.00046307113370858133, 0.0005030196625739336, 0.0004535704792942852, 0.0004675614181905985, 0.0004604125861078501, 0.0004635145596694201, 0.00045502386637963355, 0.00045903160935267806, 0.000447135855210945]}