{"loss": [0.0034538961481302977, 0.002598929451778531, 0.002310686046257615, 0.0021437627729028463, 0.0020683747716248035, 0.002039375714957714, 0.002018007216975093, 0.0019902498461306095, 0.001954456325620413, 0.0019470448605716228, 0.0019578789360821247, 0.0019118565833196044, 0.0018962754402309656, 0.0018997235456481576, 0.0018895517569035292, 0.0019217066001147032, 0.0018750405870378017, 0.0018522647442296147], "mse": [0.0034538961481302977, 0.002598929451778531, 0.002310686046257615, 0.0021437627729028463, 0.0020683747716248035, 0.002039375714957714, 0.002018007216975093, 0.0019902498461306095, 0.001954456325620413, 0.0019470448605716228, 0.0019578789360821247, 0.0019118565833196044, 0.0018962754402309656, 0.0018997235456481576, 0.0018895517569035292, 0.0019217066001147032, 0.0018750405870378017, 0.0018522647442296147], "val_loss": [0.002383834682404995, 0.00210181693546474, 0.0019786737393587828, 0.0020270487293601036, 0.0019109892891719937, 0.0018690777942538261, 0.0019137341296300292, 0.0018424366135150194, 0.001860389718785882, 0.0019074961310252547, 0.0019424977945163846, 0.0019068921683356166, 0.001886945334263146, 0.001960093853995204, 0.0019058836624026299, 0.0020412891171872616, 0.002075128024443984, 0.001924610696732998], "val_mse": [0.002383834682404995, 0.00210181693546474, 0.001978673506528139, 0.0020270487293601036, 0.0019109892891719937, 0.0018690775614231825, 0.0019137341296300292, 0.0018424366135150194, 0.0018603898352012038, 0.0019074961310252547, 0.0019424977945163846, 0.0019068921683356166, 0.001886945334263146, 0.001960093853995204, 0.0019058836624026299, 0.0020412891171872616, 0.002075128024443984, 0.001924610696732998]}