{"loss": [0.0020787236280739307, 0.0009689256548881531, 0.0008405707194469869, 0.0008227818179875612, 0.0007925959653221071, 0.000774886691942811, 0.0007486969116143882, 0.0007421289919875562, 0.000727191916666925, 0.0007097729248926044, 0.0006943981861695647, 0.0006988117238506675, 0.0006904314504936337, 0.0006762042758055031, 0.000658031553030014, 0.0006532233092002571, 0.000643305538687855, 0.0006276379572227597, 0.0006226939731277525, 0.0006279029767028987, 0.0006042986642569304, 0.0005990864592604339, 0.0006044796318747103, 0.000594539858866483, 0.0005879254313185811, 0.0005773865850642323, 0.0005784367094747722, 0.0005789848510175943, 0.0005702128983102739, 0.0005640118615701795, 0.0005599484429694712], "mse": [0.0020787236280739307, 0.0009689256548881531, 0.0008405707194469869, 0.0008227818179875612, 0.0007925959653221071, 0.000774886691942811, 0.0007486969116143882, 0.0007421289919875562, 0.000727191916666925, 0.0007097729248926044, 0.0006943981861695647, 0.0006988117238506675, 0.0006904314504936337, 0.0006762042758055031, 0.000658031553030014, 0.0006532233092002571, 0.000643305538687855, 0.0006276379572227597, 0.0006226939731277525, 0.0006279029767028987, 0.0006042986642569304, 0.0005990864592604339, 0.0006044796900823712, 0.000594539858866483, 0.0005879254313185811, 0.0005773865850642323, 0.0005784367094747722, 0.0005789848510175943, 0.0005702128983102739, 0.0005640118615701795, 0.0005599484429694712], "val_loss": [0.0012872387887910008, 0.0008407182176597416, 0.0008724436047486961, 0.0008071957272477448, 0.0008139501442201436, 0.0008490455220453441, 0.0008004674455150962, 0.0007919632480479777, 0.0008055059006437659, 0.0007875254959799349, 0.0007809926755726337, 0.0007814168347977102, 0.0007641136180609465, 0.0007624971331097186, 0.0007621959084644914, 0.0007425587391480803, 0.0007584866252727807, 0.0007627659942954779, 0.0008339551859535277, 0.000779107678681612, 0.0007388013764284551, 0.0007560841622762382, 0.0007420367910526693, 0.000780062167905271, 0.000761397706810385, 0.0007573107141070068, 0.000750493782106787, 0.0007749745273031294, 0.0007664159056730568, 0.0007661622948944569, 0.0007594589842483401], "val_mse": [0.0012872387887910008, 0.0008407182176597416, 0.0008724436047486961, 0.0008071957272477448, 0.0008139501442201436, 0.0008490455220453441, 0.0008004674455150962, 0.0007919632480479777, 0.0008055059006437659, 0.0007875254959799349, 0.0007809926755726337, 0.0007814168347977102, 0.0007641136180609465, 0.0007624971331097186, 0.0007621959084644914, 0.0007425587391480803, 0.0007584866252727807, 0.0007627659942954779, 0.0008339551859535277, 0.000779107678681612, 0.0007388013764284551, 0.0007560841622762382, 0.0007420367910526693, 0.000780062167905271, 0.000761397706810385, 0.0007573107141070068, 0.0007504938403144479, 0.0007749745273031294, 0.0007664159056730568, 0.0007661622948944569, 0.000759459042456001]}