{"loss": [0.002599638421088457, 0.0023260298185050488, 0.002197966445237398, 0.0020600229036062956, 0.0019279455300420523, 0.00178363302256912, 0.0016407712828367949, 0.0014919656096026301, 0.001349190017208457, 0.0012024976313114166, 0.0010728545021265745, 0.0009480511071160436, 0.0008479539537802339, 0.0007645922596566379, 0.0006986003718338907, 0.0006676860502921045, 0.0006633962620981038, 0.0006788397440686822, 0.0006448206258937716, 0.000655047653708607, 0.0006182916113175452, 0.0006090399110689759, 0.0005909431492909789, 0.0005972104263491929, 0.0005907865124754608, 0.0005927783204242587, 0.0005852679605595767, 0.0005877079674974084, 0.0005758298793807626, 0.0005669531528837979, 0.0005641144816763699, 0.0005537510733120143, 0.0005635907291434705, 0.0005594795802608132, 0.0005665470380336046, 0.0005468749441206455, 0.0005581292207352817, 0.0005496033700183034, 0.0005427722353488207, 0.0005396327469497919], "mse": [0.002599638421088457, 0.002326029585674405, 0.002197966445237398, 0.0020600229036062956, 0.0019279455300420523, 0.00178363302256912, 0.0016407712828367949, 0.0014919656096026301, 0.001349190017208457, 0.0012024976313114166, 0.0010728545021265745, 0.0009480511071160436, 0.0008479539537802339, 0.0007645922596566379, 0.0006986003718338907, 0.0006676860502921045, 0.0006633962620981038, 0.0006788397440686822, 0.0006448206258937716, 0.000655047653708607, 0.0006182916113175452, 0.0006090399110689759, 0.0005909431492909789, 0.0005972104263491929, 0.0005907865124754608, 0.0005927783204242587, 0.0005852679605595767, 0.0005877079674974084, 0.0005758298793807626, 0.0005669531528837979, 0.0005641144816763699, 0.0005537510733120143, 0.0005635907291434705, 0.0005594795802608132, 0.0005665470380336046, 0.0005468749441206455, 0.0005581292207352817, 0.0005496033700183034, 0.0005427722353488207, 0.0005396327469497919], "val_loss": [0.0031347074545919895, 0.0029984761495143175, 0.0027706746477633715, 0.0025527440011501312, 0.002353120595216751, 0.002080857055261731, 0.0018063441384583712, 0.0015842237044125795, 0.0013406856451183558, 0.0010973905446007848, 0.0008943417924456298, 0.0007344660116359591, 0.0006145094521343708, 0.0005004294216632843, 0.00044559797970578074, 0.00041976477950811386, 0.0004417553136590868, 0.0003923368640244007, 0.0004168851301074028, 0.00034496927401050925, 0.0003481211024336517, 0.00035485764965415, 0.0003540670149959624, 0.00034538362524472177, 0.00032666086917743087, 0.0003149293188471347, 0.0003202049992978573, 0.0003239143406972289, 0.0003133892605546862, 0.00030016922391951084, 0.00030572531977668405, 0.000320618215482682, 0.00036716661998070776, 0.00034418998984619975, 0.0003509435337036848, 0.00033744616666808724, 0.00035023567033931613, 0.00033016392262652516, 0.0003429955686442554, 0.00031630502780899405], "val_mse": [0.0031347074545919895, 0.0029984761495143175, 0.0027706746477633715, 0.0025527440011501312, 0.002353120595216751, 0.002080857055261731, 0.0018063441384583712, 0.0015842237044125795, 0.0013406856451183558, 0.0010973905446007848, 0.0008943417924456298, 0.0007344660116359591, 0.0006145094521343708, 0.0005004294216632843, 0.00044559797970578074, 0.00041976477950811386, 0.0004417553136590868, 0.0003923368640244007, 0.0004168851301074028, 0.00034496927401050925, 0.0003481211024336517, 0.00035485764965415, 0.0003540670149959624, 0.00034538362524472177, 0.00032666086917743087, 0.0003149293188471347, 0.0003202049992978573, 0.0003239143406972289, 0.0003133892605546862, 0.00030016922391951084, 0.00030572531977668405, 0.000320618215482682, 0.00036716661998070776, 0.00034418998984619975, 0.0003509435337036848, 0.00033744616666808724, 0.00035023567033931613, 0.00033016392262652516, 0.0003429955686442554, 0.00031630502780899405]}