{"loss": [0.00219409866258502, 0.0015613761497661471, 0.0009332193876616657, 0.0005288219545036554, 0.000325813569361344, 0.00021057974663563073, 0.00014648481737822294, 0.00011726182128768414, 0.00010377950093243271, 9.382791904499754e-05, 8.527765021426603e-05, 8.2526465121191e-05, 7.799838931532577e-05, 8.050700853345916e-05, 8.053123019635677e-05, 6.873336678836495e-05, 5.661842806148343e-05, 5.3104515245649964e-05, 4.9082642362918705e-05, 4.8084097215905786e-05, 4.544447438092902e-05, 4.855577208218165e-05, 4.889543561148457e-05, 4.292697485652752e-05, 4.073687159689143e-05, 3.9670525438850746e-05, 3.9325826946878806e-05, 3.912476677214727e-05, 3.6660647310782224e-05, 3.615629248088226e-05, 3.3591884857742116e-05, 3.311406180728227e-05, 3.264367114752531e-05, 3.132896017632447e-05, 3.175994424964301e-05, 3.1312469218391925e-05, 3.293246481916867e-05, 3.207686677342281e-05, 3.386033495189622e-05, 3.093897248618305e-05, 3.06571637338493e-05, 2.7979094738839194e-05, 2.8446305805118755e-05, 3.043214928766247e-05, 2.8524495064630173e-05, 2.8169681172585115e-05, 2.5727047614054754e-05, 2.6160148991039023e-05, 2.571720142441336e-05, 2.9837003239663318e-05, 2.4653694708831608e-05, 2.3566211893921718e-05, 2.356021650484763e-05, 2.4767126888036728e-05, 2.4363982447539456e-05, 2.630243579915259e-05, 2.3894663172541186e-05, 2.3859476641518995e-05, 2.31804860959528e-05, 2.368027162447106e-05, 2.2208998416317627e-05, 2.2882462872075848e-05, 2.1912032025284134e-05, 2.247470911242999e-05, 2.2385214833775535e-05, 2.2693810024065897e-05, 2.1917705453233793e-05, 2.015834252233617e-05, 2.073900031973608e-05, 1.9894581782864407e-05, 1.9380919184186496e-05, 1.932606210175436e-05, 2.1319207007763907e-05, 2.2319632989820093e-05, 1.8293707398697734e-05, 1.846645500336308e-05, 1.9431448890827596e-05, 1.914301174110733e-05, 1.9399063603486866e-05, 1.9061766579397954e-05, 2.0523339117062278e-05, 2.3244192561833188e-05, 2.5760286007425748e-05, 1.851194610935636e-05, 1.743275424814783e-05], "mse": [0.00219409866258502, 0.0015613761497661471, 0.0009332193876616657, 0.0005288219545036554, 0.00032581351115368307, 0.00021057974663563073, 0.00014648481737822294, 0.00011726182128768414, 0.00010377950093243271, 9.382792632095516e-05, 8.527765021426603e-05, 8.2526465121191e-05, 7.799838931532577e-05, 8.050700853345916e-05, 8.053123019635677e-05, 6.873336678836495e-05, 5.661842806148343e-05, 5.3104515245649964e-05, 4.9082642362918705e-05, 4.8084097215905786e-05, 4.544447438092902e-05, 4.855577208218165e-05, 4.889543561148457e-05, 4.292697485652752e-05, 4.073687159689143e-05, 3.9670525438850746e-05, 3.9325826946878806e-05, 3.912476677214727e-05, 3.6660647310782224e-05, 3.615629248088226e-05, 3.3591884857742116e-05, 3.311406180728227e-05, 3.264367114752531e-05, 3.132896017632447e-05, 3.175994424964301e-05, 3.1312469218391925e-05, 3.293246481916867e-05, 3.207686677342281e-05, 3.386033495189622e-05, 3.093897248618305e-05, 3.06571637338493e-05, 2.7979094738839194e-05, 2.8446305805118755e-05, 3.043214928766247e-05, 2.8524495064630173e-05, 2.8169681172585115e-05, 2.5727047614054754e-05, 2.6160148991039023e-05, 2.571720142441336e-05, 2.9837003239663318e-05, 2.4653694708831608e-05, 2.3566211893921718e-05, 2.356021650484763e-05, 2.4767126888036728e-05, 2.4363982447539456e-05, 2.630243579915259e-05, 2.3894663172541186e-05, 2.3859476641518995e-05, 2.3180487914942205e-05, 2.368027162447106e-05, 2.2208998416317627e-05, 2.2882462872075848e-05, 2.1912032025284134e-05, 2.247470911242999e-05, 2.2385214833775535e-05, 2.2693810024065897e-05, 2.1917705453233793e-05, 2.015834252233617e-05, 2.073900031973608e-05, 1.9894581782864407e-05, 1.9380919184186496e-05, 1.932606210175436e-05, 2.1319207007763907e-05, 2.2319632989820093e-05, 1.8293707398697734e-05, 1.846645500336308e-05, 1.9431448890827596e-05, 1.914301174110733e-05, 1.9399063603486866e-05, 1.9061766579397954e-05, 2.0523339117062278e-05, 2.3244192561833188e-05, 2.5760286007425748e-05, 1.851194610935636e-05, 1.743275424814783e-05], "val_loss": [0.0016640678513795137, 0.0011961996788159013, 0.00069603999145329, 0.0005256540607661009, 0.00038068846333771944, 0.0002797922061290592, 0.00023034654441289604, 0.00021177748567424715, 0.00020001742814201862, 0.00018786681175697595, 0.00017584941815584898, 0.0001707577903289348, 0.00019609399896580726, 0.0001551259047118947, 0.0001606946170795709, 0.0001436253369320184, 0.00014108078903518617, 0.00013500024215318263, 0.0001292181696044281, 0.00012801613775081933, 0.00012578375753946602, 0.00013103417586535215, 0.00012692998279817402, 0.00012054337275912985, 0.00012107325892429799, 0.00011553617514437065, 0.00011715231084963307, 0.00011857530626002699, 0.00011407702550059184, 0.0001109466320485808, 0.00010857790766749531, 0.00010879118781303987, 0.00010710219066822901, 0.00010753213427960873, 0.00010904182272497565, 0.00010778826253954321, 0.00010630475298967212, 0.00010864306386793032, 0.0001060414215316996, 0.0001075774198397994, 0.00010276959801558405, 0.00010582579125184566, 0.00010473933070898056, 0.00010739327262854204, 0.00010459705663379282, 0.00010813050903379917, 0.00010151458263862878, 0.00010044548253063112, 0.0001098416541935876, 0.00010463907528901473, 0.00010147369175683707, 0.00010242810094496235, 9.986812074203044e-05, 0.0001036663306877017, 0.00010194830974796787, 0.00010130971350008622, 9.877252159640193e-05, 0.00010319131251890212, 0.00010100138752022758, 0.00010569605365162715, 0.0001033969601849094, 0.00010307459160685539, 9.894077811622992e-05, 9.815140219870955e-05, 0.00010867145465454087, 9.845699969446287e-05, 9.84837970463559e-05, 9.920960292220116e-05, 9.934409899869934e-05, 9.685741679277271e-05, 9.797450911719352e-05, 9.822051652008668e-05, 0.00010011488484451547, 9.893530659610406e-05, 9.499055158812553e-05, 9.683238749857992e-05, 9.931773092830554e-05, 0.00010012814163928851, 9.82211931841448e-05, 9.954084089258686e-05, 9.745451825438067e-05, 0.00011537740647327155, 9.774044156074524e-05, 9.693521133158356e-05, 9.566950029693544e-05],