{"loss": [0.0021802678238600492, 0.0016007706290110946, 0.0009887655032798648, 0.0006059043807908893, 0.0003692313330247998, 0.00021377552184276283, 0.00014003140677232295, 0.00011357017501723021, 9.887331543723121e-05, 7.993154576979578e-05, 7.229379116324708e-05, 6.568154640262946e-05, 5.7636651035863906e-05, 4.803277988685295e-05, 4.4639840780291706e-05, 4.3871514208149165e-05, 3.941674731322564e-05, 3.441239459789358e-05, 3.33432290062774e-05, 3.410711724427529e-05, 3.0833663913654163e-05, 2.6782761779031716e-05, 2.6718713343143463e-05, 2.6241377781843767e-05, 2.3701444661128335e-05, 2.2334306777338497e-05, 2.2488098693429492e-05, 2.098179356835317e-05, 2.0393381419125944e-05, 1.9702261852216907e-05, 1.8734694094746374e-05, 1.781197715899907e-05, 1.743527354847174e-05, 1.7287380615016446e-05, 1.653519575484097e-05, 1.613063614058774e-05, 1.6309611964970827e-05, 1.6011628758860752e-05, 1.593340675754007e-05, 1.4673607438453473e-05, 1.350154616375221e-05, 1.4105913578532636e-05, 1.3088542800687719e-05, 1.6323352610925213e-05, 1.6504269297001883e-05, 1.2671455806412268e-05, 1.2323564078542404e-05, 1.4863908290863037e-05, 1.3806398783344775e-05, 1.1901356629095972e-05, 1.2339970453467686e-05, 1.3981734809931368e-05, 1.36912449306692e-05, 1.3115651199768763e-05, 1.2078124200343154e-05], "mse": [0.0021802678238600492, 0.0016007706290110946, 0.0009887655032798648, 0.0006059043807908893, 0.0003692313330247998, 0.00021377552184276283, 0.00014003140677232295, 0.00011357017501723021, 9.887331543723121e-05, 7.993155304575339e-05, 7.229379116324708e-05, 6.568154640262946e-05, 5.7636651035863906e-05, 4.803277988685295e-05, 4.4639840780291706e-05, 4.3871514208149165e-05, 3.941674731322564e-05, 3.441239459789358e-05, 3.33432290062774e-05, 3.410711724427529e-05, 3.0833663913654163e-05, 2.6782761779031716e-05, 2.6718713343143463e-05, 2.6241377781843767e-05, 2.3701444661128335e-05, 2.2334306777338497e-05, 2.2488098693429492e-05, 2.098179356835317e-05, 2.0393381419125944e-05, 1.9702261852216907e-05, 1.8734694094746374e-05, 1.781197715899907e-05, 1.743527354847174e-05, 1.7287380615016446e-05, 1.653519575484097e-05, 1.613063614058774e-05, 1.6309611964970827e-05, 1.6011628758860752e-05, 1.593340675754007e-05, 1.4673607438453473e-05, 1.350154616375221e-05, 1.4105913578532636e-05, 1.3088542800687719e-05, 1.6323352610925213e-05, 1.6504269297001883e-05, 1.2671455806412268e-05, 1.2323564078542404e-05, 1.4863908290863037e-05, 1.3806398783344775e-05, 1.1901356629095972e-05, 1.2339970453467686e-05, 1.3981734809931368e-05, 1.36912449306692e-05, 1.3115651199768763e-05, 1.2078123290848453e-05], "val_loss": [0.0017131107160821557, 0.0012479351134970784, 0.0008794546010904014, 0.0005407441640272737, 0.0002799401991069317, 0.00017611702787689865, 0.0001069218706106767, 9.216363832820207e-05, 0.00010664741421351209, 7.20330499461852e-05, 8.644352055853233e-05, 7.069617277011275e-05, 6.846185715403408e-05, 6.810123159084469e-05, 6.972280243644491e-05, 5.115775275044143e-05, 5.8265355619369075e-05, 5.099653571960516e-05, 5.009236701880582e-05, 4.596665530698374e-05, 5.755103848059662e-05, 4.657261160900816e-05, 4.919908315059729e-05, 5.348947161110118e-05, 4.529426951194182e-05, 4.97302389703691e-05, 4.316288323025219e-05, 4.296221595723182e-05, 4.6940498577896506e-05, 4.307135895942338e-05, 4.4398631871445104e-05, 4.101519152754918e-05, 4.4060248910682276e-05, 4.037636608700268e-05, 4.880767301074229e-05, 4.357163197710179e-05, 4.307286144467071e-05, 4.102486855117604e-05, 4.166845610598102e-05, 4.017924584331922e-05, 4.3448984797578305e-05, 4.082843224750832e-05, 4.00917706429027e-05, 4.7493635065620765e-05, 3.707617725012824e-05, 4.1416420572204515e-05, 4.076569530298002e-05, 4.165806603850797e-05, 4.2053630750160664e-05, 3.857558112940751e-05, 4.4596225052373484e-05, 3.9217386074597016e-05, 3.9655929867876694e-05, 4.148827065364458e-05, 3.963292692787945e-05], "val_mse": [0.0017131107160821557, 0.0012479351134970784, 0.0008794546010904014, 0.0005407441640272737, 0.0002799401991069317, 0.00017611702787689865, 0.0001069218706106767, 9.216363832820207e-05, 0.00010664741421351209, 7.20330499461852e-05, 8.644352055853233e-05, 7.069617277011275e-05, 6.846185715403408e-05, 6.810123159084469e-05, 6.972280243644491e-05, 5.115775275044143e-05, 5.8265355619369075e-05, 5.099653571960516e-05, 5.009236701880582e-05, 4.596665530698374e-05, 5.755103848059662e-05, 4.657261160900816e-05, 4.919908315059729e-05, 5.348947161110118e-05, 4.529426951194182e-05, 4.97302389703691e-05, 4.316288323025219e-05, 4.296221595723182e-05, 4.6940498577896506e-05, 4.307135895942338e-05, 4.4398631871445104e-05, 4.101519152754918e-05, 4.4060248910682276e-05, 4.037636608700268e-05, 4.880767301074229e-05, 4.357163197710179e-05, 4.307286144467071e-05, 4.102486855117604e-05, 4.166845610598102e-05, 4.017924584331922e-05, 4.3448984797578305e-05, 4.082843224750832e-05, 4.00917706429027e-05, 4.7493635065620765e-05, 3.707617725012824e-05, 4.1416420572204515e-05, 4.076569530298002e-05, 4.165806603850797e-05, 4.2053630750160664e-05, 3.857558476738632e-05, 4.4596225052373484e-05, 3.9217386074597016e-05, 3.9655929867876694e-05, 4.148827065364458e-05, 3.963292692787945e-05]}