{"loss": [0.002005067653954029, 0.0007353624096140265, 0.00026359112234786153, 0.00014705848298035562, 0.00011547069880180061, 9.554975986247882e-05, 8.251658437075093e-05, 6.954091804800555e-05, 6.383463914971799e-05, 5.547314867726527e-05, 4.867738243774511e-05, 4.5719305489910766e-05, 4.7778041334822774e-05, 4.2082687286892906e-05, 3.9122231100918725e-05, 3.6574358091456816e-05, 3.48843568644952e-05, 3.3610223908908665e-05, 3.200526407454163e-05, 3.0653631256427616e-05, 3.0055500246817246e-05, 2.830380981322378e-05, 2.7831529223476537e-05, 2.8411273888195865e-05, 2.72558845608728e-05, 2.6168254407821223e-05, 2.5947727408492938e-05, 2.588416828075424e-05, 2.551105535530951e-05, 2.561937981226947e-05, 2.5268287572544068e-05, 2.3494560082326643e-05, 2.2570433429791592e-05, 2.2951549908611923e-05, 2.2705937226419337e-05, 2.3235736080096103e-05, 2.1941883460385725e-05, 2.1354258933570236e-05, 2.0512436094577424e-05, 2.2368363715941086e-05, 2.185734047088772e-05, 2.4256578399217688e-05, 2.0853769456152804e-05, 1.939934736583382e-05, 1.9454770153970458e-05, 1.956526466528885e-05, 2.0512576156761497e-05, 1.908394187921658e-05, 1.9096805772278458e-05, 1.862306635302957e-05, 1.85370008694008e-05, 1.872447865025606e-05, 1.8240330973640084e-05], "mse": [0.002005067653954029, 0.0007353624096140265, 0.00026359112234786153, 0.00014705848298035562, 0.00011547069880180061, 9.554975986247882e-05, 8.251658437075093e-05, 6.954091804800555e-05, 6.383463914971799e-05, 5.547314867726527e-05, 4.867738243774511e-05, 4.5719305489910766e-05, 4.7778041334822774e-05, 4.2082687286892906e-05, 3.9122231100918725e-05, 3.6574358091456816e-05, 3.488436050247401e-05, 3.3610223908908665e-05, 3.200526407454163e-05, 3.0653631256427616e-05, 3.0055500246817246e-05, 2.830380981322378e-05, 2.7831534680444747e-05, 2.8411273888195865e-05, 2.72558845608728e-05, 2.6168254407821223e-05, 2.5947727408492938e-05, 2.588416828075424e-05, 2.551105535530951e-05, 2.561937981226947e-05, 2.5268287572544068e-05, 2.3494560082326643e-05, 2.2570433429791592e-05, 2.2951549908611923e-05, 2.2705937226419337e-05, 2.3235736080096103e-05, 2.1941883460385725e-05, 2.1354258933570236e-05, 2.0512436094577424e-05, 2.2368363715941086e-05, 2.185734047088772e-05, 2.4256578399217688e-05, 2.0853769456152804e-05, 1.939934736583382e-05, 1.9454770153970458e-05, 1.956526466528885e-05, 2.0512576156761497e-05, 1.9083943698205985e-05, 1.9096805772278458e-05, 1.862306635302957e-05, 1.85370008694008e-05, 1.872447865025606e-05, 1.8240330973640084e-05], "val_loss": [0.0012128192465752363, 0.0004228673642501235, 0.00019574070756789297, 0.00014285968791227788, 0.00012500655429903418, 0.00011951779742958024, 0.0001157943916041404, 9.255536861019209e-05, 8.936797530623153e-05, 7.770393858663738e-05, 7.272934453794733e-05, 6.834651867393404e-05, 6.665633554803208e-05, 6.455605762312189e-05, 6.221287185326219e-05, 5.9920483181485906e-05, 6.547537486767396e-05, 5.9021476772613823e-05, 6.099389793234877e-05, 5.629090082948096e-05, 5.85364323342219e-05, 5.5408061598427594e-05, 5.758683255407959e-05, 5.6757307902444154e-05, 5.429658995126374e-05, 5.401951784733683e-05, 5.1686252845684066e-05, 5.503922875504941e-05, 5.656871871906333e-05, 5.262763806967996e-05, 5.2075498388148844e-05, 4.918473132420331e-05, 5.164740650798194e-05, 5.172905002837069e-05, 5.12408914801199e-05, 5.0969349103979766e-05, 4.932432420901023e-05, 5.509594484465197e-05, 5.057324597146362e-05, 4.8150588554563e-05, 5.015544957132079e-05, 5.4821288358652964e-05, 4.689472189056687e-05, 4.7319223085651174e-05, 4.7749857913004234e-05, 4.7895213356241584e-05, 4.9137845053337514e-05, 4.734871617984027e-05, 4.9228536227019504e-05, 5.180109292268753e-05, 4.6900720917619765e-05, 4.757975329994224e-05, 4.928321504849009e-05], "val_mse": [0.0012128192465752363, 0.0004228673642501235, 0.00019574070756789297, 0.00014285968791227788, 0.00012500655429903418, 0.00011951779742958024, 0.0001157943916041404, 9.255536861019209e-05, 8.936797530623153e-05, 7.770393858663738e-05, 7.272934453794733e-05, 6.834651867393404e-05, 6.665633554803208e-05, 6.455605762312189e-05, 6.221287185326219e-05, 5.9920483181485906e-05, 6.547537486767396e-05, 5.9021476772613823e-05, 6.099389793234877e-05, 5.629090082948096e-05, 5.85364323342219e-05, 5.5408061598427594e-05, 5.758683255407959e-05, 5.6757307902444154e-05, 5.429658995126374e-05, 5.401951784733683e-05, 5.1686252845684066e-05, 5.503922875504941e-05, 5.656871871906333e-05, 5.262763806967996e-05, 5.2075498388148844e-05, 4.918473132420331e-05, 5.164740650798194e-05, 5.172905002837069e-05, 5.12408914801199e-05, 5.0969349103979766e-05, 4.932432420901023e-05, 5.509594484465197e-05, 5.057324597146362e-05, 4.8150588554563e-05, 5.015544957132079e-05, 5.4821288358652964e-05, 4.689472189056687e-05, 4.7319223085651174e-05, 4.7749857913004234e-05, 4.7895213356241584e-05, 4.9137845053337514e-05, 4.734871617984027e-05, 4.9228536227019504e-05, 5.180109292268753e-05, 4.6900720917619765e-05, 4.757975329994224e-05, 4.92832186864689e-05]}