{"loss": [0.005298835225403309, 0.0041335029527544975, 0.003031856846064329, 0.0022256975062191486, 0.0017982593271881342, 0.0016687829047441483, 0.001478239195421338, 0.0013657893287017941, 0.001230809255503118, 0.0011314025614410639, 0.0010183448903262615, 0.0009268469293601811, 0.0008804543176665902, 0.0008280369220301509, 0.0007812304538674653, 0.0007206326117739081, 0.0006957907462492585, 0.0006740675307810307, 0.0006532425759360194, 0.0006256685592234135, 0.0006102679180912673, 0.0006023840396665037], "mse": [0.005298835225403309, 0.0041335029527544975, 0.003031856846064329, 0.0022256975062191486, 0.0017982593271881342, 0.0016687829047441483, 0.001478239195421338, 0.0013657893287017941, 0.001230809255503118, 0.0011314025614410639, 0.0010183448903262615, 0.000926846987567842, 0.0008804543176665902, 0.0008280369220301509, 0.0007812304538674653, 0.000720632669981569, 0.0006957907462492585, 0.0006740675307810307, 0.0006532425759360194, 0.0006256685592234135, 0.0006102679180912673, 0.0006023840396665037], "val_loss": [0.005275632254779339, 0.003691935446113348, 0.0022941906936466694, 0.0012728828005492687, 0.0010171725880354643, 0.001045428914949298, 0.0011043630074709654, 0.0009676737827248871, 0.000922468607313931, 0.0008722858619876206, 0.0008121063001453876, 0.0007836457225494087, 0.0008022391120903194, 0.0008173894020728767, 0.0008124086889438331, 0.0008068963652476668, 0.000952768896240741, 0.0010104472748935223, 0.0010383076732978225, 0.0009595109149813652, 0.0009244790417142212, 0.0008917561499401927], "val_mse": [0.005275632254779339, 0.003691935446113348, 0.0022941906936466694, 0.0012728828005492687, 0.0010171725880354643, 0.001045428914949298, 0.0011043630074709654, 0.0009676737827248871, 0.000922468607313931, 0.0008722858619876206, 0.0008121063001453876, 0.0007836457225494087, 0.0008022391120903194, 0.0008173894020728767, 0.0008124086889438331, 0.0008068963652476668, 0.000952768896240741, 0.0010104472748935223, 0.0010383076732978225, 0.0009595109149813652, 0.0009244790417142212, 0.0008917561499401927]}