{"loss": [0.039927564561367035, 0.037842556834220886, 0.036977458745241165, 0.036624420434236526, 0.03619333729147911, 0.03603091090917587, 0.03581954166293144, 0.03554224222898483, 0.03558088839054108, 0.03548003360629082, 0.03508481755852699], "mse": [0.039927564561367035, 0.037842556834220886, 0.036977458745241165, 0.036624420434236526, 0.03619333729147911, 0.03603091090917587, 0.03581954166293144, 0.03554224222898483, 0.03558088839054108, 0.03548003360629082, 0.03508481755852699], "val_loss": [0.043226324021816254, 0.04364539682865143, 0.04383067041635513, 0.04365937411785126, 0.043631505221128464, 0.04389471560716629, 0.044721249490976334, 0.045803252607584, 0.04384547844529152, 0.044211968779563904, 0.04438741132616997], "val_mse": [0.043226324021816254, 0.04364539682865143, 0.04383067786693573, 0.04365937411785126, 0.043631505221128464, 0.04389471560716629, 0.044721249490976334, 0.045803252607584, 0.04384547844529152, 0.044211968779563904, 0.04438741132616997]}