{"loss": [0.005607678554952145, 0.004951915238052607, 0.004608420189470053, 0.004359017591923475, 0.004150778986513615, 0.003965216223150492, 0.0039036297239363194, 0.0038282349705696106, 0.0036800571251660585, 0.003643980948254466, 0.003569948021322489, 0.0035510770976543427, 0.003501973347738385, 0.0034538493491709232, 0.003406278323382139, 0.0033978887367993593, 0.003345118835568428, 0.0033761330414563417, 0.0033260013442486525, 0.0032902155071496964, 0.003274542046710849, 0.003248832421377301, 0.0032553549390286207, 0.0032096009235829115, 0.0031683635897934437, 0.0032029461581259966, 0.003176667494699359, 0.003132543759420514, 0.0030744262039661407, 0.0030894516967236996, 0.0030254870653152466, 0.0030099553987383842, 0.0030163221526890993, 0.002988585736602545, 0.002974078990519047, 0.002914359560236335], "mse": [0.005607678554952145, 0.004951915238052607, 0.004608420189470053, 0.004359017591923475, 0.00415077805519104, 0.003965216223150492, 0.0039036297239363194, 0.0038282349705696106, 0.0036800571251660585, 0.003643980948254466, 0.003569948021322489, 0.0035510770976543427, 0.003501973347738385, 0.0034538493491709232, 0.003406278323382139, 0.0033978887367993593, 0.003345118835568428, 0.0033761330414563417, 0.0033260013442486525, 0.0032902155071496964, 0.003274542046710849, 0.003248832421377301, 0.0032553549390286207, 0.0032096009235829115, 0.0031683635897934437, 0.0032029461581259966, 0.003176667494699359, 0.003132543759420514, 0.0030744262039661407, 0.0030894516967236996, 0.0030254870653152466, 0.0030099553987383842, 0.0030163221526890993, 0.002988585736602545, 0.002974078990519047, 0.002914359560236335], "val_loss": [0.006526911165565252, 0.00677282502874732, 0.006225293036550283, 0.006080257706344128, 0.006087525747716427, 0.005828953348100185, 0.005502793006598949, 0.005440403241664171, 0.00531180202960968, 0.005202877335250378, 0.005316057708114386, 0.005020772572606802, 0.005015624221414328, 0.005163705907762051, 0.005019312258809805, 0.0049776374362409115, 0.00501551479101181, 0.0052292016334831715, 0.005067393183708191, 0.0050694444216787815, 0.00524244736880064, 0.005018090363591909, 0.004937362857162952, 0.005196277983486652, 0.005498623475432396, 0.00490951631218195, 0.005132314749062061, 0.005054800771176815, 0.0050374045968055725, 0.005326126702129841, 0.0053632184863090515, 0.005163757596164942, 0.005373493302613497, 0.005383833311498165, 0.005516118369996548, 0.0054489849135279655], "val_mse": [0.006526911165565252, 0.00677282502874732, 0.006225293036550283, 0.006080257706344128, 0.006087525747716427, 0.005828953348100185, 0.005502793006598949, 0.005440403241664171, 0.00531180202960968, 0.005202877335250378, 0.005316057708114386, 0.005020772572606802, 0.005015624221414328, 0.005163705907762051, 0.005019312258809805, 0.0049776374362409115, 0.005015515722334385, 0.0052292016334831715, 0.005067393183708191, 0.0050694444216787815, 0.00524244736880064, 0.005018090363591909, 0.004937362857162952, 0.005196277983486652, 0.005498623475432396, 0.00490951631218195, 0.005132314749062061, 0.005054800771176815, 0.0050374045968055725, 0.005326126702129841, 0.0053632184863090515, 0.005163757596164942, 0.005373493768274784, 0.005383833311498165, 0.005516118369996548, 0.0054489849135279655]}