{"loss": [0.0022625220008194447, 0.0017582571599632502, 0.0012407475151121616, 0.0008326288079842925, 0.0005775575409643352, 0.000381271616788581, 0.0002415487979305908, 0.00019217419321648777, 0.00016310754290316254, 0.00014272549015004188, 0.00012859015259891748, 0.00011756602907553315, 0.00010853938147192821, 0.00010402392217656597, 0.00010131809540325776, 0.00010118204227183014, 9.195851453114301e-05, 8.502395212417468e-05, 8.372525917366147e-05, 7.899594493210316e-05, 7.713455852353945e-05, 7.537400961155072e-05, 7.489485142286867e-05, 7.146385178202763e-05, 7.00441378285177e-05, 7.189480675151572e-05, 6.774154462618753e-05, 6.59397555864416e-05, 6.316238432191312e-05, 6.118051533121616e-05, 6.098220910644159e-05, 6.48693458060734e-05, 6.28282141406089e-05, 6.18789199506864e-05, 6.56759220873937e-05, 6.462886085500941e-05, 5.728313772124238e-05, 5.468314702739008e-05, 5.344795499695465e-05], "mse": [0.0022625220008194447, 0.0017582571599632502, 0.0012407475151121616, 0.0008326288079842925, 0.0005775575409643352, 0.000381271616788581, 0.0002415487979305908, 0.00019217419321648777, 0.00016310754290316254, 0.00014272549015004188, 0.00012859015259891748, 0.00011756602907553315, 0.00010853938147192821, 0.00010402392217656597, 0.00010131809540325776, 0.00010118204227183014, 9.195851453114301e-05, 8.502395212417468e-05, 8.372525917366147e-05, 7.899594493210316e-05, 7.713455852353945e-05, 7.537400961155072e-05, 7.489485142286867e-05, 7.146385178202763e-05, 7.00441378285177e-05, 7.189480675151572e-05, 6.774154462618753e-05, 6.59397555864416e-05, 6.316238432191312e-05, 6.118051533121616e-05, 6.098220910644159e-05, 6.48693458060734e-05, 6.28282141406089e-05, 6.18789199506864e-05, 6.56759220873937e-05, 6.462886085500941e-05, 5.728313772124238e-05, 5.468314702739008e-05, 5.344795499695465e-05], "val_loss": [0.0021918159909546375, 0.0015930300578474998, 0.0010123219108209014, 0.0006557143060490489, 0.0004221414274070412, 0.00023309583775699139, 0.00018553607515059412, 0.00013117786147631705, 0.00012446637265384197, 0.0001233814691659063, 0.00010537715570535511, 0.00010597284563118592, 9.323322592535987e-05, 9.2888563813176e-05, 9.101987961912528e-05, 8.660648745717481e-05, 8.440497913397849e-05, 7.992119208211079e-05, 8.261022594524547e-05, 8.26260875328444e-05, 7.650563202332705e-05, 7.718866982031614e-05, 7.581362297059968e-05, 7.956975605338812e-05, 7.273057417478412e-05, 7.602197001688182e-05, 8.510479528922588e-05, 7.223446300486103e-05, 7.123773684725165e-05, 7.403998461086303e-05, 7.533202006015927e-05, 7.44571298127994e-05, 7.657761307200417e-05, 7.737583655398339e-05, 7.526696572313085e-05, 8.210449595935643e-05, 7.249302143463865e-05, 7.16629801900126e-05, 7.133618055377156e-05], "val_mse": [0.0021918159909546375, 0.0015930300578474998, 0.0010123219108209014, 0.0006557143060490489, 0.0004221414274070412, 0.00023309583775699139, 0.00018553607515059412, 0.00013117786147631705, 0.00012446637265384197, 0.0001233814691659063, 0.00010537717025727034, 0.00010597284563118592, 9.323322592535987e-05, 9.2888563813176e-05, 9.101987961912528e-05, 8.660648745717481e-05, 8.440497913397849e-05, 7.992119208211079e-05, 8.261022594524547e-05, 8.26260875328444e-05, 7.650563202332705e-05, 7.718866982031614e-05, 7.581362297059968e-05, 7.956975605338812e-05, 7.273057417478412e-05, 7.602197001688182e-05, 8.510479528922588e-05, 7.223446300486103e-05, 7.123772229533643e-05, 7.403998461086303e-05, 7.533202006015927e-05, 7.44571298127994e-05, 7.657761307200417e-05, 7.737583655398339e-05, 7.526696572313085e-05, 8.210449595935643e-05, 7.249302143463865e-05, 7.16629801900126e-05, 7.133618055377156e-05]}