{"loss": [0.00536445202305913, 0.0014312698040157557, 0.0006953831762075424, 0.00046494934940710664, 0.0004031588032376021, 0.00037673540646210313, 0.000342081009875983, 0.00034283564309589565, 0.00033106154296547174, 0.00030231193522922695, 0.0002949807676486671, 0.00027755220071412623, 0.0002880541724152863, 0.0002855030179489404, 0.0002509402693249285, 0.0002600991283543408, 0.00024980364833027124, 0.00025005984934978187, 0.0002582052838988602, 0.0002484301512595266, 0.00023699086159467697, 0.0002397743664914742, 0.0002324097731616348, 0.000228643708396703, 0.00022265179723035544, 0.00022303199511952698, 0.0002380274818278849, 0.00022965190873946995, 0.0002124906168319285, 0.000212676270166412, 0.00021615083096548915, 0.00022117880871519446, 0.00020239369769115, 0.0002080285776173696, 0.00020776451856363565, 0.0002010726893786341, 0.00022015918511897326, 0.00022022805933374912, 0.00019607819558586925, 0.00019919095211662352, 0.0001922183291753754, 0.00019103915838059038, 0.00020786130335181952, 0.00018465904577169567, 0.00020423272508196533, 0.00018606330559123307, 0.00018784322310239077, 0.00019649251771625131, 0.0002065205917460844, 0.00018924479081761092, 0.00018809636821970344], "mse": [0.00536445202305913, 0.0014312699204310775, 0.0006953831762075424, 0.00046494934940710664, 0.0004031588032376021, 0.00037673540646210313, 0.000342081009875983, 0.00034283564309589565, 0.00033106154296547174, 0.00030231193522922695, 0.0002949807676486671, 0.00027755220071412623, 0.0002880541724152863, 0.0002855030179489404, 0.0002509402693249285, 0.0002600991283543408, 0.00024980364833027124, 0.00025005984934978187, 0.0002582052838988602, 0.0002484301512595266, 0.00023699086159467697, 0.0002397743664914742, 0.0002324097731616348, 0.000228643708396703, 0.00022265179723035544, 0.00022303199511952698, 0.0002380274818278849, 0.00022965190873946995, 0.0002124906168319285, 0.000212676270166412, 0.00021615083096548915, 0.00022117880871519446, 0.00020239369769115, 0.0002080285776173696, 0.00020776451856363565, 0.0002010726893786341, 0.00022015918511897326, 0.00022022805933374912, 0.00019607819558586925, 0.00019919095211662352, 0.0001922183291753754, 0.00019103915838059038, 0.00020786130335181952, 0.00018465904577169567, 0.00020423272508196533, 0.00018606330559123307, 0.00018784322310239077, 0.00019649251771625131, 0.0002065205917460844, 0.00018924479081761092, 0.00018809636821970344], "val_loss": [0.0020931961480528116, 0.001095845946110785, 0.0005773681914433837, 0.0004761929449159652, 0.00044088042341172695, 0.0004056782345287502, 0.0003981393820140511, 0.0004944223910570145, 0.0003644935495685786, 0.0003913591499440372, 0.0003500281891319901, 0.00034981928183697164, 0.00041142478585243225, 0.0003413259983062744, 0.0003274671034887433, 0.0003231816226616502, 0.0003315538924653083, 0.0003342707932461053, 0.00033056773827411234, 0.0003271128225605935, 0.00036730500869452953, 0.00032577934325672686, 0.00032924965489655733, 0.0003287784056738019, 0.0003079785092268139, 0.00032171898055821657, 0.00032754207495599985, 0.0003462366294115782, 0.0003094334970228374, 0.00031377628329209983, 0.00033430790062993765, 0.00031888874946162105, 0.00033357934444211423, 0.00030900619458407164, 0.000301559513900429, 0.0003336027730256319, 0.0003531695401761681, 0.0003177420003339648, 0.0002998538257088512, 0.0003365332668181509, 0.00029770677792839706, 0.0003337677917443216, 0.0003075171844102442, 0.00030508710187859833, 0.00031093298457562923, 0.0003033568791579455, 0.00031922917696647346, 0.0003279631491750479, 0.00032608513720333576, 0.0003449515497777611, 0.00033818423980847], "val_mse": [0.0020931961480528116, 0.001095845946110785, 0.0005773681914433837, 0.0004761929449159652, 0.00044088042341172695, 0.0004056782345287502, 0.0003981393820140511, 0.0004944223910570145, 0.0003644935495685786, 0.0003913591499440372, 0.0003500281891319901, 0.00034981928183697164, 0.00041142478585243225, 0.0003413259983062744, 0.0003274671034887433, 0.0003231816226616502, 0.0003315538924653083, 0.0003342707932461053, 0.00033056773827411234, 0.0003271128225605935, 0.00036730500869452953, 0.00032577934325672686, 0.00032924965489655733, 0.0003287784056738019, 0.0003079785092268139, 0.00032171898055821657, 0.00032754207495599985, 0.0003462366294115782, 0.0003094334970228374, 0.00031377628329209983, 0.00033430790062993765, 0.00031888874946162105, 0.00033357934444211423, 0.00030900619458407164, 0.000301559513900429, 0.0003336027730256319, 0.0003531695401761681, 0.0003177420003339648, 0.0002998538257088512, 0.0003365332668181509, 0.00029770677792839706, 0.0003337677917443216, 0.0003075171844102442, 0.00030508710187859833, 0.00031093298457562923, 0.0003033568791579455, 0.00031922917696647346, 0.0003279631491750479, 0.00032608513720333576, 0.0003449515497777611, 0.00033818423980847]}