{"loss": [4.6016833948669955e-05, 6.839860816398868e-06, 5.082421466795495e-06, 4.310609256208409e-06, 3.776354787987657e-06, 3.3904414067364996e-06, 3.1029899218992796e-06, 2.9174766495998483e-06, 2.7297996894048993e-06, 2.5640435978857568e-06, 2.4581986508565024e-06, 2.3056015834299615e-06, 2.2608098788623465e-06, 2.167840420952416e-06, 2.0659711026382865e-06, 2.0089023564651143e-06, 1.965191358976881e-06, 1.8992312789123389e-06, 1.8428270323056495e-06, 1.8430835098115494e-06, 1.7471978708272218e-06, 1.7416641640011221e-06, 1.6931675190789974e-06, 1.6516752339157392e-06, 1.619611680325761e-06, 1.6084325125120813e-06, 1.5732816791569348e-06, 1.567519802847528e-06, 1.5375293287434033e-06, 1.4838519746263046e-06, 1.4909600167811732e-06, 1.4832139640930109e-06, 1.445689008505724e-06, 1.4319194860945572e-06, 1.4013304507898283e-06, 1.407315039614332e-06, 1.380954358864983e-06, 1.3820146023135749e-06, 1.34448555400013e-06, 1.3471423017108464e-06, 1.3262000493341475e-06, 1.2956420505361166e-06, 1.2881730526714819e-06, 1.2889246363556595e-06, 1.259521809515718e-06, 1.2588676554514677e-06, 1.2564894404931692e-06, 1.2398955959724844e-06], "mse": [4.6016833948669955e-05, 6.839860816398868e-06, 5.082421466795495e-06, 4.3106097109557595e-06, 3.776354787987657e-06, 3.3904414067364996e-06, 3.1029899218992796e-06, 2.9174766495998483e-06, 2.7297996894048993e-06, 2.5640435978857568e-06, 2.4581986508565024e-06, 2.3056015834299615e-06, 2.2608098788623465e-06, 2.167840420952416e-06, 2.0659711026382865e-06, 2.0089023564651143e-06, 1.965191358976881e-06, 1.8992312789123389e-06, 1.8428270323056495e-06, 1.8430835098115494e-06, 1.7471978708272218e-06, 1.7416641640011221e-06, 1.6931677464526729e-06, 1.6516752339157392e-06, 1.619611680325761e-06, 1.6084325125120813e-06, 1.5732816791569348e-06, 1.567519802847528e-06, 1.5375293287434033e-06, 1.4838519746263046e-06, 1.4909600167811732e-06, 1.4832139640930109e-06, 1.445689008505724e-06, 1.4319194860945572e-06, 1.4013304507898283e-06, 1.407315039614332e-06, 1.380954358864983e-06, 1.3820146023135749e-06, 1.34448555400013e-06, 1.3471423017108464e-06, 1.3262000493341475e-06, 1.2956420505361166e-06, 1.2881730526714819e-06, 1.2889246363556595e-06, 1.259521809515718e-06, 1.2588676554514677e-06, 1.2564894404931692e-06, 1.2398955959724844e-06], "val_loss": [9.058181603904814e-06, 9.555144970363472e-06, 4.258692115399754e-06, 4.3120717236888595e-06, 3.918541551684029e-06, 2.6230675302940654e-06, 2.348875113966642e-06, 5.3268954616214614e-06, 2.453501110721845e-06, 3.0320413770823507e-06, 2.327968786630663e-06, 2.433110694255447e-06, 1.7288705294049578e-06, 2.341884055567789e-06, 2.181787067456753e-06, 2.7238809252594365e-06, 2.5382862531841965e-06, 1.8050283188131289e-06, 2.001265329454327e-06, 1.8581145013740752e-06, 1.5932075712044025e-06, 1.6222516023844946e-06, 1.7951151676243171e-06, 1.514983523520641e-06, 1.9127890027448302e-06, 2.0129818949499168e-06, 1.5354152083091321e-06, 1.4232142575565376e-06, 1.2984937711735256e-06, 1.62167600592511e-06, 1.4060078683542088e-06, 1.3004432730667759e-06, 1.2397690625221003e-06, 1.4477576542049064e-06, 1.7821502069637063e-06, 1.5968192883519805e-06, 1.2849117183577619e-06, 1.145322016782302e-06, 1.785873109838576e-06, 1.741930873322417e-06, 1.2741222690237919e-06, 1.3334464483705233e-06, 1.2358851790850167e-06, 1.2309772046137368e-06, 1.1509604291859432e-06, 1.321652121077932e-06, 2.142546463801409e-06, 1.307655679738673e-06], "val_mse": [9.058180694410112e-06, 9.555144970363472e-06, 4.258692115399754e-06, 4.3120717236888595e-06, 3.918541551684029e-06, 2.6230675302940654e-06, 2.348875113966642e-06, 5.3268954616214614e-06, 2.4535013380955206e-06, 3.0320413770823507e-06, 2.327968786630663e-06, 2.433110694255447e-06, 1.7288705294049578e-06, 2.341884055567789e-06, 2.181787067456753e-06, 2.7238809252594365e-06, 2.5382862531841965e-06, 1.8050283188131289e-06, 2.001265329454327e-06, 1.8581145013740752e-06, 1.5932075712044025e-06, 1.6222516023844946e-06, 1.7951151676243171e-06, 1.514983523520641e-06, 1.9127890027448302e-06, 2.0129818949499168e-06, 1.5354152083091321e-06, 1.4232142575565376e-06, 1.2984937711735256e-06, 1.62167600592511e-06, 1.4060078683542088e-06, 1.3004432730667759e-06, 1.2397690625221003e-06, 1.4477576542049064e-06, 1.7821499795900309e-06, 1.5968192883519805e-06, 1.2849117183577619e-06, 1.145322016782302e-06, 1.785873109838576e-06, 1.741930873322417e-06, 1.2741222690237919e-06, 1.3334464483705233e-06, 1.2358851790850167e-06, 1.2309772046137368e-06, 1.1509604291859432e-06, 1.321652121077932e-06, 2.142546463801409e-06, 1.307655679738673e-06]}