{"loss": [0.004304555244743824, 0.0029953191988170147, 0.0017087471205741167, 0.001093686674721539, 0.0008170771179720759, 0.0006448912317864597, 0.0005411765305325389, 0.0004488994018174708, 0.0004085769469384104, 0.0003753060009330511, 0.00033524498576298356, 0.0003270129091106355, 0.00030813534976914525, 0.000296939309919253, 0.0003103001799900085, 0.0002982089063152671, 0.0002770819410216063, 0.0002618504222482443, 0.00024844688596203923, 0.00024238612968474627, 0.00024013961956370622, 0.0002305631060153246, 0.0002316911268280819, 0.00025354395620524883, 0.00022754058591090143, 0.00021250106510706246, 0.0002108376065734774, 0.00020509101159404963, 0.00020051770843565464, 0.00020258038421161473, 0.0001989756419789046, 0.0002023273118538782, 0.00019955258176196367, 0.00019618554506450891, 0.00019932162831537426, 0.00019366150081623346, 0.00019151177548337728, 0.00019067378889303654, 0.00018902227748185396, 0.00019296788377687335, 0.00018306123092770576, 0.00017834865138866007, 0.00017739235772751272, 0.00018384764553047717], "mse": [0.004304555244743824, 0.0029953191988170147, 0.0017087471205741167, 0.001093686674721539, 0.0008170771179720759, 0.0006448912317864597, 0.0005411765305325389, 0.0004488994018174708, 0.0004085769469384104, 0.0003753060009330511, 0.00033524492755532265, 0.00032701288000680506, 0.00030813534976914525, 0.000296939309919253, 0.0003103001799900085, 0.0002982089063152671, 0.0002770819410216063, 0.0002618504222482443, 0.00024844688596203923, 0.00024238612968474627, 0.00024013961956370622, 0.0002305631060153246, 0.0002316911268280819, 0.00025354395620524883, 0.00022754058591090143, 0.00021250106510706246, 0.0002108376065734774, 0.00020509101159404963, 0.00020051770843565464, 0.00020258038421161473, 0.0001989756419789046, 0.0002023273118538782, 0.00019955258176196367, 0.00019618554506450891, 0.00019932162831537426, 0.00019366150081623346, 0.00019151177548337728, 0.00019067378889303654, 0.00018902227748185396, 0.00019296789832878858, 0.00018306123092770576, 0.00017834865138866007, 0.00017739235772751272, 0.00018384764553047717], "val_loss": [0.005779183469712734, 0.003476759884506464, 0.001343269133940339, 0.0007015318842604756, 0.0006213309243321419, 0.0005152253434062004, 0.000422479584813118, 0.0003914687258657068, 0.00039505609311163425, 0.000381931837182492, 0.00034967431565746665, 0.00037772260839119554, 0.00034989003324881196, 0.0003793236974161118, 0.0004216259403619915, 0.00034410011721774936, 0.00033009937033057213, 0.0003364443255122751, 0.00033436319790780544, 0.00034250810858793557, 0.0003383785660844296, 0.0003553485148586333, 0.0003294220077805221, 0.0003408096672501415, 0.0003232855524402112, 0.0003346173616591841, 0.00033009896287694573, 0.00032311619725078344, 0.0003308352315798402, 0.0003441011649556458, 0.00034129768027924, 0.00033122231252491474, 0.00036632834235206246, 0.000322239997331053, 0.0003350285696797073, 0.0003277540090493858, 0.00033205217914655805, 0.0003253012546338141, 0.00036548342905007303, 0.0003381656133569777, 0.0003410225617699325, 0.0003336031804792583, 0.00033249016269110143, 0.0003462450113147497], "val_mse": [0.005779183469712734, 0.003476759884506464, 0.001343269133940339, 0.0007015318842604756, 0.000621330866124481, 0.0005152253434062004, 0.000422479584813118, 0.0003914687258657068, 0.00039505609311163425, 0.000381931837182492, 0.00034967431565746665, 0.00037772260839119554, 0.00034989003324881196, 0.0003793236974161118, 0.0004216259403619915, 0.00034410011721774936, 0.00033009937033057213, 0.0003364443255122751, 0.00033436319790780544, 0.00034250810858793557, 0.0003383785660844296, 0.0003553485148586333, 0.0003294220077805221, 0.0003408096672501415, 0.0003232855524402112, 0.0003346173616591841, 0.00033009896287694573, 0.00032311619725078344, 0.0003308352315798402, 0.0003441011649556458, 0.00034129768027924, 0.00033122231252491474, 0.00036632834235206246, 0.00032223996822722256, 0.0003350285696797073, 0.0003277540090493858, 0.00033205217914655805, 0.0003253012546338141, 0.00036548342905007303, 0.0003381656133569777, 0.0003410225617699325, 0.0003336031804792583, 0.0003324901917949319, 0.00034624506952241063]}