{"loss": [0.0032512135803699493, 0.0026998110115528107, 0.002337247598916292, 0.002068950328975916, 0.0018565952777862549, 0.0016625331481918693, 0.001500324928201735, 0.0013738772831857204, 0.0012432378716766834, 0.0011519466061145067, 0.0010702343424782157, 0.0010162002872675657, 0.0009562851628288627, 0.0009062251192517579, 0.000862893823068589, 0.000850080163218081, 0.0008067606249824166, 0.0007822190527804196, 0.0007812225958332419, 0.0007689066114835441, 0.0007739324355497956, 0.0007404813077300787, 0.0007256862591020763, 0.000710931490175426, 0.0007153836777433753, 0.0006864251918159425, 0.0006785304867662489, 0.0006509117083624005, 0.000639629433862865, 0.0006355455843731761, 0.000626899884082377, 0.0006110894028097391, 0.0006046568159945309, 0.0005982349975965917, 0.0005871202447451651, 0.0005891851615160704, 0.0005990904755890369, 0.0005923586431890726], "mse": [0.0032512135803699493, 0.0026998110115528107, 0.002337247598916292, 0.002068950328975916, 0.0018565952777862549, 0.0016625331481918693, 0.0015003248117864132, 0.0013738772831857204, 0.0012432378716766834, 0.0011519466061145067, 0.0010702343424782157, 0.0010162002872675657, 0.0009562851628288627, 0.0009062251192517579, 0.000862893823068589, 0.000850080163218081, 0.0008067606249824166, 0.0007822190527804196, 0.0007812225958332419, 0.0007689066114835441, 0.0007739324355497956, 0.0007404813077300787, 0.0007256862591020763, 0.000710931490175426, 0.0007153836777433753, 0.0006864251918159425, 0.0006785304867662489, 0.0006509117083624005, 0.000639629433862865, 0.0006355455843731761, 0.000626899884082377, 0.0006110894028097391, 0.0006046568159945309, 0.0005982349975965917, 0.0005871202447451651, 0.0005891851615160704, 0.0005990903591737151, 0.0005923586431890726], "val_loss": [0.002183618489652872, 0.001945407479070127, 0.0017120338743552566, 0.0016624287236481905, 0.0015486094634979963, 0.001368835219182074, 0.001295556896366179, 0.0012899988796561956, 0.0012154534924775362, 0.001149323652498424, 0.001108627999201417, 0.0010800285963341594, 0.0010629332391545177, 0.0010521619115024805, 0.0010832373518496752, 0.0010410081595182419, 0.0010354610858485103, 0.0010224025463685393, 0.0010262781288474798, 0.0010166799183934927, 0.0010860977927222848, 0.0011393862077966332, 0.0010362782049924135, 0.001047263271175325, 0.0010163371916860342, 0.0010199042735621333, 0.0010095096658915281, 0.001008198712952435, 0.0010199848329648376, 0.0010197848314419389, 0.001050913124345243, 0.001011417480185628, 0.001031744759529829, 0.0010291500948369503, 0.0010379650630056858, 0.0010700819548219442, 0.0010465274099260569, 0.0010752830421552062], "val_mse": [0.002183618489652872, 0.001945407479070127, 0.0017120338743552566, 0.0016624287236481905, 0.0015486094634979963, 0.001368835219182074, 0.0012955567799508572, 0.0012899988796561956, 0.0012154534924775362, 0.001149323652498424, 0.001108627999201417, 0.0010800285963341594, 0.0010629332391545177, 0.0010521619115024805, 0.0010832373518496752, 0.0010410081595182419, 0.0010354610858485103, 0.0010224025463685393, 0.0010262781288474798, 0.0010166799183934927, 0.0010860977927222848, 0.0011393862077966332, 0.0010362782049924135, 0.001047263271175325, 0.0010163371916860342, 0.0010199042735621333, 0.0010095096658915281, 0.001008198712952435, 0.0010199848329648376, 0.0010197848314419389, 0.001050913124345243, 0.001011417480185628, 0.001031744759529829, 0.0010291500948369503, 0.0010379650630056858, 0.0010700819548219442, 0.0010465274099260569, 0.0010752830421552062]}