{"loss": [0.001298912218771875, 0.0002848562435247004, 0.00010584059782559052, 6.778751412639394e-05, 5.31954865437001e-05, 4.493598316912539e-05, 3.828621265711263e-05, 3.478603684925474e-05, 3.1972980650607497e-05, 2.9498722142307088e-05, 2.7182431949768215e-05, 2.562020927143749e-05, 2.5055071091628633e-05, 2.3506268917117268e-05, 2.2574322429136373e-05, 2.0636634872062132e-05, 2.21778973354958e-05, 2.1179914256208576e-05, 2.080315061903093e-05, 2.057610072370153e-05, 2.1050525901955552e-05, 1.8458302292856388e-05, 1.886432437459007e-05, 1.758229154802393e-05, 1.930419784912374e-05, 1.74355609487975e-05, 1.6216838048421778e-05, 1.5863392036408186e-05, 1.5746525605209172e-05, 2.1290348740876652e-05, 1.765750494087115e-05, 1.6047817553044297e-05, 1.5073569556989241e-05, 1.4661470231658313e-05], "mse": [0.001298912218771875, 0.0002848562435247004, 0.00010584059782559052, 6.778751412639394e-05, 5.31954865437001e-05, 4.493598316912539e-05, 3.828621265711263e-05, 3.478603684925474e-05, 3.1972980650607497e-05, 2.9498722142307088e-05, 2.7182431949768215e-05, 2.562020927143749e-05, 2.5055071091628633e-05, 2.3506267098127864e-05, 2.2574322429136373e-05, 2.0636634872062132e-05, 2.21778973354958e-05, 2.1179914256208576e-05, 2.080315061903093e-05, 2.057610072370153e-05, 2.1050525901955552e-05, 1.8458302292856388e-05, 1.886432437459007e-05, 1.758229154802393e-05, 1.930419784912374e-05, 1.74355609487975e-05, 1.621683986741118e-05, 1.5863392036408186e-05, 1.5746525605209172e-05, 2.1290348740876652e-05, 1.765750494087115e-05, 1.6047817553044297e-05, 1.507356864749454e-05, 1.4661470231658313e-05], "val_loss": [0.0007106590201146901, 0.00016781022713985294, 0.0001004440346150659, 7.022965291980654e-05, 5.551613503484987e-05, 5.582603262155317e-05, 4.407482629176229e-05, 4.300105865695514e-05, 3.738264422281645e-05, 3.7062247429275885e-05, 3.572652713046409e-05, 3.1062776542967185e-05, 3.216451659682207e-05, 3.09680872305762e-05, 2.747321195784025e-05, 3.1597814086126164e-05, 3.562567144399509e-05, 2.770497667370364e-05, 2.945667802123353e-05, 4.292800076655112e-05, 2.6889760192716494e-05, 2.6310477551305667e-05, 2.7224896257393993e-05, 2.522865543141961e-05, 3.6503584851743653e-05, 2.5305247618234716e-05, 2.5285937226726674e-05, 2.525686977605801e-05, 3.452543751336634e-05, 2.7268797566648573e-05, 2.8846077839261852e-05, 3.5124678106512874e-05, 2.831049459928181e-05, 2.6972080377163365e-05], "val_mse": [0.0007106590201146901, 0.00016781022713985294, 0.0001004440346150659, 7.022965291980654e-05, 5.551613503484987e-05, 5.582603262155317e-05, 4.407482629176229e-05, 4.300105865695514e-05, 3.738264422281645e-05, 3.7062247429275885e-05, 3.572652713046409e-05, 3.1062776542967185e-05, 3.216451659682207e-05, 3.09680872305762e-05, 2.747321195784025e-05, 3.1597814086126164e-05, 3.562567144399509e-05, 2.770497667370364e-05, 2.945667802123353e-05, 4.292800076655112e-05, 2.6889760192716494e-05, 2.6310477551305667e-05, 2.7224896257393993e-05, 2.522865543141961e-05, 3.6503584851743653e-05, 2.5305247618234716e-05, 2.5285937226726674e-05, 2.5256867957068607e-05, 3.452543751336634e-05, 2.7268792109680362e-05, 2.884607602027245e-05, 3.5124678106512874e-05, 2.831049459928181e-05, 2.6972080377163365e-05]}