{"loss": [0.002189050428569317, 0.0019426050130277872, 0.0017077687662094831, 0.001462239888496697, 0.0011849869042634964, 0.0009155731531791389, 0.0007009038235992193, 0.0005358154885470867, 0.0003971167025156319, 0.00028623014804907143, 0.00021933871903456748, 0.00016162758402060717, 0.00014361218200065196, 0.0001268697960767895, 0.00011374911991879344, 0.0001083966126316227, 9.947505168383941e-05, 9.451794903725386e-05, 8.677707955939695e-05, 8.15426028566435e-05, 7.806492794770747e-05, 7.318983261939138e-05, 6.80003286106512e-05, 6.349695468088612e-05, 6.236273475224152e-05, 6.179716729093343e-05, 5.615914051304571e-05, 5.453352423501201e-05, 5.3233809012454e-05, 5.354130553314462e-05, 4.934915341436863e-05, 4.64504882984329e-05, 4.9864542233990505e-05, 4.278391497791745e-05, 4.254506347933784e-05, 4.6384499000851065e-05, 4.0139311749953777e-05, 3.788469257415272e-05, 3.608891347539611e-05, 3.5307231883052737e-05, 3.52739698428195e-05, 3.2762749469839036e-05, 3.550963447196409e-05, 3.4607255656737834e-05, 3.181919237249531e-05, 2.9710838134633377e-05, 2.948184010165278e-05, 2.7880785637535155e-05, 2.749740997387562e-05, 2.7878990294993855e-05, 2.7959264116361737e-05, 2.78242259810213e-05, 2.6753597921924666e-05, 2.5756558898137882e-05, 2.462836346239783e-05, 2.375377698626835e-05, 2.3940021492308006e-05, 2.3821372451493517e-05, 2.3523267373093404e-05, 2.638834666868206e-05, 2.487534402462188e-05], "mse": [0.002189050428569317, 0.001942605129443109, 0.0017077687662094831, 0.001462239888496697, 0.0011849869042634964, 0.0009155731531791389, 0.0007009038235992193, 0.0005358154885470867, 0.0003971167025156319, 0.00028623014804907143, 0.00021933871903456748, 0.00016162758402060717, 0.00014361218200065196, 0.0001268697960767895, 0.00011374911991879344, 0.0001083966126316227, 9.947505168383941e-05, 9.451794903725386e-05, 8.677707955939695e-05, 8.15426028566435e-05, 7.806492794770747e-05, 7.318983261939138e-05, 6.80003286106512e-05, 6.349695468088612e-05, 6.236273475224152e-05, 6.179716729093343e-05, 5.615914051304571e-05, 5.453352423501201e-05, 5.3233809012454e-05, 5.354130553314462e-05, 4.934915341436863e-05, 4.64504882984329e-05, 4.9864542233990505e-05, 4.278391497791745e-05, 4.254506347933784e-05, 4.6384499000851065e-05, 4.0139311749953777e-05, 3.788469257415272e-05, 3.608891347539611e-05, 3.5307231883052737e-05, 3.52739698428195e-05, 3.2762749469839036e-05, 3.550963447196409e-05, 3.4607255656737834e-05, 3.1819196010474116e-05, 2.9710838134633377e-05, 2.948184010165278e-05, 2.7880785637535155e-05, 2.749740997387562e-05, 2.7878990294993855e-05, 2.7959264116361737e-05, 2.78242259810213e-05, 2.6753597921924666e-05, 2.5756558898137882e-05, 2.462836346239783e-05, 2.375377698626835e-05, 2.3940021492308006e-05, 2.3821372451493517e-05, 2.3523267373093404e-05, 2.638834666868206e-05, 2.487534402462188e-05], "val_loss": [0.002057987730950117, 0.001991691766306758, 0.0017722264165058732, 0.0016762983286753297, 0.0014210359659045935, 0.0011108325561508536, 0.0009333331254310906, 0.0007667607278563082, 0.0006043873145245016, 0.0004327581264078617, 0.0003822686558123678, 0.0003417806583456695, 0.0003283898695372045, 0.0002743104414548725, 0.0002629788068588823, 0.00024232699070125818, 0.0002551792422309518, 0.00027168012456968427, 0.00023551503545604646, 0.00022909833933226764, 0.00026017488562501967, 0.0002493360370863229, 0.00021158772869966924, 0.00020864761609118432, 0.0002269634569529444, 0.00020156652317382395, 0.0001919114583870396, 0.00020635532564483583, 0.00020774784206878394, 0.00018808456661645323, 0.00017458638467360288, 0.0002105094463331625, 0.00019122115918435156, 0.00015999632887542248, 0.00018225594249088317, 0.00018562513287179172, 0.00015432700456585735, 0.0001872842840384692, 0.00018290718435309827, 0.00015639573393855244, 0.00015722299576736987, 0.0001708486524876207, 0.0001815583964344114, 0.00014242548786569387, 0.00015480250294785947, 0.0001449208939447999, 0.0001433952566003427, 0.00015663111116737127, 0.00013457219756674021, 0.0001670486235525459, 0.00013109343126416206, 0.0001517103664809838, 0.00014085779548622668, 0.00014648257638327777, 0.00014531289343722165, 0.00014094330254010856, 0.000147782193380408, 0.00013521601795218885, 0.00013288196350913495, 0.0001537431962788105, 0.00013108413259033114], "val_mse": [0.002057987730950117, 0.001991691766306758, 0.0017722264165058732, 0.0016762983286753297, 0.0014210359659045935, 0.0011108325561508536, 0.0009333331254310906, 0.0007667607278563082, 0.0006043873145245016, 0.0004327581264078617, 0.0003822686558123678, 0.0003417806583456695, 0.0003283898695372045, 0.0002743104414548725, 0.00026297877775505185, 0.00024232699070125818, 0.0002551792422309518, 0.00027168012456968427, 0.00023551503545604646, 0.00022909833933226764, 0.00026017488562501967, 0.0002493360370863229, 0.00021158772869966924, 0.00020864761609118432, 0.0002269634569529444, 0.00020156652317382395, 0.0001919114583870396, 0.00020635532564483583, 0.00020774784206878394, 0.00018808456661645323, 0.00017458638467360288, 0.0002105094463331625, 0.00019122115918435156, 0.00015999632887542248, 0.00018225594249088317, 0.00018562513287179172, 0.00015432700456585735, 0.0001872842840384692, 0.00018290718435309827, 0.00015639573393855244, 0.00015722299576736987, 0.0001708486524876207, 0.0001815583964344114, 0.00014242548786569387, 0.00015480250294785947, 0.0001449208939447999, 0.0001433952566003427, 0.00015663111116737127, 0.00013457219756674021, 0.0001670486235525459, 0.00013109343126416206, 0.0001517103664809838, 0.00014085779548622668, 0.00014648257638327777, 0.00014531289343722165, 0.00014094330254010856, 0.000147782193380408, 0.00013521601795218885, 0.00013288194895721972, 0.0001537431962788105, 0.00013108414714224637]}