{"loss": [0.23286505043506622, 0.22800186276435852, 0.22545957565307617, 0.22302143275737762, 0.2210780829191208, 0.2191735804080963, 0.21705865859985352, 0.21499614417552948, 0.21131987869739532, 0.20929419994354248, 0.20631043612957, 0.20319727063179016, 0.20011994242668152, 0.19622254371643066, 0.19501128792762756, 0.19079069793224335, 0.1868949979543686, 0.18307621777057648], "mse": [0.23286505043506622, 0.22800186276435852, 0.22545957565307617, 0.22302143275737762, 0.2210780829191208, 0.2191735804080963, 0.21705865859985352, 0.21499614417552948, 0.21131987869739532, 0.20929419994354248, 0.20631043612957, 0.20319727063179016, 0.20011994242668152, 0.19622254371643066, 0.19501128792762756, 0.19079069793224335, 0.1868949979543686, 0.18307621777057648], "val_loss": [0.1491357386112213, 0.16224513947963715, 0.1495053768157959, 0.15118201076984406, 0.15362662076950073, 0.14610855281352997, 0.15532508492469788, 0.14487700164318085, 0.156978577375412, 0.14613759517669678, 0.1491166353225708, 0.15098629891872406, 0.1461574137210846, 0.1536964774131775, 0.1492190659046173, 0.1566038429737091, 0.1500740647315979, 0.1542290449142456], "val_mse": [0.1491357386112213, 0.16224513947963715, 0.1495053768157959, 0.15118201076984406, 0.15362662076950073, 0.14610855281352997, 0.15532508492469788, 0.14487700164318085, 0.156978577375412, 0.14613759517669678, 0.1491166353225708, 0.15098629891872406, 0.1461574137210846, 0.1536964774131775, 0.1492190659046173, 0.1566038429737091, 0.1500740647315979, 0.1542290449142456]}