{"loss": [0.0020848268177360296, 0.0017990557244047523, 0.0015271666925400496, 0.0012938616564497352, 0.0010644338326528668, 0.0008694756543263793, 0.0007110665901564062, 0.0006048124050721526, 0.0004981763195246458, 0.00039962894516065717, 0.0003362329152878374, 0.00025743726291693747, 0.00020414372556842864, 0.0001717420673230663, 0.0001484352396801114, 0.00015190259728115052, 0.00013189678429625928, 0.00013469773693941534, 0.00011644180631265044, 0.00010997211938956752, 0.00010765476326923817, 0.00011079721298301592, 0.0001052756342687644, 0.00010067992843687534, 9.923690231516957e-05, 9.106125071411952e-05, 9.039821452461183e-05, 8.797147893346846e-05, 8.544229058315977e-05, 8.822463132673874e-05, 8.00288180471398e-05, 7.9751291195862e-05, 7.542029197793454e-05, 7.704766903771088e-05, 7.150987221393734e-05, 7.060708594508469e-05, 6.877143459860235e-05, 6.796851812396199e-05, 6.868223135825247e-05, 6.777449016226456e-05, 6.52157686999999e-05, 6.595400918740779e-05, 7.002383790677413e-05, 7.09029845893383e-05, 7.061699579935521e-05, 6.649135320913047e-05, 6.662371015409008e-05, 6.382974970620126e-05, 5.885697828489356e-05, 6.0003520047757775e-05, 6.152714922791347e-05, 6.0108559409854934e-05, 5.888132727704942e-05], "mse": [0.0020848268177360296, 0.0017990557244047523, 0.0015271666925400496, 0.0012938616564497352, 0.0010644338326528668, 0.0008694756543263793, 0.0007110665901564062, 0.0006048124050721526, 0.0004981763195246458, 0.00039962894516065717, 0.0003362329152878374, 0.00025743726291693747, 0.00020414372556842864, 0.0001717420673230663, 0.0001484352396801114, 0.00015190259728115052, 0.00013189678429625928, 0.00013469773693941534, 0.00011644180631265044, 0.00010997211938956752, 0.00010765476326923817, 0.00011079721298301592, 0.0001052756342687644, 0.00010067992843687534, 9.923690231516957e-05, 9.106126526603475e-05, 9.039821452461183e-05, 8.797149348538369e-05, 8.544229058315977e-05, 8.822463132673874e-05, 8.002882532309741e-05, 7.9751291195862e-05, 7.542029197793454e-05, 7.704766903771088e-05, 7.150987221393734e-05, 7.060707139316946e-05, 6.877143459860235e-05, 6.796851812396199e-05, 6.868223135825247e-05, 6.777449016226456e-05, 6.52157686999999e-05, 6.595400918740779e-05, 7.002383790677413e-05, 7.090297731338069e-05, 7.06169885233976e-05, 6.649135320913047e-05, 6.662371015409008e-05, 6.382974970620126e-05, 5.885697828489356e-05, 6.0003520047757775e-05, 6.152714922791347e-05, 6.010856668581255e-05, 5.888132727704942e-05], "val_loss": [0.0029456750489771366, 0.0024146568030118942, 0.0021876904647797346, 0.0016490339767187834, 0.001404322450980544, 0.0011665879283100367, 0.0009604068472981453, 0.0008940849220380187, 0.0006882824236527085, 0.0005900174146518111, 0.00046233279863372445, 0.0003687602875288576, 0.0003545585204847157, 0.0003360253176651895, 0.00032178981928154826, 0.0003498976584523916, 0.00023840079666115344, 0.0002912352792918682, 0.00029238787828944623, 0.00025998265482485294, 0.00023312769189942628, 0.0002746444661170244, 0.00023306856746785343, 0.0002173978864448145, 0.00027682172367349267, 0.0002628013608045876, 0.00021282085799612105, 0.0002768659614957869, 0.00019058646284975111, 0.00026416598120704293, 0.00019760141731239855, 0.00021354648924898356, 0.00025837053544819355, 0.00019028634415008128, 0.0002434213674860075, 0.00019884614448528737, 0.00019019274623133242, 0.00023408725974150002, 0.00018104522314388305, 0.00020671791571658105, 0.00018568089581094682, 0.00024442956782877445, 0.00016630091704428196, 0.00023061278625391424, 0.00020994580700062215, 0.0001787676737876609, 0.00023220854927785695, 0.00019587278075050563, 0.00020476691133808345, 0.0001914228341775015, 0.00017299548198934644, 0.0002247376396553591, 0.000199550500838086], "val_mse": [0.0029456750489771366, 0.0024146568030118942, 0.0021876904647797346, 0.0016490339767187834, 0.001404322450980544, 0.0011665879283100367, 0.0009604068472981453, 0.0008940849220380187, 0.0006882824236527085, 0.0005900174146518111, 0.00046233279863372445, 0.0003687602875288576, 0.0003545585204847157, 0.0003360253176651895, 0.00032178981928154826, 0.0003498976584523916, 0.00023840079666115344, 0.0002912352792918682, 0.00029238787828944623, 0.00025998265482485294, 0.00023312769189942628, 0.0002746444952208549, 0.0002330685529159382, 0.0002173978864448145, 0.00027682172367349267, 0.0002628013608045876, 0.00021282085799612105, 0.0002768659614957869, 0.00019058646284975111, 0.00026416598120704293, 0.00019760141731239855, 0.00021354648924898356, 0.00025837053544819355, 0.00019028634415008128, 0.0002434213674860075, 0.00019884614448528737, 0.00019019274623133242, 0.00023408725974150002, 0.00018104522314388305, 0.00020671791571658105, 0.00018568089581094682, 0.00024442956782877445, 0.00016630091704428196, 0.00023061278625391424, 0.00020994580700062215, 0.0001787676737876609, 0.00023220854927785695, 0.00019587278075050563, 0.00020476691133808345, 0.0001914228341775015, 0.00017299546743743122, 0.0002247376396553591, 0.000199550500838086]}