{"loss": [0.0018623614450916648, 0.0006588712567463517, 0.00021628841932397336, 0.00010933719750028104, 7.678208203287795e-05, 6.072015457903035e-05, 5.1227463700342923e-05, 4.399924000608735e-05, 3.770301191252656e-05, 3.433211531955749e-05, 2.8922531782882288e-05, 2.863625377358403e-05, 2.844636583176907e-05, 2.4925137040554546e-05, 2.25419153139228e-05, 2.2248046661843546e-05, 2.0673680410254747e-05, 2.016404687310569e-05, 1.7731439584167674e-05, 1.6093319572973996e-05, 1.5301817256840877e-05, 1.746089583321009e-05, 1.5250107935571577e-05, 1.4058394299354404e-05, 1.3316030162968673e-05, 1.2905483345093671e-05, 1.2181079910078552e-05, 1.2978831364307553e-05, 1.3894880794396158e-05, 1.2259308277862146e-05, 1.1815544894488994e-05, 1.0530627150728833e-05, 1.0824331184267066e-05, 1.3944140846433584e-05, 1.423794856236782e-05, 9.963609045371413e-06, 9.915534064930398e-06, 1.0512673725315835e-05, 9.291115929954685e-06, 9.636964023229666e-06, 8.895322025637142e-06, 8.25455481390236e-06, 8.269090358226094e-06, 8.298871762235649e-06, 7.78566663939273e-06, 7.523710337409284e-06, 7.3432283898000605e-06, 1.0588402801658958e-05, 8.27974326966796e-06, 7.978461326274555e-06, 7.578961231047288e-06, 7.373426342383027e-06, 8.236479516199324e-06, 8.646537025924772e-06, 7.196056685643271e-06, 7.150984401960159e-06, 6.915519861649955e-06, 7.636080226802733e-06, 6.565041985595599e-06, 6.396036951628048e-06, 6.99316888130852e-06, 6.286507868935587e-06, 5.923868229729123e-06, 7.1017238951753825e-06, 5.9221415540378075e-06, 6.931126335985027e-06, 6.74515331411385e-06, 6.0965171542193275e-06, 6.879401553305797e-06, 6.262954684643773e-06, 6.311489414656535e-06, 6.656901859969366e-06, 6.446663064707536e-06, 5.172753390070284e-06, 5.161649369256338e-06, 4.805118805961683e-06, 5.478566890815273e-06, 5.2133123062958475e-06, 7.009990895312512e-06, 6.6033303482981864e-06, 4.941281986248214e-06, 4.6449977162410505e-06, 4.632021955330856e-06, 4.362107119959546e-06, 4.779205482918769e-06, 5.2170212256896775e-06, 5.155705366632901e-06, 4.500827799347462e-06, 4.705775154434377e-06, 4.307109520595986e-06, 4.762668595503783e-06], "mse": [0.0018623614450916648, 0.0006588712567463517, 0.00021628841932397336, 0.00010933719750028104, 7.678208203287795e-05, 6.072015457903035e-05, 5.1227463700342923e-05, 4.399924000608735e-05, 3.770301191252656e-05, 3.433211531955749e-05, 2.8922531782882288e-05, 2.863625377358403e-05, 2.844636583176907e-05, 2.4925137040554546e-05, 2.25419153139228e-05, 2.2248046661843546e-05, 2.067368222924415e-05, 2.016404687310569e-05, 1.7731439584167674e-05, 1.6093319572973996e-05, 1.5301817256840877e-05, 1.746089583321009e-05, 1.5250107935571577e-05, 1.4058394299354404e-05, 1.3316030162968673e-05, 1.2905483345093671e-05, 1.2181079910078552e-05, 1.2978831364307553e-05, 1.3894880794396158e-05, 1.2259308277862146e-05, 1.1815544894488994e-05, 1.0530627150728833e-05, 1.0824331184267066e-05, 1.3944140846433584e-05, 1.423794856236782e-05, 9.963609045371413e-06, 9.915534064930398e-06, 1.0512673725315835e-05, 9.291115929954685e-06, 9.636964023229666e-06, 8.895322025637142e-06, 8.25455481390236e-06, 8.269090358226094e-06, 8.298871762235649e-06, 7.78566663939273e-06, 7.523710337409284e-06, 7.3432283898000605e-06, 1.0588402801658958e-05, 8.27974326966796e-06, 7.978461326274555e-06, 7.578961231047288e-06, 7.373426342383027e-06, 8.236479516199324e-06, 8.646537025924772e-06, 7.196056685643271e-06, 7.150984401960159e-06, 6.915519861649955e-06, 7.636080226802733e-06, 6.565041985595599e-06, 6.396036951628048e-06, 6.99316888130852e-06, 6.286507868935587e-06, 5.923868229729123e-06, 7.1017238951753825e-06, 5.9221415540378075e-06, 6.931126335985027e-06, 6.74515331411385e-06, 6.0965171542193275e-06, 6.879401553305797e-06, 6.262954684643773e-06, 6.311489414656535e-06, 6.656901859969366e-06, 6.446663064707536e-06, 5.172753390070284e-06, 5.161649369256338e-06, 4.805118805961683e-06, 5.478566890815273e-06, 5.2133123062958475e-06, 7.009990895312512e-06, 6.6033303482981864e-06, 4.941281986248214e-06, 4.6449977162410505e-06, 4.632021955330856e-06, 4.362107119959546e-06, 4.779205482918769e-06, 5.2170212256896775e-06, 5.155705366632901e-06, 4.500827799347462e-06, 4.705776063929079e-06, 4.307109520595986e-06, 4.762668595503783e-06], "val_loss": [0.0011527929455041885, 0.0004077724297530949, 0.00013159646186977625, 8.850284939398989e-05, 7.443395588779822e-05, 6.661876977887005e-05, 6.30001668469049e-05, 5.92515425523743e-05, 6.249218131415546e-05, 4.718050331575796e-05, 4.481706127990037e-05, 4.320290463510901e-05, 4.775540583068505e-05, 4.490948413149454e-05, 3.7974030419718474e-05, 3.687341450131498e-05, 3.660700167529285e-05, 3.5611967177828774e-05, 3.941744944313541e-05, 3.44566251442302e-05, 5.1129678467987105e-05, 3.262631071265787e-05, 3.546721927705221e-05, 3.5281816963106394e-05, 3.313271008664742e-05, 3.266760541009717e-05, 3.14134631480556e-05, 3.192069925717078e-05, 3.102233313256875e-05, 3.132003257633187e-05, 2.9337841624510475e-05, 2.8561184080899693e-05, 3.586486855056137e-05, 3.691665915539488e-05, 2.8894290153402835e-05, 2.80472231679596e-05, 2.7726628104574047e-05, 2.8436081265681423e-05, 3.510159149300307e-05, 3.000616743520368e-05, 2.6658477509045042e-05, 2.602048152766656e-05, 2.838763793988619e-05, 2.7357013095752336e-05, 2.6576164600555785e-05, 2.590597068774514e-05, 2.4625951482448727e-05, 2.88652372546494e-05, 2.6537654775893316e-05, 3.063698750338517e-05, 3.1588417186867446e-05, 2.6645593607099727e-05, 2.7639685868052766e-05, 2.473257882229518e-05, 2.456098263792228e-05, 2.8500031476141885e-05, 2.4986920834635384e-05, 2.395254523435142e-05, 3.074372943956405e-05, 2.8071792257833295e-05, 2.3675425836700015e-05, 2.545210372772999e-05, 2.536411011533346e-05, 2.540740570111666e-05, 2.8270618713577278e-05, 2.3453718313248828e-05, 2.2129113858682103e-05, 2.3034286641632207e-05, 2.3671600501984358e-05, 2.326262620044872e-05, 2.412642425042577e-05, 2.341839535802137e-05, 2.2544714738614857e-05, 2.2096459360909648e-05, 2.240234607597813e-05, 2.4082490199361928e-05, 2.2180516680236906e-05, 2.4501576262991875e-05, 2.4423943614237942e-05, 2.255528852401767e-05, 2.140641663572751e-05, 2.1853207726962864e-05, 2.298625258845277e-05, 2.1515419575734995e-05, 2.2777574486099184e-05, 2.221863906015642e-05, 2.1551344616455026e-05, 2.307937938894611e-05, 2.229177698609419e-05, 2.395373121544253e-05, 2.150935324607417e-05],