{"loss": [0.0026331820990890265, 0.0014496977673843503, 0.0009858413832262158, 0.0008546581375412643, 0.0008033894700929523, 0.0008213661494664848, 0.0007741011213511229, 0.0007627644226886332, 0.0007484501111321151, 0.0007377685396932065, 0.0007220954285003245, 0.0007100733346305788, 0.0007218830869533122, 0.0007130716112442315, 0.0006996754091233015, 0.0006841039867140353, 0.0006843070732429624, 0.0006861767033115029, 0.0006624381057918072, 0.0006508505903184414, 0.0006539592868648469, 0.000656938529573381, 0.0006227886187843978, 0.0006161042838357389, 0.0006128678214736283, 0.000610271526966244, 0.0005917149828746915, 0.0005763284279964864, 0.0005846299463883042, 0.0005770005518570542, 0.0005702648777514696, 0.000568626681342721, 0.0005529433256015182, 0.0005454848287627101, 0.0005514086806215346, 0.0005451258039101958, 0.0005462432163767517, 0.0005609964136965573, 0.0005695903091691434, 0.0005216102581471205, 0.0005253415438346565, 0.0005052992491982877, 0.0005120374844409525, 0.0005021443357691169, 0.0004976863856427372, 0.0005118297995068133, 0.0004986675339750946, 0.0005029301973991096, 0.00048534851521253586, 0.0004812926345039159, 0.00048161507584154606, 0.0004770624218508601, 0.0004684535088017583, 0.00046666443813592196, 0.0004679190751630813, 0.0004679175326600671, 0.0004884946392849088, 0.0004664039006456733, 0.00044926043483428657, 0.0004438233736436814, 0.0004534640465863049, 0.0004445400554686785, 0.00044029587297700346, 0.0004435827140696347], "mse": [0.0026331820990890265, 0.0014496977673843503, 0.0009858413832262158, 0.0008546581375412643, 0.0008033894700929523, 0.0008213661494664848, 0.0007741011213511229, 0.0007627644226886332, 0.0007484501111321151, 0.0007377685396932065, 0.0007220954285003245, 0.0007100733346305788, 0.0007218830869533122, 0.0007130716112442315, 0.0006996754091233015, 0.0006841039867140353, 0.0006843070732429624, 0.0006861767033115029, 0.0006624381057918072, 0.0006508505903184414, 0.0006539592868648469, 0.000656938529573381, 0.0006227886187843978, 0.0006161042838357389, 0.0006128678214736283, 0.000610271526966244, 0.0005917149828746915, 0.0005763284279964864, 0.0005846299463883042, 0.0005770005518570542, 0.0005702648777514696, 0.000568626681342721, 0.0005529433256015182, 0.0005454848287627101, 0.0005514086806215346, 0.0005451258039101958, 0.0005462432163767517, 0.0005609964136965573, 0.0005695903091691434, 0.0005216102581471205, 0.0005253415438346565, 0.0005052992491982877, 0.0005120374844409525, 0.0005021443357691169, 0.0004976863856427372, 0.0005118297995068133, 0.0004986675339750946, 0.0005029301973991096, 0.00048534851521253586, 0.0004812926345039159, 0.00048161501763388515, 0.00047706239274702966, 0.0004684535088017583, 0.00046666443813592196, 0.0004679190751630813, 0.0004679175326600671, 0.0004884946392849088, 0.0004664039006456733, 0.00044926043483428657, 0.0004438233736436814, 0.0004534640465863049, 0.0004445400554686785, 0.00044029587297700346, 0.0004435827140696347], "val_loss": [0.0022968901321291924, 0.0014854994369670749, 0.0013369480147957802, 0.0012516997521743178, 0.0012246043188497424, 0.001223841798491776, 0.001190700102597475, 0.001170729985460639, 0.0011407850543037057, 0.0011100068222731352, 0.0011106834281235933, 0.0011076121591031551, 0.0010806950740516186, 0.0011536895763128996, 0.0010558923240751028, 0.001060894806869328, 0.0010622558183968067, 0.0010199338430538774, 0.001058410620316863, 0.0010136609198525548, 0.001021050731651485, 0.0010196558432653546, 0.000982698635198176, 0.0009724550181999803, 0.0009570504771545529, 0.0009434279636479914, 0.0009459985885769129, 0.0009273095638491213, 0.0009564377251081169, 0.0009122872143052518, 0.0009313867194578052, 0.0009066435741260648, 0.0008915681974031031, 0.0008862438844516873, 0.0008716229349374771, 0.0008813172462396324, 0.0008632436511106789, 0.0009502972825430334, 0.0008575386600568891, 0.0009246169938705862, 0.0008576792315579951, 0.000867882277816534, 0.0008424231200478971, 0.0008486817241646349, 0.0008706117514520884, 0.0008479405078105628, 0.000827997864689678, 0.0008481547702103853, 0.0008373004966415465, 0.0008220638264901936, 0.0008213499095290899, 0.0008270409889519215, 0.0008428870933130383, 0.000803820847067982, 0.0008381085353903472, 0.0008588467026129365, 0.0008324156515300274, 0.0008191959350369871, 0.0008142206352204084, 0.0008184983744286001, 0.0008093579672276974, 0.0008174018003046513, 0.0008321792702190578, 0.0008090072660706937], "val_mse": [0.0022968901321291924, 0.0014854994369670749, 0.0013369480147957802, 0.0012516997521743178, 0.0012246043188497424, 0.001223841798491776, 0.001190700102597475, 0.0011707298690453172, 0.0011407850543037057, 0.0011100068222731352, 0.0011106834281235933, 0.0011076121591031551, 0.0010806950740516186, 0.0011536895763128996, 0.0010558923240751028, 0.001060894806869328, 0.0010622558183968067, 0.0010199338430538774, 0.001058410620316863, 0.0010136609198525548, 0.0010210506152361631, 0.0010196557268500328, 0.0009826987516134977, 0.0009724550181999803, 0.0009570504771545529, 0.0009434279636479914, 0.0009459985885769129, 0.0009273095638491213, 0.0009564377251081169, 0.0009122872143052518, 0.0009313867194578052, 0.0009066435741260648, 0.0008915681974031031, 0.0008862438844516873, 0.0008716229349374771, 0.0008813172462396324, 0.0008632436511106789, 0.0009502972825430334, 0.0008575386600568891, 0.0009246169938705862, 0.0008576792315579951, 0.0008678822196088731, 0.0008424231200478971, 0.0008486817241646349, 0.0008706117514520884, 0.0008479405078105628, 0.000827997864689678, 0.0008481547702103853, 0.0008373004966415465, 0.0008220638264901936, 0.0008213499095290899, 0.0008270408725365996, 0.0008428870933130383, 0.000803820847067982, 0.0008381085353903472, 0.0008588467026129365, 0.0008324156515300274, 0.0008191959350369871, 0.0008142206352204084, 0.0008184983744286001, 0.0008093579672276974, 0.0008174018003046513, 0.0008321792702190578, 0.0008090072660706937]}