{"loss": [0.001898662419989705, 0.0014241316821426153, 0.0010216603986918926, 0.0007112014573067427, 0.0004751286469399929, 0.0003188113623764366, 0.00024587506777606905, 0.00021248827397357672, 0.00018661489593796432, 0.00016520891222171485, 0.00015601341146975756, 0.0001423756475560367, 0.00013744263560511172, 0.00013515773753169924, 0.00012449156201910228, 0.00011625934712355956, 0.0001130024902522564, 0.00010532078886171803, 0.00010202687553828582, 9.790798503672704e-05, 9.542500629322603e-05, 9.268952999264002e-05, 9.14843549253419e-05, 9.356749069411308e-05, 0.00010213350469712168, 8.932369382819161e-05, 8.326996612595394e-05, 8.006014104466885e-05, 8.14787854324095e-05, 7.937751070130616e-05, 7.70827173255384e-05, 7.421529880957678e-05, 7.23086268408224e-05, 7.302632729988545e-05, 7.092818850651383e-05], "mse": [0.001898662419989705, 0.0014241316821426153, 0.0010216603986918926, 0.0007112014573067427, 0.0004751286469399929, 0.0003188113623764366, 0.00024587506777606905, 0.00021248827397357672, 0.00018661489593796432, 0.00016520891222171485, 0.00015601341146975756, 0.0001423756475560367, 0.00013744263560511172, 0.00013515773753169924, 0.00012449156201910228, 0.00011625934712355956, 0.0001130024902522564, 0.00010532078886171803, 0.00010202687553828582, 9.790798503672704e-05, 9.542500629322603e-05, 9.268952999264002e-05, 9.14843549253419e-05, 9.356749069411308e-05, 0.00010213350469712168, 8.932369382819161e-05, 8.326996612595394e-05, 8.006014104466885e-05, 8.14787854324095e-05, 7.937751070130616e-05, 7.70827173255384e-05, 7.421529880957678e-05, 7.23086268408224e-05, 7.302632729988545e-05, 7.092818850651383e-05], "val_loss": [0.0023168479092419147, 0.0016383100301027298, 0.0011538263643160462, 0.0006636846228502691, 0.0004354477860033512, 0.00036421563709154725, 0.0002910056500695646, 0.0002810981241054833, 0.00023287945077754557, 0.00025779101997613907, 0.0002213054831372574, 0.00023080463870428503, 0.00019929956761188805, 0.0002172646636608988, 0.00019845497445203364, 0.00022069559781812131, 0.00020204581960570067, 0.00022378956782631576, 0.00021048015332780778, 0.0002019848907366395, 0.00021325363195501268, 0.00019585115660447627, 0.0001982607936952263, 0.00024933114764280617, 0.0001912029692903161, 0.00021655045566149056, 0.000195288477698341, 0.00020967498130630702, 0.00020653221872635186, 0.00022642310068476945, 0.00020800309721380472, 0.00019809106015600264, 0.0002013753110077232, 0.00021138049487490207, 0.00019697457901202142], "val_mse": [0.0023168479092419147, 0.0016383100301027298, 0.0011538263643160462, 0.0006636846228502691, 0.0004354477860033512, 0.00036421563709154725, 0.0002910056500695646, 0.0002810981241054833, 0.00023287945077754557, 0.00025779101997613907, 0.0002213054831372574, 0.00023080463870428503, 0.00019929956761188805, 0.0002172646636608988, 0.00019845497445203364, 0.00022069559781812131, 0.00020204581960570067, 0.00022378956782631576, 0.00021048015332780778, 0.0002019848907366395, 0.00021325363195501268, 0.00019585115660447627, 0.0001982607936952263, 0.00024933114764280617, 0.0001912029692903161, 0.00021655045566149056, 0.000195288477698341, 0.00020967498130630702, 0.00020653221872635186, 0.00022642310068476945, 0.00020800309721380472, 0.00019809106015600264, 0.0002013753110077232, 0.00021138049487490207, 0.00019697457901202142]}