{"loss": [0.22953808307647705, 0.22139979898929596, 0.2176133096218109, 0.21563175320625305, 0.2137271761894226, 0.2120230346918106, 0.2108643501996994, 0.2088034600019455, 0.20681171119213104, 0.2058628797531128, 0.2062402218580246, 0.20417357981204987, 0.20210933685302734, 0.20050987601280212], "mse": [0.22953808307647705, 0.22139979898929596, 0.2176133394241333, 0.21563175320625305, 0.2137271761894226, 0.2120230346918106, 0.2108643501996994, 0.2088034600019455, 0.20681171119213104, 0.2058628797531128, 0.2062402218580246, 0.20417357981204987, 0.20210933685302734, 0.20050987601280212], "val_loss": [0.22713370621204376, 0.2253003865480423, 0.22642280161380768, 0.22374114394187927, 0.2244202047586441, 0.22576753795146942, 0.22890493273735046, 0.23033493757247925, 0.22942855954170227, 0.22997543215751648, 0.23176167905330658, 0.2344556450843811, 0.2340976595878601, 0.23593945801258087], "val_mse": [0.22713370621204376, 0.2253003865480423, 0.22642280161380768, 0.22374114394187927, 0.2244202047586441, 0.22576753795146942, 0.22890493273735046, 0.23033493757247925, 0.22942855954170227, 0.22997543215751648, 0.23176167905330658, 0.2344556450843811, 0.2340976595878601, 0.23593945801258087]}