{"loss": [0.0027332063764333725, 0.002229017438367009, 0.0018383382121101022, 0.0014971056953072548, 0.0012246886035427451, 0.0010210615582764149, 0.0008550778729841113, 0.0007345504127442837, 0.0006433313246816397, 0.0006080393795855343, 0.0005457046208903193, 0.0005004730192013085, 0.00045023689744994044, 0.00042557515553198755, 0.0004056060570292175, 0.00039144736365415156, 0.0003724034468177706, 0.00035663944436237216, 0.0003426463808864355, 0.0003358286339789629, 0.00033265218371525407, 0.00032622276921756566, 0.0003102884511463344, 0.00030375030473805964, 0.0002946890308521688, 0.0002822808746714145, 0.0002754205197561532, 0.00027495285030454397, 0.0002648471563588828, 0.00026382022770121694, 0.0002555036044213921, 0.0002542111906222999], "mse": [0.0027332063764333725, 0.002229017438367009, 0.0018383382121101022, 0.0014971056953072548, 0.0012246886035427451, 0.0010210615582764149, 0.0008550778729841113, 0.0007345504127442837, 0.0006433313246816397, 0.0006080393795855343, 0.0005457046208903193, 0.0005004730192013085, 0.00045023689744994044, 0.00042557515553198755, 0.0004056060570292175, 0.00039144736365415156, 0.0003724034468177706, 0.00035663944436237216, 0.0003426463808864355, 0.00033582860487513244, 0.00033265218371525407, 0.00032622276921756566, 0.0003102884511463344, 0.00030375030473805964, 0.0002946890308521688, 0.0002822808746714145, 0.0002754205197561532, 0.00027495285030454397, 0.0002648471563588828, 0.00026382022770121694, 0.0002555036044213921, 0.0002542111906222999], "val_loss": [0.0011683667544275522, 0.0010761143639683723, 0.0007932113367132843, 0.0007078796625137329, 0.0006286852294579148, 0.0007468607509508729, 0.0006639601779170334, 0.0005926761659793556, 0.00042642149492166936, 0.0003697802603710443, 0.00032212352380156517, 0.0003275508643127978, 0.000350569753209129, 0.000395843293517828, 0.00032821096829138696, 0.00028369310894049704, 0.0002784823882393539, 0.0002895379438996315, 0.0002555646642576903, 0.00031919957837089896, 0.0002455393841955811, 0.00023883007816039026, 0.000284410547465086, 0.0002851098251994699, 0.00028043234487995505, 0.00028592339367605746, 0.00025967619149014354, 0.0002727418323047459, 0.00026685759075917304, 0.00030548745417036116, 0.00030682870419695973, 0.0003508100635372102], "val_mse": [0.0011683667544275522, 0.0010761143639683723, 0.0007932113367132843, 0.0007078796625137329, 0.0006286852294579148, 0.0007468607509508729, 0.0006639601779170334, 0.0005926761659793556, 0.00042642149492166936, 0.0003697802312672138, 0.00032212352380156517, 0.0003275508643127978, 0.000350569753209129, 0.000395843293517828, 0.00032821096829138696, 0.00028369310894049704, 0.0002784823882393539, 0.0002895379438996315, 0.00025556463515385985, 0.00031919957837089896, 0.0002455393841955811, 0.00023883007816039026, 0.000284410547465086, 0.0002851098251994699, 0.00028043234487995505, 0.00028592339367605746, 0.00025967619149014354, 0.0002727418323047459, 0.00026685759075917304, 0.00030548745417036116, 0.00030682870419695973, 0.0003508100926410407]}