{"loss": [0.0018431814387440681, 0.0004212168569210917, 0.00030689468258060515, 0.00027906426112167537, 0.000265224720351398, 0.00024640970514155924, 0.0002366026456002146, 0.00022947393881622702, 0.00023183709708973765, 0.0002232568949693814, 0.00022133075981400907, 0.0002283864450873807, 0.00021556272986344993, 0.000211600330658257, 0.0002081488783005625, 0.0002084646257571876, 0.0002083748986478895, 0.0002033386699622497, 0.00020308741659391671, 0.00019917561439797282, 0.0002004835259867832, 0.00020386483811307698, 0.00019663354032672942, 0.00019808413344435394, 0.00019381553283892572, 0.00019205281569156796, 0.00019355464610271156, 0.0001998850639211014, 0.00018726378038991243, 0.00018732990429271013, 0.00018438782717566937, 0.000187240686500445, 0.00018997423467226326, 0.00018230045679956675, 0.00018825649749487638, 0.00018131766410078853, 0.00018389108299743384, 0.0001811416441341862, 0.00018065088079310954, 0.00018106393690686673, 0.00018479603750165552, 0.00018206700042355806, 0.00017644805484451354, 0.00017922365805134177, 0.0001825716462917626, 0.00018094954430125654, 0.00017469195881858468, 0.00017313779972027987, 0.00017123670841101557], "mse": [0.0018431814387440681, 0.0004212168569210917, 0.00030689468258060515, 0.00027906426112167537, 0.000265224720351398, 0.00024640970514155924, 0.0002366026456002146, 0.00022947393881622702, 0.00023183709708973765, 0.0002232568949693814, 0.00022133075981400907, 0.0002283864450873807, 0.00021556272986344993, 0.000211600330658257, 0.0002081488783005625, 0.0002084646257571876, 0.0002083748986478895, 0.0002033386699622497, 0.00020308741659391671, 0.00019917561439797282, 0.0002004835259867832, 0.00020386483811307698, 0.00019663354032672942, 0.00019808413344435394, 0.00019381553283892572, 0.00019205283024348319, 0.00019355464610271156, 0.0001998850639211014, 0.00018726378038991243, 0.00018732990429271013, 0.00018438782717566937, 0.000187240686500445, 0.00018997423467226326, 0.00018230045679956675, 0.00018825649749487638, 0.00018131766410078853, 0.00018389108299743384, 0.0001811416441341862, 0.00018065085168927908, 0.00018106393690686673, 0.00018479603750165552, 0.00018206700042355806, 0.00017644805484451354, 0.00017922365805134177, 0.00018257163173984736, 0.0001809495297493413, 0.00017469195881858468, 0.00017313779972027987, 0.00017123670841101557], "val_loss": [0.0006441586301662028, 0.0003424106980673969, 0.0003196563629899174, 0.000303920911392197, 0.00026711318059824407, 0.0002676165895536542, 0.0002695478033274412, 0.00024801239487715065, 0.0002443534031044692, 0.00024406005104538053, 0.0002592341916169971, 0.0002442469703964889, 0.00023705798957962543, 0.0002414289047010243, 0.0002440909156575799, 0.00023928949667606503, 0.00023642122687306255, 0.00023891637101769447, 0.000229444689466618, 0.0002706193772610277, 0.00023913900076877326, 0.00023407423577737063, 0.00022959234775044024, 0.000263518508290872, 0.00026097657973878086, 0.00022902734053786844, 0.0002272647834615782, 0.00024652929278090596, 0.0002270320983370766, 0.0002282637287862599, 0.00023159902775660157, 0.0002365977707086131, 0.0002353747986489907, 0.00024121691239997745, 0.0002860005770344287, 0.00024793492048047483, 0.00023250732920132577, 0.000245291565079242, 0.00022649737366009504, 0.00022816250566393137, 0.00025184924015775323, 0.00023752724518999457, 0.00023426282859873027, 0.0002377926866756752, 0.0002456233778502792, 0.0002274601865792647, 0.0002275642182212323, 0.0002265100192744285, 0.0002632654504850507], "val_mse": [0.0006441586301662028, 0.0003424106980673969, 0.0003196563629899174, 0.000303920911392197, 0.00026711318059824407, 0.0002676165895536542, 0.0002695478033274412, 0.00024801239487715065, 0.0002443534031044692, 0.00024406005104538053, 0.0002592341916169971, 0.0002442469703964889, 0.00023705798957962543, 0.0002414289047010243, 0.0002440909156575799, 0.00023928949667606503, 0.00023642122687306255, 0.00023891637101769447, 0.00022944467491470277, 0.0002706193772610277, 0.00023913900076877326, 0.00023407425032928586, 0.00022959234775044024, 0.000263518508290872, 0.00026097657973878086, 0.00022902734053786844, 0.0002272647834615782, 0.00024652929278090596, 0.0002270320983370766, 0.0002282637287862599, 0.00023159902775660157, 0.0002365977707086131, 0.0002353747986489907, 0.00024121691239997745, 0.0002860005770344287, 0.00024793492048047483, 0.00023250732920132577, 0.000245291565079242, 0.00022649737366009504, 0.00022816250566393137, 0.00025184924015775323, 0.00023752724518999457, 0.00023426282859873027, 0.0002377926866756752, 0.0002456233778502792, 0.0002274601865792647, 0.0002275642182212323, 0.0002265100192744285, 0.0002632654504850507]}