{"loss": [0.041709695011377335, 0.04029150307178497, 0.039619095623493195, 0.039223331958055496, 0.038956958800554276, 0.038730375468730927, 0.038583192974328995, 0.038267455995082855, 0.03806277737021446, 0.037830859422683716, 0.03778072074055672, 0.037618089467287064], "mse": [0.041709695011377335, 0.04029150307178497, 0.039619095623493195, 0.039223331958055496, 0.038956958800554276, 0.038730375468730927, 0.038583192974328995, 0.038267455995082855, 0.03806278109550476, 0.037830859422683716, 0.03778072074055672, 0.037618089467287064], "val_loss": [0.03163028508424759, 0.031192045658826828, 0.03129557520151138, 0.03144406899809837, 0.03172196447849274, 0.03187602385878563, 0.03187734633684158, 0.032162316143512726, 0.03206363320350647, 0.03237036615610123, 0.03254592418670654, 0.03235730528831482], "val_mse": [0.03163028508424759, 0.031192045658826828, 0.03129557520151138, 0.03144406899809837, 0.03172196447849274, 0.03187602385878563, 0.03187734633684158, 0.032162316143512726, 0.03206363320350647, 0.03237036615610123, 0.03254592418670654, 0.03235730528831482]}