{"loss": [0.0033371434547007084, 0.0006424064049497247, 0.0003665023541543633, 0.00030140538001433015, 0.0002652342082001269, 0.0002568256459198892, 0.00023289425007533282, 0.00022447681112680584, 0.00021750105952378362, 0.00020900150411762297, 0.0002115514944307506, 0.0002010046737268567, 0.00019241344125475734, 0.00019442244956735522, 0.0001863219658844173, 0.0001972939498955384, 0.00018442423606757075, 0.00018453017401043326, 0.00017655908595770597, 0.0001906768447952345, 0.0001737221027724445, 0.00017659440345596522, 0.00017306100926361978, 0.00016716832760721445, 0.00016454771684948355, 0.00017654718249104917, 0.00016599189257249236, 0.00016416031576227397, 0.00016161652456503361, 0.00016210689500439912, 0.00016330674407072365, 0.00015853256627451628, 0.00015441379218827933, 0.00016215816140174866, 0.0001572413748363033, 0.00014914650819264352, 0.00015176874876488, 0.00016029682592488825, 0.00015646181418560445, 0.00015322939725592732, 0.00015196908498182893, 0.00015233253361657262, 0.00014586967881768942, 0.00014113583893049508, 0.00014491369074676186, 0.00015519112639594823, 0.00015632603026460856, 0.00014555317466147244, 0.00014338547771330923, 0.00013952924928162247, 0.00013823503104504198, 0.00013974876492284238, 0.000138995805173181, 0.0001422559143975377, 0.0001390185352647677, 0.00013700239651370794, 0.00013970521104056388, 0.00013755483087152243, 0.00015064697072375566, 0.00015099912707228214, 0.00014138605911284685, 0.00013717578258365393, 0.00013284846500027925, 0.00013738099369220436, 0.00013052989379502833, 0.00012890783546026796, 0.00013401596515905112, 0.00013032743299845606, 0.00013282621512189507, 0.00013510460848920047, 0.00013217567175161093, 0.00012957978469785303, 0.0001283675810554996, 0.00012645579408854246, 0.00013439173926599324, 0.00012839646660722792, 0.0001250914647243917, 0.00013096111069899052, 0.0001258864504052326, 0.00012634236190933734, 0.00012351154873613268, 0.00012634096492547542, 0.0001262054720427841, 0.00012590082769747823, 0.00012576971494127065, 0.00012739680823870003], "mse": [0.0033371434547007084, 0.0006424064049497247, 0.0003665023541543633, 0.00030140538001433015, 0.00026523417909629643, 0.00025682567502371967, 0.00023289425007533282, 0.00022447679657489061, 0.00021750105952378362, 0.00020900150411762297, 0.0002115514944307506, 0.0002010046737268567, 0.00019241344125475734, 0.00019442247867118567, 0.0001863219658844173, 0.0001972939498955384, 0.00018442423606757075, 0.00018453017401043326, 0.00017655908595770597, 0.0001906768447952345, 0.0001737221027724445, 0.00017659440345596522, 0.00017306100926361978, 0.00016716834215912968, 0.00016454771684948355, 0.00017654718249104917, 0.00016599189257249236, 0.00016416031576227397, 0.00016161651001311839, 0.00016210689500439912, 0.00016330674407072365, 0.0001585325808264315, 0.00015441379218827933, 0.00016215816140174866, 0.0001572413748363033, 0.00014914650819264352, 0.00015176874876488, 0.00016029682592488825, 0.00015646181418560445, 0.00015322939725592732, 0.00015196908498182893, 0.00015233253361657262, 0.00014586967881768942, 0.00014113583893049508, 0.00014491369074676186, 0.00015519112639594823, 0.00015632603026460856, 0.0001455531601095572, 0.00014338547771330923, 0.00013952924928162247, 0.00013823503104504198, 0.00013974876492284238, 0.000138995805173181, 0.0001422559143975377, 0.0001390185352647677, 0.00013700239651370794, 0.00013970521104056388, 0.00013755483087152243, 0.00015064697072375566, 0.00015099914162419736, 0.00014138605911284685, 0.00013717578258365393, 0.00013284846500027925, 0.00013738100824411958, 0.00013052989379502833, 0.00012890783546026796, 0.00013401596515905112, 0.00013032743299845606, 0.00013282621512189507, 0.00013510460848920047, 0.00013217567175161093, 0.00012957978469785303, 0.00012836756650358438, 0.00012645579408854246, 0.00013439173926599324, 0.00012839646660722792, 0.0001250914647243917, 0.00013096111069899052, 0.0001258864504052326, 0.00012634236190933734, 0.00012351154873613268, 0.00012634096492547542, 0.0001262054720427841, 0.00012590082769747823, 0.00012576972949318588, 0.00012739680823870003], "val_loss": [0.0010448242537677288, 0.00046923733316361904, 0.00033859751420095563, 0.0003043249889742583, 0.0003232237359043211, 0.00029227801132947206, 0.00025566964177414775, 0.00024289372959174216, 0.0002362310915486887, 0.00023903491091914475, 0.00024153041886165738, 0.00023165620223153383, 0.00022442480258177966, 0.00021845899755135179, 0.00021775632922071964, 0.00023208143829833716, 0.0002297198516316712, 0.00022038257156964391, 0.00023726586368866265, 0.0002270449767820537, 0.00021353016200009733, 0.00021821883274242282, 0.00021183831267990172, 0.0002159426803700626, 0.00021912236115895212, 0.00022555456962436438, 0.00020921992836520076, 0.0001999337546294555, 0.00020542400307022035, 0.00020725541980937123, 0.00019778023124672472, 0.00019855453865602612, 0.0001926141558215022, 0.0002294726436957717, 0.00020745041547343135, 0.00020383020455483347, 0.00020353584841359407, 0.00020036226487718523, 0.00019839644664898515, 0.00020449196745175868, 0.00020060870156157762, 0.00019199418602511287, 0.00018731190357357264, 0.00021575317077804357, 0.00019761778821703047, 0.0002027650916716084, 0.00021190792904235423, 0.00019768092897720635, 0.0001977110223378986, 0.00019189214799553156, 0.0001890962739707902, 0.0001898334885481745, 0.0001860282791312784, 0.00018597644520923495, 0.0002000295789912343, 0.0001956941996468231, 0.00018990971148014069, 0.00018422870198264718, 0.0002110744098899886, 0.00019496861204970628, 0.0001961798989214003, 0.00018736186029855162, 0.00019664059800561517, 0.0001925958931678906, 0.00018618308240547776, 0.0001812420377973467, 0.0001828898093663156, 0.0001852517743827775, 0.0001903963420772925, 0.00020460851374082267, 0.000182562114787288, 0.000190037302672863, 0.0001856314338510856, 0.0001828405074775219, 0.00019004255591426045, 0.00017639111320022494, 0.00022198972874321043, 0.0001862876524683088, 0.00018800866382662207, 0.00018247697153128684, 0.00019220450485590845, 0.00018430076306685805, 0.00018103285401593894, 0.0001801467005861923, 0.0001806411164579913, 0.00019375594274606556],