{"loss": [0.047163717448711395, 0.0451633594930172, 0.04415265470743179, 0.043415747582912445, 0.04286216199398041, 0.04223397746682167, 0.04156379774212837, 0.04101495072245598, 0.04062863439321518, 0.03987656533718109, 0.03962358459830284, 0.03925452381372452, 0.038996972143650055, 0.03843293711543083, 0.03744097426533699, 0.03715050220489502, 0.03670177981257439, 0.03654922544956207, 0.03561583533883095, 0.03497909754514694, 0.03487906977534294, 0.03499807044863701], "mse": [0.047163717448711395, 0.0451633594930172, 0.04415265470743179, 0.043415747582912445, 0.04286216199398041, 0.04223397746682167, 0.04156379774212837, 0.04101495072245598, 0.04062863439321518, 0.03987656533718109, 0.03962358459830284, 0.03925452381372452, 0.038996972143650055, 0.03843293711543083, 0.03744097426533699, 0.03715050220489502, 0.036701783537864685, 0.03654922544956207, 0.03561583533883095, 0.034979093819856644, 0.03487906977534294, 0.03499807044863701], "val_loss": [0.033631425350904465, 0.03380807489156723, 0.03338659554719925, 0.033328354358673096, 0.032654304057359695, 0.0327799953520298, 0.03237760812044144, 0.0324050672352314, 0.0320822037756443, 0.03204045444726944, 0.032296814024448395, 0.03191143274307251, 0.031971078366041183, 0.03198529779911041, 0.032336294651031494, 0.032595470547676086, 0.032217033207416534, 0.0325627401471138, 0.032323919236660004, 0.03390578180551529, 0.03325091674923897, 0.03370360657572746], "val_mse": [0.033631425350904465, 0.03380807489156723, 0.03338659554719925, 0.033328354358673096, 0.032654304057359695, 0.0327799953520298, 0.03237760812044144, 0.0324050672352314, 0.0320822037756443, 0.03204045444726944, 0.032296814024448395, 0.03191142901778221, 0.031971078366041183, 0.03198529779911041, 0.032336294651031494, 0.032595470547676086, 0.032217033207416534, 0.0325627401471138, 0.032323919236660004, 0.03390578180551529, 0.03325091674923897, 0.03370360657572746]}