{"loss": [0.002191974315792322, 0.0018743887776508927, 0.0015910889487713575, 0.0012819368857890368, 0.000970941677223891, 0.0006982962368056178, 0.000513979815877974, 0.00037740933476015925, 0.0002497622917871922, 0.0001820424513425678, 0.00012756555224768817, 0.0001049034035531804, 9.697675704956055e-05, 8.221228199545294e-05, 7.333271787501872e-05, 7.040007039904594e-05, 6.47922424832359e-05, 6.580756598850712e-05, 5.88865477766376e-05, 5.245887950877659e-05, 5.217637590249069e-05, 4.7818983148317784e-05, 4.5333254092838615e-05, 4.375446224003099e-05, 4.3691783503163606e-05, 4.092311792192049e-05, 3.8202018913580105e-05, 3.746161382878199e-05], "mse": [0.002191974315792322, 0.0018743887776508927, 0.0015910889487713575, 0.001281936769373715, 0.000970941677223891, 0.0006982962368056178, 0.000513979815877974, 0.00037740933476015925, 0.0002497622917871922, 0.0001820424513425678, 0.00012756555224768817, 0.0001049034035531804, 9.697675704956055e-05, 8.221228199545294e-05, 7.33327105990611e-05, 7.040007039904594e-05, 6.47922424832359e-05, 6.580756598850712e-05, 5.88865477766376e-05, 5.245887950877659e-05, 5.217637590249069e-05, 4.781898678629659e-05, 4.5333254092838615e-05, 4.375446224003099e-05, 4.369177622720599e-05, 4.092311792192049e-05, 3.8202018913580105e-05, 3.746161382878199e-05], "val_loss": [0.00208155601285398, 0.001833336427807808, 0.001540762954391539, 0.0012202339712530375, 0.0009318316588178277, 0.0006463772733695805, 0.0004484686069190502, 0.00030332375899888575, 0.00032872179872356355, 0.0002200528688263148, 0.00018142207409255207, 0.00017761536582838744, 0.00017432814638596028, 0.00016969794523902237, 0.00017225391638930887, 0.000194176725926809, 0.00018741158419288695, 0.00016702817811165005, 0.00017982441931962967, 0.00018486595945432782, 0.00017720807227306068, 0.00016976716869976372, 0.00018986912618856877, 0.00018256271141581237, 0.00017689590458758175, 0.00017015666526276618, 0.00017206175834871829, 0.00017071326146833599], "val_mse": [0.00208155601285398, 0.001833336427807808, 0.001540762954391539, 0.0012202339712530375, 0.0009318316588178277, 0.0006463772733695805, 0.0004484686069190502, 0.00030332375899888575, 0.00032872179872356355, 0.0002200528688263148, 0.00018142207409255207, 0.00017761536582838744, 0.00017432814638596028, 0.00016969794523902237, 0.00017225391638930887, 0.000194176725926809, 0.00018741156964097172, 0.00016702817811165005, 0.00017982444842346013, 0.00018486595945432782, 0.00017720807227306068, 0.00016976716869976372, 0.00018986912618856877, 0.00018256271141581237, 0.00017689590458758175, 0.00017015666526276618, 0.00017206175834871829, 0.00017071326146833599]}