{"loss": [0.004063428845256567, 0.0017576456302776933, 0.0011183972237631679, 0.0007559614605270326, 0.000631730305030942, 0.0005999484565109015, 0.0005321468343026936, 0.0005261389305815101, 0.0005102446302771568, 0.0004984588595107198, 0.0004734120157081634, 0.00046722314436919987, 0.0004695003153756261, 0.0004493912565521896, 0.0004414843861013651, 0.00043364177690818906, 0.0004261142748873681, 0.0004241433634888381, 0.00041303568286821246, 0.000434683111961931, 0.000418939656810835, 0.00040514676948077977, 0.000401527649955824, 0.0004117559001315385, 0.00040300528053194284, 0.00039365177508443594, 0.00038961638347245753, 0.0003844837483484298, 0.0003922267642337829, 0.0004026352253276855, 0.0003835013776551932, 0.00038659217534586787, 0.0003858026466332376, 0.00037427834467962384, 0.00037808658089488745, 0.00037893836270086467, 0.0003722507390193641, 0.0003692855825647712, 0.00036241489578969777, 0.00036830638418905437, 0.0003600421187002212, 0.00035782495979219675, 0.00035896655754186213, 0.0003565246588550508, 0.00036291044671088457, 0.00035069353180006146, 0.000355005293386057, 0.0003486551286187023, 0.0003527538210619241, 0.00034158187918365, 0.00034691995824687183, 0.00034647859865799546, 0.000351104186847806, 0.0003503628831822425, 0.0003323990968056023, 0.00033042498398572206, 0.0003306210273876786, 0.00034117072937078774, 0.0003299525415059179, 0.0003266949497628957, 0.0003307469596620649, 0.0003335170913487673, 0.0003212894080206752, 0.000319494865834713, 0.00032612698851153255, 0.00032043547253124416, 0.0003210232825949788, 0.0003300137759651989, 0.0003228319401387125, 0.00031727232271805406, 0.0003197730693500489, 0.0003401764843147248, 0.0003184238448739052, 0.0003133827121928334, 0.00031119020422920585, 0.0003164124791510403], "mse": [0.004063428845256567, 0.0017576456302776933, 0.0011183972237631679, 0.0007559614605270326, 0.000631730305030942, 0.0005999484565109015, 0.0005321468343026936, 0.0005261389305815101, 0.0005102446302771568, 0.0004984588595107198, 0.0004734120157081634, 0.00046722314436919987, 0.0004695003153756261, 0.0004493912565521896, 0.0004414843861013651, 0.00043364177690818906, 0.0004261142748873681, 0.0004241433634888381, 0.00041303568286821246, 0.000434683111961931, 0.000418939656810835, 0.00040514676948077977, 0.000401527649955824, 0.0004117559001315385, 0.00040300528053194284, 0.00039365177508443594, 0.00038961638347245753, 0.0003844837483484298, 0.0003922267642337829, 0.0004026352253276855, 0.0003835013776551932, 0.00038659217534586787, 0.0003858026466332376, 0.00037427834467962384, 0.00037808658089488745, 0.00037893836270086467, 0.0003722507390193641, 0.0003692855825647712, 0.00036241489578969777, 0.00036830638418905437, 0.0003600421187002212, 0.00035782495979219675, 0.00035896655754186213, 0.0003565246588550508, 0.00036291044671088457, 0.00035069353180006146, 0.000355005293386057, 0.0003486551286187023, 0.0003527538210619241, 0.00034158187918365, 0.00034691995824687183, 0.00034647859865799546, 0.000351104186847806, 0.0003503628831822425, 0.0003323990968056023, 0.00033042498398572206, 0.0003306210273876786, 0.00034117072937078774, 0.0003299525415059179, 0.0003266949497628957, 0.0003307469596620649, 0.0003335170913487673, 0.0003212894080206752, 0.000319494865834713, 0.0003261269594077021, 0.00032043547253124416, 0.0003210232825949788, 0.0003300137759651989, 0.0003228319401387125, 0.00031727232271805406, 0.0003197730693500489, 0.0003401764843147248, 0.0003184238448739052, 0.0003133827121928334, 0.00031119020422920585, 0.0003164124791510403], "val_loss": [0.0021242841612547636, 0.0014074083883315325, 0.0009216692997142673, 0.0008792179287411273, 0.0007622572011314332, 0.0006334704230539501, 0.0005961148417554796, 0.0005749210831709206, 0.0007185714785009623, 0.0006181717035360634, 0.0005387255805544555, 0.0005718182073906064, 0.000519769499078393, 0.0005321177304722369, 0.0005216401186771691, 0.0005076366942375898, 0.0005059255636297166, 0.0005062161362729967, 0.0004871819110121578, 0.0004961621598340571, 0.0005102767609059811, 0.0005248329835012555, 0.0004916956531815231, 0.0005066634621471167, 0.0005262070335447788, 0.0004751195665448904, 0.0004894982557743788, 0.0004851804696954787, 0.0004962501698173583, 0.0004686775791924447, 0.0004964796244166791, 0.0004850140248890966, 0.00046024794573895633, 0.0004941934021189809, 0.0005461027612909675, 0.00045928620966151357, 0.0004669167101383209, 0.00047020427882671356, 0.0004721426230389625, 0.0004917418700642884, 0.00047098606592044234, 0.00045478169340640306, 0.000454274530056864, 0.0004759135190397501, 0.0004633184871636331, 0.00044932999298907816, 0.0004631345218513161, 0.000451033643912524, 0.0005005658604204655, 0.0004666941240429878, 0.0004540787194855511, 0.0004482968943193555, 0.0005645235651172698, 0.0004514537868089974, 0.00046798906987532973, 0.0004418277821969241, 0.00044219804112799466, 0.0004792851977981627, 0.0004406722146086395, 0.0004521850205492228, 0.00044615729711949825, 0.00044559684465639293, 0.0004693802329711616, 0.00048126763431355357, 0.00046650104923173785, 0.00043406093027442694, 0.00047136808279901743, 0.00046426081098616123, 0.0004591449978761375, 0.00045622268225997686, 0.00048491376219317317, 0.00046464987099170685, 0.00046669243602082133, 0.0004485076351556927, 0.00047958039795048535, 0.0004632768395822495], "val_mse": [0.0021242841612547636, 0.0014074083883315325, 0.0009216692997142673, 0.0008792179287411273, 0.0007622572011314332, 0.0006334704230539501, 0.0005961148417554796, 0.0005749210831709206, 0.0007185714785009623, 0.0006181717617437243, 0.0005387255805544555, 0.0005718182655982673, 0.000519769499078393, 0.0005321177304722369, 0.0005216401186771691, 0.0005076366942375898, 0.0005059255636297166, 0.0005062161362729967, 0.0004871819110121578, 0.0004961621598340571, 0.0005102767609059811, 0.0005248329835012555, 0.0004916956531815231, 0.0005066635203547776, 0.0005262070335447788, 0.0004751195665448904, 0.0004894982557743788, 0.0004851804696954787, 0.0004962501698173583, 0.00046867760829627514, 0.0004964796244166791, 0.0004850140248890966, 0.00046024794573895633, 0.0004941934021189809, 0.0005461027612909675, 0.00045928620966151357, 0.0004669167392421514, 0.00047020427882671356, 0.0004721426230389625, 0.0004917418700642884, 0.00047098606592044234, 0.00045478169340640306, 0.000454274530056864, 0.0004759135190397501, 0.0004633184871636331, 0.00044932999298907816, 0.0004631345218513161, 0.000451033643912524, 0.0005005658604204655, 0.00046669409493915737, 0.0004540787194855511, 0.0004482968943193555, 0.0005645235651172698, 0.0004514537868089974, 0.00046798906987532973, 0.0004418277821969241, 0.00044219804112799466, 0.0004792851977981627, 0.0004406722146086395, 0.0004521850205492228, 0.00044615729711949825, 0.00044559684465639293, 0.0004693802329711616, 0.00048126763431355357, 0.00046650104923173785, 0.00043406093027442694, 0.00047136808279901743, 0.00046426081098616123, 0.0004591449978761375, 0.00045622262405231595, 0.00048491376219317317, 0.00046464987099170685, 0.00046669243602082133, 0.0004485076351556927, 0.00047958039795048535, 0.0004632768395822495]}