{"loss": [0.0022636214271187782, 0.0019298915285617113, 0.001642660005018115, 0.0013628748711198568, 0.001096536056138575, 0.000868063245434314, 0.0007063901284709573, 0.0005819365615025163, 0.00048708822578191757, 0.0004070935829076916, 0.0003565670340321958, 0.0002946493332274258, 0.0002278663159813732, 0.0001852948043961078, 0.0001625729346415028, 0.0001441602798877284, 0.0001284908939851448, 0.00011886466381838545, 0.00011165739124407992, 9.978818707168102e-05, 9.372321801492944e-05, 8.757768955547363e-05, 8.346642425749451e-05, 7.988012657733634e-05, 7.343316974584013e-05, 7.054342131596059e-05, 6.508071965072304e-05, 6.498047878267244e-05, 6.124166247900575e-05, 5.823494211654179e-05, 5.5872369557619095e-05, 5.411115853348747e-05, 5.3433312132256106e-05, 5.040152609581128e-05, 4.708148480858654e-05, 4.5621800381923094e-05, 4.396111035021022e-05, 4.52700987807475e-05, 4.612257907865569e-05, 4.401621481520124e-05, 4.1519069782225415e-05, 3.730906973942183e-05, 3.707927680807188e-05, 3.610853309510276e-05, 3.963325434597209e-05, 3.561573612387292e-05, 3.3382108085788786e-05], "mse": [0.0022636214271187782, 0.0019298915285617113, 0.001642660005018115, 0.0013628748711198568, 0.001096536056138575, 0.000868063245434314, 0.0007063901284709573, 0.0005819365615025163, 0.00048708822578191757, 0.0004070935829076916, 0.0003565670340321958, 0.0002946493332274258, 0.00022786634508520365, 0.0001852948043961078, 0.0001625729346415028, 0.0001441602798877284, 0.0001284908939851448, 0.00011886466381838545, 0.00011165739124407992, 9.978818707168102e-05, 9.372321801492944e-05, 8.757768955547363e-05, 8.346642425749451e-05, 7.988012657733634e-05, 7.343316974584013e-05, 7.054342131596059e-05, 6.508071965072304e-05, 6.498047878267244e-05, 6.124166247900575e-05, 5.82349493924994e-05, 5.5872369557619095e-05, 5.411115853348747e-05, 5.3433312132256106e-05, 5.040152609581128e-05, 4.708148480858654e-05, 4.5621800381923094e-05, 4.396111035021022e-05, 4.52700987807475e-05, 4.612257907865569e-05, 4.401621481520124e-05, 4.1519069782225415e-05, 3.730907337740064e-05, 3.707927680807188e-05, 3.610853309510276e-05, 3.963325434597209e-05, 3.561573612387292e-05, 3.3382108085788786e-05], "val_loss": [0.0016237631207332015, 0.0014909922610968351, 0.001244934624992311, 0.0010640585096552968, 0.0009889680659398437, 0.0007942092488519847, 0.0006556020816788077, 0.0005508527392521501, 0.000475925684440881, 0.00041723594767972827, 0.0003492889809422195, 0.000298713450320065, 0.00019884058565367013, 0.00017448699509259313, 0.0001404468494001776, 0.00014229683438315988, 0.00014382538211066276, 0.0001464269298594445, 0.0001090093282982707, 9.232276352122426e-05, 0.00010098637721966952, 9.46175423450768e-05, 9.697915811557323e-05, 7.630178879480809e-05, 7.681491842959076e-05, 7.76207962189801e-05, 9.46748405112885e-05, 8.457440708298236e-05, 7.059961353661492e-05, 8.313755097333342e-05, 8.873049955582246e-05, 8.09969860711135e-05, 5.9049158153356984e-05, 7.030286360532045e-05, 8.352093573193997e-05, 7.127563731046394e-05, 5.513547876034863e-05, 8.630383672425523e-05, 6.141398625914007e-05, 5.798601341666654e-05, 8.0656107456889e-05, 5.599023279501125e-05, 6.896144623169675e-05, 6.124730134615675e-05, 6.662523082923144e-05, 7.841472688596696e-05, 6.839672278147191e-05], "val_mse": [0.0016237631207332015, 0.0014909922610968351, 0.001244934624992311, 0.0010640585096552968, 0.0009889680659398437, 0.0007942092488519847, 0.0006556020816788077, 0.0005508527392521501, 0.000475925684440881, 0.00041723594767972827, 0.0003492889809422195, 0.0002987134794238955, 0.00019884058565367013, 0.00017448699509259313, 0.0001404468494001776, 0.00014229683438315988, 0.00014382538211066276, 0.0001464269298594445, 0.0001090093282982707, 9.232276352122426e-05, 0.00010098639177158475, 9.46175423450768e-05, 9.697915811557323e-05, 7.630178879480809e-05, 7.681491842959076e-05, 7.76207962189801e-05, 9.46748405112885e-05, 8.457440708298236e-05, 7.059961353661492e-05, 8.313755097333342e-05, 8.873049955582246e-05, 8.09969860711135e-05, 5.9049158153356984e-05, 7.030286360532045e-05, 8.352093573193997e-05, 7.127563731046394e-05, 5.513547148439102e-05, 8.630383672425523e-05, 6.141398625914007e-05, 5.798601341666654e-05, 8.0656107456889e-05, 5.599023279501125e-05, 6.896144623169675e-05, 6.124730134615675e-05, 6.662523082923144e-05, 7.841472688596696e-05, 6.839672278147191e-05]}