{"loss": [0.0010747868800535798, 0.00020727842638734728, 9.675633918959647e-05, 6.96539063937962e-05, 5.8251844166079536e-05, 5.282897109282203e-05, 4.726826591650024e-05, 4.6947603550506756e-05, 4.2297117033740506e-05, 4.073716627317481e-05, 4.086687113158405e-05, 3.778548489208333e-05, 3.6664561775978655e-05, 3.4965738450409845e-05, 3.5358945751795545e-05, 3.5903362004319206e-05, 3.358935646247119e-05, 3.3185955544468015e-05, 3.250753434258513e-05, 3.096623549936339e-05, 3.242315142415464e-05, 3.079293674090877e-05, 3.228685454814695e-05, 2.8724522053380497e-05, 3.0471821446553804e-05, 2.8594487957889214e-05, 2.8704960641334765e-05, 2.759049675660208e-05, 2.9084896596032195e-05, 2.8975107852602378e-05, 2.8478107196860947e-05, 2.8328768166829832e-05, 2.562682311690878e-05, 2.657855839061085e-05, 2.6477453502593562e-05, 2.8843482141382992e-05, 2.7424041036283597e-05, 2.5491728592896834e-05, 2.6559706384432502e-05, 2.506071723473724e-05, 2.508058059902396e-05, 3.0022441933397204e-05], "mse": [0.0010747868800535798, 0.00020727842638734728, 9.675633918959647e-05, 6.96539063937962e-05, 5.8251844166079536e-05, 5.282897109282203e-05, 4.726826591650024e-05, 4.6947603550506756e-05, 4.2297117033740506e-05, 4.073716627317481e-05, 4.086687113158405e-05, 3.778548853006214e-05, 3.6664561775978655e-05, 3.4965738450409845e-05, 3.5358945751795545e-05, 3.590336564229801e-05, 3.358935646247119e-05, 3.3185955544468015e-05, 3.250753434258513e-05, 3.096623549936339e-05, 3.242315142415464e-05, 3.079293674090877e-05, 3.228685454814695e-05, 2.8724522053380497e-05, 3.0471821446553804e-05, 2.8594487957889214e-05, 2.8704960641334765e-05, 2.759049675660208e-05, 2.90848984150216e-05, 2.8975107852602378e-05, 2.8478107196860947e-05, 2.8328768166829832e-05, 2.562682311690878e-05, 2.657855839061085e-05, 2.6477453502593562e-05, 2.8843482141382992e-05, 2.7424041036283597e-05, 2.5491728592896834e-05, 2.6559706384432502e-05, 2.506071723473724e-05, 2.508058059902396e-05, 3.0022441933397204e-05], "val_loss": [0.000548329611774534, 0.00013869722897652537, 8.702750346856192e-05, 6.940163439139724e-05, 6.057403516024351e-05, 4.722231824416667e-05, 4.652798088500276e-05, 4.6495930291712284e-05, 4.117037678952329e-05, 4.030155832879245e-05, 4.578410153044388e-05, 4.930428258376196e-05, 3.7040168535895646e-05, 4.03012745664455e-05, 4.3601157813100144e-05, 4.256949250702746e-05, 3.677260974654928e-05, 3.565878068911843e-05, 3.7222100218059495e-05, 3.965706855524331e-05, 3.289889718871564e-05, 3.362707138876431e-05, 3.832243237411603e-05, 3.3351374440826476e-05, 3.388975528650917e-05, 3.3403852285118774e-05, 3.4194934414699674e-05, 3.1668925657868385e-05, 3.4245433198520914e-05, 3.340050170663744e-05, 4.9335234507452697e-05, 2.839279295585584e-05, 3.496227509458549e-05, 2.9779335818602704e-05, 3.130951517960057e-05, 3.0021057682461105e-05, 3.797152385232039e-05, 3.644151729531586e-05, 3.656322951428592e-05, 2.9771299523417838e-05, 2.9528278901125304e-05, 3.5818400647258386e-05], "val_mse": [0.000548329611774534, 0.00013869721442461014, 8.702750346856192e-05, 6.940163439139724e-05, 6.057403516024351e-05, 4.722231824416667e-05, 4.652798088500276e-05, 4.6495930291712284e-05, 4.117037678952329e-05, 4.030155832879245e-05, 4.578410153044388e-05, 4.930428258376196e-05, 3.7040168535895646e-05, 4.0301281842403114e-05, 4.3601157813100144e-05, 4.256949250702746e-05, 3.677260974654928e-05, 3.565878068911843e-05, 3.7222100218059495e-05, 3.965706855524331e-05, 3.289889718871564e-05, 3.3627075026743114e-05, 3.832243237411603e-05, 3.3351374440826476e-05, 3.388975528650917e-05, 3.3403852285118774e-05, 3.4194934414699674e-05, 3.1668925657868385e-05, 3.4245433198520914e-05, 3.340050170663744e-05, 4.9335234507452697e-05, 2.839279295585584e-05, 3.496227509458549e-05, 2.9779335818602704e-05, 3.130951517960057e-05, 3.0021057682461105e-05, 3.797152385232039e-05, 3.644151729531586e-05, 3.656322951428592e-05, 2.9771299523417838e-05, 2.9528278901125304e-05, 3.5818400647258386e-05]}