{"loss": [0.0002997343544848263, 3.0581479222746566e-05, 2.2582227757084183e-05, 1.7720758478390053e-05, 1.486882956669433e-05, 1.3335107723833062e-05, 1.2119003258703742e-05, 1.072756731446134e-05, 9.85128281172365e-06, 8.885021998139564e-06, 8.290883670269977e-06, 7.672940228076186e-06, 8.033059202716686e-06, 6.890839358675294e-06, 6.637075784965418e-06, 6.416536052711308e-06, 6.420304089260753e-06, 5.924664492340526e-06, 5.669880920322612e-06, 5.468751169246389e-06, 5.530454927793471e-06, 5.12047245138092e-06, 5.201421117817517e-06, 5.145030627318192e-06, 4.931859166390495e-06, 4.172004537394969e-06, 4.379702204460045e-06, 4.28241582994815e-06, 4.478023583942559e-06, 3.953548912249971e-06, 4.225098564347718e-06, 4.062278094352223e-06, 4.24221798311919e-06, 3.759807214009925e-06, 3.838953034573933e-06, 3.6768294648936717e-06, 3.7908178001089254e-06, 3.6714482121169567e-06, 3.459882009337889e-06, 3.4952502119267592e-06, 3.603296590881655e-06, 3.3625844935158966e-06, 3.3173628253280185e-06, 3.633881078712875e-06, 3.001102186317439e-06, 3.142674131595413e-06, 3.125431931039202e-06, 3.205297844033339e-06], "mse": [0.0002997343544848263, 3.0581479222746566e-05, 2.2582227757084183e-05, 1.7720758478390053e-05, 1.486882956669433e-05, 1.3335107723833062e-05, 1.2119003258703742e-05, 1.072756731446134e-05, 9.85128281172365e-06, 8.885021998139564e-06, 8.290883670269977e-06, 7.672940228076186e-06, 8.033059202716686e-06, 6.890839358675294e-06, 6.637075784965418e-06, 6.416536052711308e-06, 6.420304089260753e-06, 5.924664492340526e-06, 5.669880920322612e-06, 5.468751169246389e-06, 5.530454927793471e-06, 5.120471996633569e-06, 5.201421117817517e-06, 5.145031082065543e-06, 4.931859621137846e-06, 4.172004537394969e-06, 4.379702204460045e-06, 4.28241582994815e-06, 4.478023583942559e-06, 3.953548912249971e-06, 4.225098564347718e-06, 4.062278094352223e-06, 4.24221798311919e-06, 3.759807214009925e-06, 3.838953034573933e-06, 3.6768294648936717e-06, 3.7908178001089254e-06, 3.6714482121169567e-06, 3.459882009337889e-06, 3.4952502119267592e-06, 3.603296590881655e-06, 3.3625844935158966e-06, 3.3173628253280185e-06, 3.633881078712875e-06, 3.001102186317439e-06, 3.142674131595413e-06, 3.125431931039202e-06, 3.205297389285988e-06], "val_loss": [3.685738556669094e-05, 2.449326348141767e-05, 1.9705668819369748e-05, 1.5701460142736323e-05, 2.1376228687586263e-05, 1.277238243346801e-05, 1.108651213144185e-05, 9.318813681602478e-06, 1.4684251254948322e-05, 8.532862011634279e-06, 8.760005584917963e-06, 7.838612873456441e-06, 7.780238775012549e-06, 8.111848728731275e-06, 7.771471246087458e-06, 7.921767064544838e-06, 7.223679403978167e-06, 6.574075996468309e-06, 5.911776497669052e-06, 5.9182648328715e-06, 7.921340511529706e-06, 5.064860943093663e-06, 5.9000522014684975e-06, 5.025540303904563e-06, 8.77285492606461e-06, 7.060963980620727e-06, 5.699091161659453e-06, 5.8444343267183285e-06, 5.307549145072699e-06, 6.4124083110073116e-06, 9.056438102561515e-06, 4.794008873432176e-06, 5.348784725356381e-06, 4.514250576903578e-06, 4.919088496535551e-06, 5.267910182737978e-06, 4.2483711695240345e-06, 3.964936240663519e-06, 5.351230356609449e-06, 4.173350134806242e-06, 5.858698386873584e-06, 4.510602138907416e-06, 6.447789473895682e-06, 4.137341875320999e-06, 5.091949788038619e-06, 4.809847268916201e-06, 4.147310846747132e-06, 4.05769560529734e-06], "val_mse": [3.685738556669094e-05, 2.449326348141767e-05, 1.970566518139094e-05, 1.5701460142736323e-05, 2.1376228687586263e-05, 1.277238243346801e-05, 1.108651213144185e-05, 9.318813681602478e-06, 1.4684251254948322e-05, 8.532862011634279e-06, 8.760005584917963e-06, 7.838612873456441e-06, 7.780238775012549e-06, 8.111848728731275e-06, 7.771471246087458e-06, 7.921767064544838e-06, 7.223679403978167e-06, 6.574075996468309e-06, 5.911776497669052e-06, 5.9182648328715e-06, 7.921340511529706e-06, 5.064860943093663e-06, 5.9000522014684975e-06, 5.025540303904563e-06, 8.77285492606461e-06, 7.060963980620727e-06, 5.699091161659453e-06, 5.8444343267183285e-06, 5.307549145072699e-06, 6.4124083110073116e-06, 9.056438102561515e-06, 4.794008418684825e-06, 5.348784725356381e-06, 4.514250576903578e-06, 4.919088496535551e-06, 5.267910182737978e-06, 4.2483711695240345e-06, 3.964936240663519e-06, 5.351230356609449e-06, 4.173350134806242e-06, 5.858698386873584e-06, 4.510602138907416e-06, 6.447789473895682e-06, 4.137341875320999e-06, 5.091949788038619e-06, 4.809847268916201e-06, 4.147310846747132e-06, 4.05769560529734e-06]}