{"loss": [0.009945974685251713, 0.00891356822103262, 0.008553901687264442, 0.008356303907930851, 0.00822476763278246, 0.008151717483997345, 0.008086121641099453, 0.008152118884027004, 0.008039051666855812, 0.007997777312994003, 0.007980496622622013, 0.00792373064905405, 0.007876400835812092, 0.007873213849961758, 0.0077827610075473785, 0.007758778985589743, 0.007669859565794468, 0.007664449978619814, 0.007584746927022934, 0.007550504989922047], "mse": [0.009945974685251713, 0.00891356822103262, 0.008553901687264442, 0.008356303907930851, 0.00822476763278246, 0.008151717483997345, 0.008086121641099453, 0.008152118884027004, 0.008039052598178387, 0.007997777312994003, 0.007980496622622013, 0.00792373064905405, 0.007876400835812092, 0.007873213849961758, 0.0077827610075473785, 0.007758778985589743, 0.007669859100133181, 0.007664449978619814, 0.007584746927022934, 0.007550504989922047], "val_loss": [0.013743380084633827, 0.013041401281952858, 0.012585294432938099, 0.01237784419208765, 0.012213090434670448, 0.012159557081758976, 0.012270879931747913, 0.01224384643137455, 0.012131230905652046, 0.012051362544298172, 0.012210395187139511, 0.012063936330378056, 0.012117646634578705, 0.01222203392535448, 0.012133371084928513, 0.012103430926799774, 0.012116128578782082, 0.012210854329168797, 0.01221446879208088, 0.012109818868339062], "val_mse": [0.013743380084633827, 0.013041401281952858, 0.012585294432938099, 0.01237784419208765, 0.012213090434670448, 0.012159557081758976, 0.012270879931747913, 0.01224384643137455, 0.012131230905652046, 0.012051362544298172, 0.012210395187139511, 0.012063936330378056, 0.012117646634578705, 0.01222203392535448, 0.012133371084928513, 0.012103430926799774, 0.012116128578782082, 0.012210854329168797, 0.01221446879208088, 0.012109818868339062]}