{"loss": [2.9151484341127798e-05, 4.966570941178361e-06, 3.8057564779592212e-06, 3.17458056997566e-06, 2.8001511509501142e-06, 2.485710638211458e-06, 2.259691200379166e-06, 2.1235043732303893e-06, 1.968912556549185e-06, 1.8790468629958923e-06, 1.7932098899109405e-06, 1.7142318711194093e-06, 1.6452178215331514e-06, 1.606402179277211e-06, 1.5241423625411699e-06, 1.4901598888172884e-06, 1.460664748265117e-06, 1.4127817848930135e-06, 1.3856068790119025e-06, 1.3470457815856207e-06, 1.3368344298214652e-06, 1.2999860246054595e-06, 1.2629374168682261e-06, 1.241356130776694e-06, 1.2249250858076266e-06, 1.1802532071669702e-06, 1.1830300081783207e-06, 1.160539909506042e-06, 1.142140263254987e-06, 1.1316680001982604e-06, 1.124706045629864e-06, 1.0978521913784789e-06, 1.0888727501878748e-06, 1.0711520417316933e-06, 1.0599416100376402e-06, 1.046778720592556e-06, 1.0441980293762754e-06, 1.0347446277592098e-06, 1.0210522987108561e-06, 1.0060223303298699e-06, 1.0017463409894845e-06, 9.951382935469155e-07, 9.799210829442018e-07, 9.688817499409197e-07, 9.648922514315927e-07, 9.5493624030496e-07, 9.462068533139245e-07, 9.440280450689897e-07, 9.250214247913391e-07], "mse": [2.9151484341127798e-05, 4.966570941178361e-06, 3.8057564779592212e-06, 3.17458056997566e-06, 2.8001511509501142e-06, 2.485710638211458e-06, 2.259691200379166e-06, 2.1235043732303893e-06, 1.968912556549185e-06, 1.8790468629958923e-06, 1.7932098899109405e-06, 1.7142318711194093e-06, 1.6452178215331514e-06, 1.606402179277211e-06, 1.5241423625411699e-06, 1.4901598888172884e-06, 1.460664748265117e-06, 1.4127817848930135e-06, 1.3856068790119025e-06, 1.3470457815856207e-06, 1.3368344298214652e-06, 1.2999860246054595e-06, 1.2629374168682261e-06, 1.241356130776694e-06, 1.2249250858076266e-06, 1.1802532071669702e-06, 1.1830300081783207e-06, 1.160539909506042e-06, 1.142140263254987e-06, 1.1316680001982604e-06, 1.124706045629864e-06, 1.0978521913784789e-06, 1.0888727501878748e-06, 1.0711520417316933e-06, 1.0599416100376402e-06, 1.046778720592556e-06, 1.0441980293762754e-06, 1.0347446277592098e-06, 1.0210522987108561e-06, 1.0060223303298699e-06, 1.0017463409894845e-06, 9.951382935469155e-07, 9.799210829442018e-07, 9.688817499409197e-07, 9.648922514315927e-07, 9.5493624030496e-07, 9.462068533139245e-07, 9.440280450689897e-07, 9.250214247913391e-07], "val_loss": [5.045115813118173e-06, 4.850253390031867e-06, 2.8227937036717776e-06, 3.2628995541017503e-06, 2.3239567781274673e-06, 2.7244611828791676e-06, 1.8665134575712727e-06, 1.590263309481088e-06, 2.476797362760408e-06, 2.7437079097580863e-06, 2.5541335162415635e-06, 1.720134719107591e-06, 1.511123514319479e-06, 1.580017055857752e-06, 1.917432427944732e-06, 1.848964757300564e-06, 1.2085615708201658e-06, 1.1933650512219174e-06, 1.2997742260267842e-06, 1.7755299950295012e-06, 1.2101269248887547e-06, 1.2828839999201591e-06, 1.1526408343343064e-06, 1.2302707546041347e-06, 1.3542045280701132e-06, 1.5083027165019303e-06, 1.0907372143265093e-06, 1.0282645916959154e-06, 9.786663213162683e-07, 1.084479663404636e-06, 1.007235141514684e-06, 1.1755333844121196e-06, 9.52343384597043e-07, 9.824930202739779e-07, 9.790587682800833e-07, 1.0409178230474936e-06, 1.4724257653142558e-06, 9.385114481119672e-07, 8.622615723652416e-07, 8.927124781621387e-07, 1.0001031114370562e-06, 1.0679387969503296e-06, 9.57221118369489e-07, 1.0282128641847521e-06, 1.00501438282663e-06, 9.684579254098935e-07, 8.533247068953642e-07, 1.6696507145752548e-06, 8.688161301506625e-07], "val_mse": [5.045115813118173e-06, 4.850253390031867e-06, 2.8227937036717776e-06, 3.2628995541017503e-06, 2.3239567781274673e-06, 2.7244611828791676e-06, 1.8665134575712727e-06, 1.5902634231679258e-06, 2.476797362760408e-06, 2.7437079097580863e-06, 2.5541335162415635e-06, 1.720134719107591e-06, 1.511123514319479e-06, 1.580017055857752e-06, 1.917432427944732e-06, 1.848964757300564e-06, 1.2085615708201658e-06, 1.1933650512219174e-06, 1.2997743397136219e-06, 1.7755299950295012e-06, 1.2101269248887547e-06, 1.2828839999201591e-06, 1.1526408343343064e-06, 1.2302707546041347e-06, 1.3542045280701132e-06, 1.5083029438756057e-06, 1.0907372143265093e-06, 1.0282645916959154e-06, 9.786663213162683e-07, 1.084479663404636e-06, 1.007235141514684e-06, 1.1755333844121196e-06, 9.52343384597043e-07, 9.824930202739779e-07, 9.790587682800833e-07, 1.0409178230474936e-06, 1.4724258790010936e-06, 9.385114481119672e-07, 8.622615723652416e-07, 8.927124781621387e-07, 1.0001031114370562e-06, 1.0679387969503296e-06, 9.57221118369489e-07, 1.0282128641847521e-06, 1.00501438282663e-06, 9.684579254098935e-07, 8.533247068953642e-07, 1.6696507145752548e-06, 8.688161301506625e-07]}