{"loss": [0.002292678924277425, 0.0005737128667533398, 0.0004011467972304672, 0.0003626616671681404, 0.0003430872457101941, 0.00031620508525520563, 0.0002984758175443858, 0.00029247294878587127, 0.00028050472610630095, 0.0002728222170844674, 0.0002726881648413837, 0.00026777078164741397, 0.00026225412148050964, 0.0002616097335703671, 0.0002582492306828499, 0.0002520937705412507, 0.00024673319421708584, 0.0002507458266336471, 0.0002579644205980003, 0.00024116331769619137, 0.00023948399757500738, 0.00023659806174691767, 0.0002346738037886098, 0.0002309448318555951, 0.00023336143931373954, 0.00022933293075766414, 0.0002319378254469484, 0.00022651502513326705, 0.0002316907193744555, 0.00023080383834894747, 0.00022702464775647968, 0.0002266728552058339], "mse": [0.002292678691446781, 0.0005737128667533398, 0.0004011467972304672, 0.0003626616671681404, 0.0003430872457101941, 0.00031620508525520563, 0.0002984758175443858, 0.0002924729196820408, 0.00028050472610630095, 0.00027282218798063695, 0.0002726881648413837, 0.00026777078164741397, 0.00026225412148050964, 0.0002616097335703671, 0.0002582492306828499, 0.0002520937705412507, 0.00024673319421708584, 0.0002507458266336471, 0.0002579644205980003, 0.00024116331769619137, 0.00023948399757500738, 0.00023659806174691767, 0.0002346738037886098, 0.0002309448318555951, 0.00023336143931373954, 0.00022933293075766414, 0.0002319378254469484, 0.00022651502513326705, 0.0002316907193744555, 0.00023080383834894747, 0.00022702464775647968, 0.0002266728552058339], "val_loss": [0.000784801144618541, 0.00047987618017941713, 0.0003907225327566266, 0.0003769919276237488, 0.00036617551813833416, 0.00039236422162503004, 0.00032793034915812314, 0.00032242396264337003, 0.0003278322983533144, 0.0003276105271652341, 0.0003260453522671014, 0.00033335824264213443, 0.0003273779875598848, 0.00032446361728943884, 0.0003144662769045681, 0.00031046447111293674, 0.0003213914460502565, 0.00034537140163592994, 0.0003083854680880904, 0.0003266556595917791, 0.00032540911342948675, 0.0003023914759978652, 0.0003072632534895092, 0.0003206650144420564, 0.00031055239378474653, 0.0003375429951120168, 0.00031079634209163487, 0.0003365649317856878, 0.000319541955832392, 0.0003738436207640916, 0.00031286932062357664, 0.00031549338018521667], "val_mse": [0.000784801144618541, 0.0004798762092832476, 0.0003907225327566266, 0.0003769919276237488, 0.00036617551813833416, 0.00039236422162503004, 0.00032793034915812314, 0.00032242396264337003, 0.0003278322983533144, 0.0003276105271652341, 0.0003260453522671014, 0.0003333582717459649, 0.0003273779875598848, 0.00032446361728943884, 0.0003144662769045681, 0.00031046447111293674, 0.0003213914460502565, 0.00034537140163592994, 0.0003083854680880904, 0.0003266556595917791, 0.00032540911342948675, 0.0003023914759978652, 0.0003072632534895092, 0.0003206650144420564, 0.00031055239378474653, 0.0003375429951120168, 0.00031079634209163487, 0.0003365649317856878, 0.000319541955832392, 0.0003738436207640916, 0.00031286932062357664, 0.00031549338018521667]}