{"loss": [0.002833534963428974, 0.0016403798945248127, 0.001188419759273529, 0.0010826491052284837, 0.001042204792611301, 0.0010002244962379336, 0.0009746793657541275, 0.000961196725256741, 0.00093915278557688, 0.0009453927632421255, 0.0009140780312009156, 0.0009065834456123412, 0.0008765424136072397, 0.0008650441304780543, 0.0008607999770902097, 0.0008402463863603771, 0.0008417927310802042, 0.0007992391474545002, 0.0007971552549861372, 0.0007599439704790711, 0.0007456192397512496, 0.0007264838204719126, 0.0007114300969988108, 0.0007142964750528336, 0.0006874700775370002, 0.0006776585942134261, 0.0006612347206100821, 0.0006523777265101671, 0.0006467814673669636, 0.0006470552762039006, 0.0006325024296529591, 0.0006364636938087642, 0.0006342242122627795, 0.0006059632287360728, 0.0006194672896526754, 0.0006175300804898143, 0.0005941956769675016, 0.0006003056187182665, 0.0005878668162040412, 0.0005758318002335727, 0.0005658083246089518, 0.0005615406553260982, 0.0005591008230112493, 0.0005542587605305016, 0.0005440338281914592, 0.0005481973057612777, 0.0005502412095665932, 0.0005297063034959137, 0.0005210535018704832, 0.0005150531651452184], "mse": [0.002833534963428974, 0.0016403798945248127, 0.001188419759273529, 0.0010826491052284837, 0.001042204792611301, 0.0010002244962379336, 0.0009746793657541275, 0.000961196725256741, 0.00093915278557688, 0.0009453927632421255, 0.0009140780312009156, 0.0009065834456123412, 0.0008765424136072397, 0.0008650441304780543, 0.0008607999770902097, 0.0008402463863603771, 0.0008417927310802042, 0.0007992391474545002, 0.0007971552549861372, 0.0007599439704790711, 0.0007456192397512496, 0.0007264838204719126, 0.0007114300969988108, 0.0007142964750528336, 0.0006874700775370002, 0.0006776585942134261, 0.0006612347206100821, 0.0006523777265101671, 0.0006467814673669636, 0.0006470552762039006, 0.0006325024296529591, 0.0006364636938087642, 0.0006342242122627795, 0.0006059632287360728, 0.0006194672896526754, 0.0006175300804898143, 0.0005941956769675016, 0.0006003055605106056, 0.0005878668162040412, 0.0005758318002335727, 0.0005658083246089518, 0.0005615406553260982, 0.0005591008230112493, 0.0005542587605305016, 0.0005440338281914592, 0.0005481973057612777, 0.0005502412095665932, 0.0005297063034959137, 0.0005210535018704832, 0.0005150531651452184], "val_loss": [0.0017552488716319203, 0.0008623728062957525, 0.0005207010544836521, 0.0006735941860824823, 0.0004218998656142503, 0.0004174546047579497, 0.00041097350185737014, 0.0004197553207632154, 0.0003810923080891371, 0.00045136676635593176, 0.000443660537712276, 0.00039799752994440496, 0.0004297335399314761, 0.00039214096614159644, 0.00035266150371171534, 0.00040914685814641416, 0.0003672973543871194, 0.0003460744337644428, 0.0003415337996557355, 0.0003740155079867691, 0.0003712208999786526, 0.0003513243864290416, 0.00031179445795714855, 0.0003591938002500683, 0.0004225902957841754, 0.00037810829235240817, 0.000341122125973925, 0.0003336551017127931, 0.0003570171829778701, 0.0003422833979129791, 0.00034714851062744856, 0.00030933727975934744, 0.0003429889038670808, 0.00035037563065998256, 0.0005121901049278677, 0.00032393133733421564, 0.00035447615664452314, 0.0003769660252146423, 0.00039492835639975965, 0.00030031357891857624, 0.00037912491825409234, 0.0003066481149289757, 0.00033533110399730504, 0.00034820378641597927, 0.00033697806065902114, 0.0004701722355093807, 0.0003698822401929647, 0.0003793082432821393, 0.0003340504190418869, 0.00033152385731227696], "val_mse": [0.0017552488716319203, 0.0008623728062957525, 0.0005207010544836521, 0.0006735941860824823, 0.0004218998656142503, 0.0004174546047579497, 0.00041097350185737014, 0.0004197553207632154, 0.0003810923080891371, 0.00045136676635593176, 0.000443660537712276, 0.00039799752994440496, 0.0004297335399314761, 0.00039214096614159644, 0.00035266150371171534, 0.00040914685814641416, 0.0003672973543871194, 0.0003460744337644428, 0.0003415337996557355, 0.0003740155079867691, 0.0003712208999786526, 0.0003513243282213807, 0.00031179445795714855, 0.0003591938002500683, 0.0004225902957841754, 0.00037810829235240817, 0.000341122125973925, 0.0003336551017127931, 0.0003570171829778701, 0.0003422833979129791, 0.00034714851062744856, 0.00030933727975934744, 0.0003429889038670808, 0.00035037563065998256, 0.0005121901049278677, 0.00032393133733421564, 0.00035447615664452314, 0.0003769660252146423, 0.00039492835639975965, 0.00030031357891857624, 0.00037912491825409234, 0.0003066481149289757, 0.00033533110399730504, 0.00034820378641597927, 0.00033697806065902114, 0.00047017220640555024, 0.0003698822401929647, 0.0003793082432821393, 0.0003340504190418869, 0.00033152385731227696]}