{"loss": [0.0022946500685065985, 0.0016308637568727136, 0.0010859626345336437, 0.0007491618162021041, 0.00048566056648269296, 0.0003185200330335647, 0.0002007395523833111, 0.00014574684610124677, 0.00011243872722843662, 9.994315769290552e-05, 8.61042644828558e-05, 7.931904110591859e-05, 7.250116323120892e-05, 6.680352089460939e-05, 5.74921905354131e-05, 5.315280213835649e-05, 4.9660196964396164e-05, 4.5373220928013325e-05, 3.929154991055839e-05, 3.657820707303472e-05, 3.3265849197050557e-05, 3.0623908969573677e-05, 3.0041341233300045e-05, 2.7932150260312483e-05, 2.597341335786041e-05, 2.46696963586146e-05, 2.3338201572187245e-05, 2.1959880541544408e-05, 2.1181062038522214e-05, 2.0526349544525146e-05, 2.215114000136964e-05, 1.971531310118735e-05, 1.74905526364455e-05, 1.6629706806270406e-05, 1.60050876729656e-05, 1.5339306628447957e-05, 1.5184916264843196e-05, 1.5154338143474888e-05, 1.4441267921938561e-05, 1.395924664393533e-05, 1.2935348422615789e-05, 1.283366418647347e-05, 1.2660925676755141e-05, 1.179721402877476e-05, 1.1852386705868412e-05, 1.2271804735064507e-05, 1.1518712199176662e-05, 1.0751644367701374e-05, 1.0184373422816861e-05, 1.0857967936317436e-05, 1.175563556898851e-05, 1.014763711282285e-05, 9.480969310970977e-06, 9.700721420813352e-06, 9.65092931437539e-06, 9.406766366737429e-06, 9.062330718734302e-06, 8.405900189245585e-06, 8.955727025750093e-06, 8.627685019746423e-06, 8.724733561393805e-06, 8.142192200466525e-06, 7.587591426272411e-06, 7.154844752221834e-06, 7.836531040084083e-06, 7.585723324154969e-06, 7.3387986958550755e-06, 6.685684638796374e-06], "mse": [0.0022946500685065985, 0.0016308637568727136, 0.0010859626345336437, 0.0007491618162021041, 0.00048566056648269296, 0.0003185199748259038, 0.0002007395523833111, 0.00014574684610124677, 0.00011243872722843662, 9.994315769290552e-05, 8.61042644828558e-05, 7.931904110591859e-05, 7.250116323120892e-05, 6.680352089460939e-05, 5.74921905354131e-05, 5.315280213835649e-05, 4.9660196964396164e-05, 4.5373220928013325e-05, 3.929154991055839e-05, 3.657820707303472e-05, 3.3265849197050557e-05, 3.0623908969573677e-05, 3.0041341233300045e-05, 2.7932150260312483e-05, 2.597341335786041e-05, 2.46696963586146e-05, 2.3338201572187245e-05, 2.1959880541544408e-05, 2.1181062038522214e-05, 2.0526349544525146e-05, 2.215114000136964e-05, 1.971531310118735e-05, 1.74905526364455e-05, 1.6629706806270406e-05, 1.60050876729656e-05, 1.5339306628447957e-05, 1.5184916264843196e-05, 1.5154338143474888e-05, 1.4441267921938561e-05, 1.395924664393533e-05, 1.2935348422615789e-05, 1.283366418647347e-05, 1.2660925676755141e-05, 1.179721402877476e-05, 1.1852386705868412e-05, 1.2271804735064507e-05, 1.1518712199176662e-05, 1.0751644367701374e-05, 1.0184373422816861e-05, 1.0857967936317436e-05, 1.175563556898851e-05, 1.014763711282285e-05, 9.480969310970977e-06, 9.700721420813352e-06, 9.65092931437539e-06, 9.406766366737429e-06, 9.0623298092396e-06, 8.405900189245585e-06, 8.955727025750093e-06, 8.627685019746423e-06, 8.724733561393805e-06, 8.142192200466525e-06, 7.587591426272411e-06, 7.154844752221834e-06, 7.836531040084083e-06, 7.585723324154969e-06, 7.3387986958550755e-06, 6.685684638796374e-06], "val_loss": [0.0016778182471171021, 0.0014578824630007148, 0.0012612424325197935, 0.0009468219941481948, 0.0006593383150175214, 0.0003211449657101184, 0.00019409826199989766, 0.00013904986553825438, 0.00014283212658483535, 0.00010791702516144142, 9.577189484843984e-05, 8.510800398653373e-05, 9.027660416904837e-05, 8.188137871911749e-05, 8.522374992026016e-05, 7.559630466857925e-05, 5.9244273870717734e-05, 5.3133397159399465e-05, 5.111840437166393e-05, 4.793491098098457e-05, 4.226365126669407e-05, 4.427657768246718e-05, 4.36984992120415e-05, 3.651705992524512e-05, 3.7017951399320737e-05, 3.559952892828733e-05, 3.462485983618535e-05, 3.23650092468597e-05, 3.05570792988874e-05, 3.3058775443350896e-05, 3.305914287921041e-05, 2.8526090318337083e-05, 2.865948226826731e-05, 2.7273548766970634e-05, 2.802894414344337e-05, 2.7519108698470518e-05, 2.718181895033922e-05, 2.9286931749084033e-05, 2.661938742676284e-05, 2.3810260245227255e-05, 2.7159656383446418e-05, 2.3681257516727783e-05, 2.3865210096118972e-05, 2.570039032434579e-05, 2.4703966118977405e-05, 2.471871266607195e-05, 2.427668914606329e-05, 2.2030497348168865e-05, 2.4495317120454274e-05, 2.4529956135665998e-05, 2.563810267020017e-05, 2.344577296753414e-05, 2.2335905669024214e-05, 2.2104710296844132e-05, 2.2319809431792237e-05, 2.2008714950061403e-05, 2.2003625417710282e-05, 2.0429684809641913e-05, 2.1129942979314364e-05, 2.3582555513712578e-05, 2.223570118076168e-05, 2.1830102923559025e-05, 2.1698560885852203e-05, 2.1353513147914782e-05, 2.1431736968224868e-05, 2.2513409930979833e-05, 2.0826930267503485e-05, 2.0581937860697508e-05], "val_mse": [0.0016778182471171021, 0.0014578824630007148, 0.0012612424325197935, 0.0009468221105635166, 0.0006593383150175214, 0.0003211449657101184, 0.00019409826199989766, 0.00013904986553825438, 0.0001428320974810049, 0.00010791702516144142, 9.577189484843984e-05, 8.510800398653373e-05, 9.027660416904837e-05, 8.188137871911749e-05, 8.522374992026016e-05, 7.559630466857925e-05, 5.9244273870717734e-05, 5.3133397159399465e-05, 5.111840437166393e-05, 4.793491098098457e-05, 4.226365126669407e-05, 4.427657768246718e-05, 4.36984992120415e-05, 3.651705992524512e-05, 3.7017951399320737e-05, 3.559952892828733e-05, 3.462485983618535e-05, 3.23650092468597e-05, 3.05570792988874e-05, 3.3058775443350896e-05, 3.305914287921041e-05, 2.8526090318337083e-05, 2.865948226826731e-05, 2.7273548766970634e-05, 2.802894414344337e-05, 2.7519108698470518e-05, 2.718181895033922e-05, 2.9286931749084033e-05, 2.661938742676284e-05, 2.3810260245227255e-05, 2.7159656383446418e-05, 2.3681257516727783e-05, 2.3865210096118972e-05, 2.570039032434579e-05, 2.4703966118977405e-05, 2.471871266607195e-05, 2.427668914606329e-05, 2.2030497348168865e-05, 2.4495317120454274e-05, 2.4529956135665998e-05, 2.563810267020017e-05, 2.344577296753414e-05, 2.2335905669024214e-05, 2.2104710296844132e-05, 2.2319809431792237e-05, 2.2008714950061403e-05, 2.2003625417710282e-05, 2.0429684809641913e-05, 2.1129942979314364e-05, 2.3582555513712578e-05, 2.223570118076168e-05, 2.1830102923559025e-05, 2.1698560885852203e-05, 2.1353513147914782e-05, 2.1431736968224868e-05, 2.2513409930979833e-05, 2.0826930267503485e-05, 2.0581937860697508e-05]}