{"loss": [0.001996592152863741, 0.001768680987879634, 0.0015552046243101358, 0.0013156976783648133, 0.0010637205559760332, 0.0008076325757429004, 0.0005925672012381256, 0.00041049657738767564, 0.0002835645282175392, 0.00020225331536494195, 0.00014567621110472828, 0.00011934949725400656, 0.00010164010018343106, 8.505667938152328e-05, 7.385887874988839e-05, 6.848021439509466e-05, 6.007845513522625e-05, 5.603789395536296e-05, 5.4228246881393716e-05, 4.938696656608954e-05, 4.462724973564036e-05, 4.2379902879474685e-05, 3.969134559156373e-05, 3.8125126593513414e-05, 3.4334945667069405e-05, 3.215022661606781e-05, 3.1341791327577084e-05, 2.9489045118680224e-05, 2.9658742278115824e-05, 2.684300488908775e-05, 2.5480247131781653e-05, 2.4350496460101567e-05, 2.5034023565240204e-05, 2.4164262867998332e-05, 2.2441758119384758e-05, 2.082987703033723e-05, 1.9787130440818146e-05, 1.9078197510680184e-05, 2.107851832988672e-05, 1.8254329916089773e-05, 1.6771706214058213e-05, 1.7294820281676948e-05, 1.6257612514891662e-05, 1.6999547369778156e-05, 1.529640212538652e-05, 1.3884500731364824e-05, 1.3620063327834941e-05, 1.333212094323244e-05, 1.2964539564563893e-05, 1.2145112123107538e-05, 1.2049929864588194e-05, 1.1341430763422977e-05, 1.1022267244698014e-05, 1.100833196687745e-05, 1.1172594895469956e-05, 1.1042367077607196e-05, 1.074027477443451e-05, 1.0886987183766905e-05, 1.0053356163552962e-05, 1.0366739843448158e-05, 1.0696310710045509e-05, 9.482580935582519e-06, 9.792905984795652e-06, 1.0202951671089977e-05, 8.861634341883473e-06, 8.708316272532102e-06, 9.298691111325752e-06], "mse": [0.001996592152863741, 0.001768680987879634, 0.0015552046243101358, 0.0013156976783648133, 0.0010637205559760332, 0.0008076325757429004, 0.0005925672012381256, 0.00041049657738767564, 0.0002835645282175392, 0.00020225331536494195, 0.00014567621110472828, 0.00011934949725400656, 0.00010164010018343106, 8.505667938152328e-05, 7.385887874988839e-05, 6.848022167105228e-05, 6.007845513522625e-05, 5.603789395536296e-05, 5.4228246881393716e-05, 4.938695201417431e-05, 4.462724973564036e-05, 4.2379902879474685e-05, 3.969134559156373e-05, 3.8125126593513414e-05, 3.4334945667069405e-05, 3.215022661606781e-05, 3.1341791327577084e-05, 2.9489045118680224e-05, 2.9658738640137017e-05, 2.684300488908775e-05, 2.5480247131781653e-05, 2.4350496460101567e-05, 2.5034023565240204e-05, 2.4164262867998332e-05, 2.2441758119384758e-05, 2.082987703033723e-05, 1.9787130440818146e-05, 1.9078197510680184e-05, 2.107851832988672e-05, 1.825432809710037e-05, 1.6771706214058213e-05, 1.7294820281676948e-05, 1.6257612514891662e-05, 1.6999547369778156e-05, 1.529640212538652e-05, 1.3884500731364824e-05, 1.3620063327834941e-05, 1.333212094323244e-05, 1.2964539564563893e-05, 1.2145112123107538e-05, 1.2049929864588194e-05, 1.1341430763422977e-05, 1.1022267244698014e-05, 1.100833196687745e-05, 1.1172594895469956e-05, 1.1042367077607196e-05, 1.074027477443451e-05, 1.0886987183766905e-05, 1.0053357073047664e-05, 1.0366739843448158e-05, 1.0696310710045509e-05, 9.482580935582519e-06, 9.792905984795652e-06, 1.0202951671089977e-05, 8.861634341883473e-06, 8.708316272532102e-06, 9.298691111325752e-06], "val_loss": [0.002785865217447281, 0.0025509085971862078, 0.002015851903706789, 0.0016534387832507491, 0.0012480313889682293, 0.000786757911555469, 0.0005136572290211916, 0.00029305979842320085, 0.00025377137353643775, 0.00015757411892991513, 0.00020785696688108146, 0.0001260608114534989, 0.00019165631965734065, 0.00016918817709665745, 0.0001282632874790579, 0.00015896160039119422, 0.00013124087126925588, 9.975086140912026e-05, 0.000155158995767124, 0.00012330981553532183, 9.617805335437879e-05, 9.651605796534568e-05, 0.00010655566438799724, 8.319994958583266e-05, 0.00010186907456954941, 8.379684004466981e-05, 8.628993964521214e-05, 8.190320659196004e-05, 7.619925600010902e-05, 0.00010125571861863136, 8.628542855149135e-05, 6.821718852734193e-05, 9.292690083384514e-05, 6.183431833051145e-05, 8.088234608294442e-05, 7.454515434801579e-05, 7.371101673925295e-05, 6.013769962009974e-05, 8.99759033927694e-05, 6.280448724282905e-05, 5.984126983094029e-05, 7.095570617821068e-05, 5.8883299061562866e-05, 7.029392872937024e-05, 6.45964901195839e-05, 5.345399767975323e-05, 6.242336530704051e-05, 5.414542829385027e-05, 6.266248237807304e-05, 5.709486867999658e-05, 5.396496271714568e-05, 5.5753556807758287e-05, 6.202452641446143e-05, 4.869489202974364e-05, 6.574667349923402e-05, 6.192998989718035e-05, 4.4508909923024476e-05, 6.110232789069414e-05, 5.512117058970034e-05, 5.400106965680607e-05, 5.154167229193263e-05, 5.153851816430688e-05, 5.395217885961756e-05, 4.912320218863897e-05, 5.851925743627362e-05, 4.5059521653456613e-05, 5.0056194595526904e-05], "val_mse": [0.002785865217447281, 0.0025509085971862078, 0.002015851903706789, 0.0016534387832507491, 0.0012480313889682293, 0.000786757911555469, 0.0005136572290211916, 0.00029305979842320085, 0.00025377137353643775, 0.00015757411892991513, 0.00020785696688108146, 0.0001260608114534989, 0.00019165631965734065, 0.00016918817709665745, 0.0001282632874790579, 0.00015896160039119422, 0.00013124087126925588, 9.975086140912026e-05, 0.000155158995767124, 0.00012330981553532183, 9.617805335437879e-05, 9.651605796534568e-05, 0.00010655566438799724, 8.319994958583266e-05, 0.00010186907456954941, 8.379684004466981e-05, 8.628993964521214e-05, 8.190320659196004e-05, 7.619925600010902e-05, 0.00010125571861863136, 8.628542855149135e-05, 6.821718852734193e-05, 9.292690083384514e-05, 6.183431833051145e-05, 8.088235335890204e-05, 7.454515434801579e-05, 7.371101673925295e-05, 6.013769962009974e-05, 8.99759033927694e-05, 6.280449451878667e-05, 5.984126983094029e-05, 7.095570617821068e-05, 5.8883299061562866e-05, 7.029392872937024e-05, 6.45964901195839e-05, 5.345399767975323e-05, 6.242336530704051e-05, 5.414542829385027e-05, 6.266248237807304e-05, 5.709486867999658e-05, 5.396496271714568e-05, 5.5753556807758287e-05, 6.202452641446143e-05, 4.869489202974364e-05, 6.574667349923402e-05, 6.192998989718035e-05, 4.4508909923024476e-05, 6.110232061473653e-05, 5.512117058970034e-05, 5.400106965680607e-05, 5.154167229193263e-05, 5.153851816430688e-05, 5.395217885961756e-05, 4.912320218863897e-05, 5.851925743627362e-05, 4.5059521653456613e-05, 5.0056194595526904e-05]}