{"loss": [0.011743460781872272, 0.010308707132935524, 0.009856010787189007, 0.009582795202732086, 0.00941272173076868, 0.009293383918702602, 0.009183530695736408, 0.009113365784287453, 0.009032269939780235, 0.009014766663312912, 0.008947476744651794, 0.00886931736022234, 0.008865753188729286, 0.008798875845968723], "mse": [0.011743460781872272, 0.010308707132935524, 0.009856010787189007, 0.009582795202732086, 0.00941272173076868, 0.009293383918702602, 0.009183530695736408, 0.009113365784287453, 0.009032269939780235, 0.009014766663312912, 0.008947476744651794, 0.00886931736022234, 0.008865753188729286, 0.008798875845968723], "val_loss": [0.007691218052059412, 0.0077871400862932205, 0.00772646302357316, 0.0075613828375935555, 0.007671109400689602, 0.007822448387742043, 0.007789270952343941, 0.007865468971431255, 0.00798594020307064, 0.007986055687069893, 0.007919298484921455, 0.007964175194501877, 0.008018463850021362, 0.008136277087032795], "val_mse": [0.007691218052059412, 0.0077871400862932205, 0.00772646302357316, 0.0075613828375935555, 0.007671109400689602, 0.007822448387742043, 0.007789270952343941, 0.00786546804010868, 0.00798594020307064, 0.007986055687069893, 0.007919298484921455, 0.007964175194501877, 0.008018463850021362, 0.008136277087032795]}