{"loss": [0.002425132319331169, 0.0020623456221073866, 0.0017356438329443336, 0.0013773756800219417, 0.0010465718805789948, 0.0007974620093591511, 0.000625914428383112, 0.0004962882376275957, 0.0003648173878900707, 0.00028156599728390574, 0.0002043371496256441, 0.0001597031659912318, 0.0001280405995203182, 0.00010378194565419108, 9.188539843307808e-05, 8.286142838187516e-05, 7.615524373250082e-05, 6.503469921881333e-05, 6.197967741172761e-05, 5.55507795070298e-05, 5.343323573470116e-05, 5.016992872697301e-05, 4.28519633715041e-05, 4.466619429877028e-05, 4.3346459278836846e-05, 3.8403912185458466e-05, 3.678237771964632e-05, 3.178972110617906e-05, 2.9375125450314954e-05, 2.6918965886579826e-05, 2.6009976863861084e-05, 2.363275780226104e-05, 2.341014624107629e-05, 2.2728861949872226e-05, 2.225814023404382e-05, 2.206819408456795e-05, 1.957934000529349e-05, 1.815090945456177e-05, 1.6630983736831695e-05, 1.6162937754415907e-05, 1.6106292605400085e-05, 1.713513302092906e-05, 1.873528162832372e-05, 1.833320129662752e-05, 1.7253203623113222e-05, 1.472533585911151e-05, 1.4110415577306412e-05, 1.48790741150151e-05, 1.3481854693964124e-05, 1.2724117368634325e-05, 1.2953710211149883e-05, 1.2123664419050328e-05, 1.1608674867602531e-05, 1.109831100620795e-05, 1.064123171090614e-05, 1.0481418030394707e-05, 1.2040854016959202e-05, 9.925831363943871e-06, 1.0099784049089067e-05, 1.0261671377520543e-05, 9.378001777804457e-06, 9.993234925786965e-06, 1.0057422514364589e-05, 9.744783710630145e-06, 8.702570994501002e-06, 8.648809853184503e-06, 9.928487088473048e-06], "mse": [0.002425132319331169, 0.0020623456221073866, 0.0017356438329443336, 0.0013773757964372635, 0.0010465718805789948, 0.0007974620093591511, 0.000625914428383112, 0.0004962882376275957, 0.0003648173878900707, 0.00028156599728390574, 0.0002043371496256441, 0.0001597031659912318, 0.0001280405995203182, 0.00010378194565419108, 9.188539843307808e-05, 8.286142838187516e-05, 7.615524373250082e-05, 6.503469921881333e-05, 6.197967741172761e-05, 5.55507795070298e-05, 5.343323573470116e-05, 5.016992872697301e-05, 4.28519633715041e-05, 4.466619429877028e-05, 4.3346459278836846e-05, 3.8403912185458466e-05, 3.678237771964632e-05, 3.178972110617906e-05, 2.9375125450314954e-05, 2.6918965886579826e-05, 2.6009976863861084e-05, 2.363275780226104e-05, 2.341014624107629e-05, 2.2728861949872226e-05, 2.225814023404382e-05, 2.206819408456795e-05, 1.957934000529349e-05, 1.815090945456177e-05, 1.6630983736831695e-05, 1.6162937754415907e-05, 1.6106292605400085e-05, 1.713513302092906e-05, 1.873528162832372e-05, 1.833320129662752e-05, 1.7253203623113222e-05, 1.472533585911151e-05, 1.4110415577306412e-05, 1.48790741150151e-05, 1.3481854693964124e-05, 1.2724117368634325e-05, 1.2953712030139286e-05, 1.2123664419050328e-05, 1.1608674867602531e-05, 1.109831100620795e-05, 1.064123171090614e-05, 1.0481418030394707e-05, 1.20408531074645e-05, 9.925831363943871e-06, 1.0099784049089067e-05, 1.0261671377520543e-05, 9.378001777804457e-06, 9.993234925786965e-06, 1.0057422514364589e-05, 9.744783710630145e-06, 8.702570994501002e-06, 8.648809853184503e-06, 9.928487088473048e-06], "val_loss": [0.0011380083160474896, 0.0011464222334325314, 0.0009310330497100949, 0.0009432880324311554, 0.0007831230759620667, 0.0007065341342240572, 0.0006945542991161346, 0.000465799676021561, 0.0003348727768752724, 0.00026463886024430394, 0.00020423885143827647, 0.00014968916366342455, 0.00013812347606290132, 0.0001157385268015787, 0.0001175784709630534, 8.185565093299374e-05, 9.747709555085748e-05, 8.986715693026781e-05, 8.015785715542734e-05, 6.821638817200437e-05, 7.987950812093914e-05, 7.186126458691433e-05, 5.968410914647393e-05, 7.248028123285621e-05, 6.888647476444021e-05, 6.192737782839686e-05, 7.094747707014903e-05, 5.335366586223245e-05, 5.458049781736918e-05, 5.5102300393627957e-05, 4.897650796920061e-05, 5.013934423914179e-05, 5.111673453939147e-05, 4.886264287051745e-05, 5.266679363558069e-05, 4.691014692070894e-05, 4.9097066948888823e-05, 4.366553184809163e-05, 4.5729226258117706e-05, 4.411194095155224e-05, 4.588207957567647e-05, 4.163708217674866e-05, 5.7683162594912574e-05, 4.110414010938257e-05, 5.196291022002697e-05, 3.8562553527299315e-05, 5.36661027581431e-05, 3.9149977965280414e-05, 4.6471475798171014e-05, 4.103810715605505e-05, 4.744544639834203e-05, 4.053485463373363e-05, 4.065997200086713e-05, 3.974017090513371e-05, 4.2484916775720194e-05, 3.746593210962601e-05, 3.62882055924274e-05, 3.89468768844381e-05, 3.70050038327463e-05, 4.3357656977605075e-05, 3.742385524674319e-05, 3.871163789881393e-05, 4.5425444113789126e-05, 3.7129597330931574e-05, 3.675154221127741e-05, 4.7151712351478636e-05, 3.666549309855327e-05], "val_mse": [0.0011380083160474896, 0.0011464222334325314, 0.0009310330497100949, 0.0009432880324311554, 0.0007831230759620667, 0.0007065341342240572, 0.0006945542991161346, 0.000465799676021561, 0.0003348727768752724, 0.00026463886024430394, 0.00020423885143827647, 0.00014968916366342455, 0.00013812349061481655, 0.0001157385268015787, 0.0001175784709630534, 8.185565093299374e-05, 9.747709555085748e-05, 8.986715693026781e-05, 8.015785715542734e-05, 6.821638817200437e-05, 7.987950812093914e-05, 7.186126458691433e-05, 5.968410914647393e-05, 7.248028123285621e-05, 6.888647476444021e-05, 6.192737782839686e-05, 7.094747707014903e-05, 5.335366586223245e-05, 5.458049781736918e-05, 5.5102300393627957e-05, 4.897650796920061e-05, 5.013934423914179e-05, 5.111673453939147e-05, 4.886264287051745e-05, 5.266679363558069e-05, 4.691014692070894e-05, 4.9097066948888823e-05, 4.366553184809163e-05, 4.5729226258117706e-05, 4.411194095155224e-05, 4.588207957567647e-05, 4.163708217674866e-05, 5.7683162594912574e-05, 4.110414010938257e-05, 5.196291022002697e-05, 3.8562553527299315e-05, 5.36661027581431e-05, 3.9149977965280414e-05, 4.6471475798171014e-05, 4.103810715605505e-05, 4.744544639834203e-05, 4.053485463373363e-05, 4.065997200086713e-05, 3.974017090513371e-05, 4.2484916775720194e-05, 3.746593210962601e-05, 3.62882055924274e-05, 3.894687324645929e-05, 3.70050038327463e-05, 4.3357656977605075e-05, 3.7423858884721994e-05, 3.871163789881393e-05, 4.5425444113789126e-05, 3.7129597330931574e-05, 3.675154221127741e-05, 4.7151712351478636e-05, 3.666549309855327e-05]}