{"loss": [0.003111941972747445, 0.002325603039935231, 0.0018772613257169724, 0.0015456632245332003, 0.0013838333543390036, 0.0012656289618462324, 0.0011282835621386766, 0.0010792508255690336, 0.0010174753842875361, 0.0009513750555925071, 0.0009340728865936399, 0.0009021920850500464, 0.0008796084439381957, 0.0008787336992099881, 0.0008714531431905925, 0.0008583940798416734, 0.0008525707526132464, 0.0008443972328677773, 0.000811717298347503, 0.000805902760475874, 0.0008085675654001534, 0.0007883530342951417, 0.0007815218414179981, 0.0007776734419167042, 0.0007866742089390755, 0.0007772063254378736, 0.000782422604970634, 0.0007794921984896064, 0.0007503260276280344, 0.0007414529682137072, 0.0007431117701344192, 0.000740115821827203, 0.0007422075723297894, 0.000737238849978894, 0.000730857951566577, 0.0007059308118186891, 0.0006991701666265726, 0.0007017505122348666, 0.0006919648731127381, 0.0006835389649495482, 0.0006919341394677758, 0.0006933581316843629, 0.0006793676293455064, 0.000669925007969141, 0.0006648272974416614], "mse": [0.003111941972747445, 0.002325603039935231, 0.0018772613257169724, 0.0015456632245332003, 0.0013838333543390036, 0.0012656289618462324, 0.0011282835621386766, 0.0010792508255690336, 0.0010174753842875361, 0.0009513750555925071, 0.0009340728865936399, 0.0009021920850500464, 0.0008796084439381957, 0.0008787336992099881, 0.0008714531431905925, 0.0008583940798416734, 0.0008525707526132464, 0.0008443972328677773, 0.000811717298347503, 0.000805902760475874, 0.0008085675654001534, 0.0007883530342951417, 0.0007815218414179981, 0.0007776734419167042, 0.0007866742089390755, 0.0007772063254378736, 0.000782422604970634, 0.0007794921984896064, 0.0007503260276280344, 0.0007414530264213681, 0.0007431117701344192, 0.000740115821827203, 0.0007422075723297894, 0.000737238849978894, 0.000730857951566577, 0.0007059308118186891, 0.0006991701666265726, 0.0007017505122348666, 0.0006919648731127381, 0.0006835389649495482, 0.0006919341976754367, 0.0006933581316843629, 0.0006793676293455064, 0.000669925007969141, 0.0006648272974416614], "val_loss": [0.0018718823557719588, 0.0015451693907380104, 0.0013403571210801601, 0.0011766741517931223, 0.0010804455960169435, 0.0009468672797083855, 0.0009055648115463555, 0.0010228289756923914, 0.0008552984218113124, 0.0008721888880245388, 0.0008569711935706437, 0.0008646927890367806, 0.000883157947100699, 0.0008554888772778213, 0.0008506020531058311, 0.0008660124731250107, 0.0008883727714419365, 0.0008508274331688881, 0.0008452594047412276, 0.0008695220458321273, 0.0008413629839196801, 0.0008371698786504567, 0.0008473290363326669, 0.0008592493832111359, 0.0008354427409358323, 0.0008934146608226001, 0.0008602617308497429, 0.0008574437233619392, 0.0008383870008401573, 0.0008329999400302768, 0.0008319996995851398, 0.0008494218927808106, 0.0008414160693064332, 0.0008919459069147706, 0.0008196543785743415, 0.0008247826481238008, 0.0008381388033740222, 0.0008291392587125301, 0.0008400919614359736, 0.000851320568472147, 0.0008198041468858719, 0.0008448958396911621, 0.000826119736302644, 0.0008204547921195626, 0.0008405846310779452], "val_mse": [0.0018718823557719588, 0.0015451693907380104, 0.0013403571210801601, 0.0011766741517931223, 0.0010804455960169435, 0.0009468672797083855, 0.0009055648115463555, 0.0010228289756923914, 0.0008552984218113124, 0.0008721888880245388, 0.0008569711935706437, 0.0008646927890367806, 0.000883157947100699, 0.0008554888772778213, 0.0008506020531058311, 0.0008660124731250107, 0.0008883727714419365, 0.0008508274331688881, 0.0008452594047412276, 0.0008695220458321273, 0.0008413629839196801, 0.0008371698786504567, 0.0008473290363326669, 0.0008592493832111359, 0.0008354427409358323, 0.0008934146608226001, 0.0008602617308497429, 0.0008574437233619392, 0.0008383870008401573, 0.0008329999400302768, 0.0008319996995851398, 0.0008494218927808106, 0.0008414160693064332, 0.0008919459069147706, 0.0008196543785743415, 0.0008247826481238008, 0.0008381388033740222, 0.0008291392587125301, 0.0008400919614359736, 0.000851320568472147, 0.0008198041468858719, 0.0008448958396911621, 0.000826119736302644, 0.0008204547921195626, 0.0008405846310779452]}