{"loss": [0.0024675140157341957, 0.001902031130157411, 0.0012812514323741198, 0.0007728078635409474, 0.0004546182753983885, 0.00025770399952307343, 0.00015923169848974794, 0.00012773653725162148, 0.00010949654824798927, 9.00710656424053e-05, 7.482826185878366e-05, 6.52100206934847e-05, 5.842500104336068e-05, 5.4855150665389374e-05, 5.1088572945445776e-05, 4.779943265020847e-05, 4.5062370190862566e-05, 4.3060867028543726e-05, 3.9996710256673396e-05, 3.96575233025942e-05, 3.704244954860769e-05, 3.547169762896374e-05, 3.501042738207616e-05, 3.2973290217341855e-05, 3.437857230892405e-05, 3.0569095542887226e-05, 3.3305994293186814e-05, 3.006759288837202e-05, 2.803763527481351e-05, 2.9528140657930635e-05, 2.939655132649932e-05, 2.83932859019842e-05, 2.7475514798425138e-05, 2.769115053524729e-05, 2.672725895536132e-05, 2.590113399492111e-05, 2.7112095267511904e-05, 2.4560096790082753e-05, 2.4961016606539488e-05, 2.27218715735944e-05, 2.273630343552213e-05, 2.47675234277267e-05, 2.4164639398804866e-05, 2.3793541913619265e-05, 2.0502593542914838e-05, 2.036501064139884e-05, 2.146219958376605e-05, 2.078841680486221e-05, 2.1025733076385222e-05, 2.0498084268183447e-05, 2.007021612371318e-05, 1.9498897017911077e-05, 1.828254244173877e-05, 1.8148562958231196e-05, 1.850418993853964e-05, 1.8240492863697e-05, 1.8659049601410516e-05, 1.7840753571363166e-05, 2.040092476818245e-05, 1.727644666971173e-05, 1.76543508132454e-05, 1.7650942027103156e-05, 1.892322143248748e-05, 1.6810223314678296e-05, 1.7373176888213493e-05, 1.6270983905997127e-05, 1.6107231203932315e-05, 1.5719026123406366e-05, 1.5363604688900523e-05, 1.432764565834077e-05], "mse": [0.0024675140157341957, 0.001902031130157411, 0.0012812514323741198, 0.0007728078635409474, 0.0004546182753983885, 0.00025770399952307343, 0.00015923169848974794, 0.00012773653725162148, 0.00010949654824798927, 9.00710656424053e-05, 7.482826185878366e-05, 6.52100206934847e-05, 5.842500104336068e-05, 5.4855150665389374e-05, 5.1088572945445776e-05, 4.779943265020847e-05, 4.5062370190862566e-05, 4.306087066652253e-05, 3.9996710256673396e-05, 3.96575233025942e-05, 3.704244954860769e-05, 3.547169762896374e-05, 3.501042738207616e-05, 3.2973290217341855e-05, 3.437857230892405e-05, 3.0569095542887226e-05, 3.3305994293186814e-05, 3.006759288837202e-05, 2.803763527481351e-05, 2.9528140657930635e-05, 2.939655132649932e-05, 2.83932859019842e-05, 2.7475514798425138e-05, 2.769115053524729e-05, 2.672725895536132e-05, 2.590113399492111e-05, 2.7112095267511904e-05, 2.4560096790082753e-05, 2.4961016606539488e-05, 2.27218715735944e-05, 2.273630343552213e-05, 2.47675234277267e-05, 2.4164637579815462e-05, 2.3793541913619265e-05, 2.0502593542914838e-05, 2.036501064139884e-05, 2.146219958376605e-05, 2.078841680486221e-05, 2.1025733076385222e-05, 2.0498084268183447e-05, 2.007021612371318e-05, 1.9498897017911077e-05, 1.8282540622749366e-05, 1.8148562958231196e-05, 1.850418993853964e-05, 1.8240492863697e-05, 1.8659049601410516e-05, 1.7840753571363166e-05, 2.040092476818245e-05, 1.727644666971173e-05, 1.76543508132454e-05, 1.7650942027103156e-05, 1.892322143248748e-05, 1.6810223314678296e-05, 1.7373176888213493e-05, 1.6270983905997127e-05, 1.6107231203932315e-05, 1.5719026123406366e-05, 1.5363604688900523e-05, 1.432764565834077e-05], "val_loss": [0.0018101887544617057, 0.0014841568190604448, 0.0010545642580837011, 0.0007754592807032168, 0.0004436951130628586, 0.00024095627304632217, 0.0001537049829494208, 0.00015340714890044183, 0.0001142380788223818, 0.00010318613203708082, 9.341559780295938e-05, 8.412432362092659e-05, 7.906567770987749e-05, 7.494712190236896e-05, 7.263846055138856e-05, 6.974609277676791e-05, 6.676409975625575e-05, 6.464407488238066e-05, 6.214586028363556e-05, 5.890654938411899e-05, 5.9465404774528e-05, 6.295981438597664e-05, 5.6997803767444566e-05, 5.635341949528083e-05, 5.586887709796429e-05, 6.06457469984889e-05, 5.3968396969139576e-05, 5.4054522479418665e-05, 5.319290721672587e-05, 5.387782584875822e-05, 5.146710464032367e-05, 5.253740891930647e-05, 5.6637807574588805e-05, 5.115467865834944e-05, 5.575282921199687e-05, 5.114100713399239e-05, 5.031086766393855e-05, 5.4294134315568954e-05, 5.2243842219468206e-05, 5.03410046803765e-05, 4.902152068098076e-05, 5.0011709390673786e-05, 5.532887371373363e-05, 4.941145743941888e-05, 4.8177014832617715e-05, 4.819743480766192e-05, 5.034454079577699e-05, 4.808462108485401e-05, 4.842715134145692e-05, 4.9177771870745346e-05, 4.94066443934571e-05, 4.836581865674816e-05, 4.663435902330093e-05, 4.7704263124614954e-05, 4.712584268418141e-05, 4.647317109629512e-05, 5.252966730040498e-05, 4.714476381195709e-05, 4.7569101297995076e-05, 4.640061524696648e-05, 4.912213626084849e-05, 5.119743218529038e-05, 5.189898729440756e-05, 4.765748599311337e-05, 4.746780177811161e-05, 4.6657882194267586e-05, 4.831306068808772e-05, 4.991470632376149e-05, 4.7342990001197904e-05, 4.899701525573619e-05], "val_mse": [0.0018101887544617057, 0.0014841568190604448, 0.0010545642580837011, 0.0007754592807032168, 0.0004436951130628586, 0.00024095627304632217, 0.0001537049829494208, 0.00015340714890044183, 0.0001142380788223818, 0.00010318613203708082, 9.341559780295938e-05, 8.412431634496897e-05, 7.906567770987749e-05, 7.494712190236896e-05, 7.263846055138856e-05, 6.974609277676791e-05, 6.676409975625575e-05, 6.464407488238066e-05, 6.214586028363556e-05, 5.8906553022097796e-05, 5.9465404774528e-05, 6.295981438597664e-05, 5.6997803767444566e-05, 5.635341949528083e-05, 5.586887709796429e-05, 6.06457469984889e-05, 5.3968396969139576e-05, 5.4054522479418665e-05, 5.319290721672587e-05, 5.387782584875822e-05, 5.146710464032367e-05, 5.253740891930647e-05, 5.6637807574588805e-05, 5.115467865834944e-05, 5.5752821936039254e-05, 5.114100713399239e-05, 5.031086766393855e-05, 5.4294134315568954e-05, 5.2243842219468206e-05, 5.03410046803765e-05, 4.902152068098076e-05, 5.0011709390673786e-05, 5.532887371373363e-05, 4.9411453801440075e-05, 4.8177014832617715e-05, 4.819743480766192e-05, 5.034454079577699e-05, 4.808462108485401e-05, 4.842715497943573e-05, 4.9177771870745346e-05, 4.94066443934571e-05, 4.836581865674816e-05, 4.663436266127974e-05, 4.7704263124614954e-05, 4.712584268418141e-05, 4.647317109629512e-05, 5.252966730040498e-05, 4.714476381195709e-05, 4.7569101297995076e-05, 4.640061524696648e-05, 4.912213626084849e-05, 5.119743218529038e-05, 5.189898729440756e-05, 4.765748599311337e-05, 4.746780177811161e-05, 4.6657882194267586e-05, 4.831306068808772e-05, 4.991470632376149e-05, 4.7342990001197904e-05, 4.899701525573619e-05]}