{"loss": [0.0023737798910588026, 0.0019442463526502252, 0.0014963885769248009, 0.0010555671760812402, 0.0007421028567478061, 0.0005819734069518745, 0.000508415512740612, 0.00042930012568831444, 0.00039902603020891547, 0.00037739070830866694, 0.00035701721208170056, 0.00035042292438447475, 0.0003468671056907624, 0.00032024801475927234, 0.0003294665948487818, 0.0003216140321455896, 0.00029589407495222986, 0.00029316110885702074, 0.00028757224208675325, 0.00027297675842419267, 0.0002763369702734053, 0.00027790467720478773, 0.00027271819999441504], "mse": [0.0023737798910588026, 0.0019442463526502252, 0.0014963885769248009, 0.0010555671760812402, 0.0007421027985401452, 0.0005819734069518745, 0.000508415512740612, 0.00042930012568831444, 0.00039902603020891547, 0.00037739070830866694, 0.00035701721208170056, 0.00035042292438447475, 0.0003468671056907624, 0.00032024801475927234, 0.0003294665948487818, 0.0003216140321455896, 0.00029589407495222986, 0.00029316110885702074, 0.00028757224208675325, 0.0002729767875280231, 0.0002763369702734053, 0.0002779046189971268, 0.00027271819999441504], "val_loss": [0.002272592857480049, 0.0017086805310100317, 0.0010782198514789343, 0.0006471335073001683, 0.0004127974680159241, 0.00035253737587481737, 0.00026433533639647067, 0.00024130167730618268, 0.0002354404132347554, 0.0002673615817911923, 0.00022972254373598844, 0.00020860806398559362, 0.0001997744693653658, 0.00020413757010828704, 0.0002202752511948347, 0.00022413655824493617, 0.00022397567227017134, 0.0002790690341498703, 0.00020712486002594233, 0.00024694419698789716, 0.0002232757833553478, 0.00021287072740960866, 0.00020430830772966146], "val_mse": [0.002272592857480049, 0.0017086805310100317, 0.0010782198514789343, 0.0006471335073001683, 0.0004127974680159241, 0.00035253737587481737, 0.00026433533639647067, 0.00024130167730618268, 0.0002354404132347554, 0.0002673615817911923, 0.00022972255828790367, 0.00020860806398559362, 0.00019977448391728103, 0.00020413757010828704, 0.0002202752511948347, 0.00022413655824493617, 0.00022397567227017134, 0.0002790690341498703, 0.00020712486002594233, 0.00024694419698789716, 0.0002232757833553478, 0.00021287072740960866, 0.00020430830772966146]}