{"loss": [0.02408728562295437, 0.017802391201257706, 0.012597772292792797, 0.00901881419122219, 0.0050403522327542305, 0.0028376802802085876, 0.0016682693967595696, 0.0012639997294172645, 0.001043080585077405, 0.0008644534973427653, 0.0008306538802571595, 0.0006295604398474097, 0.0005776878097094595, 0.0005359374918043613, 0.0004456062742974609, 0.0003925057244487107, 0.00034373969538137317, 0.0003129444958176464, 0.0002951903734356165, 0.00027855992084369063, 0.0003127233649138361, 0.0002564057649578899, 0.0002190793165937066, 0.00020852789748460054, 0.00019658799283206463, 0.00019670875917654485, 0.00017735773872118443, 0.0001769152149790898, 0.0001606415753485635, 0.00017549983749631792, 0.00016696087550371885, 0.0001399564789608121, 0.00013739321730099618, 0.00014136501704342663, 0.00014390780415851623, 0.00013712458894588053, 0.00012374813377391547, 0.00012005722237518057, 0.00012055318802595139, 0.00011575833195820451, 0.00010589997691567987, 0.00010762509191408753, 0.00011245692439842969, 0.0001008265171549283, 0.00011121945863123983, 9.925925405696034e-05, 9.788820898393169e-05, 9.283107647206634e-05, 8.417467324761674e-05, 8.508279279340059e-05, 8.45974573167041e-05, 8.413506293436512e-05, 8.856187923811376e-05, 7.925594400148839e-05, 7.433639984810725e-05, 7.622379052918404e-05, 7.726302283117548e-05, 8.179919677786529e-05, 9.98413743218407e-05, 9.604746446711943e-05, 8.20718560134992e-05, 6.83330581523478e-05, 6.727177242282778e-05, 7.446476956829429e-05, 9.091188258025795e-05, 9.161735943052918e-05, 0.00010664216097211465, 8.736543531995267e-05, 6.761454278603196e-05, 6.177891918923706e-05, 6.064353510737419e-05, 5.687314478564076e-05, 5.302487261360511e-05, 5.92232754570432e-05, 6.420548015739769e-05, 5.883787525817752e-05, 5.997886910336092e-05, 5.253100607660599e-05, 5.135932588018477e-05, 4.909678682452068e-05, 5.220996536081657e-05, 5.868137304787524e-05, 6.203699012985453e-05, 5.186306225368753e-05, 5.550942296395078e-05, 6.279961962718517e-05, 5.6672994105610996e-05, 6.086549910833128e-05], "mse": [0.02408728562295437, 0.017802391201257706, 0.012597772292792797, 0.009018813259899616, 0.005040352698415518, 0.0028376802802085876, 0.0016682693967595696, 0.0012639997294172645, 0.001043080585077405, 0.0008644534973427653, 0.0008306538802571595, 0.0006295604398474097, 0.0005776878097094595, 0.0005359374918043613, 0.0004456062742974609, 0.0003925057244487107, 0.00034373969538137317, 0.0003129444958176464, 0.0002951903734356165, 0.00027855992084369063, 0.0003127233649138361, 0.0002564057649578899, 0.0002190793165937066, 0.00020852789748460054, 0.00019658799283206463, 0.00019670875917654485, 0.00017735773872118443, 0.0001769152149790898, 0.0001606415753485635, 0.00017549983749631792, 0.00016696087550371885, 0.0001399564789608121, 0.00013739321730099618, 0.00014136501704342663, 0.00014390780415851623, 0.00013712458894588053, 0.00012374813377391547, 0.00012005722237518057, 0.00012055318802595139, 0.00011575833195820451, 0.00010589997691567987, 0.00010762509191408753, 0.00011245692439842969, 0.0001008265171549283, 0.00011121945863123983, 9.925925405696034e-05, 9.788820898393169e-05, 9.283107647206634e-05, 8.417467324761674e-05, 8.508279279340059e-05, 8.45974573167041e-05, 8.413506293436512e-05, 8.856187923811376e-05, 7.925594400148839e-05, 7.433639984810725e-05, 7.622379052918404e-05, 7.726302283117548e-05, 8.179919677786529e-05, 9.98413743218407e-05, 9.604746446711943e-05, 8.20718560134992e-05, 6.833305087639019e-05, 6.727177242282778e-05, 7.446476956829429e-05, 9.091188985621557e-05, 9.161735943052918e-05, 0.00010664216097211465, 8.736543531995267e-05, 6.761454278603196e-05, 6.177891918923706e-05, 6.064353510737419e-05, 5.687314478564076e-05, 5.302487261360511e-05, 5.92232754570432e-05, 6.420548015739769e-05, 5.883787525817752e-05, 5.997886910336092e-05, 5.253100607660599e-05, 5.135932588018477e-05, 4.909678682452068e-05, 5.220996536081657e-05, 5.868137304787524e-05, 6.203699012985453e-05, 5.186306225368753e-05, 5.550942296395078e-05, 6.279961962718517e-05, 5.6672994105610996e-05, 6.086549910833128e-05], "val_loss": [0.018594685941934586, 0.011350628919899464, 0.008385528810322285, 0.00506863696500659, 0.002839174587279558, 0.0016879666363820434, 0.001260235090740025, 0.0009985732613131404, 0.000811754900496453, 0.0008078053360804915, 0.0006198555929586291, 0.000476727174827829, 0.0006276315543800592, 0.0003863152815029025, 0.0003405098686926067, 0.00032237241975963116, 0.0002744537778198719, 0.0002754366141743958, 0.00023651558149140328, 0.0003083922201767564, 0.0002548859338276088, 0.00020730907272081822, 0.00019936470198445022, 0.0001962373498827219, 0.00019450440595392138, 0.00018390020704828203, 0.00018228891713079065, 0.00017832677986007184, 0.0001655112428124994, 0.0001848180836532265, 0.00015406236343551427, 0.00015146369696594775, 0.00015715035260654986, 0.0001409741526003927, 0.00015737951616756618, 0.00015506782801821828, 0.00014259698218666017, 0.00014815338363405317, 0.0001422063505742699, 0.0001177608864963986, 0.00012053428508806974, 0.0001361673348583281, 0.00011496346269268543, 0.00013862320338375866, 0.0001130169112002477, 0.0001303261669818312, 0.00012054496619384736, 0.00010803041368490085, 0.00011046300642192364, 0.00010866335651371628, 0.00010963597742374986, 0.00011078802344854921, 0.00010757544077932835, 0.00010827883670572191, 9.992235573008657e-05, 0.00011301871563773602, 0.00010087693954119459, 0.0001002840799628757, 0.00011414602340664715, 0.00010759138967841864, 9.938696166500449e-05, 0.00010775159898912534, 9.699240035843104e-05, 0.00010931781434919685, 0.00012178775068605319, 0.00013711853534914553, 0.00014893070328980684, 0.00012394899385981262, 0.00011364201782271266, 0.00010410500544821844, 9.555398719385266e-05, 9.326155122835189e-05, 9.697510540718213e-05, 9.963805496226996e-05, 0.00011386528785806149, 0.00010958373604808003, 9.572419367032126e-05, 9.035478433361277e-05, 9.130248508881778e-05, 9.098491864278913e-05, 9.454374958295375e-05, 0.0001139723026426509, 9.198648331221193e-05, 9.936185233527794e-05, 0.0001022744836518541, 9.622421202948317e-05, 0.00010723455488914624, 9.638517803978175e-05],