{"loss": [0.001384582370519638, 0.00021363809355534613, 0.00013106560800224543, 0.00010174213821301237, 8.665704808663577e-05, 8.027838339330629e-05, 7.259336416609585e-05, 6.936174759175628e-05, 6.611299613723531e-05, 6.18918493273668e-05, 6.0803558881161734e-05, 5.8854042435996234e-05, 6.0458532971097156e-05, 5.530201815417968e-05, 5.554163726628758e-05, 5.172117016627453e-05, 5.039227835368365e-05, 5.013555710320361e-05, 4.9713369662640616e-05, 4.880139749730006e-05, 4.956663542543538e-05, 4.7561879910063e-05, 4.7457571781706065e-05, 4.534260733635165e-05, 4.4631575292441994e-05, 4.560925663099624e-05, 4.226637975079939e-05, 4.282740701455623e-05, 4.2717183532658964e-05, 4.0664017433300614e-05, 4.0961567719932646e-05, 3.9723152440274134e-05, 4.05757236876525e-05, 4.184709905530326e-05, 3.959085006499663e-05, 4.0067472582450137e-05, 3.878449570038356e-05, 3.9587266655871645e-05, 3.836415271507576e-05], "mse": [0.001384582370519638, 0.00021363809355534613, 0.00013106560800224543, 0.00010174213093705475, 8.665704808663577e-05, 8.027838339330629e-05, 7.259336416609585e-05, 6.936174759175628e-05, 6.611299613723531e-05, 6.18918493273668e-05, 6.0803558881161734e-05, 5.8854042435996234e-05, 6.0458532971097156e-05, 5.530201815417968e-05, 5.554163726628758e-05, 5.172117016627453e-05, 5.039227835368365e-05, 5.013555710320361e-05, 4.9713369662640616e-05, 4.880139749730006e-05, 4.956663542543538e-05, 4.7561879910063e-05, 4.7457571781706065e-05, 4.534260733635165e-05, 4.4631575292441994e-05, 4.560925663099624e-05, 4.226637975079939e-05, 4.282740701455623e-05, 4.2717183532658964e-05, 4.0664017433300614e-05, 4.096156408195384e-05, 3.9723152440274134e-05, 4.05757236876525e-05, 4.184709905530326e-05, 3.959085006499663e-05, 4.0067472582450137e-05, 3.878449570038356e-05, 3.9587266655871645e-05, 3.836415271507576e-05], "val_loss": [0.00029320106841623783, 0.00011470950266811997, 9.731001046020538e-05, 7.346972415689379e-05, 7.076237670844421e-05, 6.399540143320337e-05, 6.99358934070915e-05, 5.787402915302664e-05, 6.029436190146953e-05, 6.006419062032364e-05, 6.201308133313432e-05, 5.472174962051213e-05, 5.4693944548489526e-05, 5.4872212785994634e-05, 5.569800123339519e-05, 5.561309080803767e-05, 5.306268940330483e-05, 5.359644637792371e-05, 5.772569784312509e-05, 5.691533806384541e-05, 5.2759551181225106e-05, 6.233253225218505e-05, 5.1424292905721813e-05, 5.333246735972352e-05, 5.237463483354077e-05, 5.0745908083627e-05, 5.281133417156525e-05, 5.038528615841642e-05, 5.0156413635704666e-05, 5.13019367645029e-05, 5.300506018102169e-05, 5.1513547077775e-05, 5.6881206546677276e-05, 5.653323751175776e-05, 5.4287389502860606e-05, 5.206264177104458e-05, 5.3717303671874106e-05, 5.193749530008063e-05, 5.173106546862982e-05], "val_mse": [0.00029320106841623783, 0.00011470950266811997, 9.731001046020538e-05, 7.346972415689379e-05, 7.076237670844421e-05, 6.399540143320337e-05, 6.99358934070915e-05, 5.787402915302664e-05, 6.029436190146953e-05, 6.006419062032364e-05, 6.201308133313432e-05, 5.472174962051213e-05, 5.4693944548489526e-05, 5.4872212785994634e-05, 5.569800123339519e-05, 5.561309080803767e-05, 5.306268940330483e-05, 5.35964391019661e-05, 5.772569784312509e-05, 5.6915345339803025e-05, 5.2759551181225106e-05, 6.233253225218505e-05, 5.1424292905721813e-05, 5.333246735972352e-05, 5.237463483354077e-05, 5.0745908083627e-05, 5.281133417156525e-05, 5.038528615841642e-05, 5.0156413635704666e-05, 5.1301925850566477e-05, 5.300506018102169e-05, 5.1513547077775e-05, 5.6881206546677276e-05, 5.653323751175776e-05, 5.4287389502860606e-05, 5.206264177104458e-05, 5.3717303671874106e-05, 5.1937498938059434e-05, 5.173106546862982e-05]}