{"loss": [0.04178505018353462, 0.04045727849006653, 0.039783187210559845, 0.0393248125910759, 0.03916063904762268, 0.03901126980781555, 0.038736492395401, 0.03850789740681648, 0.03821110725402832, 0.03813687711954117, 0.03816334530711174, 0.037840601056814194, 0.03742296248674393, 0.037369318306446075, 0.03734970837831497, 0.03704492747783661, 0.0366298146545887, 0.03653964400291443, 0.03643559291958809], "mse": [0.04178505018353462, 0.04045727849006653, 0.03978319093585014, 0.0393248125910759, 0.03916063904762268, 0.03901126980781555, 0.038736492395401, 0.03850789740681648, 0.03821110725402832, 0.03813687711954117, 0.03816334530711174, 0.037840601056814194, 0.03742296248674393, 0.03736931458115578, 0.03734970837831497, 0.03704492747783661, 0.0366298146545887, 0.03653964400291443, 0.03643559291958809], "val_loss": [0.03319692984223366, 0.032268788665533066, 0.03217555209994316, 0.03219715505838394, 0.03200436383485794, 0.032142262905836105, 0.03195807710289955, 0.03204972669482231, 0.031633488833904266, 0.033492423593997955, 0.03166867792606354, 0.03230536729097366, 0.03236277773976326, 0.031994305551052094, 0.032922253012657166, 0.032443344593048096, 0.03259159252047539, 0.03303990513086319, 0.03285348787903786], "val_mse": [0.03319692984223366, 0.032268788665533066, 0.03217555209994316, 0.03219715505838394, 0.03200436383485794, 0.032142262905836105, 0.03195807710289955, 0.03204972669482231, 0.031633488833904266, 0.033492423593997955, 0.03166867792606354, 0.03230536729097366, 0.03236277773976326, 0.031994305551052094, 0.032922253012657166, 0.032443344593048096, 0.03259159252047539, 0.03303990513086319, 0.03285348787903786]}