{"loss": [0.0031589320860803127, 0.0026246581692248583, 0.0021782820113003254, 0.0017372339498251677, 0.0013780558947473764, 0.0011415417538955808, 0.0009650920401327312, 0.0008297368185594678, 0.000708224659319967, 0.0006056557176634669, 0.0005371183506213129, 0.0004796888097189367, 0.0004398937744554132, 0.00038872199365869164, 0.0003803828149102628, 0.00034508490352891386, 0.0003412559744901955, 0.00032180309062823653, 0.0002995779213961214, 0.0002877720398828387, 0.00028930031112395227, 0.0002862884721253067, 0.0002756238973233849, 0.0002711953711695969, 0.0002662317710928619, 0.0002590387302916497, 0.0002631180395837873, 0.00025651752366684377, 0.00027417586534284055, 0.0002691335103008896, 0.0002499849069863558, 0.00024657099856995046, 0.0002420624514343217, 0.0002383864193689078, 0.00023750172113068402, 0.00023945439897943288, 0.00023871746088843793, 0.0002309663250343874], "mse": [0.0031589320860803127, 0.0026246581692248583, 0.0021782820113003254, 0.0017372339498251677, 0.0013780558947473764, 0.0011415417538955808, 0.0009650920401327312, 0.0008297368185594678, 0.000708224659319967, 0.0006056557176634669, 0.0005371183506213129, 0.0004796888097189367, 0.0004398937744554132, 0.00038872199365869164, 0.0003803828149102628, 0.00034508490352891386, 0.0003412559744901955, 0.00032180309062823653, 0.0002995779213961214, 0.0002877720398828387, 0.00028930031112395227, 0.0002862884721253067, 0.0002756238973233849, 0.0002711953711695969, 0.0002662317710928619, 0.0002590387302916497, 0.00026311801047995687, 0.00025651752366684377, 0.00027417586534284055, 0.0002691335103008896, 0.0002499849069863558, 0.00024657099856995046, 0.0002420624514343217, 0.0002383864193689078, 0.00023750172113068402, 0.00023945439897943288, 0.00023871746088843793, 0.0002309663250343874], "val_loss": [0.0036633252166211605, 0.002528534270823002, 0.0023631129879504442, 0.002288568066433072, 0.0019960494246333838, 0.0018147010123357177, 0.0018318401416763663, 0.0019166559213772416, 0.0016866388032212853, 0.0015915154945105314, 0.0013716351240873337, 0.001588929444551468, 0.0013763619353994727, 0.001221607206389308, 0.001213250681757927, 0.0011480910470709205, 0.0013524859678000212, 0.001243899343535304, 0.001099310233257711, 0.0011378061026334763, 0.0011034173658117652, 0.0011612987145781517, 0.0010766767663881183, 0.0011229525553062558, 0.00111678137909621, 0.001064658397808671, 0.0010039197513833642, 0.0008827944984659553, 0.0009007786284200847, 0.0010959000792354345, 0.0011321764905005693, 0.0010674669174477458, 0.001068165642209351, 0.0010027557145804167, 0.0010529940482228994, 0.000888961018063128, 0.0010045721428468823, 0.001019256771542132], "val_mse": [0.0036633252166211605, 0.002528534270823002, 0.0023631129879504442, 0.002288568066433072, 0.0019960494246333838, 0.0018147010123357177, 0.0018318401416763663, 0.0019166559213772416, 0.0016866388032212853, 0.0015915154945105314, 0.0013716351240873337, 0.001588929444551468, 0.0013763619353994727, 0.001221607206389308, 0.001213250681757927, 0.0011480910470709205, 0.0013524859678000212, 0.001243899343535304, 0.001099310233257711, 0.0011378061026334763, 0.0011034173658117652, 0.0011612987145781517, 0.0010766767663881183, 0.0011229525553062558, 0.00111678137909621, 0.001064658397808671, 0.0010039197513833642, 0.0008827944984659553, 0.0009007786284200847, 0.0010959000792354345, 0.0011321764905005693, 0.0010674669174477458, 0.001068165642209351, 0.0010027557145804167, 0.0010529940482228994, 0.000888961018063128, 0.0010045721428468823, 0.001019256771542132]}