{"loss": [0.002389450091868639, 0.001984745031222701, 0.0017059585079550743, 0.001480923849157989, 0.0012521592434495687, 0.0010257165413349867, 0.000805302697699517, 0.0006142730708234012, 0.0004489533603191376, 0.0003333271888550371, 0.0002321011561434716, 0.00016283745935652405, 0.00012911281373817474, 0.00011294467549305409, 9.864418825600296e-05, 9.122653864324093e-05, 8.232400432461873e-05, 7.676186214666814e-05, 6.762057455489412e-05, 6.14754026173614e-05, 5.725018127122894e-05, 5.201192107051611e-05, 4.809652455151081e-05, 4.576153150992468e-05, 4.3653843022184446e-05, 4.071608782396652e-05, 3.7434678233694285e-05, 3.409222335903905e-05, 3.225072214263491e-05, 3.073659900110215e-05, 3.077820292674005e-05, 2.8615957489819266e-05, 2.609266448416747e-05, 2.424337981210556e-05, 2.3680664526182227e-05, 2.1778254449600354e-05, 1.97984954866115e-05, 1.8651637219591066e-05, 1.8768294467008673e-05, 1.8110897144651972e-05, 1.7410815416951664e-05, 1.6729925846448168e-05, 1.602776683284901e-05, 1.5924406397971325e-05, 1.526941377960611e-05, 1.4832015040155966e-05, 1.4083896530792117e-05, 1.3578171092376579e-05, 1.4592820662073791e-05, 1.322968728345586e-05, 1.623566095076967e-05, 1.536935815238394e-05, 1.400549808749929e-05, 1.2856963621743489e-05, 1.1408124009903986e-05, 1.1994330634479411e-05, 1.1370931133569684e-05, 9.393871550855692e-06, 9.131017577601597e-06, 8.677324331074487e-06, 8.517333299096208e-06, 8.767112376517616e-06, 8.393524694838561e-06, 1.0008384379034396e-05, 1.058349425875349e-05, 9.045952538144775e-06, 8.482494195050094e-06, 8.18571152194636e-06, 7.671927960473113e-06, 6.8027911765966564e-06, 6.958124231459806e-06, 6.84448878018884e-06, 6.51129676043638e-06, 5.873686859558802e-06, 6.238964033400407e-06, 5.932025487709325e-06], "mse": [0.002389450091868639, 0.001984745031222701, 0.0017059585079550743, 0.001480923849157989, 0.0012521592434495687, 0.0010257165413349867, 0.000805302697699517, 0.0006142730708234012, 0.0004489533603191376, 0.00033332721795886755, 0.0002321011561434716, 0.00016283745935652405, 0.00012911281373817474, 0.00011294467549305409, 9.864418825600296e-05, 9.122653864324093e-05, 8.232401160057634e-05, 7.676186214666814e-05, 6.762057455489412e-05, 6.14754026173614e-05, 5.725018127122894e-05, 5.201192107051611e-05, 4.809652455151081e-05, 4.576153150992468e-05, 4.3653843022184446e-05, 4.071608782396652e-05, 3.7434678233694285e-05, 3.409222335903905e-05, 3.225072214263491e-05, 3.073659900110215e-05, 3.077820292674005e-05, 2.8615957489819266e-05, 2.609266448416747e-05, 2.424337981210556e-05, 2.3680664526182227e-05, 2.1778254449600354e-05, 1.97984954866115e-05, 1.8651637219591066e-05, 1.8768294467008673e-05, 1.8110897144651972e-05, 1.7410815416951664e-05, 1.6729925846448168e-05, 1.602776683284901e-05, 1.5924406397971325e-05, 1.526941377960611e-05, 1.4832015040155966e-05, 1.4083896530792117e-05, 1.3578171092376579e-05, 1.4592820662073791e-05, 1.322968728345586e-05, 1.623566095076967e-05, 1.536935815238394e-05, 1.400549808749929e-05, 1.285696453123819e-05, 1.1408124009903986e-05, 1.1994330634479411e-05, 1.1370931133569684e-05, 9.393871550855692e-06, 9.131017577601597e-06, 8.677324331074487e-06, 8.517333299096208e-06, 8.767112376517616e-06, 8.393524694838561e-06, 1.0008384379034396e-05, 1.058349425875349e-05, 9.045952538144775e-06, 8.482494195050094e-06, 8.18571152194636e-06, 7.671927960473113e-06, 6.8027911765966564e-06, 6.958124231459806e-06, 6.84448878018884e-06, 6.51129676043638e-06, 5.873686859558802e-06, 6.238964033400407e-06, 5.932025487709325e-06], "val_loss": [0.0020843211095780134, 0.0018626854289323092, 0.0016812486574053764, 0.0014845324913039804, 0.0012361386325210333, 0.0009762046975083649, 0.0007242190768010914, 0.0005207880167290568, 0.0003832222428172827, 0.0002792525920085609, 0.00022960542992223054, 0.00015421127318404615, 0.00012987075024284422, 0.00012151307601016015, 0.00011374964378774166, 0.0001154975252575241, 0.00010975040640914813, 0.0001120591041399166, 0.00010584907431621104, 0.00010628944437485188, 9.765825234353542e-05, 9.985289216274396e-05, 9.047205094248056e-05, 0.00011000769154634327, 9.137119923252612e-05, 0.00010036356979981065, 8.326677925651893e-05, 8.540710405213758e-05, 8.149747009156272e-05, 8.049884490901604e-05, 9.490652882959694e-05, 7.73121282691136e-05, 7.886844832682982e-05, 7.622867997270077e-05, 7.591360190417618e-05, 7.564805127913132e-05, 7.307912892429158e-05, 6.853767263237387e-05, 8.218054426833987e-05, 6.982042395975441e-05, 6.905324698891491e-05, 7.515322795370594e-05, 7.138376531656832e-05, 7.39494280423969e-05, 6.219864008016884e-05, 7.446581730619073e-05, 6.504102930193767e-05, 6.898603169247508e-05, 8.374835306312889e-05, 6.122968625277281e-05, 6.990053225308657e-05, 8.030292519833893e-05, 6.0541682614712045e-05, 6.505425699288025e-05, 6.978830060688779e-05, 6.594399746973068e-05, 6.062503598514013e-05, 6.1020451539661735e-05, 6.637267506448552e-05, 6.927338108653203e-05, 6.242185190785676e-05, 5.821332524647005e-05, 7.06158098182641e-05, 7.625337457284331e-05, 7.06043210811913e-05, 5.7117140386253595e-05, 6.095796561567113e-05, 5.785589019069448e-05, 7.113214087439701e-05, 5.7688728702487424e-05, 5.988522752886638e-05, 6.3488376326859e-05, 6.147446401882917e-05, 6.433257658500224e-05, 6.389078771462664e-05, 5.9022626373916864e-05], "val_mse": [0.0020843208767473698, 0.0018626854289323092, 0.0016812486574053764, 0.0014845324913039804, 0.0012361386325210333, 0.0009762046975083649, 0.0007242190768010914, 0.0005207880167290568, 0.0003832222428172827, 0.0002792525920085609, 0.00022960542992223054, 0.00015421127318404615, 0.00012987075024284422, 0.00012151307601016015, 0.00011374964378774166, 0.0001154975252575241, 0.00010975040640914813, 0.0001120591041399166, 0.00010584907431621104, 0.00010628944437485188, 9.765825234353542e-05, 9.985289216274396e-05, 9.047205094248056e-05, 0.00011000768427038565, 9.137119923252612e-05, 0.00010036356979981065, 8.326677925651893e-05, 8.540710405213758e-05, 8.149747736752033e-05, 8.049884490901604e-05, 9.490652882959694e-05, 7.73121282691136e-05, 7.886844832682982e-05, 7.622867997270077e-05, 7.591360190417618e-05, 7.564805855508894e-05, 7.307912892429158e-05, 6.853767263237387e-05, 8.218054426833987e-05, 6.982041668379679e-05, 6.905324698891491e-05, 7.515322795370594e-05, 7.138376531656832e-05, 7.39494280423969e-05, 6.219864008016884e-05, 7.446581730619073e-05, 6.504102930193767e-05, 6.898603169247508e-05, 8.374835306312889e-05, 6.122968625277281e-05, 6.990053225308657e-05, 8.030292519833893e-05, 6.0541682614712045e-05, 6.505425699288025e-05, 6.978830060688779e-05, 6.594399746973068e-05, 6.062503234716132e-05, 6.1020451539661735e-05, 6.637267506448552e-05, 6.927338108653203e-05, 6.242185190785676e-05, 5.821332524647005e-05, 7.06158098182641e-05, 7.625337457284331e-05, 7.06043210811913e-05, 5.711714766221121e-05, 6.095796561567113e-05, 5.785589019069448e-05, 7.113214087439701e-05, 5.7688728702487424e-05, 5.988522752886638e-05, 6.348838360281661e-05, 6.147446401882917e-05, 6.433257658500224e-05, 6.389078771462664e-05, 5.9022626373916864e-05]}