{"loss": [0.001318711438216269, 0.0002854196063708514, 0.0001584257115609944, 0.00011413820902816951, 9.593234426574782e-05, 8.51205550134182e-05, 7.721429574303329e-05, 7.348119106609374e-05, 6.964540807530284e-05, 6.59574507153593e-05, 6.536937144119292e-05, 6.153597496449947e-05, 6.352111813612282e-05, 5.995047104079276e-05, 5.611159940599464e-05, 5.4005100537324324e-05, 5.34838400199078e-05, 5.4263698984868824e-05, 5.3798652515979484e-05, 5.1927152526332065e-05, 5.224935375736095e-05, 5.166409391677007e-05, 5.223181506153196e-05, 5.006785795558244e-05, 4.809895108337514e-05, 4.841588088311255e-05, 4.711449582828209e-05, 4.880681080976501e-05, 4.553244434646331e-05, 4.9027465138351545e-05, 4.634708238882013e-05, 4.589244781527668e-05, 4.518587593338452e-05, 4.57389687653631e-05, 4.372296098154038e-05, 4.363919288152829e-05, 4.328470822656527e-05, 4.473623266676441e-05, 4.308277857489884e-05, 4.3627023842418566e-05, 4.1196188249159604e-05, 4.3707572331186384e-05, 4.2182509787380695e-05, 4.1242306906497106e-05, 4.2923995351884514e-05, 4.295632606954314e-05, 4.166026701568626e-05, 4.1148203308694065e-05, 4.19560783484485e-05, 4.012606223113835e-05, 4.11008222727105e-05], "mse": [0.001318711438216269, 0.0002854196063708514, 0.0001584257115609944, 0.00011413820902816951, 9.593234426574782e-05, 8.51205550134182e-05, 7.721429574303329e-05, 7.348119106609374e-05, 6.964540807530284e-05, 6.59574507153593e-05, 6.536937144119292e-05, 6.153597496449947e-05, 6.352111813612282e-05, 5.995047104079276e-05, 5.611159940599464e-05, 5.4005100537324324e-05, 5.34838400199078e-05, 5.4263698984868824e-05, 5.3798652515979484e-05, 5.1927152526332065e-05, 5.224935375736095e-05, 5.166409391677007e-05, 5.223181506153196e-05, 5.006785795558244e-05, 4.809895108337514e-05, 4.841588088311255e-05, 4.7114499466260895e-05, 4.880681080976501e-05, 4.553244434646331e-05, 4.9027465138351545e-05, 4.634708238882013e-05, 4.589244781527668e-05, 4.518587593338452e-05, 4.57389687653631e-05, 4.372296098154038e-05, 4.363919288152829e-05, 4.328470822656527e-05, 4.473623266676441e-05, 4.308277857489884e-05, 4.362702020443976e-05, 4.1196188249159604e-05, 4.3707572331186384e-05, 4.2182509787380695e-05, 4.1242306906497106e-05, 4.2923995351884514e-05, 4.295632606954314e-05, 4.1660270653665066e-05, 4.1148203308694065e-05, 4.19560783484485e-05, 4.012606223113835e-05, 4.11008222727105e-05], "val_loss": [0.00041279930155724287, 0.00016860449977684766, 0.0001229570189025253, 0.0001014841182040982, 9.891094669001177e-05, 8.610945224063471e-05, 8.634056575829163e-05, 7.890046254033223e-05, 7.904987432993948e-05, 8.603276364738122e-05, 6.975520227570087e-05, 7.800495222909376e-05, 7.296900730580091e-05, 6.62212842144072e-05, 6.895563274156302e-05, 6.608223338844255e-05, 7.220937550300732e-05, 6.882581510581076e-05, 6.357998790917918e-05, 7.296488911379129e-05, 9.323723497800529e-05, 6.353494245558977e-05, 6.224460230441764e-05, 6.06417452218011e-05, 5.874386624782346e-05, 5.926424637436867e-05, 6.341670814435929e-05, 5.8680918300524354e-05, 6.0248170484555885e-05, 6.191543070599437e-05, 5.943750875303522e-05, 5.645012788590975e-05, 6.316833605524153e-05, 5.925439472775906e-05, 5.558504199143499e-05, 5.9163729019928724e-05, 6.122811464592814e-05, 5.6972887250594795e-05, 6.43878011032939e-05, 5.510124901775271e-05, 5.3711486543761566e-05, 5.542435610550456e-05, 5.591051740339026e-05, 5.5619100749026984e-05, 5.484846406034194e-05, 6.502358883153647e-05, 5.956722452538088e-05, 5.693971979781054e-05, 6.389821646735072e-05, 6.755994400009513e-05, 5.4147265473147854e-05], "val_mse": [0.00041279930155724287, 0.00016860449977684766, 0.0001229570189025253, 0.0001014841182040982, 9.891094669001177e-05, 8.610945224063471e-05, 8.634056575829163e-05, 7.890046254033223e-05, 7.904987432993948e-05, 8.603276364738122e-05, 6.975520227570087e-05, 7.800495222909376e-05, 7.296900730580091e-05, 6.62212842144072e-05, 6.895563274156302e-05, 6.608223338844255e-05, 7.220937550300732e-05, 6.882581510581076e-05, 6.357998790917918e-05, 7.296488911379129e-05, 9.323723497800529e-05, 6.353494245558977e-05, 6.224460230441764e-05, 6.06417452218011e-05, 5.874386624782346e-05, 5.926424637436867e-05, 6.341670814435929e-05, 5.8680918300524354e-05, 6.0248170484555885e-05, 6.191543070599437e-05, 5.943750875303522e-05, 5.645012788590975e-05, 6.316833605524153e-05, 5.925439472775906e-05, 5.558504199143499e-05, 5.9163729019928724e-05, 6.122811464592814e-05, 5.6972887250594795e-05, 6.43878011032939e-05, 5.510124901775271e-05, 5.3711486543761566e-05, 5.542435610550456e-05, 5.591051740339026e-05, 5.5619100749026984e-05, 5.484846406034194e-05, 6.502358883153647e-05, 5.956722452538088e-05, 5.693971979781054e-05, 6.389821646735072e-05, 6.755994400009513e-05, 5.414725819719024e-05]}