{"loss": [0.006034789606928825, 0.001649536076001823, 0.0008745113736949861, 0.0005544188898056746, 0.0004730745276901871, 0.00041853851871564984, 0.00037076909211464226, 0.0003609349951148033, 0.0003378219553269446, 0.0003170007548760623, 0.0003131511912215501, 0.0002954053634312004, 0.000289897812763229, 0.00028883779305033386, 0.00028581914375536144, 0.0002879589155782014, 0.000268327072262764, 0.00026116144726984203, 0.0002601410960778594, 0.0002588300849311054, 0.00025108811678364873, 0.00025504609220661223, 0.00028014270355924964, 0.0002499618276488036, 0.0002466956793796271, 0.00023638163111172616, 0.0002364254032727331, 0.0002547708572819829, 0.00023296568542718887, 0.00023816004977561533, 0.00021707153064198792, 0.00021687384287361056, 0.00022177649952936918, 0.00023409593268297613, 0.0002140067081199959], "mse": [0.006034790072590113, 0.001649536076001823, 0.0008745113736949861, 0.0005544188898056746, 0.0004730745276901871, 0.00041853851871564984, 0.00037076909211464226, 0.0003609349951148033, 0.0003378219553269446, 0.0003170007548760623, 0.0003131511912215501, 0.0002954053634312004, 0.000289897812763229, 0.00028883779305033386, 0.00028581914375536144, 0.0002879589155782014, 0.000268327072262764, 0.00026116144726984203, 0.0002601410960778594, 0.0002588300849311054, 0.00025108811678364873, 0.00025504606310278177, 0.00028014270355924964, 0.0002499618276488036, 0.0002466956793796271, 0.00023638163111172616, 0.0002364254032727331, 0.0002547708572819829, 0.00023296568542718887, 0.00023816004977561533, 0.0002170715160900727, 0.00021687384287361056, 0.00022177649952936918, 0.00023409593268297613, 0.0002140067081199959], "val_loss": [0.001514865318313241, 0.0008882035035640001, 0.0004869998956564814, 0.00042510018101893365, 0.0003883846220560372, 0.00038455796311609447, 0.0003506623615976423, 0.0002947147295344621, 0.00029631605139002204, 0.0002921329578384757, 0.00026349566178396344, 0.00027047659386880696, 0.00024950917577371, 0.0002443226403556764, 0.00024612073320895433, 0.00025576536427251995, 0.0002757639158517122, 0.0002782701049000025, 0.00023073684133123606, 0.00023699218581896275, 0.00024922960437834263, 0.00023883470566943288, 0.0002773382584564388, 0.00025757079129107296, 0.00021631548588629812, 0.00022793497191742063, 0.00022355481632985175, 0.0002288423420395702, 0.00027383037377148867, 0.00023054990742821246, 0.00022971948783379048, 0.00024238706100732088, 0.000239254193729721, 0.00023345895169768482, 0.00021826941519975662], "val_mse": [0.001514865318313241, 0.0008882035035640001, 0.0004869998956564814, 0.00042510018101893365, 0.0003883846220560372, 0.00038455796311609447, 0.0003506623615976423, 0.0002947147295344621, 0.00029631605139002204, 0.0002921329578384757, 0.00026349566178396344, 0.0002704766229726374, 0.00024950914666987956, 0.0002443226403556764, 0.00024612073320895433, 0.00025576536427251995, 0.0002757639158517122, 0.0002782701049000025, 0.00023073684133123606, 0.00023699218581896275, 0.00024922960437834263, 0.00023883470566943288, 0.0002773382584564388, 0.00025757079129107296, 0.00021631548588629812, 0.00022793497191742063, 0.00022355481632985175, 0.0002288423420395702, 0.00027383037377148867, 0.0002305499219801277, 0.00022971948783379048, 0.00024238706100732088, 0.000239254193729721, 0.00023345895169768482, 0.00021826941519975662]}