{"loss": [0.022211335599422455, 0.016855847090482712, 0.012710089795291424, 0.010093234479427338, 0.0075992695055902, 0.00511131901293993, 0.0031963444780558348, 0.00211055064573884, 0.001509496127255261, 0.0011607330525293946, 0.0008670117822475731, 0.0007319999858736992, 0.000636708689853549, 0.0005732245044782758, 0.0005104825831949711, 0.0004991474561393261, 0.0004918357590213418, 0.0004383929481264204, 0.0003646676486823708, 0.00034191246959380805, 0.0003338243695907295, 0.0003054538101423532, 0.0002904883003793657, 0.00026718125445768237, 0.0002926390734501183, 0.0002906456938944757, 0.00025276612723246217, 0.0002474225184414536, 0.0002374210162088275, 0.00020830465655308217, 0.00020582550496328622, 0.00020052798208780587, 0.00018403984722681344, 0.00017435371410101652, 0.00017305761866737157, 0.0001850752450991422, 0.00018753414042294025, 0.0001577959774294868, 0.00016934827726799995, 0.0001632015046197921, 0.0001633136416785419, 0.00015660598000977188, 0.00015453287051059306, 0.00013934774324297905, 0.0001195924705825746, 0.0001183145577670075, 0.00011970083141932264, 0.00011389583960408345, 0.00011325520608806983, 0.00011052375339204445, 0.00010979365470120683, 0.00010378943989053369, 0.00011889005691045895, 0.00010616819054121152, 9.434666571905836e-05, 8.647928189020604e-05, 0.00010078719060402364, 9.441978909308091e-05, 9.519749437458813e-05, 9.685025725048035e-05, 9.32162074605003e-05, 8.285390504170209e-05, 8.713429269846529e-05, 7.891879795351997e-05, 0.00011338012700434774, 9.960070019587874e-05, 7.584957347717136e-05, 7.145354175008833e-05, 7.775089761707932e-05, 7.125399133656174e-05, 7.075476605677977e-05, 7.18570445314981e-05, 6.614047742914408e-05, 7.090418512234464e-05, 7.135570922400802e-05, 6.047929127817042e-05, 6.130080146249384e-05, 6.997266609687358e-05, 5.8330151659902185e-05, 6.109874084359035e-05, 6.89844018779695e-05, 5.8877172705251724e-05, 5.994882667437196e-05, 6.875947292428464e-05, 6.025116817909293e-05, 5.47961171832867e-05, 5.099000554764643e-05, 5.768339542555623e-05, 5.3375009883893654e-05, 6.187967665027827e-05, 4.825885116588324e-05, 4.450092455954291e-05, 4.9775124352891e-05, 5.481970219989307e-05, 4.642480780603364e-05, 4.5517510443460196e-05, 4.7044224629644305e-05, 4.60840601590462e-05, 5.305952072376385e-05, 4.502071169554256e-05, 4.89037083752919e-05, 6.127217056928203e-05, 6.42923841951415e-05, 5.1874416385544464e-05, 5.2535255235852674e-05, 4.453079600352794e-05], "mse": [0.022211335599422455, 0.016855847090482712, 0.012710089795291424, 0.010093234479427338, 0.0075992695055902, 0.00511131901293993, 0.0031963444780558348, 0.00211055064573884, 0.0015094958944246173, 0.0011607330525293946, 0.0008670117822475731, 0.0007319999858736992, 0.000636708689853549, 0.0005732245044782758, 0.0005104825831949711, 0.0004991474561393261, 0.0004918357008136809, 0.0004383929481264204, 0.0003646676486823708, 0.00034191246959380805, 0.0003338243695907295, 0.0003054538101423532, 0.0002904883003793657, 0.00026718125445768237, 0.0002926390734501183, 0.0002906456938944757, 0.00025276612723246217, 0.0002474225184414536, 0.0002374210162088275, 0.00020830465655308217, 0.00020582550496328622, 0.00020052798208780587, 0.00018403984722681344, 0.00017435371410101652, 0.00017305761866737157, 0.0001850752450991422, 0.00018753414042294025, 0.0001577959774294868, 0.00016934827726799995, 0.0001632015046197921, 0.0001633136416785419, 0.00015660598000977188, 0.00015453287051059306, 0.00013934774324297905, 0.0001195924705825746, 0.0001183145577670075, 0.00011970083141932264, 0.00011389583960408345, 0.00011325520608806983, 0.00011052375339204445, 0.00010979365470120683, 0.00010378943989053369, 0.00011889005691045895, 0.00010616819054121152, 9.434666571905836e-05, 8.647928189020604e-05, 0.00010078719060402364, 9.441979636903852e-05, 9.519749437458813e-05, 9.685025725048035e-05, 9.32162074605003e-05, 8.285390504170209e-05, 8.713429269846529e-05, 7.891879795351997e-05, 0.00011338012700434774, 9.960070019587874e-05, 7.584957347717136e-05, 7.145354175008833e-05, 7.77508903411217e-05, 7.125399133656174e-05, 7.075476605677977e-05, 7.18570445314981e-05, 6.614047742914408e-05, 7.090418512234464e-05, 7.135570922400802e-05, 6.047929127817042e-05, 6.130080146249384e-05, 6.997266609687358e-05, 5.833014802192338e-05, 6.109874084359035e-05, 6.89844018779695e-05, 5.8877172705251724e-05, 5.994882667437196e-05, 6.875947292428464e-05, 6.025116817909293e-05, 5.47961171832867e-05, 5.099000554764643e-05, 5.768339542555623e-05, 5.3375009883893654e-05, 6.187968392623588e-05, 4.825885116588324e-05, 4.450092455954291e-05, 4.9775124352891e-05, 5.481970219989307e-05, 4.642480780603364e-05, 4.5517514081439e-05, 4.7044224629644305e-05, 4.60840601590462e-05, 5.305952072376385e-05, 4.502071169554256e-05, 4.89037083752919e-05, 6.127217056928203e-05, 6.42923841951415e-05, 5.1874416385544464e-05, 5.2535255235852674e-05, 4.453079600352794e-05], "val_loss": [0.02514258585870266, 0.017356041818857193, 0.01332082413136959, 0.010428719222545624, 0.007401058916002512, 0.004667109344154596, 0.002758762566372752, 0.0018328636651858687, 0.0012504714541137218, 0.001177181606180966, 0.0010723855812102556, 0.0010307109914720058, 0.0009111012332141399, 0.0007867934182286263, 0.0007426673546433449, 0.000677010917570442, 0.000677242933306843, 0.0006212920998223126, 0.0007001854828558862, 0.0005595687543973327, 0.0005859363009221852, 0.0005326042883098125, 0.000631004455499351, 0.0005801721708849072, 0.0006027548806741834, 0.0004877315368503332, 0.00041571506881155074, 0.00044306888594292104, 0.0004838487657252699, 0.0004307230992708355, 0.00038727300125174224, 0.0003565190709196031, 0.00034239221713505685, 0.00035593227948993444, 0.0003779336402658373, 0.00033949213684536517, 0.00033888843609020114, 0.00033466791501268744, 0.0002878605737350881, 0.00045028747990727425, 0.0002886828442569822, 0.0003276655334047973, 0.00028463645139709115, 0.00027770601445809007, 0.00028313189977779984, 0.0003311901236884296, 0.0002741350617725402, 0.00024147052317857742, 0.0002967246691696346, 0.00023848873388487846, 0.000288382638245821, 0.00023253410472534597, 0.0003259707591496408, 0.00023799980408512056, 0.00025447894586250186, 0.0002378304925514385, 0.0002588826173450798, 0.00026443100068718195, 0.00021045768517069519, 0.00021932522940915078, 0.0002047546731773764, 0.00028357323026284575, 0.00021187830134294927, 0.00020804759697057307, 0.00033644764334894717, 0.00022248888853937387, 0.00021487372578121722, 0.00019838102161884308, 0.00019562551460694522, 0.00020246344502083957, 0.0002195252600358799, 0.00019396333664190024, 0.00021756879868917167, 0.0001874064764706418, 0.00019140832591801882, 0.00020629582286346704, 0.00018036819528788328, 0.00018498595454730093, 0.00018217621254734695, 0.0002559571003075689, 0.00020367882098071277, 0.00018831361376214772, 0.00018203703803010285, 0.00019579350191634148, 0.000182058458449319, 0.00017669428780209273, 0.00018038945563603193, 0.00019873604469466954, 0.00020118290558457375, 0.00018832823843695223, 0.00017463837866671383, 0.000177030437043868, 0.00017753744032233953, 0.000187711397302337, 0.00017637302516959608, 0.00016545520338695496, 0.00016880178009159863, 0.00019077076285611838, 0.00016865835641510785, 0.00017009972361847758, 0.00019622007675934583, 0.00018067493510898203, 0.00016694259829819202, 0.00020021355885546654, 0.00017394122551195323, 0.00016559046343900263],