{"loss": [0.002682472113519907, 0.0017099002143368125, 0.001226311782374978, 0.0009963305201381445, 0.000799385947175324, 0.0006565162912011147, 0.0005735495942644775, 0.0005399838555604219, 0.00048503378638997674, 0.00047486889525316656, 0.000460385053884238, 0.00045322650112211704, 0.0004351182433310896, 0.0004389061941765249, 0.0004302753950469196, 0.0004267119220457971, 0.00042310557910241187, 0.0004251752106938511, 0.0004122536047361791, 0.00039750058203935623, 0.0003895754925906658, 0.00039068766636773944, 0.0003827351611107588, 0.0003805104352068156, 0.0003739453386515379, 0.00037950504338368773, 0.00039120804285630584, 0.00036242505302652717, 0.00036546133924275637, 0.00035585579462349415, 0.0003567367675714195, 0.0003661040391307324, 0.00035214671515859663, 0.0003444937174208462, 0.00034974829759448767, 0.00034629146102815866, 0.00034096144372597337, 0.00033919289126060903, 0.0003514772397466004, 0.00038294767728075385, 0.0003398020926397294, 0.0003415506216697395, 0.00033246821840293705, 0.0003192621807102114, 0.0003207617555744946, 0.0003241894009988755, 0.0003159611369483173, 0.000316438265144825], "mse": [0.002682472113519907, 0.0017099000979214907, 0.001226311782374978, 0.0009963305201381445, 0.000799385947175324, 0.0006565162329934537, 0.0005735495942644775, 0.0005399838555604219, 0.00048503378638997674, 0.0004748688661493361, 0.000460385053884238, 0.00045322650112211704, 0.0004351182433310896, 0.0004389061941765249, 0.0004302753950469196, 0.0004267119220457971, 0.00042310557910241187, 0.0004251752106938511, 0.0004122536047361791, 0.00039750058203935623, 0.0003895754925906658, 0.00039068766636773944, 0.0003827351611107588, 0.0003805104352068156, 0.0003739453386515379, 0.00037950504338368773, 0.00039120804285630584, 0.00036242505302652717, 0.00036546133924275637, 0.00035585579462349415, 0.0003567367675714195, 0.0003661040391307324, 0.0003521467442624271, 0.0003444937174208462, 0.00034974829759448767, 0.00034629146102815866, 0.00034096144372597337, 0.00033919289126060903, 0.0003514772397466004, 0.00038294767728075385, 0.0003398020926397294, 0.0003415506216697395, 0.0003324681892991066, 0.0003192621807102114, 0.0003207617555744946, 0.00032418937189504504, 0.0003159611369483173, 0.0003164383233524859], "val_loss": [0.00212680222466588, 0.00199427199549973, 0.0015953686088323593, 0.0014524676371365786, 0.0011752048740163445, 0.0009783029090613127, 0.0009234005701728165, 0.0006828850018791854, 0.0006076866993680596, 0.0006297120708040893, 0.0005209799273870885, 0.0005194867844693363, 0.0004907961119897664, 0.00045841344399377704, 0.000461285759229213, 0.0004534122417680919, 0.00046487650251947343, 0.00044832649291493, 0.0004607147420756519, 0.0005386755801737309, 0.00043437600834295154, 0.0005143231828697026, 0.00041664004675112665, 0.0004070042632520199, 0.00041699185385368764, 0.00038956227945163846, 0.00040810462087392807, 0.0005043159471824765, 0.00041671880171634257, 0.0004387127119116485, 0.00040378980338573456, 0.0004319875151850283, 0.00044864340452477336, 0.0004100968944840133, 0.00037334457738325, 0.0003906113561242819, 0.00039202836342155933, 0.00037108553806319833, 0.0004063914529979229, 0.0003837691037915647, 0.00039057485992088914, 0.0003894786350429058, 0.00040976720629259944, 0.00038422513171099126, 0.0004229905898682773, 0.0004143706173636019, 0.0004226254241075367, 0.0003809404734056443], "val_mse": [0.00212680222466588, 0.00199427199549973, 0.0015953686088323593, 0.0014524676371365786, 0.0011752048740163445, 0.0009783029090613127, 0.0009234005701728165, 0.0006828850018791854, 0.0006076866993680596, 0.0006297120708040893, 0.0005209799273870885, 0.0005194867844693363, 0.0004907961119897664, 0.00045841344399377704, 0.000461285759229213, 0.0004534122417680919, 0.00046487650251947343, 0.00044832649291493, 0.0004607147420756519, 0.0005386755219660699, 0.00043437600834295154, 0.0005143231828697026, 0.00041664004675112665, 0.0004070042632520199, 0.00041699185385368764, 0.00038956227945163846, 0.00040810462087392807, 0.0005043158889748156, 0.00041671880171634257, 0.0004387127119116485, 0.00040378986159339547, 0.0004319875151850283, 0.00044864340452477336, 0.0004100968944840133, 0.00037334457738325, 0.0003906113561242819, 0.00039202836342155933, 0.00037108553806319833, 0.0004063914529979229, 0.0003837691037915647, 0.00039057485992088914, 0.0003894786350429058, 0.00040976720629259944, 0.00038422513171099126, 0.0004229905898682773, 0.0004143706173636019, 0.0004226254241075367, 0.0003809404734056443]}