{"loss": [0.0013197193620726466, 0.0001942088274518028, 0.00010250043851556256, 7.117058703443035e-05, 5.939159382251091e-05, 5.6189197493949905e-05, 4.869085751124658e-05, 4.797694782610051e-05, 4.2779942305060104e-05, 4.2497511458350345e-05, 3.942767216358334e-05, 3.839045166387223e-05, 4.137405630899593e-05, 3.795849625021219e-05, 3.5220647987443954e-05, 3.457459752098657e-05, 3.40497208526358e-05, 3.375932283233851e-05, 3.448623829171993e-05, 3.4374563256278634e-05, 3.3767511922633275e-05, 3.01725922327023e-05, 2.998936724907253e-05, 3.02076296065934e-05, 3.111876139882952e-05, 2.9115308279870078e-05, 2.783568561426364e-05, 2.8014546842314303e-05, 2.8163740353193134e-05, 2.9825838282704353e-05, 2.8714621294056997e-05, 2.6834562959265895e-05, 2.6333094865549356e-05, 2.6573092327453196e-05, 2.7781958124251105e-05, 2.714503170864191e-05, 2.6460736989974976e-05, 2.52376776188612e-05, 2.6085555873578414e-05, 2.5615858248784207e-05, 2.469362698320765e-05, 2.363873500144109e-05, 2.4197681341320276e-05, 2.3210130166262388e-05, 2.6164761948166415e-05, 2.3858929125708528e-05, 2.4477649276377633e-05, 2.4880202545318753e-05, 2.3176595277618617e-05, 2.407882857369259e-05, 2.337006662855856e-05, 2.304296322108712e-05, 2.415137532807421e-05, 2.268820935569238e-05, 2.1926394765614532e-05, 2.1745683625340462e-05, 2.294039586558938e-05, 2.270710865559522e-05, 2.226331525889691e-05, 2.1185209334362298e-05, 2.101356949424371e-05, 2.1630725314025767e-05, 2.3035974663798697e-05], "mse": [0.0013197193620726466, 0.0001942088274518028, 0.00010250043851556256, 7.117058703443035e-05, 5.939159382251091e-05, 5.6189197493949905e-05, 4.869085751124658e-05, 4.797694782610051e-05, 4.2779942305060104e-05, 4.2497511458350345e-05, 3.942767216358334e-05, 3.839045166387223e-05, 4.137405630899593e-05, 3.795849625021219e-05, 3.522064434946515e-05, 3.457459752098657e-05, 3.40497208526358e-05, 3.375932283233851e-05, 3.448623829171993e-05, 3.4374563256278634e-05, 3.3767511922633275e-05, 3.01725922327023e-05, 2.998936724907253e-05, 3.02076296065934e-05, 3.111876139882952e-05, 2.9115308279870078e-05, 2.783568561426364e-05, 2.8014546842314303e-05, 2.8163740353193134e-05, 2.9825838282704353e-05, 2.8714621294056997e-05, 2.6834562959265895e-05, 2.6333094865549356e-05, 2.6573092327453196e-05, 2.7781958124251105e-05, 2.714503170864191e-05, 2.6460736989974976e-05, 2.52376776188612e-05, 2.6085555873578414e-05, 2.5615858248784207e-05, 2.469362698320765e-05, 2.3638736820430495e-05, 2.4197681341320276e-05, 2.3210130166262388e-05, 2.6164761948166415e-05, 2.3858929125708528e-05, 2.4477649276377633e-05, 2.4880202545318753e-05, 2.3176595277618617e-05, 2.407882857369259e-05, 2.337006662855856e-05, 2.304296322108712e-05, 2.415137532807421e-05, 2.268820935569238e-05, 2.1926394765614532e-05, 2.1745683625340462e-05, 2.294039586558938e-05, 2.270710865559522e-05, 2.226331525889691e-05, 2.1185209334362298e-05, 2.101356949424371e-05, 2.1630725314025767e-05, 2.3035974663798697e-05], "val_loss": [0.00038961711106821895, 0.00013227314047981054, 0.00010510087304282933, 7.853410352254286e-05, 6.740635581081733e-05, 6.481951277237386e-05, 5.6098346249200404e-05, 5.595750189968385e-05, 6.455439870478585e-05, 4.843565329792909e-05, 4.864434595219791e-05, 4.6235527406679466e-05, 4.895086385658942e-05, 5.358166163205169e-05, 4.4291140511631966e-05, 4.470143176149577e-05, 4.3010608351323754e-05, 4.0433802496409044e-05, 4.4794989662477747e-05, 4.5961030991747975e-05, 3.956413274863735e-05, 4.0328515751753e-05, 3.95279421354644e-05, 4.101999002159573e-05, 4.534900654107332e-05, 3.7105302908457816e-05, 4.1920797229977325e-05, 3.822082362603396e-05, 3.733381163328886e-05, 4.21771255787462e-05, 3.7481411709450185e-05, 3.712532634381205e-05, 3.7905781937297434e-05, 3.668620411190204e-05, 3.946451033698395e-05, 3.735621794476174e-05, 3.797902900259942e-05, 3.722549445228651e-05, 4.2949173803208396e-05, 3.8460068026324734e-05, 3.668260251288302e-05, 3.8275520637398586e-05, 3.484867193037644e-05, 3.439662395976484e-05, 3.630810169852339e-05, 3.90266468457412e-05, 3.7112782592885196e-05, 4.2675939766922966e-05, 3.402456422918476e-05, 4.274898674339056e-05, 3.547920277924277e-05, 3.782721978495829e-05, 3.369992191437632e-05, 3.710967575898394e-05, 3.45483458659146e-05, 3.7381239962996915e-05, 3.4357839467702433e-05, 4.931101648253389e-05, 3.454327452345751e-05, 3.433517485973425e-05, 3.4386506740702316e-05, 3.455627665971406e-05, 3.507250585244037e-05], "val_mse": [0.00038961711106821895, 0.00013227314047981054, 0.00010510087304282933, 7.853409624658525e-05, 6.740635581081733e-05, 6.481951277237386e-05, 5.6098346249200404e-05, 5.595750189968385e-05, 6.455439870478585e-05, 4.843565329792909e-05, 4.864434595219791e-05, 4.6235527406679466e-05, 4.895086385658942e-05, 5.358165071811527e-05, 4.4291140511631966e-05, 4.470143176149577e-05, 4.3010608351323754e-05, 4.0433802496409044e-05, 4.479498602449894e-05, 4.5961030991747975e-05, 3.956413274863735e-05, 4.0328515751753e-05, 3.95279421354644e-05, 4.101999002159573e-05, 4.534901017905213e-05, 3.7105302908457816e-05, 4.1920797229977325e-05, 3.822082362603396e-05, 3.733381163328886e-05, 4.21771255787462e-05, 3.7481411709450185e-05, 3.712532634381205e-05, 3.7905781937297434e-05, 3.6686200473923236e-05, 3.946451033698395e-05, 3.735621794476174e-05, 3.797902900259942e-05, 3.722549445228651e-05, 4.2949173803208396e-05, 3.8460068026324734e-05, 3.668260251288302e-05, 3.8275520637398586e-05, 3.484867193037644e-05, 3.439662395976484e-05, 3.630810169852339e-05, 3.90266468457412e-05, 3.7112782592885196e-05, 4.2675939766922966e-05, 3.402456422918476e-05, 4.274898674339056e-05, 3.547920277924277e-05, 3.782721978495829e-05, 3.369992191437632e-05, 3.710967575898394e-05, 3.45483458659146e-05, 3.7381239962996915e-05, 3.4357839467702433e-05, 4.931101648253389e-05, 3.454327452345751e-05, 3.433517485973425e-05, 3.4386506740702316e-05, 3.455627665971406e-05, 3.507250585244037e-05]}