{"loss": [0.00635771919041872, 0.0051703001372516155, 0.004110690671950579, 0.003030596300959587, 0.0021572199184447527, 0.0018045700853690505, 0.0017320854822173715, 0.001557408133521676, 0.0014345027739182115, 0.0012837236281484365, 0.001169144525192678, 0.0010653159115463495, 0.0009784760186448693, 0.0009726140415295959, 0.0008871073951013386, 0.0008464579586870968, 0.0007795969722792506, 0.000732668733689934, 0.0007084787939675152, 0.0007198556559160352, 0.0006787476013414562, 0.0006631977157667279, 0.0006154278526082635, 0.0005829700967296958, 0.0005686464137397707], "mse": [0.00635771919041872, 0.0051703001372516155, 0.004110690671950579, 0.003030596300959587, 0.0021572199184447527, 0.0018045700853690505, 0.0017320854822173715, 0.001557408133521676, 0.0014345027739182115, 0.0012837236281484365, 0.001169144525192678, 0.0010653159115463495, 0.0009784760186448693, 0.0009726140415295959, 0.0008871073951013386, 0.0008464579586870968, 0.0007795969722792506, 0.000732668733689934, 0.0007084787939675152, 0.0007198556559160352, 0.0006787476013414562, 0.0006631977157667279, 0.0006154278526082635, 0.0005829701549373567, 0.0005686464137397707], "val_loss": [0.004127673804759979, 0.003282260848209262, 0.0029037867207080126, 0.0019000150496140122, 0.0014504417777061462, 0.0012409592745825648, 0.001190338283777237, 0.0013791669625788927, 0.0013500242494046688, 0.0011639450676739216, 0.0008570434292778373, 0.0009344719583168626, 0.0006050372612662613, 0.0005984210874885321, 0.0005502275889739394, 0.0005775249446742237, 0.0007512082229368389, 0.0010829304810613394, 0.0012227483093738556, 0.0011477930238470435, 0.0013114775065332651, 0.0009977442678064108, 0.0008597016567364335, 0.0007722048903815448, 0.0007003996288403869], "val_mse": [0.004127673804759979, 0.003282260848209262, 0.0029037867207080126, 0.0019000150496140122, 0.0014504417777061462, 0.0012409593909978867, 0.001190338283777237, 0.0013791669625788927, 0.0013500242494046688, 0.0011639450676739216, 0.0008570434292778373, 0.0009344719583168626, 0.0006050372612662613, 0.0005984210874885321, 0.0005502275889739394, 0.0005775249446742237, 0.0007512082229368389, 0.0010829304810613394, 0.0012227483093738556, 0.0011477930238470435, 0.001311477622948587, 0.0009977442678064108, 0.0008597017149440944, 0.0007722048903815448, 0.0007003996288403869]}