{"loss": [0.002023171866312623, 0.0006223203963600099, 0.000264413800323382, 0.00019186835561413318, 0.00015744054690003395, 0.0001362830080324784, 0.00012606513337232172, 0.00011853002069983631, 0.0001113827238441445, 0.0001055476168403402, 0.00010036046296590939, 9.935376147041097e-05, 9.69492393778637e-05, 9.324384154751897e-05, 9.960295574273914e-05, 8.76816047821194e-05, 8.610830991528928e-05, 8.863297261996195e-05, 8.439335215371102e-05, 8.105426968540996e-05, 8.395604527322575e-05, 8.08271870482713e-05, 7.992997416295111e-05, 7.820428436389193e-05, 7.672015635762364e-05, 7.905677921371534e-05], "mse": [0.002023171866312623, 0.0006223203963600099, 0.000264413800323382, 0.00019186835561413318, 0.00015744054690003395, 0.0001362830080324784, 0.00012606513337232172, 0.00011853002069983631, 0.0001113827238441445, 0.0001055476168403402, 0.00010036046296590939, 9.935376147041097e-05, 9.69492393778637e-05, 9.324384154751897e-05, 9.960295574273914e-05, 8.76816047821194e-05, 8.610830991528928e-05, 8.863297261996195e-05, 8.439335215371102e-05, 8.105426968540996e-05, 8.395604527322575e-05, 8.08271870482713e-05, 7.992997416295111e-05, 7.820428436389193e-05, 7.672015635762364e-05, 7.905677921371534e-05], "val_loss": [0.0009153253049589694, 0.0003262119134888053, 0.00023350975243374705, 0.00018547690706327558, 0.00014837518392596394, 0.00013790716184303164, 0.00013965280959382653, 0.00012827181490138173, 0.00012405210873112082, 0.000122742130770348, 0.00012712601164821535, 0.00012391670315992087, 0.00012136498116888106, 0.00011960505798924714, 0.00011825327965198085, 0.00011610110232140869, 0.00012130377581343055, 0.00013966785627417266, 0.00011623541649896652, 0.00012155604781582952, 0.0001223488216055557, 0.00011639108561212197, 0.00012176070595160127, 0.00012254997272975743, 0.00011657215509330854, 0.00011706713848980144], "val_mse": [0.0009153253049589694, 0.0003262119134888053, 0.00023350975243374705, 0.00018547690706327558, 0.00014837518392596394, 0.00013790716184303164, 0.00013965280959382653, 0.00012827181490138173, 0.00012405212328303605, 0.00012274211621843278, 0.00012712601164821535, 0.00012391670315992087, 0.00012136498116888106, 0.00011960505798924714, 0.00011825327965198085, 0.00011610110232140869, 0.00012130377581343055, 0.00013966785627417266, 0.00011623541649896652, 0.00012155604781582952, 0.0001223488216055557, 0.00011639108561212197, 0.00012176070595160127, 0.0001225499581778422, 0.00011657215509330854, 0.00011706713848980144]}