{"loss": [0.0025177812203764915, 0.0018651807913556695, 0.0013388320803642273, 0.0010077481856569648, 0.0008248914964497089, 0.0006880138535052538, 0.0006111385300755501, 0.0005557799595408142, 0.0005351655418053269, 0.0005149899516254663, 0.0005068007158115506, 0.0004990067100152373, 0.0004933996824547648, 0.000491853803396225, 0.0004578024963848293, 0.00044697694829665124, 0.000442109681898728, 0.0004375060088932514, 0.0004442411591298878, 0.0004233618383295834, 0.0004238892288412899, 0.0004145332204643637, 0.0004069101996719837, 0.0004004519432783127, 0.000398383941501379, 0.00039685011142864823, 0.00038779008900746703, 0.00038466748083010316, 0.0003825753810815513, 0.0003778412356041372, 0.000368169421562925, 0.00036504652234725654, 0.0003552052075974643, 0.0003546943480614573, 0.000358172896085307, 0.00035381538327783346], "mse": [0.0025177812203764915, 0.0018651807913556695, 0.0013388321967795491, 0.0010077481856569648, 0.0008248914964497089, 0.0006880138535052538, 0.000611138588283211, 0.0005557799595408142, 0.0005351655418053269, 0.0005149899516254663, 0.0005068007158115506, 0.0004990067100152373, 0.0004933996824547648, 0.000491853803396225, 0.0004578024963848293, 0.00044697694829665124, 0.000442109681898728, 0.0004375060088932514, 0.0004442411882337183, 0.0004233618383295834, 0.0004238892288412899, 0.0004145332204643637, 0.0004069101996719837, 0.0004004519432783127, 0.0003983839997090399, 0.00039685011142864823, 0.00038779008900746703, 0.00038466748083010316, 0.0003825753810815513, 0.0003778412356041372, 0.000368169421562925, 0.00036504652234725654, 0.0003552052075974643, 0.0003546943480614573, 0.000358172896085307, 0.00035381538327783346], "val_loss": [0.0032810266129672527, 0.003186021000146866, 0.002574656391516328, 0.0022612842731177807, 0.002136172726750374, 0.0020334271248430014, 0.0017876371275633574, 0.0016269948100671172, 0.001714790239930153, 0.0017884394619613886, 0.0016355362022295594, 0.0016362769529223442, 0.0017966709565371275, 0.0016669410979375243, 0.0015941523015499115, 0.0016455886652693152, 0.0016491853166371584, 0.0016776304692029953, 0.0017046232242137194, 0.0015922051388770342, 0.001677509630098939, 0.0016993401804938912, 0.0016033630818128586, 0.001635048189200461, 0.0016120821237564087, 0.0015654598828405142, 0.0015779839595779777, 0.0016667535528540611, 0.0017064104322344065, 0.0016614953055977821, 0.001595069421455264, 0.0016040389891713858, 0.0016618715599179268, 0.0016162818064913154, 0.0016266073798760772, 0.0015681221848353744], "val_mse": [0.0032810266129672527, 0.003186021000146866, 0.002574656391516328, 0.0022612842731177807, 0.002136172726750374, 0.0020334271248430014, 0.0017876371275633574, 0.0016269948100671172, 0.0017147904727607965, 0.0017884394619613886, 0.0016355362022295594, 0.0016362769529223442, 0.0017966709565371275, 0.0016669410979375243, 0.0015941523015499115, 0.0016455886652693152, 0.0016491853166371584, 0.0016776304692029953, 0.0017046232242137194, 0.0015922051388770342, 0.001677509630098939, 0.0016993401804938912, 0.0016033630818128586, 0.001635048189200461, 0.0016120821237564087, 0.0015654598828405142, 0.0015779841924086213, 0.0016667535528540611, 0.0017064104322344065, 0.0016614953055977821, 0.001595069421455264, 0.0016040389891713858, 0.0016618715599179268, 0.0016162818064913154, 0.0016266073798760772, 0.0015681221848353744]}