{"loss": [0.0024493690580129623, 0.0021666816901415586, 0.0019007237860932946, 0.0016566762933507562, 0.0013919336488470435, 0.0011929541360586882, 0.0010359606239944696, 0.0009211994474753737, 0.0008285705116577446, 0.0007582150865346193, 0.0007045501843094826, 0.0006592866848222911, 0.0006457472336478531, 0.0006305993301793933, 0.0006047231145203114, 0.00058314687339589, 0.000572380842640996, 0.0005598813877440989, 0.0005454964702948928, 0.0005423369002528489, 0.0005376016488298774, 0.0005285851657390594, 0.0005221691098995507, 0.0005244681378826499, 0.0005076389061287045, 0.0004976251511834562, 0.0005066468147560954, 0.0005020222743041813, 0.0005097755929455161, 0.000497868109960109, 0.0004848976677749306, 0.0004744548350572586], "mse": [0.0024493690580129623, 0.0021666816901415586, 0.0019007237860932946, 0.0016566762933507562, 0.0013919336488470435, 0.0011929541360586882, 0.0010359606239944696, 0.0009211994474753737, 0.0008285705116577446, 0.0007582150865346193, 0.0007045501843094826, 0.0006592866848222911, 0.0006457472336478531, 0.0006305993301793933, 0.0006047231145203114, 0.00058314687339589, 0.000572380842640996, 0.0005598813877440989, 0.0005454964702948928, 0.0005423369002528489, 0.0005376016488298774, 0.0005285851657390594, 0.0005221691098995507, 0.0005244681378826499, 0.0005076388479210436, 0.0004976251511834562, 0.0005066468147560954, 0.0005020222743041813, 0.0005097755929455161, 0.000497868109960109, 0.0004848976677749306, 0.0004744548350572586], "val_loss": [0.0023920820094645023, 0.0022670552134513855, 0.002011604141443968, 0.0018101608147844672, 0.0015861565480008721, 0.0015103629557415843, 0.0012774477945640683, 0.0011066998122259974, 0.0008848988218232989, 0.0007265821332111955, 0.0007142720278352499, 0.0006874891696497798, 0.0006060228915885091, 0.0004989121807739139, 0.00048414935008622706, 0.00047663692384958267, 0.0004758115974254906, 0.0004764030745718628, 0.0004753476823680103, 0.0004850161203648895, 0.0004908944247290492, 0.0004726523475255817, 0.0004912597360089421, 0.0004839038010686636, 0.00047995150089263916, 0.0004996544448658824, 0.0005288544925861061, 0.000499097746796906, 0.0004907514085061848, 0.0004889093106612563, 0.0004822276532649994, 0.0004779372247867286], "val_mse": [0.0023920820094645023, 0.0022670552134513855, 0.002011604141443968, 0.0018101608147844672, 0.0015861565480008721, 0.0015103629557415843, 0.0012774477945640683, 0.0011066999286413193, 0.0008848988218232989, 0.0007265821332111955, 0.0007142720278352499, 0.0006874891696497798, 0.0006060228915885091, 0.0004989121807739139, 0.00048414935008622706, 0.00047663692384958267, 0.0004758115974254906, 0.0004764030745718628, 0.0004753476823680103, 0.0004850161203648895, 0.0004908944247290492, 0.0004726523475255817, 0.0004912597360089421, 0.0004839038010686636, 0.00047995150089263916, 0.0004996544448658824, 0.0005288544925861061, 0.000499097746796906, 0.0004907514085061848, 0.0004889093106612563, 0.0004822276532649994, 0.00047793719568289816]}