{"loss": [0.00034523053909651935, 3.148158066323958e-05, 2.0767465684912167e-05, 1.6024618162191473e-05, 1.3382685210672207e-05, 1.3823117114952765e-05, 1.0746357474999968e-05, 9.806471098272596e-06, 1.0234993169433437e-05, 8.937932761909906e-06, 8.258472917077597e-06, 7.770596312184352e-06, 7.613969501107931e-06, 7.062290478643263e-06, 7.365326382569037e-06, 6.08910067967372e-06, 5.890318334422773e-06, 6.224882326932857e-06, 5.850219622516306e-06, 5.756757673225366e-06, 5.483133008965524e-06, 5.149973731022328e-06, 5.443787358672125e-06, 4.919523689750349e-06, 5.109568519401364e-06, 4.325299414631445e-06, 4.781526513397694e-06, 4.618105322151678e-06, 4.23654455516953e-06, 4.060142146045109e-06, 4.260364676156314e-06, 3.542422518876265e-06, 4.078235178894829e-06, 4.1635826164565515e-06, 3.9141473280324135e-06, 3.7187323869147804e-06, 3.6112005545874126e-06, 3.6732214994117385e-06, 3.412974137972924e-06, 3.5242164813098498e-06, 3.479860424704384e-06, 3.1625388601241866e-06, 3.1204706374410307e-06, 3.12406882585492e-06, 3.3495205116196303e-06, 3.1277982088795397e-06, 3.1207684969558613e-06, 3.252423084632028e-06, 3.0834137305646436e-06, 2.8762542569893412e-06, 2.909257318606251e-06, 2.972368520204327e-06, 2.8625831873796415e-06, 2.7516787213244243e-06, 2.71156841336051e-06, 2.805459871524363e-06, 2.9154587082302896e-06, 2.7128071451443247e-06, 2.6982954750565113e-06, 2.653112233019783e-06, 2.878778559534112e-06, 2.3004090508038644e-06, 2.3529239570052596e-06, 2.584326239229995e-06, 2.8200963697599946e-06, 2.2750991774955764e-06, 2.2756244106858503e-06, 2.483801836206112e-06, 2.7831738407257944e-06, 2.3502416297560558e-06, 2.2197373255039565e-06, 2.5279628061980475e-06, 2.508406396373175e-06, 2.2062558855395764e-06, 2.361223323532613e-06, 2.3709703782515135e-06, 2.2707824882672867e-06, 2.566822558947024e-06, 1.976288785954239e-06, 1.9478509329928784e-06, 2.326325557078235e-06, 2.2077297217037994e-06, 2.2027654722478474e-06], "mse": [0.00034523053909651935, 3.148158066323958e-05, 2.0767465684912167e-05, 1.6024618162191473e-05, 1.3382685210672207e-05, 1.3823117114952765e-05, 1.0746357474999968e-05, 9.806471098272596e-06, 1.0234994078928139e-05, 8.937932761909906e-06, 8.258472917077597e-06, 7.770596312184352e-06, 7.613969501107931e-06, 7.062290478643263e-06, 7.365326382569037e-06, 6.08910067967372e-06, 5.890318334422773e-06, 6.224882326932857e-06, 5.850219622516306e-06, 5.756757673225366e-06, 5.483133008965524e-06, 5.149973731022328e-06, 5.443787358672125e-06, 4.919523689750349e-06, 5.109569428896066e-06, 4.325299414631445e-06, 4.781526513397694e-06, 4.618105322151678e-06, 4.23654455516953e-06, 4.060142146045109e-06, 4.260364676156314e-06, 3.542422518876265e-06, 4.078235178894829e-06, 4.1635826164565515e-06, 3.9141473280324135e-06, 3.7187323869147804e-06, 3.6112005545874126e-06, 3.6732214994117385e-06, 3.412974137972924e-06, 3.5242164813098498e-06, 3.479860424704384e-06, 3.162538632750511e-06, 3.1204706374410307e-06, 3.12406882585492e-06, 3.3495205116196303e-06, 3.1277982088795397e-06, 3.1207684969558613e-06, 3.252423084632028e-06, 3.0834137305646436e-06, 2.8762542569893412e-06, 2.909257318606251e-06, 2.972368520204327e-06, 2.8625831873796415e-06, 2.7516787213244243e-06, 2.71156841336051e-06, 2.805459871524363e-06, 2.9154587082302896e-06, 2.7128071451443247e-06, 2.6982954750565113e-06, 2.653112233019783e-06, 2.878778559534112e-06, 2.3004090508038644e-06, 2.3529239570052596e-06, 2.584326239229995e-06, 2.8200963697599946e-06, 2.2750991774955764e-06, 2.275624183312175e-06, 2.483801836206112e-06, 2.7831738407257944e-06, 2.3502418571297312e-06, 2.2197373255039565e-06, 2.5279628061980475e-06, 2.508406396373175e-06, 2.2062558855395764e-06, 2.361223323532613e-06, 2.3709703782515135e-06, 2.2707824882672867e-06, 2.566822558947024e-06, 1.976288785954239e-06, 1.9478509329928784e-06, 2.326325557078235e-06, 2.2077297217037994e-06, 2.2027654722478474e-06], "val_loss": [4.4690754293696955e-05, 2.1040923456894234e-05, 1.6021920600906014e-05, 1.258665452041896e-05, 1.2572991181514226e-05, 1.8313992768526077e-05, 9.466070878261235e-06, 8.63220793689834e-06, 8.558713489037473e-06, 8.475553840980865e-06, 8.893507583707105e-06, 8.572093975089956e-06, 6.165113973111147e-06, 8.704432730155531e-06, 6.9458005782507826e-06, 6.046087491995422e-06, 5.519822479982395e-06, 7.771868695272133e-06, 5.546566171688028e-06, 6.031309112586314e-06, 4.72513147542486e-06, 5.3802577895112336e-06, 5.1122860895702615e-06, 5.247566605248721e-06, 4.538773737294832e-06, 4.558464752335567e-06, 4.906331469101133e-06, 4.050431925861631e-06, 4.6549266699003056e-06, 3.7860161228309153e-06, 4.838339918933343e-06, 3.836829364445293e-06, 4.3254776755929925e-06, 3.962646133004455e-06, 3.971886144427117e-06, 6.440323431888828e-06, 3.7647610042768065e-06, 5.133660579303978e-06, 3.4599397622514516e-06, 3.894239853252657e-06, 3.2020604976423783e-06, 3.1385884540213738e-06, 4.346157766121905e-06, 3.9338137867162e-06, 3.2238026506092865e-06, 3.163446535836556e-06, 4.3249729060335085e-06, 3.699892658914905e-06, 2.896347041314584e-06, 3.4979311749339104e-06, 3.086411879849038e-06, 3.091781763941981e-06, 3.865820417559007e-06, 2.846209326889948e-06, 3.078983809245983e-06, 3.039067905774573e-06, 7.017552434263052e-06, 2.5998449473263463e-06, 2.909039267251501e-06, 3.2186039788939524e-06, 2.78735251413309e-06, 3.358886033311137e-06, 2.6318982691009296e-06, 3.730024673131993e-06, 2.706135319385794e-06, 2.8571009806910297e-06, 2.5339115836686688e-06, 3.3199453355337027e-06, 4.055431418237276e-06, 4.2316851249779575e-06, 3.812157046922948e-06, 2.939707428595284e-06, 2.403214693913469e-06, 2.669894684004248e-06, 2.6767115741677117e-06, 2.7010719350073487e-06, 2.446193548166775e-06, 2.519369900255697e-06, 2.423612613711157e-06, 2.4603009478596505e-06, 2.416524239379214e-06, 3.6026503948960453e-06, 2.725569856920629e-06], "val_mse": [4.4690754293696955e-05, 2.1040923456894234e-05, 1.6021920600906014e-05, 1.258665452041896e-05, 1.2572991181514226e-05, 1.8313992768526077e-05, 9.466070878261235e-06, 8.63220793689834e-06, 8.558713489037473e-06, 8.475553840980865e-06, 8.893507583707105e-06, 8.572093975089956e-06, 6.165113973111147e-06, 8.704432730155531e-06, 6.9458005782507826e-06, 6.046087491995422e-06, 5.519822479982395e-06, 7.771868695272133e-06, 5.546566171688028e-06, 6.031309112586314e-06, 4.72513147542486e-06, 5.3802577895112336e-06, 5.1122860895702615e-06, 5.2475656957540195e-06, 4.538773737294832e-06, 4.558464752335567e-06, 4.906331469101133e-06, 4.050431925861631e-06, 4.6549266699003056e-06, 3.7860161228309153e-06, 4.838339918933343e-06, 3.836829364445293e-06, 4.3254776755929925e-06, 3.962646133004455e-06, 3.971886144427117e-06, 6.440323431888828e-06, 3.7647610042768065e-06, 5.133660579303978e-06, 3.4599397622514516e-06, 3.894239853252657e-06, 3.2020604976423783e-06, 3.1385884540213738e-06, 4.346157766121905e-06, 3.9338137867162e-06, 3.2238026506092865e-06, 3.163446535836556e-06, 4.3249729060335085e-06, 3.699892658914905e-06, 2.896347041314584e-06, 3.4979311749339104e-06, 3.086411879849038e-06, 3.091781763941981e-06, 3.865820417559007e-06, 2.846209326889948e-06, 3.078983809245983e-06, 3.039067905774573e-06, 7.017552434263052e-06, 2.5998449473263463e-06, 2.909039267251501e-06, 3.2186039788939524e-06, 2.78735251413309e-06, 3.358886033311137e-06, 2.6318982691009296e-06, 3.730024673131993e-06, 2.706135319385794e-06, 2.8571009806910297e-06, 2.5339115836686688e-06, 3.3199453355337027e-06, 4.055431418237276e-06, 4.2316851249779575e-06, 3.812157046922948e-06, 2.939707428595284e-06, 2.403214693913469e-06, 2.669894684004248e-06, 2.6767115741677117e-06, 2.7010719350073487e-06, 2.446193548166775e-06, 2.519369900255697e-06, 2.423612613711157e-06, 2.4603009478596505e-06, 2.416524239379214e-06, 3.6026503948960453e-06, 2.725569856920629e-06]}