{"loss": [0.0018932954408228397, 0.0008512887288816273, 0.000321720028296113, 0.00013611796020995826, 9.57815718720667e-05, 7.269377238117158e-05, 6.54023970128037e-05, 4.565983181237243e-05, 3.7759960832772776e-05, 3.585783269954845e-05, 2.9907152566011064e-05, 2.5878507585730404e-05, 2.3934964701766148e-05, 2.3958073143148795e-05, 2.4144579583662562e-05, 2.4102613679133356e-05, 2.0001349184894934e-05, 2.0026536731165834e-05, 1.8508342691347934e-05, 1.596827496541664e-05, 1.5720299415988848e-05, 1.4701318832521793e-05, 1.4798119991610292e-05, 1.356627581117209e-05, 1.3305975699040573e-05, 1.3429588761937339e-05, 1.2170715308457147e-05, 1.2560268260131124e-05, 1.1707249541359488e-05, 1.1829605682578404e-05, 1.1236476893827785e-05, 1.251699541171547e-05, 1.1086064660048578e-05, 1.0222837772744242e-05, 9.991206752602011e-06, 8.607175004726741e-06, 8.497339877067134e-06, 8.944144610723015e-06, 9.233453965862282e-06, 1.01770574474358e-05, 8.586162948631682e-06, 8.02117574494332e-06, 7.436299256369239e-06, 7.625729722349206e-06, 7.133687631721841e-06, 7.640773219463881e-06, 7.4216968641849235e-06, 9.895710718410555e-06, 9.51742367760744e-06, 7.88359648140613e-06, 7.446640665875748e-06, 7.195725174824474e-06, 6.7260489231557585e-06, 7.772116987325717e-06, 7.58175838200259e-06, 7.304970495169982e-06, 5.495216555573279e-06, 6.474658221122809e-06, 6.031716111465357e-06, 5.465482900035568e-06, 5.665019671141636e-06, 5.362689080357086e-06, 6.39547897662851e-06, 6.082399067963706e-06, 6.315092832664959e-06, 6.032827059243573e-06, 5.203385171625996e-06, 5.139904260431649e-06, 5.749308456870494e-06, 6.960954124224372e-06, 6.353953722282313e-06, 5.909655556024518e-06, 7.518618986068759e-06, 5.265739673632197e-06, 4.5632332330569625e-06, 5.386623797676293e-06, 8.558591616747435e-06, 4.407943833939498e-06, 4.40141957369633e-06, 4.70177519673598e-06, 5.095891992823454e-06, 4.3379382077546325e-06, 6.181285243656021e-06, 4.796043413080042e-06, 4.7699759306851774e-06, 4.438618816493545e-06, 3.7102608985151164e-06, 5.292316927807406e-06, 5.115740805194946e-06, 4.245297532179393e-06, 3.4901845538115595e-06, 3.941105205740314e-06, 3.97183657696587e-06, 4.6071036194916815e-06, 3.5758698686549906e-06, 3.483892442091019e-06, 3.07217987938202e-06, 3.754541467060335e-06, 3.983384885941632e-06, 3.654359716165345e-06, 3.349209464431624e-06, 4.602257831720635e-06, 5.830154350405792e-06, 3.987299351138063e-06, 4.343890395830385e-06, 3.888795617967844e-06, 3.918255970347673e-06], "mse": [0.0018932954408228397, 0.0008512887288816273, 0.000321720028296113, 0.00013611796020995826, 9.57815718720667e-05, 7.269377238117158e-05, 6.54023970128037e-05, 4.565983181237243e-05, 3.7759960832772776e-05, 3.585783269954845e-05, 2.9907152566011064e-05, 2.5878509404719807e-05, 2.3934964701766148e-05, 2.3958073143148795e-05, 2.4144579583662562e-05, 2.4102613679133356e-05, 2.0001349184894934e-05, 2.0026536731165834e-05, 1.8508342691347934e-05, 1.596827496541664e-05, 1.5720299415988848e-05, 1.4701318832521793e-05, 1.4798119991610292e-05, 1.356627581117209e-05, 1.3305975699040573e-05, 1.3429588761937339e-05, 1.2170715308457147e-05, 1.2560268260131124e-05, 1.1707249541359488e-05, 1.1829604773083702e-05, 1.1236476893827785e-05, 1.251699541171547e-05, 1.1086063750553876e-05, 1.0222837772744242e-05, 9.991204933612607e-06, 8.607175004726741e-06, 8.497339877067134e-06, 8.944144610723015e-06, 9.233453965862282e-06, 1.0177059266425204e-05, 8.586162948631682e-06, 8.02117574494332e-06, 7.436299256369239e-06, 7.625729722349206e-06, 7.133687631721841e-06, 7.640773219463881e-06, 7.421696409437573e-06, 9.895710718410555e-06, 9.51742367760744e-06, 7.88359648140613e-06, 7.446640665875748e-06, 7.195725174824474e-06, 6.7260489231557585e-06, 7.772116987325717e-06, 7.58175838200259e-06, 7.304970495169982e-06, 5.495216555573279e-06, 6.474658221122809e-06, 6.031716111465357e-06, 5.465482900035568e-06, 5.665019671141636e-06, 5.362689080357086e-06, 6.39547897662851e-06, 6.082399067963706e-06, 6.315092832664959e-06, 6.032827059243573e-06, 5.203385171625996e-06, 5.139904260431649e-06, 5.749308456870494e-06, 6.960954124224372e-06, 6.353952812787611e-06, 5.909656010771869e-06, 7.518618986068759e-06, 5.265739673632197e-06, 4.563232778309612e-06, 5.386623797676293e-06, 8.558591616747435e-06, 4.407943833939498e-06, 4.40141957369633e-06, 4.70177519673598e-06, 5.095891992823454e-06, 4.3379382077546325e-06, 6.181285243656021e-06, 4.796043413080042e-06, 4.7699759306851774e-06, 4.438618816493545e-06, 3.7102608985151164e-06, 5.292316927807406e-06, 5.115740805194946e-06, 4.245297532179393e-06, 3.4901845538115595e-06, 3.941105205740314e-06, 3.97183657696587e-06, 4.6071036194916815e-06, 3.5758698686549906e-06, 3.4838928968383698e-06, 3.07217987938202e-06, 3.754541467060335e-06, 3.983384885941632e-06, 3.654359716165345e-06, 3.349209464431624e-06, 4.602257831720635e-06, 5.830154350405792e-06, 3.987299351138063e-06, 4.343890395830385e-06, 3.888795617967844e-06, 3.918255515600322e-06], "val_loss": [0.0013478625332936645, 0.000540295266546309, 0.00025302599533461034, 0.0001259359560208395, 0.00010474482405697927, 8.442824764642864e-05, 6.017484702169895e-05, 5.3185583965387195e-05, 4.158529554842971e-05, 4.289655771572143e-05, 3.479354563751258e-05, 3.280041346442886e-05, 3.203747110092081e-05, 2.942052742582746e-05, 3.443214882281609e-05, 2.9868851925130002e-05, 2.6500365493120626e-05, 2.9599950721603818e-05, 2.528287768654991e-05, 2.606783527880907e-05, 2.3936005163704976e-05, 2.475691508152522e-05, 2.40318950091023e-05, 2.3246191631187685e-05, 2.2202169930096716e-05, 2.5067480237339623e-05, 2.2315371097647585e-05, 2.6724772396846674e-05, 2.0874213078059256e-05, 2.1243775336188264e-05, 2.0080437025171705e-05, 2.2805634216638282e-05, 2.1853249563719146e-05, 2.0659319488913752e-05, 1.8824272046913393e-05, 2.0039145965711214e-05, 1.933876956172753e-05, 1.815737778088078e-05, 1.9493401850922965e-05, 2.051546653092373e-05, 1.787420842447318e-05, 2.0215820768498816e-05, 1.864458499767352e-05, 1.7857306374935433e-05, 1.8903057934949175e-05, 1.7367134205414914e-05, 1.7095708244596608e-05, 2.5559360437910073e-05, 1.741010601108428e-05, 1.870683627203107e-05, 1.881252319435589e-05, 2.0119774490012787e-05, 1.813186645449605e-05, 2.1846060917596333e-05, 1.7679540178505704e-05, 1.7206974007422104e-05, 1.6209289242397062e-05, 1.614378925296478e-05, 1.6080657587735914e-05, 1.579280615260359e-05, 1.6454001524834894e-05, 1.7223826944245957e-05, 1.8288008504896425e-05, 1.854240872489754e-05, 1.6556357877561823e-05, 1.6759995560278185e-05, 1.6537813280592673e-05, 1.5968051229720004e-05, 1.5779434761498123e-05, 1.9242981579736806e-05, 1.5691553926444612e-05, 2.7391419280320406e-05, 1.7844899048213847e-05, 1.5655665265512653e-05, 1.5972238543326966e-05, 3.069845479330979e-05, 1.626452649361454e-05, 1.895310742838774e-05, 1.506060561951017e-05, 1.9530893041519448e-05, 1.5005221030151006e-05, 1.6408059309469536e-05, 1.61272819241276e-05, 1.5639692719560117e-05, 1.5637173419236206e-05, 1.4801606084802188e-05, 1.5829828043933958e-05, 1.9420964235905558e-05, 1.5885061657172628e-05, 1.4289620594354346e-05, 1.5801069821463898e-05, 1.5414007066283375e-05, 1.627542769710999e-05, 1.5265988622559234e-05, 1.4795269635214936e-05, 1.4586421457352117e-05, 1.4157701116346288e-05, 1.5446034012711607e-05, 1.5319836165872402e-05, 1.4523833669954911e-05, 1.4630300029239152e-05, 2.458162089169491e-05, 1.6032317944336683e-05, 1.5696563423261978e-05, 1.791075374057982e-05, 1.4508143067359924e-05, 1.4632491911470424e-05],