{"loss": [0.0021448724437505007, 0.001566841034218669, 0.001020402298308909, 0.0006092249532230198, 0.0003974274732172489, 0.0002436190115986392, 0.00016168034926522523, 0.00013366775237955153, 0.00011835798795800656, 0.00010345564078306779, 9.549102105665952e-05, 9.706192940939218e-05, 8.653639088151976e-05, 7.87479366408661e-05, 7.788014772813767e-05, 7.129288860596716e-05, 6.498067523352802e-05, 6.395822128979489e-05, 6.036563354427926e-05, 6.036618287907913e-05, 5.8231344155501574e-05, 5.409125151345506e-05, 5.568267806665972e-05, 5.256195436231792e-05, 4.935604374622926e-05, 4.769245788338594e-05, 4.640306724468246e-05, 4.5645905629498884e-05, 4.512543819146231e-05, 4.913979864795692e-05, 4.4625496229855344e-05, 4.112547685508616e-05, 3.850689245155081e-05, 3.883676617988385e-05, 3.744895730051212e-05, 3.5811084671877325e-05, 3.5604323784355074e-05, 3.659776848508045e-05, 3.4579436032800004e-05, 3.343949356349185e-05, 3.368384204804897e-05, 3.2766278309281915e-05, 3.2132345950230956e-05, 3.221845690859482e-05, 3.269398439442739e-05], "mse": [0.0021448724437505007, 0.001566841034218669, 0.001020402298308909, 0.0006092249532230198, 0.0003974274732172489, 0.0002436190115986392, 0.00016168034926522523, 0.00013366775237955153, 0.00011835798795800656, 0.00010345564078306779, 9.549102105665952e-05, 9.706192940939218e-05, 8.653639815747738e-05, 7.87479366408661e-05, 7.788014772813767e-05, 7.129288860596716e-05, 6.498067523352802e-05, 6.395822128979489e-05, 6.036563354427926e-05, 6.036618287907913e-05, 5.8231344155501574e-05, 5.409125151345506e-05, 5.568267806665972e-05, 5.256195436231792e-05, 4.935604374622926e-05, 4.769245788338594e-05, 4.640306724468246e-05, 4.5645905629498884e-05, 4.512543819146231e-05, 4.913979864795692e-05, 4.4625496229855344e-05, 4.112547685508616e-05, 3.850689245155081e-05, 3.883676617988385e-05, 3.744895730051212e-05, 3.5811084671877325e-05, 3.5604323784355074e-05, 3.659776848508045e-05, 3.4579436032800004e-05, 3.343949356349185e-05, 3.368384204804897e-05, 3.2766278309281915e-05, 3.2132345950230956e-05, 3.221845690859482e-05, 3.269398439442739e-05], "val_loss": [0.0016739170532673597, 0.0012263031676411629, 0.0008729455876164138, 0.0006132388371042907, 0.00041566271102055907, 0.00022416286810766906, 0.000185955737833865, 0.00014239150914363563, 0.00014369282871484756, 0.00011432661995058879, 0.00011806234397226945, 0.00010694675438571721, 9.847937326412648e-05, 9.125949873123318e-05, 8.902915578801185e-05, 8.762031939113513e-05, 8.672270632814616e-05, 8.445588900940493e-05, 8.111224451567978e-05, 9.638017218094319e-05, 6.585188384633511e-05, 7.626935257576406e-05, 8.426598651567474e-05, 6.600360211450607e-05, 6.386990571627393e-05, 6.815542292315513e-05, 6.522253534058109e-05, 6.153975846245885e-05, 5.8925081248162314e-05, 5.7155157264787704e-05, 7.32689950382337e-05, 6.0728052631020546e-05, 6.187127291923389e-05, 5.5119791795732453e-05, 5.3962179663358256e-05, 5.822025559609756e-05, 6.433441012632102e-05, 5.9414735005702823e-05, 5.737185711041093e-05, 6.232193118194118e-05, 5.576732291956432e-05, 5.99194027017802e-05, 5.397406130214222e-05, 6.753607885912061e-05, 5.984869130770676e-05], "val_mse": [0.0016739170532673597, 0.0012263031676411629, 0.0008729455876164138, 0.0006132388371042907, 0.00041566271102055907, 0.0002241628972114995, 0.000185955737833865, 0.00014239150914363563, 0.00014369282871484756, 0.00011432661995058879, 0.00011806234397226945, 0.00010694675438571721, 9.847937326412648e-05, 9.125949873123318e-05, 8.902915578801185e-05, 8.762031939113513e-05, 8.672270632814616e-05, 8.445588900940493e-05, 8.111224451567978e-05, 9.638017218094319e-05, 6.585188384633511e-05, 7.626935985172167e-05, 8.426597196375951e-05, 6.600360211450607e-05, 6.386990571627393e-05, 6.815542292315513e-05, 6.522253534058109e-05, 6.153975846245885e-05, 5.8925081248162314e-05, 5.7155157264787704e-05, 7.32689950382337e-05, 6.0728052631020546e-05, 6.187126564327627e-05, 5.5119791795732453e-05, 5.3962179663358256e-05, 5.822026287205517e-05, 6.433441012632102e-05, 5.9414735005702823e-05, 5.737185711041093e-05, 6.232193118194118e-05, 5.576732291956432e-05, 5.99194027017802e-05, 5.397406130214222e-05, 6.753607885912061e-05, 5.984869130770676e-05]}