{"loss": [0.0015135746216401458, 0.00024466332979500294, 0.00014460970123764127, 0.00010356083657825366, 8.087159949354827e-05, 6.973584822844714e-05, 6.320167449302971e-05, 5.516205055755563e-05, 5.2669915021397173e-05, 4.867229290539399e-05, 4.975334741175175e-05, 4.671146598411724e-05, 4.431289926287718e-05, 4.2700095946202055e-05, 4.4977972720516846e-05, 4.1160987166222185e-05, 3.869888314511627e-05, 4.239504050929099e-05, 3.917315189028159e-05, 3.6135581467533484e-05, 3.60409940185491e-05, 3.638952330220491e-05, 3.478148937574588e-05, 3.467770147835836e-05, 3.503520929371007e-05, 3.347128222230822e-05, 3.4323413274250925e-05, 3.503718107822351e-05, 3.202327206963673e-05, 3.208061752957292e-05, 3.295722490292974e-05, 3.214108437532559e-05, 3.0991224775789306e-05, 3.2353793358197436e-05, 3.176851532771252e-05, 3.056235800613649e-05, 3.295466012787074e-05, 3.2280724553857e-05, 3.0015364245628007e-05, 2.8633279725909233e-05, 2.777842564682942e-05, 2.854079684766475e-05, 2.8505921363830566e-05, 2.7770256565418094e-05], "mse": [0.0015135746216401458, 0.00024466332979500294, 0.00014460970123764127, 0.00010356083657825366, 8.087159949354827e-05, 6.973584822844714e-05, 6.320167449302971e-05, 5.516205055755563e-05, 5.2669915021397173e-05, 4.867229290539399e-05, 4.975334741175175e-05, 4.671146598411724e-05, 4.431289926287718e-05, 4.2700095946202055e-05, 4.4977972720516846e-05, 4.1160987166222185e-05, 3.869888314511627e-05, 4.239504050929099e-05, 3.917315189028159e-05, 3.6135581467533484e-05, 3.60409940185491e-05, 3.638952330220491e-05, 3.478148937574588e-05, 3.467770147835836e-05, 3.5035212931688875e-05, 3.347128222230822e-05, 3.4323413274250925e-05, 3.503718107822351e-05, 3.202327206963673e-05, 3.208061752957292e-05, 3.295722490292974e-05, 3.214108437532559e-05, 3.0991224775789306e-05, 3.2353793358197436e-05, 3.1768511689733714e-05, 3.056235800613649e-05, 3.295466012787074e-05, 3.2280724553857e-05, 3.0015364245628007e-05, 2.8633279725909233e-05, 2.777842564682942e-05, 2.854079684766475e-05, 2.8505921363830566e-05, 2.7770256565418094e-05], "val_loss": [0.0004338675062172115, 0.000189321261132136, 0.0001372019323753193, 0.00010730125359259546, 9.834033699007705e-05, 9.31087852222845e-05, 8.151220390573144e-05, 7.513003947678953e-05, 7.22442491678521e-05, 6.979606405366212e-05, 7.289992936421186e-05, 6.695382035104558e-05, 6.480817683041096e-05, 6.945483619347215e-05, 7.693152292631567e-05, 6.320959073491395e-05, 6.174295413075015e-05, 5.9912752476520836e-05, 5.854102346347645e-05, 5.6763899920042604e-05, 5.76145394006744e-05, 6.372272036969662e-05, 5.540420170291327e-05, 5.542910730582662e-05, 5.5491331295343116e-05, 5.637694266624749e-05, 5.357596091926098e-05, 5.4045402066549286e-05, 5.2209557907190174e-05, 5.28498349012807e-05, 5.4313335567712784e-05, 5.29241151525639e-05, 5.3385028877528384e-05, 5.013322879676707e-05, 5.9722668083850294e-05, 5.4108899348648265e-05, 5.1559851272031665e-05, 5.2549374231602997e-05, 5.143250018591061e-05, 5.211383540881798e-05, 5.26360199728515e-05, 5.1600869483081624e-05, 5.034072819398716e-05, 5.169126234250143e-05], "val_mse": [0.0004338675062172115, 0.000189321261132136, 0.0001372019323753193, 0.00010730125359259546, 9.834033699007705e-05, 9.31087852222845e-05, 8.151220390573144e-05, 7.513003220083192e-05, 7.22442491678521e-05, 6.979606405366212e-05, 7.289992936421186e-05, 6.695382035104558e-05, 6.480817683041096e-05, 6.945483619347215e-05, 7.693152292631567e-05, 6.320959073491395e-05, 6.174295413075015e-05, 5.9912752476520836e-05, 5.854102346347645e-05, 5.6763899920042604e-05, 5.76145394006744e-05, 6.372272036969662e-05, 5.540420170291327e-05, 5.542910730582662e-05, 5.549133857130073e-05, 5.637694266624749e-05, 5.357596091926098e-05, 5.4045402066549286e-05, 5.2209557907190174e-05, 5.28498349012807e-05, 5.4313335567712784e-05, 5.29241151525639e-05, 5.3385028877528384e-05, 5.013322879676707e-05, 5.9722668083850294e-05, 5.4108899348648265e-05, 5.1559851272031665e-05, 5.2549374231602997e-05, 5.143250018591061e-05, 5.211383540881798e-05, 5.26360199728515e-05, 5.1600869483081624e-05, 5.034072819398716e-05, 5.169126234250143e-05]}