{"loss": [0.002161347074434161, 0.0014273615088313818, 0.0010329507058486342, 0.0007166174473240972, 0.0004572322068270296, 0.0002675068681128323, 0.00015828826872166246, 0.00011423209070926532, 0.00010654221114236861, 9.372374188387766e-05, 8.28678093967028e-05, 6.745038990629837e-05, 5.7531440688762814e-05, 5.406332638813183e-05, 4.979130608262494e-05, 4.3250740418443456e-05, 3.974349601776339e-05, 3.620173447416164e-05, 3.4021457395283505e-05, 2.9323189664864913e-05, 2.8023085178574547e-05, 2.5334928068332374e-05, 2.3816759494366124e-05, 2.2308280676952563e-05, 2.226253127446398e-05, 1.979122134798672e-05, 1.867324135673698e-05, 1.8948026990983635e-05, 1.8625503798830323e-05, 1.6994683392113075e-05, 1.606851765245665e-05, 1.5961752069415525e-05, 1.4853741049591918e-05, 1.3400186617218424e-05, 1.3327696251508314e-05, 1.2314247214817442e-05, 1.3548487913794816e-05, 1.1371935215720441e-05, 1.1302831808279734e-05, 1.0716647011577152e-05, 1.0073717930936255e-05, 1.0022870810644235e-05, 9.529065209790133e-06, 9.58429245656589e-06, 8.521903509972617e-06, 8.692104529473e-06, 8.133980372804217e-06, 8.30041153676575e-06, 8.693061317899264e-06, 8.304568837047555e-06, 8.988734407466836e-06, 7.855674084567e-06, 7.198142611741787e-06, 7.827285116945859e-06, 6.883788500999799e-06, 6.777107046218589e-06, 6.484734967671102e-06, 6.137772288639098e-06, 6.244795258680824e-06, 5.728586984332651e-06, 6.182091510709142e-06, 6.000848770781886e-06, 5.6971548474393785e-06, 6.2702079048904125e-06, 5.232310286373831e-06, 5.364121534512378e-06, 4.572900252242107e-06, 4.704561433754861e-06, 4.773725777340587e-06, 5.1531687859096564e-06, 4.7620933401049115e-06, 4.504861408349825e-06, 4.1406360651308205e-06, 4.27344912168337e-06, 4.609592906490434e-06, 3.978522272518603e-06, 3.6644833016907796e-06, 3.740273768926272e-06, 3.8716507333447225e-06, 4.032773176732007e-06, 3.6876324429613305e-06, 4.164622623648029e-06, 4.0809209167491645e-06, 3.7035629247839097e-06, 3.4524393868196057e-06, 3.3383071240677964e-06, 3.6264614209358115e-06, 3.887573257088661e-06, 4.305996753828367e-06], "mse": [0.002161347074434161, 0.0014273615088313818, 0.0010329505894333124, 0.0007166174473240972, 0.0004572322068270296, 0.0002675068681128323, 0.00015828826872166246, 0.00011423206888139248, 0.00010654221114236861, 9.372374188387766e-05, 8.286781667266041e-05, 6.745038990629837e-05, 5.7531440688762814e-05, 5.406332638813183e-05, 4.979130608262494e-05, 4.3250740418443456e-05, 3.974349601776339e-05, 3.620173447416164e-05, 3.4021457395283505e-05, 2.9323189664864913e-05, 2.8023085178574547e-05, 2.5334928068332374e-05, 2.3816759494366124e-05, 2.230827885796316e-05, 2.226253127446398e-05, 1.979122134798672e-05, 1.867324135673698e-05, 1.8948026990983635e-05, 1.8625505617819726e-05, 1.6994683392113075e-05, 1.606851765245665e-05, 1.5961752069415525e-05, 1.4853741049591918e-05, 1.3400186617218424e-05, 1.3327696251508314e-05, 1.2314247214817442e-05, 1.3548487913794816e-05, 1.1371935215720441e-05, 1.1302831808279734e-05, 1.0716647011577152e-05, 1.0073717930936255e-05, 1.0022869901149534e-05, 9.529065209790133e-06, 9.58429245656589e-06, 8.521903509972617e-06, 8.692103619978298e-06, 8.133980372804217e-06, 8.30041153676575e-06, 8.693061317899264e-06, 8.304568837047555e-06, 8.988734407466836e-06, 7.855674084567e-06, 7.198142611741787e-06, 7.827285116945859e-06, 6.883788500999799e-06, 6.777107046218589e-06, 6.484734967671102e-06, 6.137772288639098e-06, 6.244795258680824e-06, 5.728586984332651e-06, 6.182091510709142e-06, 6.000848770781886e-06, 5.6971548474393785e-06, 6.2702079048904125e-06, 5.232310286373831e-06, 5.364121534512378e-06, 4.572900252242107e-06, 4.704561433754861e-06, 4.773725777340587e-06, 5.1531687859096564e-06, 4.7620933401049115e-06, 4.504861408349825e-06, 4.1406360651308205e-06, 4.27344912168337e-06, 4.609592906490434e-06, 3.978522272518603e-06, 3.6644833016907796e-06, 3.740273768926272e-06, 3.8716507333447225e-06, 4.032773176732007e-06, 3.6876324429613305e-06, 4.164622623648029e-06, 4.0809209167491645e-06, 3.7035629247839097e-06, 3.4524393868196057e-06, 3.3383071240677964e-06, 3.6264614209358115e-06, 3.887573257088661e-06, 4.305996753828367e-06], "val_loss": [0.002159763826057315, 0.00153271050658077, 0.0011169638019055128, 0.0006992106209509075, 0.00045237765880301595, 0.0002565078902989626, 0.00022135367908049375, 0.00018370244652032852, 0.0001370153040625155, 0.0001594770437804982, 0.0001224819861818105, 0.00011357224866515025, 9.002540173241869e-05, 9.789292380446568e-05, 8.259307651314884e-05, 0.00010242457210551947, 7.273168012034148e-05, 8.650020754430443e-05, 7.367526995949447e-05, 8.370781142730266e-05, 6.443723395932466e-05, 6.845571624580771e-05, 6.209593266248703e-05, 5.400640657171607e-05, 5.428634904092178e-05, 5.852123649674468e-05, 5.7819146604742855e-05, 5.40095497854054e-05, 6.696052878396586e-05, 5.696925290976651e-05, 5.5965425417525694e-05, 4.747405182570219e-05, 4.7061475925147533e-05, 5.52659148524981e-05, 5.360140494303778e-05, 5.472214979818091e-05, 5.4182815802050754e-05, 4.355839337222278e-05, 4.8986934416461736e-05, 4.2845676944125444e-05, 4.859435648540966e-05, 4.563411130220629e-05, 4.456300666788593e-05, 5.43074456800241e-05, 4.1677260014694184e-05, 4.082343730260618e-05, 4.2156527342740446e-05, 4.291922596166842e-05, 4.360670209280215e-05, 3.9177422877401114e-05, 3.7495959986699745e-05, 4.501633520703763e-05, 4.1647617763374e-05, 3.609807026805356e-05, 3.850403300020844e-05, 4.232965875416994e-05, 3.67858046956826e-05, 4.429797627381049e-05, 3.709064912982285e-05, 3.891103551723063e-05, 3.784279033425264e-05, 3.7016103306086734e-05, 3.912715328624472e-05, 3.508474401314743e-05, 3.887252387357876e-05, 3.612858563428745e-05, 3.578621181077324e-05, 3.733985795406625e-05, 4.131695459363982e-05, 3.367044701008126e-05, 3.861296136165038e-05, 3.5088200093014166e-05, 3.619375274865888e-05, 4.1781684558372945e-05, 3.5375105653656647e-05, 3.826132888207212e-05, 3.6453209759201854e-05, 3.488986840238795e-05, 3.224084503017366e-05, 3.293626650702208e-05, 3.3186930522788316e-05, 3.538594319252297e-05, 3.873540845233947e-05, 3.809814734268002e-05, 3.2945845305221155e-05, 3.314205241622403e-05, 3.45519874827005e-05, 3.2647931220708415e-05, 3.384036244824529e-05],