{"loss": [0.0035025894176214933, 0.002618950791656971, 0.0023172558285295963, 0.002145156729966402, 0.0021132195834070444, 0.0020541746634989977, 0.0020169292110949755, 0.002002463676035404, 0.001988859847187996, 0.0019677667878568172, 0.001947003765963018, 0.0019468549871817231, 0.0019348354544490576, 0.0019242038251832128, 0.001913498155772686, 0.0019003436900675297, 0.001886902842670679, 0.0018768183654174209, 0.0018738278886303306, 0.0018658285262063146, 0.0018612454878166318, 0.0018659249180927873, 0.0018430224154144526], "mse": [0.0035025894176214933, 0.002618950791656971, 0.00231725606136024, 0.002145156729966402, 0.0021132195834070444, 0.0020541748963296413, 0.0020169292110949755, 0.002002463676035404, 0.001988859847187996, 0.0019677667878568172, 0.001947003765963018, 0.0019468549871817231, 0.0019348354544490576, 0.0019242038251832128, 0.001913498155772686, 0.0019003439228981733, 0.0018869030755013227, 0.0018768183654174209, 0.0018738278886303306, 0.0018658285262063146, 0.0018612454878166318, 0.0018659249180927873, 0.0018430222989991307], "val_loss": [0.0026479505468159914, 0.0021666684187948704, 0.0019580975640565157, 0.0019220224348828197, 0.0017773531144484878, 0.0018424534937366843, 0.0019004808273166418, 0.0017608159687370062, 0.0017718435265123844, 0.0017930300673469901, 0.0017865280387923121, 0.0017636999255046248, 0.0017278629820793867, 0.001802075537852943, 0.0017917393706738949, 0.0017838231287896633, 0.0017774623120203614, 0.0018575689755380154, 0.0017808547709137201, 0.0017704869387671351, 0.0018837415846064687, 0.0018490612274035811, 0.001779736252501607], "val_mse": [0.0026479505468159914, 0.0021666684187948704, 0.0019580975640565157, 0.0019220224348828197, 0.0017773531144484878, 0.0018424534937366843, 0.0019004808273166418, 0.0017608159687370062, 0.0017718435265123844, 0.0017930300673469901, 0.0017865280387923121, 0.0017636999255046248, 0.0017278629820793867, 0.001802075537852943, 0.0017917393706738949, 0.0017838231287896633, 0.0017774623120203614, 0.0018575689755380154, 0.0017808547709137201, 0.0017704869387671351, 0.0018837415846064687, 0.0018490612274035811, 0.001779736252501607]}