{"loss": [0.09045649319887161, 0.08780351281166077, 0.08707232028245926, 0.08600657433271408, 0.08503769338130951, 0.0839170441031456, 0.08385561406612396, 0.08236817270517349, 0.08177048712968826, 0.08087541162967682, 0.08028872311115265, 0.07988768815994263, 0.0787336677312851, 0.07774295657873154, 0.0771818608045578, 0.07595285028219223, 0.07569614052772522, 0.07454993575811386, 0.07341481745243073, 0.07290744036436081, 0.07193738222122192], "mse": [0.09045649319887161, 0.08780351281166077, 0.08707232028245926, 0.08600657433271408, 0.08503769338130951, 0.0839170441031456, 0.08385561406612396, 0.08236817270517349, 0.08177048712968826, 0.08087541162967682, 0.08028872311115265, 0.07988768815994263, 0.0787336677312851, 0.07774295657873154, 0.0771818608045578, 0.07595285028219223, 0.07569614052772522, 0.07454993575811386, 0.07341481745243073, 0.07290744036436081, 0.07193738222122192], "val_loss": [0.0742209404706955, 0.072459876537323, 0.07211484760046005, 0.0728021040558815, 0.07266755402088165, 0.0709383487701416, 0.07275374978780746, 0.07207146286964417, 0.07177098095417023, 0.0718654990196228, 0.07092764228582382, 0.07337833195924759, 0.07338543981313705, 0.07624468952417374, 0.07243317365646362, 0.07216085493564606, 0.07283041626214981, 0.07412038743495941, 0.07494351267814636, 0.07640944421291351, 0.07771561294794083], "val_mse": [0.0742209404706955, 0.072459876537323, 0.07211484760046005, 0.0728021040558815, 0.07266755402088165, 0.0709383487701416, 0.07275374978780746, 0.07207146286964417, 0.07177098095417023, 0.0718654990196228, 0.07092764228582382, 0.07337833195924759, 0.07338543981313705, 0.07624468952417374, 0.07243317365646362, 0.07216085493564606, 0.07283041626214981, 0.07412038743495941, 0.07494351267814636, 0.07640944421291351, 0.07771561294794083]}