{"loss": [0.0021615109872072935, 0.0019081480568274856, 0.0017246868228539824, 0.0015121059259399772, 0.001266496255993843, 0.0010289918864145875, 0.0007970837759785354, 0.0005828033317811787, 0.0004206191806588322, 0.00029421510407701135, 0.00021855188242625445, 0.00018180275219492614, 0.0001648101315367967, 0.00014049693709239364, 0.00012008920020889491, 0.00010920325439656153, 0.00010214663052465767, 9.990689432015643e-05, 8.689946116646752e-05, 8.267952216556296e-05, 7.593283226015046e-05, 7.273234950844198e-05, 6.987580854911357e-05, 6.714378105243668e-05, 6.522912008222193e-05, 6.420131103368476e-05, 6.27994304522872e-05, 5.658774171024561e-05, 5.305813829181716e-05, 5.387065539252944e-05, 5.3217721870169044e-05, 5.824592153658159e-05, 5.227547444519587e-05, 4.8290683480445296e-05, 4.7141154936980456e-05, 4.462685319595039e-05, 4.378012090455741e-05, 4.195646397420205e-05, 4.0438004361931235e-05, 3.862503945128992e-05, 3.6622594052460045e-05, 3.732102777576074e-05, 3.712814213940874e-05, 3.573667345335707e-05, 3.656287299236283e-05, 3.275628841947764e-05, 3.241189187974669e-05, 3.07423688354902e-05, 3.0737031920580193e-05, 2.8688533348031342e-05, 2.8461101464927197e-05, 2.9517104849219322e-05, 2.9004941097809933e-05, 3.0709434213349596e-05, 2.996780131070409e-05, 3.1137395126279444e-05, 2.8617481802939437e-05, 2.4921115254983306e-05, 2.4095457774819806e-05, 2.4109662263072096e-05, 2.7881227651960216e-05, 2.529475386836566e-05, 2.5378112695761956e-05, 2.3107628294383176e-05, 2.2041387637727894e-05, 2.1811067199450918e-05, 2.2515943783218972e-05, 2.16761927731568e-05, 2.1926534827798605e-05, 2.2394920961232856e-05, 2.3075350327417254e-05, 2.006211070693098e-05, 2.0433979443623684e-05, 1.9976259864051826e-05, 2.0602252334356308e-05], "mse": [0.0021615109872072935, 0.0019081480568274856, 0.0017246868228539824, 0.0015121059259399772, 0.001266496255993843, 0.0010289918864145875, 0.0007970837759785354, 0.0005828033317811787, 0.0004206191806588322, 0.00029421510407701135, 0.00021855188242625445, 0.00018180275219492614, 0.0001648101315367967, 0.00014049693709239364, 0.00012008920020889491, 0.00010920325439656153, 0.00010214663052465767, 9.990689432015643e-05, 8.689946116646752e-05, 8.267952216556296e-05, 7.593283226015046e-05, 7.273234950844198e-05, 6.987580854911357e-05, 6.714378105243668e-05, 6.522912008222193e-05, 6.420131103368476e-05, 6.27994304522872e-05, 5.658774171024561e-05, 5.305813829181716e-05, 5.387065539252944e-05, 5.3217721870169044e-05, 5.824592153658159e-05, 5.227547444519587e-05, 4.8290683480445296e-05, 4.7141154936980456e-05, 4.462685319595039e-05, 4.378012090455741e-05, 4.195646397420205e-05, 4.0438004361931235e-05, 3.862503945128992e-05, 3.6622594052460045e-05, 3.732102777576074e-05, 3.712814213940874e-05, 3.573667345335707e-05, 3.656287299236283e-05, 3.275628841947764e-05, 3.241189187974669e-05, 3.07423688354902e-05, 3.0737031920580193e-05, 2.8688533348031342e-05, 2.8461101464927197e-05, 2.9517104849219322e-05, 2.9004941097809933e-05, 3.0709434213349596e-05, 2.996780131070409e-05, 3.1137395126279444e-05, 2.8617481802939437e-05, 2.4921115254983306e-05, 2.4095457774819806e-05, 2.4109662263072096e-05, 2.7881227651960216e-05, 2.529475386836566e-05, 2.5378112695761956e-05, 2.3107628294383176e-05, 2.2041387637727894e-05, 2.1811067199450918e-05, 2.2515943783218972e-05, 2.16761927731568e-05, 2.1926534827798605e-05, 2.2394920961232856e-05, 2.3075350327417254e-05, 2.006211070693098e-05, 2.0433979443623684e-05, 1.9976259864051826e-05, 2.0602250515366904e-05], "val_loss": [0.0026621846482157707, 0.0025164170656353235, 0.002126441104337573, 0.00181604886893183, 0.0014346258249133825, 0.0012286148266866803, 0.000770390615798533, 0.0005411368329077959, 0.00037167652044445276, 0.0002731198619585484, 0.00020857047638855875, 0.0001841077028075233, 0.00017849061987362802, 0.00018760166130959988, 0.00015658776101190597, 0.00014152131916489452, 0.00014717534941155463, 0.0001800806785468012, 0.00015375226212199777, 0.00013923333608545363, 0.00013406539801508188, 0.00012961719767190516, 0.00012786267325282097, 0.0001191430856124498, 0.00013571111776400357, 0.00011527414608281106, 0.000126348139019683, 0.00011522685963427648, 0.00011668736260617152, 0.0001241465361090377, 0.00011427940626163036, 0.00010541535448282957, 0.00012188334949314594, 0.00010492955334484577, 0.00010377967555541545, 0.00010793002002174035, 0.00010638751700753346, 9.911654342431575e-05, 0.00010126882989425212, 0.00010805255442392081, 0.00010332958481740206, 0.00010041552741313353, 0.00010391089745098725, 9.885239705909044e-05, 0.00010279107664246112, 9.612944995751604e-05, 9.342747216578573e-05, 9.553733980283141e-05, 9.533317643217742e-05, 9.32910552364774e-05, 8.976971730589867e-05, 9.758229134604335e-05, 8.860212983563542e-05, 9.906158084049821e-05, 8.922341658035293e-05, 9.410202619619668e-05, 9.244494140148163e-05, 9.147695527644828e-05, 8.63628665683791e-05, 9.046478953678161e-05, 8.8757966295816e-05, 9.067833889275789e-05, 8.789110870566219e-05, 8.531789353583008e-05, 8.419582445640117e-05, 8.55882462929003e-05, 8.760817581787705e-05, 8.508130122208968e-05, 9.200388740282506e-05, 8.615700789960101e-05, 8.542549039702863e-05, 8.927751332521439e-05, 8.565044845454395e-05, 8.620094740763307e-05, 8.431720925727859e-05], "val_mse": [0.0026621846482157707, 0.0025164170656353235, 0.002126441104337573, 0.00181604886893183, 0.0014346257084980607, 0.0012286147102713585, 0.000770390615798533, 0.0005411368329077959, 0.0003716764913406223, 0.0002731198619585484, 0.00020857047638855875, 0.0001841077028075233, 0.00017849061987362802, 0.00018760166130959988, 0.00015658776101190597, 0.00014152131916489452, 0.00014717534941155463, 0.0001800806785468012, 0.000153752276673913, 0.00013923333608545363, 0.00013406539801508188, 0.00012961719767190516, 0.00012786267325282097, 0.0001191430856124498, 0.00013571111776400357, 0.00011527414608281106, 0.000126348139019683, 0.00011522685963427648, 0.00011668736260617152, 0.0001241465361090377, 0.00011427940626163036, 0.00010541535448282957, 0.00012188334949314594, 0.00010492955334484577, 0.00010377967555541545, 0.00010793002002174035, 0.00010638751700753346, 9.911654342431575e-05, 0.00010126882989425212, 0.00010805255442392081, 0.00010332958481740206, 0.00010041552741313353, 0.00010391089745098725, 9.885239705909044e-05, 0.00010279107664246112, 9.612944995751604e-05, 9.342747216578573e-05, 9.553733980283141e-05, 9.533317643217742e-05, 9.32910552364774e-05, 8.976971730589867e-05, 9.758229134604335e-05, 8.860212983563542e-05, 9.906158084049821e-05, 8.922341658035293e-05, 9.410202619619668e-05, 9.244494140148163e-05, 9.147695527644828e-05, 8.63628665683791e-05, 9.046478953678161e-05, 8.8757966295816e-05, 9.067833889275789e-05, 8.789110870566219e-05, 8.531789353583008e-05, 8.419582445640117e-05, 8.558823901694268e-05, 8.760817581787705e-05, 8.508130849804729e-05, 9.200388740282506e-05, 8.615701517555863e-05, 8.542549039702863e-05, 8.927751332521439e-05, 8.565044117858633e-05, 8.620094740763307e-05, 8.431720925727859e-05]}