{"loss": [0.001335278619080782, 0.00018188748799730092, 9.859533020062372e-05, 7.393910345854238e-05, 5.895349750062451e-05, 5.1030619943048805e-05, 4.72237697977107e-05, 4.5297165343072265e-05, 4.711403380497359e-05, 3.821690188487992e-05, 3.8674323150189593e-05, 3.694848783197813e-05, 3.493879557936452e-05, 3.3792155591072515e-05, 3.4506243537180126e-05, 3.291716711828485e-05, 3.150714474031702e-05, 3.151273267576471e-05, 3.133438076474704e-05, 3.003709571203217e-05, 2.8221749744261615e-05, 2.8774757083738223e-05, 2.7558684450923465e-05, 2.8685703000519425e-05, 3.1500105251325294e-05, 2.9136712328181602e-05, 2.5558429115335457e-05, 2.6709009034675546e-05, 2.762398071354255e-05, 2.6527301088208333e-05, 2.5961575374822132e-05, 2.5574365281499922e-05, 2.5451485271332785e-05, 2.5648136215750128e-05, 2.4370923711103387e-05, 2.423399746476207e-05, 2.428144398436416e-05, 2.421807948849164e-05, 2.274469079566188e-05, 2.348462112422567e-05, 2.4749992007855326e-05, 2.5702069251565263e-05, 2.347065856156405e-05], "mse": [0.001335278619080782, 0.00018188748799730092, 9.859533020062372e-05, 7.393910345854238e-05, 5.895349750062451e-05, 5.1030619943048805e-05, 4.72237697977107e-05, 4.5297165343072265e-05, 4.711403380497359e-05, 3.821690188487992e-05, 3.8674323150189593e-05, 3.694848783197813e-05, 3.493879557936452e-05, 3.3792155591072515e-05, 3.4506243537180126e-05, 3.291716711828485e-05, 3.150714474031702e-05, 3.151273267576471e-05, 3.133438076474704e-05, 3.003709571203217e-05, 2.8221749744261615e-05, 2.8774757083738223e-05, 2.755868626991287e-05, 2.8685703000519425e-05, 3.150010161334649e-05, 2.9136712328181602e-05, 2.5558429115335457e-05, 2.6709009034675546e-05, 2.762398071354255e-05, 2.6527301088208333e-05, 2.5961575374822132e-05, 2.5574365281499922e-05, 2.5451485271332785e-05, 2.5648136215750128e-05, 2.4370923711103387e-05, 2.423399746476207e-05, 2.428144398436416e-05, 2.421807948849164e-05, 2.2744687157683074e-05, 2.348462112422567e-05, 2.4749992007855326e-05, 2.5702069251565263e-05, 2.347065856156405e-05], "val_loss": [0.0003050215309485793, 0.0001400505716446787, 9.563369530951604e-05, 8.193709800252691e-05, 8.977320976555347e-05, 7.206222653621808e-05, 6.420374847948551e-05, 6.591836427105591e-05, 6.554260471602902e-05, 6.18876947555691e-05, 6.10301794949919e-05, 5.742708526668139e-05, 5.765681999037042e-05, 5.776443867944181e-05, 6.0584148741327226e-05, 5.7093911891570315e-05, 6.943502376088873e-05, 6.422342994483188e-05, 5.858283111592755e-05, 5.538907862501219e-05, 5.734397564083338e-05, 6.078070873627439e-05, 5.849828085047193e-05, 5.4304317018250003e-05, 5.509429320227355e-05, 5.5996744777075946e-05, 6.10447459621355e-05, 5.908435196033679e-05, 5.722336936742067e-05, 5.511843482963741e-05, 5.877611329196952e-05, 5.6329787184949964e-05, 5.3325522458180785e-05, 5.53670251974836e-05, 5.558108023251407e-05, 5.529043119167909e-05, 5.938598042121157e-05, 6.446921906899661e-05, 5.4704752983525395e-05, 6.17677069385536e-05, 5.7103417930193245e-05, 5.740624692407437e-05, 5.556275573326275e-05], "val_mse": [0.0003050215309485793, 0.0001400505716446787, 9.563369530951604e-05, 8.193709800252691e-05, 8.977320976555347e-05, 7.206222653621808e-05, 6.420374847948551e-05, 6.591836427105591e-05, 6.554260471602902e-05, 6.18876947555691e-05, 6.10301794949919e-05, 5.742708526668139e-05, 5.765681999037042e-05, 5.776443867944181e-05, 6.0584148741327226e-05, 5.7093911891570315e-05, 6.943502376088873e-05, 6.422343722078949e-05, 5.858283111592755e-05, 5.538907862501219e-05, 5.734397564083338e-05, 6.078070873627439e-05, 5.849828085047193e-05, 5.4304317018250003e-05, 5.509429320227355e-05, 5.5996744777075946e-05, 6.10447459621355e-05, 5.908435196033679e-05, 5.722336936742067e-05, 5.511843482963741e-05, 5.877611329196952e-05, 5.6329787184949964e-05, 5.3325522458180785e-05, 5.53670251974836e-05, 5.558108023251407e-05, 5.529043119167909e-05, 5.938598042121157e-05, 6.446921906899661e-05, 5.4704752983525395e-05, 6.17677069385536e-05, 5.7103417930193245e-05, 5.740624692407437e-05, 5.556275573326275e-05]}