{"loss": [0.002055664546787739, 0.0008450397872366011, 0.00030828022863715887, 0.0001706038456177339, 0.00012543462798930705, 0.00010667013702914119, 8.627403440186754e-05, 7.749127689749002e-05, 7.232344069052488e-05, 6.41496735624969e-05, 5.844593033543788e-05, 5.26690564583987e-05, 5.2447401685640216e-05, 4.7740337322466075e-05, 4.677924880525097e-05, 4.327113856561482e-05, 4.793493644683622e-05, 3.918439688277431e-05, 3.739733074326068e-05, 3.652783561847173e-05, 3.2202297006733716e-05, 3.1772775400895625e-05, 2.9928642106824555e-05, 3.1477251468459144e-05, 2.876308462873567e-05, 2.9419094062177464e-05, 2.8070344342268072e-05, 2.768304148048628e-05, 2.641475475684274e-05, 2.5713608920341358e-05, 2.5871007892419584e-05, 2.412103276583366e-05, 2.2669149984722026e-05, 2.3637243430130184e-05, 2.3398468329105526e-05, 2.2992713638814166e-05, 2.144636346201878e-05, 2.211964238085784e-05, 2.1388281311374158e-05, 2.029313509410713e-05, 2.0283172489143908e-05, 2.0911917090415955e-05, 2.298063918715343e-05, 2.3830718419048935e-05, 2.2599915610044263e-05, 2.2140240616863593e-05, 1.956043706741184e-05, 1.834284012147691e-05, 1.9107483240077272e-05, 1.7639649740885943e-05, 1.796802825992927e-05, 2.11457609111676e-05, 1.7757562090991996e-05, 2.015829159063287e-05, 1.789506131899543e-05, 1.813544804463163e-05, 1.6672212950652465e-05, 1.6042169590946287e-05], "mse": [0.002055664546787739, 0.000845039845444262, 0.00030828022863715887, 0.0001706038456177339, 0.00012543462798930705, 0.00010667013702914119, 8.627403440186754e-05, 7.749127689749002e-05, 7.232343341456726e-05, 6.41496735624969e-05, 5.844593033543788e-05, 5.26690564583987e-05, 5.2447401685640216e-05, 4.7740337322466075e-05, 4.677924880525097e-05, 4.327113856561482e-05, 4.793493644683622e-05, 3.918439688277431e-05, 3.739733074326068e-05, 3.652783561847173e-05, 3.2202297006733716e-05, 3.1772775400895625e-05, 2.9928642106824555e-05, 3.1477251468459144e-05, 2.876308462873567e-05, 2.9419094062177464e-05, 2.8070344342268072e-05, 2.768304148048628e-05, 2.641475475684274e-05, 2.5713608920341358e-05, 2.5871007892419584e-05, 2.412103276583366e-05, 2.2669149984722026e-05, 2.3637243430130184e-05, 2.3398468329105526e-05, 2.299271000083536e-05, 2.144636346201878e-05, 2.211964238085784e-05, 2.1388281311374158e-05, 2.029313509410713e-05, 2.0283172489143908e-05, 2.0911917090415955e-05, 2.298063918715343e-05, 2.3830718419048935e-05, 2.2599915610044263e-05, 2.2140240616863593e-05, 1.956043706741184e-05, 1.834284012147691e-05, 1.9107483240077272e-05, 1.7639649740885943e-05, 1.796802825992927e-05, 2.11457609111676e-05, 1.7757562090991996e-05, 2.015829159063287e-05, 1.789506131899543e-05, 1.813544804463163e-05, 1.6672212950652465e-05, 1.6042169590946287e-05], "val_loss": [0.001392757287248969, 0.00053192931227386, 0.0002839654916897416, 0.00016169232549145818, 0.0001345217606285587, 0.00011233876284677535, 0.00010880086483666673, 9.377768583362922e-05, 8.625321061117575e-05, 7.70631231716834e-05, 7.071366417221725e-05, 7.137709326343611e-05, 6.313032645266503e-05, 5.984108793199994e-05, 6.382901483448222e-05, 5.957060056971386e-05, 5.0457096222089604e-05, 5.210832750890404e-05, 5.6121862144209445e-05, 4.721934601548128e-05, 4.6047043724684045e-05, 4.4918266212334856e-05, 4.70092891191598e-05, 4.65534430986736e-05, 4.0748738683760166e-05, 3.91840840165969e-05, 3.945267235394567e-05, 4.0321832784684375e-05, 3.647340417956002e-05, 3.862702214973979e-05, 3.8462480006273836e-05, 3.9462465792894363e-05, 3.695876512210816e-05, 3.7472167605301365e-05, 3.616491085267626e-05, 3.55203592334874e-05, 3.568746615201235e-05, 3.565212318790145e-05, 3.5386205126997083e-05, 3.5165056033292785e-05, 3.877556082443334e-05, 3.54497205989901e-05, 4.412065391079523e-05, 3.908208600478247e-05, 3.9560698496643454e-05, 3.393463703105226e-05, 3.329415267216973e-05, 3.22034175042063e-05, 3.5608274629339576e-05, 3.23562380799558e-05, 3.795279553742148e-05, 3.3374704798916355e-05, 3.357429159223102e-05, 3.776350786210969e-05, 3.891305823344737e-05, 3.309830935904756e-05, 3.644765820354223e-05, 3.3522312151035294e-05], "val_mse": [0.001392757287248969, 0.00053192931227386, 0.0002839654916897416, 0.00016169232549145818, 0.0001345217606285587, 0.00011233876284677535, 0.00010880086483666673, 9.377768583362922e-05, 8.625321061117575e-05, 7.70631231716834e-05, 7.071366417221725e-05, 7.137709326343611e-05, 6.31303119007498e-05, 5.984108793199994e-05, 6.382901483448222e-05, 5.957060056971386e-05, 5.0457096222089604e-05, 5.210832750890404e-05, 5.6121862144209445e-05, 4.721934601548128e-05, 4.6047043724684045e-05, 4.4918266212334856e-05, 4.70092891191598e-05, 4.65534430986736e-05, 4.0748738683760166e-05, 3.91840840165969e-05, 3.945267235394567e-05, 4.0321832784684375e-05, 3.647340417956002e-05, 3.862702214973979e-05, 3.8462480006273836e-05, 3.9462465792894363e-05, 3.695876512210816e-05, 3.7472167605301365e-05, 3.616491085267626e-05, 3.55203592334874e-05, 3.568746615201235e-05, 3.565212318790145e-05, 3.5386205126997083e-05, 3.5165056033292785e-05, 3.877556082443334e-05, 3.54497205989901e-05, 4.412065391079523e-05, 3.908208600478247e-05, 3.9560698496643454e-05, 3.393463703105226e-05, 3.329415267216973e-05, 3.22034175042063e-05, 3.5608274629339576e-05, 3.23562380799558e-05, 3.795279553742148e-05, 3.3374704798916355e-05, 3.357429159223102e-05, 3.776350786210969e-05, 3.891305823344737e-05, 3.309830935904756e-05, 3.644765820354223e-05, 3.3522312151035294e-05]}