{"loss": [0.002182737458497286, 0.0018424729350954294, 0.001531057059764862, 0.0012137873563915491, 0.0009285261039622128, 0.0006850388599559665, 0.0005137902335263789, 0.00038930363371036947, 0.0002771251602098346, 0.00020091907936148345, 0.00016131317534018308, 0.0001245850435225293, 0.00010350649245083332, 9.627044346416369e-05, 9.155208681477234e-05, 8.119561243802309e-05, 7.475823076674715e-05, 6.546034273924306e-05, 6.133464921731502e-05, 5.6398210290353745e-05, 5.203250839258544e-05, 4.978292781743221e-05, 4.708463529823348e-05, 4.457752584130503e-05, 4.43558965343982e-05, 4.038144106743857e-05, 3.819807170657441e-05, 3.644024036475457e-05, 3.649460995802656e-05, 3.614752858993597e-05, 3.584483783924952e-05, 3.159632979077287e-05, 3.2233008823823184e-05, 3.2034215109888464e-05, 2.7444304578239098e-05, 2.841030618583318e-05, 2.655807475093752e-05, 2.6077173970406875e-05, 2.681970363482833e-05, 2.4027260224102065e-05, 2.3890466763987206e-05, 2.260153451061342e-05, 2.2079871996538714e-05, 1.993678233702667e-05, 2.105597741319798e-05, 1.9326358597027138e-05, 1.8454644305165857e-05, 1.8504199033486657e-05, 1.7157019101432525e-05, 1.624514152354095e-05, 1.7166003090096638e-05, 1.9180257368134335e-05, 1.6549520296393894e-05, 1.6126354239531793e-05, 1.598750168341212e-05, 1.4656819985248148e-05, 1.5497107597184367e-05, 1.422936657036189e-05, 1.3659322576131672e-05, 1.3124867109581828e-05, 1.3332321941561531e-05, 1.3087870684103109e-05], "mse": [0.002182737458497286, 0.0018424729350954294, 0.001531057059764862, 0.0012137873563915491, 0.0009285261039622128, 0.0006850388599559665, 0.0005137902335263789, 0.0003893036628141999, 0.0002771251602098346, 0.00020091907936148345, 0.00016131317534018308, 0.0001245850435225293, 0.00010350649245083332, 9.627044346416369e-05, 9.155208681477234e-05, 8.119561243802309e-05, 7.475823076674715e-05, 6.546034273924306e-05, 6.133464921731502e-05, 5.6398210290353745e-05, 5.203250839258544e-05, 4.978292781743221e-05, 4.708463529823348e-05, 4.457752584130503e-05, 4.43558965343982e-05, 4.038144106743857e-05, 3.819807170657441e-05, 3.644024036475457e-05, 3.649460995802656e-05, 3.614752858993597e-05, 3.584483783924952e-05, 3.159632979077287e-05, 3.2233008823823184e-05, 3.2034215109888464e-05, 2.7444304578239098e-05, 2.841030618583318e-05, 2.655807475093752e-05, 2.6077173970406875e-05, 2.681970363482833e-05, 2.4027260224102065e-05, 2.3890466763987206e-05, 2.260153451061342e-05, 2.2079871996538714e-05, 1.993678233702667e-05, 2.105597741319798e-05, 1.9326358597027138e-05, 1.8454644305165857e-05, 1.8504199033486657e-05, 1.7157019101432525e-05, 1.624514152354095e-05, 1.7166003090096638e-05, 1.9180257368134335e-05, 1.6549520296393894e-05, 1.6126354239531793e-05, 1.598750168341212e-05, 1.4656819985248148e-05, 1.5497107597184367e-05, 1.422936657036189e-05, 1.3659322576131672e-05, 1.3124867109581828e-05, 1.3332321941561531e-05, 1.3087870684103109e-05], "val_loss": [0.0020573486108332872, 0.0019277352839708328, 0.0015999444294720888, 0.0014421873493120074, 0.0013076693285256624, 0.0008929513278417289, 0.0006614868179894984, 0.0005208912189118564, 0.00037438044091686606, 0.0002461413387209177, 0.00022812155657447875, 0.0001970564917428419, 0.00015529328084085137, 0.00015610194532200694, 0.00015910164802335203, 0.00012841090210713446, 0.00013681332347914577, 0.00011791773431468755, 0.00011255651770625263, 0.00011479136446723714, 0.00011100135452579707, 0.00010778049181681126, 0.00010511688742553815, 9.714497718960047e-05, 0.00010605620627757162, 9.748669253895059e-05, 0.00010324609320377931, 9.324711572844535e-05, 0.0001045216922648251, 8.84464243426919e-05, 9.545142529532313e-05, 8.241199248004705e-05, 0.0001006150123430416, 9.838082041824237e-05, 8.170433284249157e-05, 8.376855112146586e-05, 9.208982373820618e-05, 7.638250099262223e-05, 9.598677570465952e-05, 7.405242649838328e-05, 7.764123438391834e-05, 7.621742406627163e-05, 7.60184702812694e-05, 7.77660752646625e-05, 8.361429354408756e-05, 7.439529144903645e-05, 8.601504669059068e-05, 7.36482470529154e-05, 7.349533552769572e-05, 6.970232061576098e-05, 8.475851791445166e-05, 6.750546890543774e-05, 8.461994002573192e-05, 6.754336936865002e-05, 7.499162165913731e-05, 7.025327067822218e-05, 7.303518941625953e-05, 6.815950473537669e-05, 7.35305220587179e-05, 7.224620640045032e-05, 7.078779162839055e-05, 7.451516285073012e-05], "val_mse": [0.0020573486108332872, 0.0019277352839708328, 0.0015999444294720888, 0.0014421873493120074, 0.0013076693285256624, 0.0008929513278417289, 0.0006614868179894984, 0.0005208912189118564, 0.00037438044091686606, 0.0002461413387209177, 0.00022812155657447875, 0.0001970564917428419, 0.00015529328084085137, 0.00015610194532200694, 0.00015910164802335203, 0.00012841090210713446, 0.00013681330892723054, 0.00011791773431468755, 0.00011255651770625263, 0.00011479136446723714, 0.00011100135452579707, 0.00010778049181681126, 0.00010511688742553815, 9.714497718960047e-05, 0.00010605622082948685, 9.748669253895059e-05, 0.00010324609320377931, 9.324711572844535e-05, 0.0001045216922648251, 8.84464243426919e-05, 9.545142529532313e-05, 8.241199248004705e-05, 0.00010061502689495683, 9.838082041824237e-05, 8.170433284249157e-05, 8.376855112146586e-05, 9.208982373820618e-05, 7.638250099262223e-05, 9.598677570465952e-05, 7.405242649838328e-05, 7.764123438391834e-05, 7.621742406627163e-05, 7.60184702812694e-05, 7.77660752646625e-05, 8.361429354408756e-05, 7.439529144903645e-05, 8.601504669059068e-05, 7.36482470529154e-05, 7.349533552769572e-05, 6.970232061576098e-05, 8.475851791445166e-05, 6.750546890543774e-05, 8.461994002573192e-05, 6.754336936865002e-05, 7.499162165913731e-05, 7.025327067822218e-05, 7.303518941625953e-05, 6.815950473537669e-05, 7.35305220587179e-05, 7.224621367640793e-05, 7.078779162839055e-05, 7.451516285073012e-05]}