{"loss": [0.006041053682565689, 0.004910403396934271, 0.00448683463037014, 0.004235496744513512, 0.00405968027189374, 0.004002162721008062, 0.003970250952988863, 0.003902276512235403, 0.0038744539488106966, 0.0038781166076660156, 0.003838284406810999, 0.003792445408180356], "mse": [0.006041053682565689, 0.004910403396934271, 0.00448683463037014, 0.004235496744513512, 0.00405968027189374, 0.004002162721008062, 0.00397025141865015, 0.0039022760465741158, 0.0038744539488106966, 0.0038781168404966593, 0.003838284406810999, 0.003792445408180356], "val_loss": [0.004583032801747322, 0.00412968173623085, 0.004181471653282642, 0.004294997081160545, 0.004174679517745972, 0.004592324141412973, 0.004207903984934092, 0.004368744324892759, 0.004300743341445923, 0.004441254306584597, 0.004341410472989082, 0.0043793353252112865], "val_mse": [0.004583032801747322, 0.00412968173623085, 0.004181471653282642, 0.004294997081160545, 0.004174679517745972, 0.004592324141412973, 0.004207903984934092, 0.004368744324892759, 0.004300743341445923, 0.004441254306584597, 0.004341410472989082, 0.0043793353252112865]}