{"loss": [0.0013440379407256842, 0.0003010359068866819, 0.0001860637275967747, 0.00016088190022855997, 0.0001454890298191458, 0.00013441026385407895, 0.0001306771009694785, 0.00011804993846453726, 0.00011425689444877207, 0.00011197571438970044, 0.00010972568998113275, 0.00010699515405576676, 0.00010685109737096354, 0.00010438452591188252, 0.00010176129580941051, 0.00010025994561146945, 0.0001001562486635521, 0.0001055322281899862, 9.986489749280736e-05, 9.796425001695752e-05, 9.584629151504487e-05, 9.470262739341706e-05, 9.65512081165798e-05, 9.378525282954797e-05, 9.384255099575967e-05, 9.330152533948421e-05, 9.01214953046292e-05, 9.397870599059388e-05, 9.23809056985192e-05, 9.297190990764648e-05, 8.91923627932556e-05, 9.183878137264401e-05, 8.9971290435642e-05, 8.965273445937783e-05], "mse": [0.0013440379407256842, 0.0003010359068866819, 0.0001860637275967747, 0.00016088190022855997, 0.0001454890298191458, 0.00013441026385407895, 0.0001306771009694785, 0.00011804993846453726, 0.00011425689444877207, 0.00011197571438970044, 0.00010972568998113275, 0.00010699515405576676, 0.00010685109737096354, 0.00010438452591188252, 0.00010176129580941051, 0.00010025994561146945, 0.0001001562486635521, 0.0001055322281899862, 9.986489749280736e-05, 9.796425001695752e-05, 9.584629151504487e-05, 9.470262739341706e-05, 9.65512081165798e-05, 9.378525282954797e-05, 9.384255099575967e-05, 9.330152533948421e-05, 9.01214953046292e-05, 9.397870599059388e-05, 9.23809056985192e-05, 9.297190990764648e-05, 8.91923627932556e-05, 9.183878137264401e-05, 8.9971290435642e-05, 8.965273445937783e-05], "val_loss": [0.000417405623011291, 0.00021820294205099344, 0.00021273933816701174, 0.00015656730101909488, 0.00014555832603946328, 0.00013914034934714437, 0.00013019927428103983, 0.0001280389551538974, 0.00011382728553144261, 0.00012903731840196997, 0.000110843320726417, 0.00011006346176145598, 0.00010950645082630217, 0.00011519282998051494, 0.00011025826097466052, 0.00011042178812203929, 0.00011133062798762694, 0.00011259330494794995, 0.00012177044845884666, 0.00011354914022376761, 0.00010551448940532282, 0.00011247204383835196, 0.0001060537324519828, 0.000105369406810496, 0.00010972390009555966, 0.00010555537301115692, 0.00011459278175607324, 0.0001104775074054487, 0.00010549279249971732, 0.00010649800242390484, 0.00010981035302393138, 0.00012088261428289115, 0.00015281172818504274, 0.00012068915384588763], "val_mse": [0.000417405623011291, 0.00021820294205099344, 0.00021273933816701174, 0.00015656730101909488, 0.00014555832603946328, 0.00013914034934714437, 0.00013019927428103983, 0.0001280389551538974, 0.00011382728553144261, 0.0001290373329538852, 0.000110843320726417, 0.00011006346176145598, 0.00010950645082630217, 0.00011519282998051494, 0.00011025826097466052, 0.00011042178812203929, 0.00011133062798762694, 0.00011259330494794995, 0.00012177043390693143, 0.00011354914022376761, 0.00010551448940532282, 0.00011247204383835196, 0.0001060537324519828, 0.000105369406810496, 0.00010972390009555966, 0.00010555537301115692, 0.00011459278175607324, 0.0001104775074054487, 0.00010549279249971732, 0.00010649800242390484, 0.00010981035302393138, 0.00012088261428289115, 0.00015281172818504274, 0.00012068915384588763]}