{"loss": [0.22660747170448303, 0.2205032855272293, 0.2176288366317749, 0.21708378195762634, 0.21606218814849854, 0.21527637541294098, 0.21449995040893555, 0.21388515830039978, 0.21288512647151947, 0.211371511220932, 0.21107368171215057, 0.21031196415424347], "mse": [0.22660747170448303, 0.2205032855272293, 0.2176288366317749, 0.21708378195762634, 0.21606218814849854, 0.21527637541294098, 0.21449995040893555, 0.21388515830039978, 0.21288512647151947, 0.211371511220932, 0.21107368171215057, 0.21031196415424347], "val_loss": [0.22340860962867737, 0.2222658097743988, 0.22235161066055298, 0.223216712474823, 0.22451916337013245, 0.22383375465869904, 0.2254774421453476, 0.22424760460853577, 0.22404657304286957, 0.22379787266254425, 0.22674022614955902, 0.22655560076236725], "val_mse": [0.22340860962867737, 0.2222658097743988, 0.22235161066055298, 0.223216712474823, 0.22451917827129364, 0.22383375465869904, 0.2254774421453476, 0.22424760460853577, 0.22404657304286957, 0.22379787266254425, 0.22674022614955902, 0.22655560076236725]}