{"loss": [0.002526649506762624, 0.0020127086900174618, 0.00169977149926126, 0.0014889376470819116, 0.0012953004334121943, 0.0011190293589606881, 0.0010634884238243103, 0.0009219014318659902, 0.0008161954465322196, 0.0007380783790722489, 0.0006595210288651288, 0.0006140279001556337, 0.0005669478559866548, 0.0005246280925348401, 0.0004929086426272988, 0.0004589558520819992, 0.000451487023383379, 0.0004591996839735657, 0.00045196604332886636, 0.00043098576134070754, 0.00042059124098159373, 0.00042093609226867557, 0.0004061195650137961, 0.0003881923039443791, 0.00038075188058428466, 0.00038416057941503823, 0.0003761443367693573, 0.00035956897772848606, 0.00035968274460174143, 0.00035426655085757375, 0.0003485719789750874, 0.000347417953889817, 0.00034809097996912897, 0.0003460015868768096, 0.00033994996920228004, 0.0003372117062099278, 0.0003449820796959102, 0.00033541800803504884, 0.0003297032380942255, 0.0003240464720875025, 0.0003250062291044742, 0.000324972381349653, 0.00031876942375674844, 0.0003089989477302879, 0.0003068926453124732, 0.0003056637360714376, 0.00030571618117392063, 0.00030119193252176046, 0.00029864389216527343, 0.0002987765474244952, 0.00029235280817374587, 0.00029185935272835195], "mse": [0.002526649506762624, 0.0020127086900174618, 0.00169977149926126, 0.0014889376470819116, 0.0012953004334121943, 0.0011190293589606881, 0.0010634884238243103, 0.0009219014318659902, 0.0008161954465322196, 0.0007380783790722489, 0.0006595210288651288, 0.0006140279001556337, 0.0005669478559866548, 0.0005246280925348401, 0.0004929086426272988, 0.0004589558520819992, 0.000451487023383379, 0.0004591996839735657, 0.00045196604332886636, 0.00043098576134070754, 0.00042059124098159373, 0.00042093609226867557, 0.0004061195650137961, 0.0003881923039443791, 0.00038075188058428466, 0.00038416057941503823, 0.0003761443367693573, 0.00035956897772848606, 0.00035968274460174143, 0.00035426655085757375, 0.0003485719789750874, 0.000347417953889817, 0.0003480909508652985, 0.0003460015868768096, 0.00033994996920228004, 0.00033721173531375825, 0.0003449820796959102, 0.00033541800803504884, 0.0003297032380942255, 0.0003240464720875025, 0.00032500625820830464, 0.000324972381349653, 0.00031876942375674844, 0.0003089989477302879, 0.0003068926453124732, 0.0003056637360714376, 0.00030571618117392063, 0.00030119193252176046, 0.00029864389216527343, 0.00029877651832066476, 0.00029235280817374587, 0.00029185935272835195], "val_loss": [0.0026944514829665422, 0.0018986588111147285, 0.0014131622156128287, 0.0011184788309037685, 0.0010026993695646524, 0.00106954132206738, 0.0010041294153779745, 0.0007889261469244957, 0.0008174277609214187, 0.0007327237399294972, 0.0007149414159357548, 0.0006483512697741389, 0.0006302529363892972, 0.0006304361741058528, 0.0005785055109299719, 0.000547536532394588, 0.0005816955235786736, 0.0005579679273068905, 0.0005271745030768216, 0.0005343357333913445, 0.0005274732830002904, 0.000576961669139564, 0.0005387281416915357, 0.0005181861342862248, 0.0005351776489987969, 0.0005062762647867203, 0.0005098878173157573, 0.0005016474169678986, 0.0004897040780633688, 0.0004920509527437389, 0.0004934676107950509, 0.0005197051214054227, 0.0004981537349522114, 0.0005008946172893047, 0.0004864032962359488, 0.0004988524597138166, 0.0004895079764537513, 0.00048623071052134037, 0.0004739382420666516, 0.0004878118634223938, 0.0004887338727712631, 0.0004680288548115641, 0.0005240665632300079, 0.0004707967455033213, 0.0004838016757275909, 0.000497182016260922, 0.0004755617119371891, 0.0004987424472346902, 0.000485908065456897, 0.0004901218926534057, 0.0004964704858139157, 0.00048447446897625923], "val_mse": [0.0026944514829665422, 0.0018986588111147285, 0.0014131622156128287, 0.0011184788309037685, 0.0010026993695646524, 0.00106954132206738, 0.0010041294153779745, 0.0007889261469244957, 0.0008174277609214187, 0.0007327237399294972, 0.0007149414159357548, 0.0006483512697741389, 0.0006302528781816363, 0.0006304361741058528, 0.0005785055109299719, 0.000547536532394588, 0.0005816955235786736, 0.0005579679273068905, 0.0005271745030768216, 0.0005343356751836836, 0.0005274732830002904, 0.000576961669139564, 0.0005387281416915357, 0.0005181861342862248, 0.0005351776489987969, 0.0005062762647867203, 0.0005098878173157573, 0.0005016474169678986, 0.0004897040780633688, 0.0004920509527437389, 0.0004934676107950509, 0.0005197051214054227, 0.0004981537349522114, 0.0005008946172893047, 0.0004864032962359488, 0.0004988524597138166, 0.0004895079764537513, 0.00048623071052134037, 0.0004739382420666516, 0.0004878118634223938, 0.0004887338727712631, 0.0004680288548115641, 0.0005240665632300079, 0.0004707967455033213, 0.0004838016757275909, 0.000497182016260922, 0.0004755617119371891, 0.0004987424472346902, 0.000485908065456897, 0.0004901218344457448, 0.0004964704858139157, 0.00048447446897625923]}