{"loss": [0.0022777856793254614, 0.0019540865905582905, 0.001636203145608306, 0.0013042537029832602, 0.0009668208658695221, 0.0006780338590033352, 0.00048773744492791593, 0.00036457215901464224, 0.00027946889167651534, 0.00021080936130601913, 0.00015827047172933817, 0.00013364551705308259, 0.0001236352982232347, 0.0001140589956776239, 0.00010369210212957114, 0.00010070035932585597, 9.899557335302234e-05, 9.237551421392709e-05, 8.866519056027755e-05, 8.723905921215191e-05, 8.43581510707736e-05, 7.813913543941453e-05, 7.268886838573962e-05, 7.092823216225952e-05, 6.985425716266036e-05, 7.112535240594298e-05, 6.694829789921641e-05, 6.257671338971704e-05, 6.01084902882576e-05, 6.014562677592039e-05, 6.093794945627451e-05, 6.022497473168187e-05, 5.701066766050644e-05, 5.4995063692331314e-05, 5.2819919801549986e-05, 5.503849752130918e-05, 5.0852668209699914e-05, 4.957396231475286e-05, 5.202559259487316e-05, 5.156018232810311e-05, 5.08569173689466e-05, 5.0681166612775996e-05, 5.0904880481539294e-05, 4.475400419323705e-05, 4.5299319026526064e-05, 4.7043075028341264e-05, 4.1572133341105655e-05, 4.213482316117734e-05, 3.9421160181518644e-05, 4.0683582483325154e-05, 3.871347144013271e-05, 3.740979445865378e-05, 3.8836511521367356e-05, 4.174726200290024e-05, 3.892606036970392e-05, 3.5283243050798774e-05, 3.4092896385118365e-05, 3.721809480339289e-05, 3.7820642319275066e-05, 3.701261448441073e-05, 3.605551682994701e-05, 3.196987017872743e-05, 3.104888673988171e-05, 2.9983359127072617e-05, 2.9889071811339818e-05, 3.09079623548314e-05, 2.9522139811888337e-05, 2.8604728868231177e-05, 2.7863201466971077e-05, 2.9210656066425145e-05], "mse": [0.0022777856793254614, 0.0019540865905582905, 0.001636203145608306, 0.0013042537029832602, 0.0009668208658695221, 0.0006780338590033352, 0.00048773744492791593, 0.00036457215901464224, 0.00027946889167651534, 0.00021080936130601913, 0.00015827047172933817, 0.00013364554615691304, 0.0001236352982232347, 0.0001140589956776239, 0.00010369210212957114, 0.00010070035932585597, 9.899557335302234e-05, 9.237551421392709e-05, 8.866519056027755e-05, 8.723906648810953e-05, 8.43581510707736e-05, 7.813913543941453e-05, 7.268886838573962e-05, 7.092823216225952e-05, 6.985425716266036e-05, 7.112535240594298e-05, 6.694829789921641e-05, 6.257671338971704e-05, 6.01084902882576e-05, 6.014562677592039e-05, 6.093794945627451e-05, 6.022497473168187e-05, 5.701066766050644e-05, 5.4995063692331314e-05, 5.2819919801549986e-05, 5.503849752130918e-05, 5.0852668209699914e-05, 4.957396231475286e-05, 5.202559259487316e-05, 5.156018232810311e-05, 5.08569173689466e-05, 5.0681166612775996e-05, 5.0904880481539294e-05, 4.475400419323705e-05, 4.5299319026526064e-05, 4.7043075028341264e-05, 4.1572133341105655e-05, 4.213482316117734e-05, 3.9421160181518644e-05, 4.0683582483325154e-05, 3.871347144013271e-05, 3.740979445865378e-05, 3.8836511521367356e-05, 4.174726200290024e-05, 3.892606036970392e-05, 3.5283243050798774e-05, 3.4092896385118365e-05, 3.721809480339289e-05, 3.7820642319275066e-05, 3.701261448441073e-05, 3.605551682994701e-05, 3.196987017872743e-05, 3.104888673988171e-05, 2.9983359127072617e-05, 2.9889071811339818e-05, 3.09079623548314e-05, 2.9522139811888337e-05, 2.8604728868231177e-05, 2.7863201466971077e-05, 2.9210656066425145e-05], "val_loss": [0.002105139195919037, 0.0018900309223681688, 0.0016332108061760664, 0.0013791832607239485, 0.001054008724167943, 0.000784005387686193, 0.0005307127139531076, 0.0003957003937102854, 0.000437945214798674, 0.00029316131258383393, 0.00024317600764334202, 0.00022742876899428666, 0.00021161153563298285, 0.00018694980826694518, 0.00020512405899353325, 0.0001685636816546321, 0.0002112474467139691, 0.0001707337942207232, 0.00017688891966827214, 0.00016402328037656844, 0.00016545248217880726, 0.00015827560855541378, 0.00014994689263403416, 0.00016044298536144197, 0.00014430629380512983, 0.0001625540025997907, 0.0001407117088092491, 0.00013586602290160954, 0.00014163562445901334, 0.0001431097771273926, 0.00015257528866641223, 0.00012757482181768864, 0.000137162787723355, 0.00013031938578933477, 0.00011904072016477585, 0.0001469448470743373, 0.00012168809917056933, 0.00013744777243118733, 0.0001363663177471608, 0.00011717586312443018, 0.00011431910388637334, 0.0001519999059382826, 0.00011039548553526402, 0.0001486709079472348, 0.00010582094546407461, 0.00013230765762273222, 0.00010815676068887115, 0.00011799195635830984, 0.00011052437184844166, 0.00011120385170215741, 0.00012598629109561443, 0.00011865247506648302, 0.0001071264487109147, 0.00010189729800913483, 0.00011218833969905972, 0.00010273551743011922, 0.00010064708476420492, 9.826167661231011e-05, 0.00013084795500617474, 8.71635420480743e-05, 0.00010262834985041991, 9.831695206230506e-05, 9.94042056845501e-05, 9.917138231685385e-05, 9.544836211716756e-05, 0.00010546775592956692, 0.00010363492037868127, 9.991783736040816e-05, 9.53648632275872e-05, 0.00010070465214084834], "val_mse": [0.002105139195919037, 0.0018900309223681688, 0.0016332108061760664, 0.0013791832607239485, 0.001054008724167943, 0.000784005387686193, 0.0005307127139531076, 0.0003957003937102854, 0.000437945214798674, 0.00029316131258383393, 0.00024317603674717247, 0.00022742876899428666, 0.00021161153563298285, 0.00018694980826694518, 0.00020512405899353325, 0.0001685636816546321, 0.0002112474467139691, 0.0001707337942207232, 0.00017688891966827214, 0.00016402328037656844, 0.00016545248217880726, 0.00015827560855541378, 0.00014994689263403416, 0.00016044298536144197, 0.00014430629380512983, 0.0001625540025997907, 0.0001407117088092491, 0.00013586602290160954, 0.00014163562445901334, 0.0001431097771273926, 0.00015257528866641223, 0.00012757482181768864, 0.000137162787723355, 0.00013031938578933477, 0.00011904072016477585, 0.0001469448470743373, 0.00012168809917056933, 0.00013744778698310256, 0.0001363663177471608, 0.00011717586312443018, 0.00011431910388637334, 0.0001519999059382826, 0.00011039550008717924, 0.0001486709079472348, 0.00010582094546407461, 0.00013230765762273222, 0.00010815676068887115, 0.00011799195635830984, 0.00011052437912439927, 0.00011120385170215741, 0.00012598629109561443, 0.00011865247506648302, 0.0001071264487109147, 0.00010189729800913483, 0.00011218833969905972, 0.00010273551743011922, 0.00010064708476420492, 9.826167661231011e-05, 0.00013084795500617474, 8.716353477211669e-05, 0.00010262834985041991, 9.831695206230506e-05, 9.94042056845501e-05, 9.917138231685385e-05, 9.544836211716756e-05, 0.00010546775592956692, 0.00010363492037868127, 9.991783736040816e-05, 9.53648632275872e-05, 0.00010070465214084834]}