{"loss": [0.09073594212532043, 0.08794668316841125, 0.08721485733985901, 0.0866035744547844, 0.08546840399503708, 0.08482380211353302, 0.08463950455188751, 0.08441954851150513, 0.08357375860214233, 0.08287978917360306, 0.08284909278154373, 0.08234935998916626, 0.0821017473936081, 0.08098302036523819, 0.08044032752513885], "mse": [0.09073594212532043, 0.08794668316841125, 0.08721485733985901, 0.0866035744547844, 0.08546840399503708, 0.08482380211353302, 0.08463950455188751, 0.08441954851150513, 0.08357375860214233, 0.08287978917360306, 0.08284909278154373, 0.08234935998916626, 0.0821017473936081, 0.08098302036523819, 0.08044032752513885], "val_loss": [0.09258335083723068, 0.09087922424077988, 0.09152982383966446, 0.09036529809236526, 0.08928374946117401, 0.09021835029125214, 0.09012123197317123, 0.09171134233474731, 0.09185491502285004, 0.0908689945936203, 0.09247691184282303, 0.09238658845424652, 0.09133396297693253, 0.09213955700397491, 0.09456200897693634], "val_mse": [0.09258335083723068, 0.09087922424077988, 0.09152982383966446, 0.09036529809236526, 0.08928374946117401, 0.09021835029125214, 0.09012123197317123, 0.09171134233474731, 0.09185491502285004, 0.0908689945936203, 0.09247691184282303, 0.09238658845424652, 0.09133396297693253, 0.09213955700397491, 0.09456200897693634]}