{"loss": [0.0018856109818443656, 0.0005155755789019167, 0.0003355876833666116, 0.0003040857845917344, 0.00028492280398495495, 0.0002641259634401649, 0.00025443118647672236, 0.00024145646602846682, 0.0002356581826461479, 0.00023203455202747136, 0.00023043627152219415, 0.00022331012587528676, 0.00021529286459553987, 0.0002161538286600262, 0.00021251018915791065, 0.00021118071163073182, 0.00020267264335416257, 0.00020515221694950014, 0.00020126689923927188, 0.00020288069208618253, 0.00020497088553383946, 0.0002018952218350023, 0.00019498197070788592, 0.00019318086560815573, 0.0001935693871928379, 0.0001933785097207874, 0.0001886299578472972, 0.00019257016538176686], "mse": [0.0018856109818443656, 0.0005155755789019167, 0.0003355876833666116, 0.00030408581369556487, 0.0002849227748811245, 0.0002641259634401649, 0.00025443118647672236, 0.00024145646602846682, 0.0002356581826461479, 0.00023203455202747136, 0.00023043627152219415, 0.00022331012587528676, 0.00021529286459553987, 0.0002161538286600262, 0.00021251018915791065, 0.00021118071163073182, 0.00020267264335416257, 0.00020515221694950014, 0.00020126689923927188, 0.00020288069208618253, 0.00020497088553383946, 0.0002018952218350023, 0.00019498197070788592, 0.00019318086560815573, 0.0001935693871928379, 0.0001933785097207874, 0.0001886299578472972, 0.00019257016538176686], "val_loss": [0.0008835087064653635, 0.0003826163010671735, 0.0003182800719514489, 0.0003346365410834551, 0.00032225067843683064, 0.00027920081629417837, 0.00030784992850385606, 0.0002725179656408727, 0.0002867777948267758, 0.00028692520572803915, 0.00026462695677764714, 0.00026674644323065877, 0.0002752105938270688, 0.00027053154190070927, 0.0002705254592001438, 0.0002774281310848892, 0.00026797212194651365, 0.00026368757244199514, 0.0002747794787865132, 0.0002715257869567722, 0.0002712016284931451, 0.0002721433702390641, 0.0002825636474881321, 0.00028649342129938304, 0.0002800150541588664, 0.0002895150100812316, 0.00026886025443673134, 0.0002798741916194558], "val_mse": [0.0008835087064653635, 0.0003826163010671735, 0.0003182800719514489, 0.0003346365410834551, 0.00032225067843683064, 0.00027920081629417837, 0.00030784992850385606, 0.0002725179656408727, 0.0002867777948267758, 0.00028692520572803915, 0.00026462695677764714, 0.00026674644323065877, 0.0002752105938270688, 0.00027053154190070927, 0.0002705254592001438, 0.0002774281310848892, 0.00026797212194651365, 0.00026368757244199514, 0.0002747794787865132, 0.0002715257869567722, 0.00027120159938931465, 0.0002721433702390641, 0.0002825636474881321, 0.00028649342129938304, 0.0002800150541588664, 0.0002895150100812316, 0.00026886025443673134, 0.0002798741916194558]}