{"loss": [0.005999837536364794, 0.0052039166912436485, 0.004390346352010965, 0.003509616944938898, 0.0026928498409688473, 0.002081692684441805, 0.0018342584371566772, 0.0016372038517147303, 0.0014329992700368166, 0.0012901523150503635, 0.0011462775291875005, 0.0010517608607187867, 0.0009907328058034182, 0.0009623944060876966, 0.0008894436759874225, 0.0007926953257992864, 0.000744976510759443, 0.0006792218191549182, 0.0006343841087073088, 0.0006019249558448792, 0.0005819621728733182, 0.000573086435906589, 0.0005601718439720571, 0.0005405896808952093, 0.0005284904618747532, 0.000527760770637542, 0.0005276640877127647, 0.0005154511891305447, 0.0004973951145075262, 0.0004961952799931169, 0.000502690440043807, 0.0004844428913202137, 0.0004722087178379297, 0.00047077759518288076, 0.0004629945324268192, 0.0004581872490234673, 0.0004587366129271686, 0.00044364394852891564, 0.0004604132263921201, 0.00043473090045154095, 0.00043143946095369756, 0.0004349726368673146, 0.00042658261372707784, 0.00041895886533893645, 0.00042293587466701865, 0.00043596987961791456, 0.00043897313298657537, 0.0004454160516615957, 0.00042677056626416743, 0.00044819145114161074, 0.00043070572428405285, 0.00043080197065137327, 0.00041459925705567, 0.00040509161772206426, 0.0003897769784089178, 0.0003848106134682894, 0.00037821702426299453, 0.00037720907130278647], "mse": [0.005999837536364794, 0.0052039166912436485, 0.004390346352010965, 0.003509616944938898, 0.0026928498409688473, 0.002081692684441805, 0.0018342584371566772, 0.0016372038517147303, 0.0014329992700368166, 0.0012901523150503635, 0.0011462775291875005, 0.0010517608607187867, 0.0009907328058034182, 0.0009623944060876966, 0.0008894436759874225, 0.0007926953257992864, 0.000744976510759443, 0.0006792218191549182, 0.0006343841087073088, 0.0006019249558448792, 0.0005819621728733182, 0.000573086435906589, 0.0005601718439720571, 0.0005405896808952093, 0.0005284904618747532, 0.000527760770637542, 0.0005276640877127647, 0.0005154511891305447, 0.0004973951145075262, 0.0004961952799931169, 0.000502690440043807, 0.0004844428913202137, 0.0004722087178379297, 0.00047077759518288076, 0.0004629945324268192, 0.0004581872490234673, 0.0004587366129271686, 0.00044364394852891564, 0.0004604132263921201, 0.00043473090045154095, 0.00043143946095369756, 0.0004349726368673146, 0.00042658261372707784, 0.00041895886533893645, 0.00042293587466701865, 0.00043596987961791456, 0.00043897313298657537, 0.0004454160516615957, 0.00042677056626416743, 0.00044819145114161074, 0.00043070566607639194, 0.00043080197065137327, 0.00041459925705567, 0.00040509150130674243, 0.0003897769784089178, 0.0003848106134682894, 0.00037821702426299453, 0.0003772091004066169], "val_loss": [0.005385269410908222, 0.0042019374668598175, 0.0034345085732638836, 0.002486369339749217, 0.001922423718497157, 0.0015239627100527287, 0.0016414511483162642, 0.0015204772353172302, 0.001335951848886907, 0.0014019794762134552, 0.0013320386642590165, 0.001204918371513486, 0.0011952542699873447, 0.0011315739247947931, 0.0011890149908140302, 0.0011239144951105118, 0.0010757629061117768, 0.0010108189890161157, 0.0009868681663647294, 0.0009355826186947525, 0.0009559941245242953, 0.0008894990314729512, 0.0008737423340789974, 0.0008766719838604331, 0.0009201765060424805, 0.000950823538005352, 0.0009352285414934158, 0.000862488872371614, 0.0008725860971026123, 0.0009340599062852561, 0.0008809680002741516, 0.0009445360046811402, 0.0009148744866251945, 0.0008871156605891883, 0.0008326899260282516, 0.0008295606821775436, 0.0008461304241791368, 0.000839821994304657, 0.0008165488252416253, 0.0008278457680717111, 0.0008235711720772088, 0.0008746598032303154, 0.0008563989540562034, 0.0008610198274254799, 0.0008473822963424027, 0.0008038963424041867, 0.000807480129878968, 0.0007869357359595597, 0.0008378579514101148, 0.0009551355615258217, 0.0008210207452066243, 0.0009011112852022052, 0.0008620441076345742, 0.0008496118825860322, 0.0008310144767165184, 0.0008074261131696403, 0.0007938924245536327, 0.0008169865468516946], "val_mse": [0.005385269410908222, 0.0042019374668598175, 0.0034345085732638836, 0.002486369339749217, 0.001922423718497157, 0.0015239627100527287, 0.0016414511483162642, 0.0015204772353172302, 0.001335951848886907, 0.0014019794762134552, 0.0013320386642590165, 0.001204918371513486, 0.0011952542699873447, 0.0011315739247947931, 0.0011890149908140302, 0.0011239144951105118, 0.0010757629061117768, 0.0010108189890161157, 0.0009868681663647294, 0.0009355826186947525, 0.0009559941245242953, 0.0008894990314729512, 0.0008737423340789974, 0.0008766719838604331, 0.0009201765060424805, 0.000950823538005352, 0.0009352285414934158, 0.000862488872371614, 0.0008725860971026123, 0.0009340599062852561, 0.0008809680002741516, 0.0009445360046811402, 0.0009148744866251945, 0.0008871156605891883, 0.0008326899260282516, 0.0008295606821775436, 0.0008461304241791368, 0.000839821994304657, 0.0008165488252416253, 0.0008278457680717111, 0.0008235711720772088, 0.0008746598032303154, 0.0008563989540562034, 0.0008610198274254799, 0.0008473822963424027, 0.0008038963424041867, 0.000807480129878968, 0.0007869357359595597, 0.0008378579514101148, 0.0009551355615258217, 0.0008210207452066243, 0.0009011112852022052, 0.0008620441076345742, 0.0008496118825860322, 0.0008310144767165184, 0.0008074261131696403, 0.0007938924245536327, 0.0008169865468516946]}