{"loss": [0.22551167011260986, 0.21685056388378143, 0.21419087052345276, 0.21161475777626038, 0.20890052616596222, 0.20628568530082703, 0.20395877957344055, 0.20179787278175354, 0.19975164532661438, 0.19709503650665283, 0.19449098408222198], "mse": [0.22551167011260986, 0.21685056388378143, 0.21419087052345276, 0.21161475777626038, 0.20890052616596222, 0.20628568530082703, 0.20395877957344055, 0.20179787278175354, 0.19975164532661438, 0.19709503650665283, 0.19449098408222198], "val_loss": [0.20309528708457947, 0.20713886618614197, 0.20355990529060364, 0.21356911957263947, 0.20687679946422577, 0.2192026674747467, 0.21120889484882355, 0.21626360714435577, 0.21670854091644287, 0.21861152350902557, 0.2244022786617279], "val_mse": [0.20309528708457947, 0.20713886618614197, 0.20355990529060364, 0.21356911957263947, 0.20687679946422577, 0.2192026674747467, 0.21120889484882355, 0.21626360714435577, 0.21670854091644287, 0.21861152350902557, 0.2244022786617279]}