{"loss": [0.23519475758075714, 0.22655300796031952, 0.2224012166261673, 0.21799272298812866, 0.2163977026939392, 0.2147296667098999, 0.21362891793251038, 0.21106210350990295, 0.2113621085882187, 0.20880435407161713, 0.20812076330184937, 0.20597244799137115], "mse": [0.23519475758075714, 0.22655300796031952, 0.2224012166261673, 0.21799272298812866, 0.2163977026939392, 0.2147296667098999, 0.21362891793251038, 0.21106210350990295, 0.2113621085882187, 0.20880435407161713, 0.20812076330184937, 0.20597244799137115], "val_loss": [0.20511353015899658, 0.20195381343364716, 0.20443832874298096, 0.2038670927286148, 0.2034439891576767, 0.2038455456495285, 0.20559129118919373, 0.20834317803382874, 0.20681831240653992, 0.20745162665843964, 0.20788976550102234, 0.21068590879440308], "val_mse": [0.20511353015899658, 0.20195381343364716, 0.20443832874298096, 0.2038670927286148, 0.2034439891576767, 0.2038455456495285, 0.20559129118919373, 0.20834317803382874, 0.20681831240653992, 0.20745162665843964, 0.20788976550102234, 0.21068590879440308]}