{"loss": [0.002505857963114977, 0.002130046021193266, 0.0017808240372687578, 0.0014475163770839572, 0.0011871001916006207, 0.0010110500734299421, 0.0008658635197207332, 0.0007401717593893409, 0.0006337356753647327, 0.0005719889304600656, 0.0005149213830009103, 0.0004512755258474499, 0.00041788691305555403, 0.00038638379191979766, 0.0003555099538061768, 0.0003222765517421067, 0.00029317097505554557, 0.00027673921431414783, 0.0002639805607032031, 0.0002570568467490375, 0.0002624210901558399, 0.0002560045104473829, 0.0002490358310751617, 0.00023444555699825287, 0.00022077719040680677, 0.00021071867377031595, 0.0002076382952509448, 0.00020369619596749544, 0.0002080314588965848, 0.00020621060684788972, 0.0002025927387876436, 0.00019614282064139843, 0.00018866793834604323, 0.0001852541754487902, 0.0001776412536855787, 0.00017484284762758762, 0.00017994041263591498, 0.00017516437219455838, 0.00017297203885391355, 0.00016938464250415564, 0.0001645362062845379, 0.00016098885680548847, 0.00015832636563573033, 0.00015601878112647682, 0.00015637266915291548, 0.00015990408428478986, 0.00015814698417671025, 0.00015159534814301878, 0.00014953871141187847, 0.00014949197066016495, 0.00015440056449733675, 0.00015285343397408724, 0.00015824967704247683, 0.00015408893523272127, 0.00014882303366903216], "mse": [0.002505857963114977, 0.002130046021193266, 0.0017808240372687578, 0.0014475163770839572, 0.0011871001916006207, 0.0010110500734299421, 0.0008658635197207332, 0.0007401717593893409, 0.0006337356753647327, 0.0005719889304600656, 0.0005149213830009103, 0.000451275467639789, 0.00041788691305555403, 0.00038638379191979766, 0.0003555099538061768, 0.0003222765517421067, 0.00029317097505554557, 0.00027673921431414783, 0.0002639805607032031, 0.0002570568467490375, 0.0002624210901558399, 0.0002560045104473829, 0.0002490358310751617, 0.00023444555699825287, 0.00022077719040680677, 0.00021071867377031595, 0.0002076382952509448, 0.00020369619596749544, 0.0002080314588965848, 0.00020621060684788972, 0.0002025927387876436, 0.00019614282064139843, 0.00018866793834604323, 0.0001852541754487902, 0.0001776412536855787, 0.00017484284762758762, 0.00017994041263591498, 0.00017516437219455838, 0.00017297203885391355, 0.00016938464250415564, 0.0001645362062845379, 0.00016098885680548847, 0.00015832636563573033, 0.00015601878112647682, 0.00015637266915291548, 0.00015990408428478986, 0.00015814698417671025, 0.00015159534814301878, 0.00014953871141187847, 0.00014949197066016495, 0.00015440056449733675, 0.00015285343397408724, 0.00015824967704247683, 0.00015408893523272127, 0.00014882303366903216], "val_loss": [0.001898251473903656, 0.0016198359662666917, 0.0013929535634815693, 0.0011945043224841356, 0.0009831084171310067, 0.0009923151228576899, 0.0009100629249587655, 0.0008404155378229916, 0.0007833255222067237, 0.0008276971057057381, 0.0007550535956397653, 0.0006645541870966554, 0.0006111024413257837, 0.0005818323697894812, 0.0005514071090146899, 0.0005396822816692293, 0.0005050793988630176, 0.0004750351363327354, 0.0004652257193811238, 0.0004483378434088081, 0.00045647163642570376, 0.00045137610868550837, 0.0004383383202366531, 0.0004258762637618929, 0.00041958465590141714, 0.00040632433956488967, 0.00041077323839999735, 0.0004145017883274704, 0.0004291576915420592, 0.0004021686618216336, 0.000394789210986346, 0.0003938836161978543, 0.0004084903630428016, 0.0003993440477643162, 0.0004191887564957142, 0.0004391025868244469, 0.00042092526564374566, 0.0004139874072279781, 0.0003981062618549913, 0.000400609482312575, 0.0004197845119051635, 0.0003903425531461835, 0.00039302761433646083, 0.00039141374872997403, 0.0003844397724606097, 0.0003977883025072515, 0.00039527908666059375, 0.00038775679422542453, 0.000415833288570866, 0.00041088013676926494, 0.0003991436678916216, 0.0003891366650350392, 0.0004204277938697487, 0.000468224665382877, 0.00040557925240136683], "val_mse": [0.001898251473903656, 0.0016198359662666917, 0.0013929535634815693, 0.0011945043224841356, 0.0009831084171310067, 0.0009923151228576899, 0.0009100629249587655, 0.0008404155378229916, 0.0007833255222067237, 0.0008276971057057381, 0.0007550535956397653, 0.0006645541870966554, 0.0006111024413257837, 0.0005818323697894812, 0.0005514071672223508, 0.0005396822816692293, 0.0005050793988630176, 0.0004750351363327354, 0.0004652257193811238, 0.0004483378434088081, 0.00045647163642570376, 0.00045137610868550837, 0.0004383383202366531, 0.0004258762637618929, 0.00041958465590141714, 0.00040632433956488967, 0.00041077323839999735, 0.0004145017883274704, 0.0004291576915420592, 0.0004021686618216336, 0.000394789210986346, 0.0003938836161978543, 0.0004084903630428016, 0.0003993440477643162, 0.0004191887564957142, 0.0004391025868244469, 0.00042092526564374566, 0.0004139874072279781, 0.0003981062618549913, 0.000400609482312575, 0.00041978448280133307, 0.0003903425531461835, 0.00039302761433646083, 0.00039141374872997403, 0.0003844397724606097, 0.0003977883025072515, 0.00039527908666059375, 0.00038775679422542453, 0.000415833288570866, 0.00041088013676926494, 0.0003991436678916216, 0.0003891366650350392, 0.0004204277938697487, 0.000468224665382877, 0.00040557925240136683]}