{"loss": [0.0017979932017624378, 0.00055495067499578, 0.00021029103663749993, 0.00014816358452662826, 0.00011805535905295983, 9.582970233168453e-05, 8.353441808139905e-05, 7.280723366420716e-05, 7.052162254694849e-05, 6.399778067134321e-05, 5.67012102692388e-05, 5.7675755670061335e-05, 5.3249594202497974e-05, 4.8754354793345556e-05, 4.8057805543066934e-05, 4.4442476792028174e-05, 4.1871149733196944e-05, 4.145966886426322e-05, 4.334092227509245e-05, 4.102305683773011e-05, 3.796677628997713e-05, 3.7721423723269254e-05, 3.6630888644140214e-05, 3.548214954207651e-05, 3.463674511294812e-05, 3.455784099060111e-05, 3.1560473871650174e-05, 3.187015317962505e-05, 3.435098915360868e-05, 3.2261075830319896e-05, 3.0450624763034284e-05, 2.9828188417013735e-05, 3.161085624014959e-05, 2.905064684455283e-05, 2.8826912966906093e-05, 3.073004336329177e-05, 2.7344711270416155e-05, 2.6517816877458245e-05, 2.676327494555153e-05, 2.702721940295305e-05, 2.7697898985934444e-05, 2.7483680241857655e-05, 2.470440995239187e-05, 3.243619721615687e-05, 2.4172462872229517e-05, 2.324887282156851e-05, 2.458733433741145e-05, 2.3883208996267058e-05, 2.3805951059330255e-05, 2.5991756047005765e-05, 2.376744305365719e-05, 2.4080676666926593e-05, 2.343338383070659e-05, 2.4978573492262512e-05, 2.3755705115036108e-05, 2.3164555386756547e-05, 2.9135220756870694e-05], "mse": [0.0017979932017624378, 0.00055495067499578, 0.00021029103663749993, 0.00014816358452662826, 0.00011805535905295983, 9.582970233168453e-05, 8.353441808139905e-05, 7.280723366420716e-05, 7.052162254694849e-05, 6.399778067134321e-05, 5.670121390721761e-05, 5.7675755670061335e-05, 5.3249594202497974e-05, 4.8754354793345556e-05, 4.8057805543066934e-05, 4.444248043000698e-05, 4.1871149733196944e-05, 4.145966886426322e-05, 4.334092227509245e-05, 4.102305683773011e-05, 3.796677628997713e-05, 3.772142736124806e-05, 3.6630888644140214e-05, 3.548214954207651e-05, 3.463674147496931e-05, 3.455784099060111e-05, 3.1560473871650174e-05, 3.187015317962505e-05, 3.435098915360868e-05, 3.2261075830319896e-05, 3.0450624763034284e-05, 2.9828188417013735e-05, 3.161085260217078e-05, 2.905064684455283e-05, 2.8826912966906093e-05, 3.073004336329177e-05, 2.7344711270416155e-05, 2.6517816877458245e-05, 2.676327494555153e-05, 2.702721940295305e-05, 2.7697898985934444e-05, 2.7483680241857655e-05, 2.470440995239187e-05, 3.243619721615687e-05, 2.4172462872229517e-05, 2.324887282156851e-05, 2.458733433741145e-05, 2.3883208996267058e-05, 2.3805951059330255e-05, 2.5991756047005765e-05, 2.376744305365719e-05, 2.4080676666926593e-05, 2.343338383070659e-05, 2.4978573492262512e-05, 2.3755705115036108e-05, 2.3164555386756547e-05, 2.9135220756870694e-05], "val_loss": [0.0010611772304400802, 0.0003434940299484879, 0.0001973342295968905, 0.00015468573838006705, 0.00014615594409406185, 0.00011413480388000607, 0.00010398985614301637, 9.174724254989997e-05, 8.828309364616871e-05, 8.202192111639306e-05, 7.081418880261481e-05, 7.853870920371264e-05, 8.157810952980071e-05, 6.768216553609818e-05, 6.472725362982601e-05, 5.8413737860973924e-05, 5.946975579718128e-05, 5.6798788136802614e-05, 6.85013656038791e-05, 5.212688847677782e-05, 5.464633068186231e-05, 5.914990833844058e-05, 5.2176445024088025e-05, 4.9854974349727854e-05, 5.165347465663217e-05, 4.715354589279741e-05, 4.75192500744015e-05, 4.6610937715740874e-05, 5.2365918236318976e-05, 5.198638973524794e-05, 4.862580317421816e-05, 4.602760964189656e-05, 4.957850615028292e-05, 4.929427814204246e-05, 4.4927510316483676e-05, 4.897963663097471e-05, 4.294940663385205e-05, 4.378207086119801e-05, 4.148318475927226e-05, 5.701517147826962e-05, 4.140869350521825e-05, 4.470531712286174e-05, 4.270889621693641e-05, 4.304744288674556e-05, 4.2101877625100315e-05, 4.483353404793888e-05, 3.8645765016553923e-05, 4.675893433159217e-05, 4.0304883441422135e-05, 4.353795520728454e-05, 3.9787009882275015e-05, 4.2528783524176106e-05, 3.9030201151035726e-05, 3.9043898141244426e-05, 4.39055438619107e-05, 4.7554793127346784e-05, 7.802565232850611e-05], "val_mse": [0.0010611772304400802, 0.0003434940299484879, 0.00019733421504497528, 0.00015468573838006705, 0.00014615594409406185, 0.00011413480388000607, 0.00010398985614301637, 9.174724254989997e-05, 8.828309364616871e-05, 8.202192111639306e-05, 7.081418880261481e-05, 7.853870920371264e-05, 8.157810952980071e-05, 6.768216553609818e-05, 6.472725362982601e-05, 5.8413737860973924e-05, 5.946975579718128e-05, 5.6798788136802614e-05, 6.85013656038791e-05, 5.212688847677782e-05, 5.464633068186231e-05, 5.914990833844058e-05, 5.2176445024088025e-05, 4.9854974349727854e-05, 5.165347465663217e-05, 4.715354589279741e-05, 4.75192500744015e-05, 4.6610937715740874e-05, 5.2365918236318976e-05, 5.1986382459290326e-05, 4.862580317421816e-05, 4.602760964189656e-05, 4.957850615028292e-05, 4.929427814204246e-05, 4.4927510316483676e-05, 4.897963663097471e-05, 4.294940663385205e-05, 4.37820672232192e-05, 4.148318475927226e-05, 5.701517147826962e-05, 4.140869350521825e-05, 4.470531712286174e-05, 4.270889621693641e-05, 4.304744288674556e-05, 4.2101877625100315e-05, 4.483353404793888e-05, 3.8645765016553923e-05, 4.675893433159217e-05, 4.0304883441422135e-05, 4.353795520728454e-05, 3.9787009882275015e-05, 4.2528783524176106e-05, 3.9030201151035726e-05, 3.9043898141244426e-05, 4.39055438619107e-05, 4.7554793127346784e-05, 7.80256450525485e-05]}