{"loss": [0.0966804251074791, 0.09381267428398132, 0.0925082415342331, 0.09196203947067261, 0.09163087606430054, 0.09107321500778198, 0.09104541689157486, 0.09007178992033005, 0.0900639146566391, 0.08961737900972366, 0.08924205601215363, 0.08975665271282196, 0.08887570351362228, 0.08855725079774857, 0.08918817341327667, 0.08810131251811981, 0.08739358186721802, 0.08695531636476517, 0.08668474853038788, 0.08623657375574112, 0.08586465567350388, 0.08562186360359192, 0.08476033061742783, 0.08437726646661758, 0.08373455703258514, 0.08312447369098663, 0.0838673859834671, 0.08286772668361664], "mse": [0.0966804251074791, 0.09381267428398132, 0.0925082415342331, 0.09196203947067261, 0.09163087606430054, 0.09107321500778198, 0.09104541689157486, 0.09007178992033005, 0.0900639146566391, 0.08961737900972366, 0.08924205601215363, 0.08975665271282196, 0.08887570351362228, 0.08855725079774857, 0.08918817341327667, 0.08810131251811981, 0.08739358186721802, 0.08695531636476517, 0.08668474107980728, 0.08623656630516052, 0.08586465567350388, 0.08562186360359192, 0.08476033806800842, 0.08437726646661758, 0.08373455703258514, 0.08312447369098663, 0.0838673859834671, 0.08286772668361664], "val_loss": [0.06798038631677628, 0.0666242241859436, 0.06586173921823502, 0.06647712737321854, 0.06493738293647766, 0.06601003557443619, 0.06435474753379822, 0.06460605561733246, 0.06488007307052612, 0.06491784751415253, 0.06679527461528778, 0.06493714451789856, 0.06532769650220871, 0.06384819000959396, 0.0645604059100151, 0.06408576667308807, 0.06523266434669495, 0.06361408531665802, 0.06386446952819824, 0.0638628602027893, 0.06440436094999313, 0.06450829654932022, 0.06377808749675751, 0.06377105414867401, 0.06449397653341293, 0.06500214338302612, 0.06642596423625946, 0.06597885489463806], "val_mse": [0.06798038631677628, 0.0666242241859436, 0.06586173921823502, 0.06647711992263794, 0.06493738293647766, 0.06601003557443619, 0.06435474753379822, 0.06460605561733246, 0.06488007307052612, 0.06491784751415253, 0.06679527461528778, 0.06493714451789856, 0.06532769650220871, 0.06384819000959396, 0.0645604059100151, 0.06408576667308807, 0.06523266434669495, 0.06361408531665802, 0.06386446952819824, 0.0638628602027893, 0.06440436094999313, 0.06450829654932022, 0.06377808749675751, 0.06377105414867401, 0.06449396908283234, 0.06500214338302612, 0.06642596423625946, 0.06597885489463806]}