{"loss": [0.005123859737068415, 0.003287890926003456, 0.0015098541043698788, 0.0008730667759664357, 0.0006012336816638708, 0.00045355077600106597, 0.00040015377453528345, 0.0003343363350722939, 0.00029405776876956224, 0.00027805721038021147, 0.00026906991843134165, 0.00025915721198543906, 0.0002439454256091267, 0.00023685272026341408, 0.00023645989131182432, 0.00022447228548116982, 0.0002254312130389735, 0.0002162415476050228, 0.00021006733004469424, 0.00021531482343561947, 0.00023131465422920883, 0.00020358318579383194, 0.00019142540986649692, 0.00019208132289350033, 0.00019744026940315962, 0.00019305097521282732, 0.00018996832659468055, 0.00018716175691224635, 0.0002063568972516805, 0.00018431688658893108, 0.0001796170836314559, 0.00017845243564806879, 0.00017441253294236958, 0.00016755276010371745, 0.00017496166401542723, 0.0001777747820597142, 0.0001712391385808587, 0.0001635001099202782, 0.0001652525970712304, 0.00016414426499977708, 0.0001692259538685903, 0.00015654132585041225, 0.00016106132534332573, 0.00015509661170654, 0.0001543351827422157, 0.00015617541794199497, 0.00016578679787926376, 0.00015118801093194634, 0.00014506025763694197, 0.00014629377983510494, 0.00015083175094332546, 0.00015701762458775192, 0.00015424891898874193, 0.00014908480807207525], "mse": [0.005123859737068415, 0.003287890926003456, 0.0015098541043698788, 0.0008730667759664357, 0.0006012336816638708, 0.00045355077600106597, 0.00040015377453528345, 0.0003343363350722939, 0.00029405776876956224, 0.00027805721038021147, 0.00026906991843134165, 0.0002591572410892695, 0.0002439454256091267, 0.00023685272026341408, 0.00023645989131182432, 0.00022447228548116982, 0.0002254312130389735, 0.0002162415476050228, 0.00021006733004469424, 0.00021531482343561947, 0.00023131465422920883, 0.00020358318579383194, 0.00019142540986649692, 0.00019208132289350033, 0.00019744026940315962, 0.00019305097521282732, 0.00018996832659468055, 0.00018716175691224635, 0.0002063568972516805, 0.00018431688658893108, 0.0001796170836314559, 0.00017845243564806879, 0.00017441253294236958, 0.00016755276010371745, 0.00017496166401542723, 0.0001777747820597142, 0.0001712391385808587, 0.0001635001099202782, 0.0001652525970712304, 0.00016414426499977708, 0.0001692259538685903, 0.00015654132585041225, 0.00016106132534332573, 0.00015509661170654, 0.0001543351827422157, 0.00015617541794199497, 0.00016578679787926376, 0.00015118801093194634, 0.00014506025763694197, 0.00014629377983510494, 0.00015083175094332546, 0.00015701762458775192, 0.00015424893354065716, 0.00014908480807207525], "val_loss": [0.0033073793165385723, 0.0016329933423548937, 0.0008619020809419453, 0.0006835717940703034, 0.0005915939691476524, 0.0006495159468613565, 0.0004896930186077952, 0.0004478842893149704, 0.0004671404021792114, 0.00040997014730237424, 0.0004017195606138557, 0.0004054154269397259, 0.0003864011086989194, 0.0003919927985407412, 0.0003910535015165806, 0.0003692661121021956, 0.00040024961344897747, 0.00036987365456297994, 0.0003763838903978467, 0.0004494800232350826, 0.0003778599202632904, 0.0003642514639068395, 0.0003544699866324663, 0.0003662606468424201, 0.0003450322838034481, 0.0003971843107137829, 0.0003566288505680859, 0.00034321093698963523, 0.0003799808328039944, 0.0003379427071195096, 0.0004235444648656994, 0.00033435138175264, 0.00033835036447271705, 0.0003332846681587398, 0.0003665784315671772, 0.0003600215131882578, 0.00036546014598570764, 0.00035171699710190296, 0.0003382063005119562, 0.00034881607280112803, 0.0003388121840544045, 0.00034578784834593534, 0.0003481333260424435, 0.0003309617459308356, 0.0003321447875350714, 0.00039443193236365914, 0.00035281520104035735, 0.0003459316212683916, 0.00034522093483246863, 0.00034873088588938117, 0.00033673265716060996, 0.00035072158789262176, 0.0003676561755128205, 0.00034113257424905896], "val_mse": [0.0033073793165385723, 0.0016329933423548937, 0.0008619020809419453, 0.0006835717940703034, 0.0005915939691476524, 0.0006495159468613565, 0.0004896930186077952, 0.0004478842893149704, 0.0004671404021792114, 0.00040997014730237424, 0.0004017195606138557, 0.0004054154269397259, 0.0003864011086989194, 0.0003919927985407412, 0.0003910535015165806, 0.0003692661121021956, 0.00040024961344897747, 0.0003698736254591495, 0.0003763838903978467, 0.0004494800232350826, 0.0003778599202632904, 0.0003642514639068395, 0.00035446995752863586, 0.0003662606468424201, 0.0003450322838034481, 0.0003971843107137829, 0.0003566288505680859, 0.00034321093698963523, 0.0003799807745963335, 0.0003379427071195096, 0.0004235444648656994, 0.00033435141085647047, 0.00033835036447271705, 0.0003332846681587398, 0.0003665784315671772, 0.0003600215131882578, 0.00036546014598570764, 0.00035171699710190296, 0.0003382063005119562, 0.00034881607280112803, 0.0003388121840544045, 0.00034578784834593534, 0.0003481333260424435, 0.0003309617459308356, 0.0003321447875350714, 0.00039443193236365914, 0.00035281520104035735, 0.0003459316212683916, 0.00034522093483246863, 0.00034873088588938117, 0.00033673265716060996, 0.00035072158789262176, 0.0003676561755128205, 0.00034113257424905896]}