{"loss": [0.001209951820783317, 0.00023544758732896298, 0.00013178694644011557, 0.00010223258868791163, 8.487758896080777e-05, 7.8319433669094e-05, 7.08313673385419e-05, 6.743293488398194e-05, 6.705932173645124e-05, 6.187939288793132e-05, 5.720334957004525e-05, 5.564610910369083e-05, 5.53692843823228e-05, 5.591428998741321e-05, 5.1000759413000196e-05, 4.919779166812077e-05, 5.153487290954217e-05, 5.129368946654722e-05, 4.9613510782364756e-05, 4.6818000555504113e-05, 4.6949582610977814e-05, 4.6375917008845136e-05, 4.4916039769304916e-05, 4.7061963414307684e-05, 4.401891783345491e-05, 4.6083408960839733e-05, 4.3542579078348354e-05, 4.430481567396782e-05, 4.2535877582849935e-05, 4.233123399899341e-05, 4.24915888288524e-05, 4.2434254282852635e-05, 4.342521424405277e-05], "mse": [0.001209951820783317, 0.00023544758732896298, 0.00013178694644011557, 0.00010223258868791163, 8.487758896080777e-05, 7.8319433669094e-05, 7.08313673385419e-05, 6.743293488398194e-05, 6.705932173645124e-05, 6.187939288793132e-05, 5.720334957004525e-05, 5.564610910369083e-05, 5.53692843823228e-05, 5.591428998741321e-05, 5.100076668895781e-05, 4.919779166812077e-05, 5.153487290954217e-05, 5.129368946654722e-05, 4.9613510782364756e-05, 4.681800783146173e-05, 4.6949582610977814e-05, 4.6375917008845136e-05, 4.4916039769304916e-05, 4.7061963414307684e-05, 4.401891783345491e-05, 4.6083408960839733e-05, 4.3542579078348354e-05, 4.430481567396782e-05, 4.2535877582849935e-05, 4.233123399899341e-05, 4.24915888288524e-05, 4.2434254282852635e-05, 4.342521424405277e-05], "val_loss": [0.0004106768174096942, 0.00015058828284963965, 0.00010772558744065464, 0.00010171319445362315, 9.373664215672761e-05, 9.046634659171104e-05, 8.356155012734234e-05, 8.66704504005611e-05, 7.002061465755105e-05, 7.841060869395733e-05, 6.82080935803242e-05, 8.003329276107252e-05, 8.840558439260349e-05, 6.573216523975134e-05, 6.75258634146303e-05, 6.306450086412951e-05, 7.209751493064687e-05, 7.611892942804843e-05, 6.374945951392874e-05, 6.25734101049602e-05, 6.891856901347637e-05, 6.373444193741307e-05, 6.186081736814231e-05, 6.189763371367007e-05, 6.30155554972589e-05, 6.291878526099026e-05, 7.097487832652405e-05, 6.414351082639769e-05, 6.716361531289294e-05, 6.371360359480605e-05, 6.383263098541647e-05, 6.661884253844619e-05, 6.233457679627463e-05], "val_mse": [0.0004106768174096942, 0.00015058828284963965, 0.00010772558744065464, 0.00010171319445362315, 9.373664215672761e-05, 9.046634659171104e-05, 8.356155012734234e-05, 8.66704504005611e-05, 7.002061465755105e-05, 7.841060869395733e-05, 6.82080935803242e-05, 8.003329276107252e-05, 8.840558439260349e-05, 6.573216523975134e-05, 6.75258634146303e-05, 6.306450086412951e-05, 7.209751493064687e-05, 7.611892942804843e-05, 6.374945951392874e-05, 6.25734101049602e-05, 6.891856901347637e-05, 6.373444193741307e-05, 6.186081736814231e-05, 6.189763371367007e-05, 6.30155554972589e-05, 6.291878526099026e-05, 7.097487832652405e-05, 6.414351082639769e-05, 6.716361531289294e-05, 6.371360359480605e-05, 6.383263098541647e-05, 6.661884253844619e-05, 6.233457679627463e-05]}