{"loss": [0.0022793482057750225, 0.0018287703860551119, 0.0013135323533788323, 0.0007717911503277719, 0.00041168415918946266, 0.0002352115698158741, 0.00017274841957259923, 0.00013972329907119274, 0.00011889349116245285, 0.00010716602992033586, 0.0001014019944705069, 8.827675628708676e-05, 8.090282790362835e-05, 7.791923417244107e-05, 7.136737986002117e-05, 6.960325117688626e-05, 6.75932242302224e-05, 6.095994103816338e-05, 5.736001185141504e-05, 6.146127270767465e-05, 5.924126162426546e-05, 5.0274938985239714e-05, 4.676801472669467e-05, 4.655379234463908e-05, 4.617757076630369e-05, 4.456688111531548e-05, 4.1654391679912806e-05, 4.113146133022383e-05, 3.9312832086579874e-05, 3.877045674016699e-05, 3.769978502532467e-05, 3.599669071263634e-05, 3.481913881842047e-05, 3.4620075894054025e-05, 3.54387448169291e-05, 3.410044519114308e-05, 3.3869473554659635e-05, 3.626405305112712e-05, 3.28379865095485e-05], "mse": [0.0022793482057750225, 0.0018287703860551119, 0.0013135323533788323, 0.0007717911503277719, 0.00041168415918946266, 0.0002352115698158741, 0.00017274841957259923, 0.00013972329907119274, 0.00011889349116245285, 0.00010716602992033586, 0.0001014019944705069, 8.827675628708676e-05, 8.090282790362835e-05, 7.791923417244107e-05, 7.136737986002117e-05, 6.960325117688626e-05, 6.75932242302224e-05, 6.095994103816338e-05, 5.736001185141504e-05, 6.146127270767465e-05, 5.924126162426546e-05, 5.0274938985239714e-05, 4.676801472669467e-05, 4.655379234463908e-05, 4.617757076630369e-05, 4.456688111531548e-05, 4.1654391679912806e-05, 4.113146133022383e-05, 3.9312832086579874e-05, 3.877045674016699e-05, 3.769978502532467e-05, 3.599669071263634e-05, 3.481913881842047e-05, 3.4620075894054025e-05, 3.54387448169291e-05, 3.410044519114308e-05, 3.3869473554659635e-05, 3.626405305112712e-05, 3.28379865095485e-05], "val_loss": [0.0020424206741154194, 0.0015266288537532091, 0.0009135697036981583, 0.00045523158041760325, 0.0002619849983602762, 0.00016603214317001402, 0.00013190381287131459, 0.00011295672447886318, 0.0001141689281212166, 9.789557952899486e-05, 9.045228944160044e-05, 8.395470649702474e-05, 8.03981238277629e-05, 7.785299385432154e-05, 8.363593951798975e-05, 8.137414988595992e-05, 7.843220373615623e-05, 8.063843415584415e-05, 6.947547808522359e-05, 7.373539119726047e-05, 7.171849574660882e-05, 6.772585766157135e-05, 6.612071592826396e-05, 6.873597158119082e-05, 7.0328896981664e-05, 6.591821147594601e-05, 6.55268449918367e-05, 6.375798693625256e-05, 6.219586066436023e-05, 6.421285070246086e-05, 6.274370389292017e-05, 6.547982775373384e-05, 6.269359437283128e-05, 6.404174928320572e-05, 6.356595258694142e-05, 6.284521805355325e-05, 6.578209286089987e-05, 6.621954526053742e-05, 6.297668005572632e-05], "val_mse": [0.0020424206741154194, 0.0015266288537532091, 0.0009135697036981583, 0.00045523158041760325, 0.0002619849983602762, 0.00016603214317001402, 0.00013190381287131459, 0.00011295672447886318, 0.0001141689281212166, 9.789557952899486e-05, 9.045228944160044e-05, 8.395470649702474e-05, 8.03981238277629e-05, 7.785299385432154e-05, 8.363593951798975e-05, 8.137414988595992e-05, 7.843220373615623e-05, 8.063843415584415e-05, 6.947547808522359e-05, 7.373539119726047e-05, 7.171849574660882e-05, 6.772587221348658e-05, 6.612071592826396e-05, 6.873597158119082e-05, 7.0328896981664e-05, 6.591821147594601e-05, 6.55268449918367e-05, 6.375798693625256e-05, 6.219586066436023e-05, 6.421285070246086e-05, 6.274370389292017e-05, 6.547982775373384e-05, 6.269359437283128e-05, 6.404174928320572e-05, 6.356595258694142e-05, 6.284521805355325e-05, 6.578209286089987e-05, 6.621954526053742e-05, 6.297668005572632e-05]}