{"loss": [0.0016462437342852354, 0.00042619265150278807, 0.000332738010911271, 0.0002967935288324952, 0.0002754037268459797, 0.0002609735238365829, 0.0002620980376377702, 0.0002478307578712702, 0.00023858368513174355, 0.00023010959557723254, 0.00022960589558351785, 0.0002201267925556749, 0.0002176027774112299, 0.00021538771397899836, 0.00022387353237718344, 0.000210749072721228, 0.00021277612540870905, 0.00021506065968424082, 0.00020884376135654747, 0.0002127530606230721, 0.00020691411918960512, 0.00021174988069105893, 0.00019969139248132706, 0.00019719985721167177, 0.0001964406983461231, 0.0001947504497366026, 0.0001972410682355985, 0.00020447169663384557, 0.0001972280879272148, 0.000189343947567977, 0.0001930436847032979, 0.00019219916430301964, 0.00019052403513342142, 0.00018915571854449809, 0.00018968555377796292, 0.00018735910998657346, 0.00019362647435627878, 0.00018928467761725187, 0.0001849218097049743, 0.00018158071907237172], "mse": [0.0016462437342852354, 0.00042619265150278807, 0.000332738010911271, 0.0002967935288324952, 0.0002754037268459797, 0.0002609735238365829, 0.0002620980376377702, 0.0002478307578712702, 0.00023858368513174355, 0.00023010959557723254, 0.00022960589558351785, 0.0002201267925556749, 0.0002176027774112299, 0.00021538771397899836, 0.00022387353237718344, 0.000210749072721228, 0.00021277612540870905, 0.00021506065968424082, 0.00020884376135654747, 0.0002127530606230721, 0.00020691411918960512, 0.00021174988069105893, 0.00019969139248132706, 0.00019719985721167177, 0.0001964406983461231, 0.0001947504497366026, 0.00019724109733942896, 0.00020447172573767602, 0.0001972280879272148, 0.000189343947567977, 0.0001930436847032979, 0.00019219916430301964, 0.00019052403513342142, 0.00018915571854449809, 0.00018968555377796292, 0.00018735910998657346, 0.00019362647435627878, 0.00018928467761725187, 0.0001849218097049743, 0.00018158071907237172], "val_loss": [0.0006538070156238973, 0.00032951697357930243, 0.00028803537134081125, 0.0002639443555381149, 0.00025232977350242436, 0.0002860791573766619, 0.00022853283735457808, 0.00022119993809610605, 0.00022669050667900592, 0.0002153196546714753, 0.00021142532932572067, 0.0002094703377224505, 0.0002096064417855814, 0.00020306915394030511, 0.00020136985403951257, 0.00020884610421489924, 0.00022606103448197246, 0.000206293654628098, 0.00022374534455593675, 0.00023757273447699845, 0.00020951360056642443, 0.00020575615053530782, 0.00019959580095019192, 0.00020699012384284288, 0.0001998365332838148, 0.00019481404160615057, 0.00020126887829974294, 0.00020108273020014167, 0.00019419155432842672, 0.000191613711649552, 0.00021305441623553634, 0.00019308146147523075, 0.00020406508701853454, 0.00021710555301979184, 0.00019527587573975325, 0.00019685378356371075, 0.00020068505546078086, 0.00019853629055432975, 0.0001957164640771225, 0.00020746253721881658], "val_mse": [0.0006538070156238973, 0.00032951697357930243, 0.00028803537134081125, 0.0002639443555381149, 0.00025232977350242436, 0.0002860791573766619, 0.00022853283735457808, 0.00022119993809610605, 0.00022669050667900592, 0.0002153196546714753, 0.00021142532932572067, 0.0002094703377224505, 0.0002096064417855814, 0.00020306915394030511, 0.00020136985403951257, 0.00020884610421489924, 0.00022606103448197246, 0.000206293654628098, 0.00022374534455593675, 0.00023757273447699845, 0.00020951360056642443, 0.00020575615053530782, 0.00019959580095019192, 0.00020699015294667333, 0.0001998365332838148, 0.00019481404160615057, 0.00020126887829974294, 0.00020108273020014167, 0.0001941915979841724, 0.000191613711649552, 0.00021305443078745157, 0.00019308146147523075, 0.00020406508701853454, 0.00021710555301979184, 0.00019527587573975325, 0.00019685378356371075, 0.00020068505546078086, 0.00019853629055432975, 0.0001957164640771225, 0.00020746253721881658]}