{"loss": [0.006370143033564091, 0.005590482614934444, 0.005256144795566797, 0.004940447397530079, 0.004674338735640049, 0.0044960142113268375, 0.004262232221662998, 0.004064746201038361, 0.003984902054071426, 0.003908176440745592, 0.003839625744149089, 0.0037554726004600525, 0.0036676593590527773, 0.0036422661505639553, 0.0036130181979388, 0.003560077864676714, 0.0035291097592562437], "mse": [0.006370143033564091, 0.005590482614934444, 0.005256144795566797, 0.004940447397530079, 0.004674338735640049, 0.0044960142113268375, 0.004262232221662998, 0.004064746201038361, 0.003984902054071426, 0.003908176440745592, 0.003839625744149089, 0.0037554726004600525, 0.0036676593590527773, 0.0036422661505639553, 0.0036130181979388, 0.003560077864676714, 0.0035291097592562437], "val_loss": [0.005397431552410126, 0.004601378925144672, 0.004230783320963383, 0.0038516554050147533, 0.004324527457356453, 0.0035170104820281267, 0.003480607643723488, 0.003964502364397049, 0.0035761259496212006, 0.0036587535869330168, 0.003956196829676628, 0.0036605377681553364, 0.004256625659763813, 0.0038695461116731167, 0.003955756779760122, 0.003765308763831854, 0.003995012491941452], "val_mse": [0.005397431552410126, 0.004601378925144672, 0.004230783320963383, 0.0038516554050147533, 0.004324527457356453, 0.0035170104820281267, 0.003480607643723488, 0.003964502364397049, 0.0035761259496212006, 0.0036587535869330168, 0.003956196829676628, 0.0036605377681553364, 0.004256625659763813, 0.0038695461116731167, 0.003955756779760122, 0.003765308763831854, 0.003995012491941452]}