{"loss": [0.009445502422749996, 0.008711562491953373, 0.008442032150924206, 0.00829337164759636, 0.00823379959911108, 0.008205314166843891, 0.008127603679895401, 0.008129633031785488, 0.008075999096035957, 0.008097914047539234, 0.008066478185355663, 0.008019289001822472, 0.007953012362122536, 0.00801173411309719, 0.007910697720944881, 0.007878826931118965, 0.007808161433786154, 0.007737864274531603, 0.007775302976369858], "mse": [0.009445502422749996, 0.008711563423275948, 0.008442032150924206, 0.00829337164759636, 0.00823379959911108, 0.008205314166843891, 0.008127602748572826, 0.008129633031785488, 0.008075999096035957, 0.008097914047539234, 0.008066478185355663, 0.008019289001822472, 0.007953012362122536, 0.00801173411309719, 0.007910696789622307, 0.007878826931118965, 0.007808161433786154, 0.007737864274531603, 0.007775302976369858], "val_loss": [0.010172815062105656, 0.009734260849654675, 0.00975736416876316, 0.009380774572491646, 0.009273316711187363, 0.009317505173385143, 0.009822865948081017, 0.00921208318322897, 0.009175880812108517, 0.00979097094386816, 0.00957993883639574, 0.009234149008989334, 0.009296996518969536, 0.009233596734702587, 0.009436084888875484, 0.009302941150963306, 0.009404688142240047, 0.009914509020745754, 0.0094540324062109], "val_mse": [0.010172814130783081, 0.009734260849654675, 0.00975736416876316, 0.009380774572491646, 0.009273316711187363, 0.009317505173385143, 0.009822865948081017, 0.00921208318322897, 0.009175880812108517, 0.00979097094386816, 0.00957993883639574, 0.009234149008989334, 0.009296996518969536, 0.009233596734702587, 0.009436084888875484, 0.009302941150963306, 0.009404688142240047, 0.009914509020745754, 0.0094540324062109]}