{"loss": [0.0016718015540391207, 0.000690341170411557, 0.0005460241227410734, 0.0005067337187938392, 0.0004749738145619631, 0.00046406767796725035, 0.0004585626011248678, 0.000439877447206527, 0.0004364881315268576, 0.0004252019280102104, 0.000427220540586859, 0.0004255350795574486, 0.0004198115202598274, 0.0004079398640897125, 0.0004221212584525347, 0.0004149258020333946, 0.00040288642048835754, 0.00040023052133619785, 0.000396839837776497, 0.00039910481427796185], "mse": [0.0016718015540391207, 0.000690341170411557, 0.0005460241227410734, 0.0005067337187938392, 0.0004749738145619631, 0.00046406767796725035, 0.0004585626011248678, 0.000439877447206527, 0.0004364881315268576, 0.0004252019280102104, 0.000427220540586859, 0.0004255350795574486, 0.0004198115202598274, 0.0004079398640897125, 0.00042212120024487376, 0.0004149258020333946, 0.00040288642048835754, 0.00040023046312853694, 0.000396839837776497, 0.00039910481427796185], "val_loss": [0.001052178326062858, 0.0007233808282762766, 0.0005961806746199727, 0.0005598275456577539, 0.000548429146874696, 0.0005933346692472696, 0.0005591036169789732, 0.0005595884867943823, 0.0005438296939246356, 0.0005258142482489347, 0.0005589021602645516, 0.0005410403246060014, 0.0005425078561529517, 0.000536745588760823, 0.0005404953262768686, 0.0005304007208906114, 0.0005337866023182869, 0.0005487097660079598, 0.0005343295633792877, 0.0005466649890877306], "val_mse": [0.001052178326062858, 0.0007233808282762766, 0.0005961806746199727, 0.0005598275456577539, 0.000548429146874696, 0.0005933346692472696, 0.0005591036169789732, 0.0005595884867943823, 0.0005438296939246356, 0.0005258142482489347, 0.0005589021602645516, 0.0005410403246060014, 0.0005425078561529517, 0.000536745588760823, 0.0005404953262768686, 0.0005304007208906114, 0.0005337866023182869, 0.0005487097660079598, 0.0005343295633792877, 0.0005466649890877306]}