{"loss": [0.001252687070518732, 0.00017926523287314922, 0.00010157285578316078, 7.584422564832494e-05, 6.440700235543773e-05, 5.267716551315971e-05, 4.939964128425345e-05, 4.370167516754009e-05, 4.232287028571591e-05, 4.3404215830378234e-05, 3.8949445297475904e-05, 3.6563538742484525e-05, 3.67628745152615e-05, 3.4369833883829415e-05, 3.5089713492197916e-05, 3.284900594735518e-05, 3.398600165382959e-05, 3.4934600989799947e-05, 3.058697620872408e-05, 3.026859303645324e-05, 3.0373415938811377e-05, 2.9659511710633524e-05, 2.8579428544617258e-05, 2.790278085740283e-05, 2.8970185667276382e-05, 2.7721313017536886e-05, 2.8787784685846418e-05, 2.743108052527532e-05, 2.6598863769322634e-05, 2.7179652533959597e-05, 2.607925489428453e-05, 2.6354315195931122e-05, 2.572822086222004e-05, 2.6443331080372445e-05, 2.5672348783700727e-05, 2.5997833290603012e-05, 2.6613792215357535e-05, 2.4824817955959588e-05, 2.580303953436669e-05, 2.340888386243023e-05, 2.505569500499405e-05, 2.3763861463521607e-05, 2.3884473193902522e-05, 2.3849748686188832e-05, 2.3934946511872113e-05, 2.2725742383045144e-05, 2.3761791453580372e-05, 2.3015139959170483e-05, 2.4293642127304338e-05, 2.190286795666907e-05, 2.2227899535209872e-05, 2.2824642655905336e-05, 2.1968025976093486e-05, 2.254447463201359e-05, 2.6513780539971776e-05, 2.1325726265786216e-05, 2.240298272226937e-05, 2.0900410163449124e-05, 2.2934833395993337e-05, 2.1585405193036422e-05, 2.1193980501266196e-05, 2.2866408471600153e-05, 2.0778472389793023e-05, 2.1851878045708872e-05, 2.0290997781557962e-05, 2.0184157619951293e-05, 2.1189034669077955e-05, 2.0320952899055555e-05, 2.022911940002814e-05, 2.0111136109335348e-05, 2.01468665181892e-05, 1.976891144295223e-05, 1.9442708435235545e-05, 1.9671339032356627e-05], "mse": [0.001252687070518732, 0.00017926523287314922, 0.00010157285578316078, 7.584422564832494e-05, 6.440700235543773e-05, 5.267716551315971e-05, 4.939964128425345e-05, 4.370167516754009e-05, 4.232287028571591e-05, 4.3404215830378234e-05, 3.8949445297475904e-05, 3.656354238046333e-05, 3.67628745152615e-05, 3.4369833883829415e-05, 3.5089713492197916e-05, 3.284900594735518e-05, 3.398600165382959e-05, 3.4934600989799947e-05, 3.058697620872408e-05, 3.026859303645324e-05, 3.0373415938811377e-05, 2.9659511710633524e-05, 2.8579428544617258e-05, 2.790278085740283e-05, 2.8970185667276382e-05, 2.7721313017536886e-05, 2.8787784685846418e-05, 2.743108052527532e-05, 2.6598863769322634e-05, 2.7179652533959597e-05, 2.607925489428453e-05, 2.6354315195931122e-05, 2.572822086222004e-05, 2.6443331080372445e-05, 2.5672348783700727e-05, 2.5997833290603012e-05, 2.6613792215357535e-05, 2.4824817955959588e-05, 2.580303953436669e-05, 2.340888386243023e-05, 2.505569500499405e-05, 2.3763861463521607e-05, 2.3884473193902522e-05, 2.3849748686188832e-05, 2.3934946511872113e-05, 2.2725742383045144e-05, 2.3761791453580372e-05, 2.3015139959170483e-05, 2.4293642127304338e-05, 2.190286795666907e-05, 2.2227899535209872e-05, 2.2824642655905336e-05, 2.1968025976093486e-05, 2.254447463201359e-05, 2.6513780539971776e-05, 2.1325726265786216e-05, 2.240298272226937e-05, 2.0900410163449124e-05, 2.2934833395993337e-05, 2.1585405193036422e-05, 2.1193980501266196e-05, 2.2866408471600153e-05, 2.0778472389793023e-05, 2.1851878045708872e-05, 2.0290997781557962e-05, 2.0184157619951293e-05, 2.1189034669077955e-05, 2.0320952899055555e-05, 2.0229117581038736e-05, 2.0111136109335348e-05, 2.01468665181892e-05, 1.976891144295223e-05, 1.9442708435235545e-05, 1.9671339032356627e-05], "val_loss": [0.00031955429585650563, 0.00011530503979884088, 7.880040357122198e-05, 7.600575190735981e-05, 5.6693312217248604e-05, 5.271057671052404e-05, 4.967595305060968e-05, 5.245491774985567e-05, 5.6953271268866956e-05, 4.9671027227304876e-05, 5.061670526629314e-05, 4.5749329729005694e-05, 4.3818839913001284e-05, 4.110881491214968e-05, 4.3711312173400074e-05, 3.937779911211692e-05, 4.175869617029093e-05, 4.3664178519975394e-05, 4.0541690395912156e-05, 4.165080827078782e-05, 3.9477785321651027e-05, 3.918709626304917e-05, 3.880568692693487e-05, 4.080453800270334e-05, 3.73069524357561e-05, 4.2893072532024235e-05, 3.756223668460734e-05, 3.748960079974495e-05, 4.1121802496491e-05, 4.013632860733196e-05, 3.563812788343057e-05, 3.87744621548336e-05, 3.989955803263001e-05, 4.835009895032272e-05, 3.614548040786758e-05, 3.826568354270421e-05, 3.762538472074084e-05, 4.227235331200063e-05, 3.9911210478749126e-05, 3.4877288271673024e-05, 4.832231570617296e-05, 3.468969225650653e-05, 3.5990200558444485e-05, 3.714177728397772e-05, 3.5915909393224865e-05, 3.622658914537169e-05, 3.6863115383312106e-05, 3.619771814555861e-05, 3.4634900657692924e-05, 3.529076639097184e-05, 3.548367021721788e-05, 3.433095844229683e-05, 3.8149006286403164e-05, 3.4016880817944184e-05, 3.550130350049585e-05, 3.4694428904913366e-05, 3.494579505058937e-05, 3.378977635293268e-05, 3.4700558899203315e-05, 3.406538235140033e-05, 3.492405085125938e-05, 3.346985613461584e-05, 3.776095400098711e-05, 3.3199616154888645e-05, 3.361766357556917e-05, 3.465533154667355e-05, 3.4587628761073574e-05, 3.6167577491141856e-05, 3.4031854738714173e-05, 3.3228810934815556e-05, 3.369919795659371e-05, 3.46412998624146e-05, 3.343172647873871e-05, 3.3692635042825714e-05], "val_mse": [0.00031955429585650563, 0.00011530503979884088, 7.880040357122198e-05, 7.600575190735981e-05, 5.6693312217248604e-05, 5.271057671052404e-05, 4.967595305060968e-05, 5.245491774985567e-05, 5.6953271268866956e-05, 4.9671027227304876e-05, 5.061670526629314e-05, 4.5749329729005694e-05, 4.3818839913001284e-05, 4.110881491214968e-05, 4.3711312173400074e-05, 3.937779911211692e-05, 4.175869617029093e-05, 4.3664178519975394e-05, 4.0541690395912156e-05, 4.165080827078782e-05, 3.9477785321651027e-05, 3.918709626304917e-05, 3.8805690564913675e-05, 4.080453800270334e-05, 3.73069524357561e-05, 4.2893072532024235e-05, 3.756223668460734e-05, 3.7489604437723756e-05, 4.1121802496491e-05, 4.013633224531077e-05, 3.563812788343057e-05, 3.87744621548336e-05, 3.989956167060882e-05, 4.835009895032272e-05, 3.614548040786758e-05, 3.826568354270421e-05, 3.762538472074084e-05, 4.227235331200063e-05, 3.9911210478749126e-05, 3.4877288271673024e-05, 4.832231570617296e-05, 3.468969225650653e-05, 3.5990200558444485e-05, 3.714177728397772e-05, 3.5915909393224865e-05, 3.622658914537169e-05, 3.686311902129091e-05, 3.619771814555861e-05, 3.4634900657692924e-05, 3.529076639097184e-05, 3.548366657923907e-05, 3.433095844229683e-05, 3.8149006286403164e-05, 3.4016880817944184e-05, 3.550130350049585e-05, 3.4694428904913366e-05, 3.494579505058937e-05, 3.378977635293268e-05, 3.4700558899203315e-05, 3.406538235140033e-05, 3.4924047213280573e-05, 3.346985613461584e-05, 3.776095400098711e-05, 3.3199616154888645e-05, 3.361766357556917e-05, 3.465533154667355e-05, 3.4587628761073574e-05, 3.6167577491141856e-05, 3.4031854738714173e-05, 3.3228810934815556e-05, 3.369919795659371e-05, 3.46412998624146e-05, 3.343172647873871e-05, 3.3692635042825714e-05]}