{"loss": [0.00185839319601655, 0.0006674887263216078, 0.00031277191010303795, 0.00023111223708838224, 0.00019186337885912508, 0.00016540547949261963, 0.00014849579019937664, 0.00013705976016353816, 0.00012646823597606272, 0.00012114352284697816, 0.00011482871195767075, 0.00011340126366121694, 0.0001078289351426065, 0.00010498509072931483, 0.00010412202391307801, 9.978975140256807e-05, 0.00010272495273966342, 0.00010107146226800978, 9.557522571412846e-05, 9.559257887303829e-05, 9.585325460648164e-05, 9.521572064841166e-05, 9.379072434967384e-05, 8.872334728948772e-05, 8.934024663176388e-05, 8.855142368702218e-05, 8.742904174141586e-05, 8.9201086666435e-05, 9.081955795409158e-05, 8.43876987346448e-05, 8.296391024487093e-05, 8.413319301325828e-05, 8.411326416535303e-05, 8.465540304314345e-05, 8.164053724613041e-05, 8.22899310151115e-05, 8.113032527035102e-05, 8.097989484667778e-05, 8.038482337724417e-05, 8.429160516243428e-05, 7.720384746789932e-05, 7.825846114428714e-05, 7.595601346110925e-05, 7.605249265907332e-05, 7.646187441423535e-05, 7.65999939176254e-05, 7.38816088414751e-05, 7.466605165973306e-05, 7.8481127275154e-05, 7.481971988454461e-05, 7.31256659491919e-05, 7.355497655225918e-05, 7.535069016739726e-05, 7.840412581572309e-05, 7.258276309585199e-05, 7.411817932734266e-05, 7.177401130320504e-05, 7.382098556263372e-05, 8.070041076280177e-05, 7.283614831976593e-05, 7.059540803311393e-05, 7.256530807353556e-05, 7.110069418558851e-05, 7.027909305179492e-05, 7.057845505187288e-05, 6.923519686097279e-05, 7.121398084564134e-05, 6.778357783332467e-05, 6.772801134502515e-05, 7.092614396242425e-05, 6.672755989711732e-05, 6.643969391006976e-05, 7.332582754315808e-05, 6.794843648094684e-05, 6.67367348796688e-05, 6.910407682880759e-05, 6.409856723621488e-05, 6.561150803463534e-05, 6.666350964223966e-05, 6.710632442263886e-05, 6.342368578771129e-05, 6.319898966467008e-05, 6.405284511856735e-05, 6.248382123885676e-05, 6.825634773122147e-05, 6.860349822090939e-05, 6.585795199498534e-05, 6.71218367642723e-05], "mse": [0.0018583930796012282, 0.0006674887263216078, 0.00031277191010303795, 0.00023111223708838224, 0.00019186337885912508, 0.00016540547949261963, 0.00014849579019937664, 0.00013705976016353816, 0.00012646823597606272, 0.00012114352284697816, 0.00011482871195767075, 0.00011340126366121694, 0.0001078289351426065, 0.00010498509072931483, 0.00010412202391307801, 9.978975140256807e-05, 0.00010272495273966342, 0.00010107146226800978, 9.557522571412846e-05, 9.559257887303829e-05, 9.585325460648164e-05, 9.521572064841166e-05, 9.379072434967384e-05, 8.872334728948772e-05, 8.934024663176388e-05, 8.855142368702218e-05, 8.742904174141586e-05, 8.9201086666435e-05, 9.081955795409158e-05, 8.43876987346448e-05, 8.296391024487093e-05, 8.413319301325828e-05, 8.411326416535303e-05, 8.465540304314345e-05, 8.164053724613041e-05, 8.22899310151115e-05, 8.113032527035102e-05, 8.097989484667778e-05, 8.038482337724417e-05, 8.429160516243428e-05, 7.720384746789932e-05, 7.825846114428714e-05, 7.595601346110925e-05, 7.605249265907332e-05, 7.646187441423535e-05, 7.65999939176254e-05, 7.38816088414751e-05, 7.466605165973306e-05, 7.8481127275154e-05, 7.481971988454461e-05, 7.31256659491919e-05, 7.355496927630156e-05, 7.535069016739726e-05, 7.840412581572309e-05, 7.258276309585199e-05, 7.411817932734266e-05, 7.177401130320504e-05, 7.382098556263372e-05, 8.070041076280177e-05, 7.283616287168115e-05, 7.059540803311393e-05, 7.256530079757795e-05, 7.110069418558851e-05, 7.027909305179492e-05, 7.057845505187288e-05, 6.923519686097279e-05, 7.121398084564134e-05, 6.778356328140944e-05, 6.772801134502515e-05, 7.092614396242425e-05, 6.672755989711732e-05, 6.643969391006976e-05, 7.332582026720047e-05, 6.794843648094684e-05, 6.67367348796688e-05, 6.910407682880759e-05, 6.409856723621488e-05, 6.561150803463534e-05, 6.666350964223966e-05, 6.710632442263886e-05, 6.342368578771129e-05, 6.319898966467008e-05, 6.405284511856735e-05, 6.248382123885676e-05, 6.825634773122147e-05, 6.860349822090939e-05, 6.585795199498534e-05, 6.71218367642723e-05], "val_loss": [0.0008462165133096278, 0.0003469310759101063, 0.00024716995540075004, 0.0001628994068596512, 0.0001445392263121903, 0.00014254463894758373, 0.00011877588258357719, 0.00011217763676540926, 0.00010305809701094404, 0.00010366924107074738, 9.991625120164827e-05, 9.761756518855691e-05, 9.23942934605293e-05, 8.922456618165597e-05, 9.001409489428625e-05, 9.890791989164427e-05, 0.00010940835636574775, 9.603250509826466e-05, 8.449718006886542e-05, 8.91668169060722e-05, 9.51109905145131e-05, 8.352599979843944e-05, 8.089974289759994e-05, 8.635910489829257e-05, 8.041159162530676e-05, 8.154707757057622e-05, 7.948705751914531e-05, 7.928478589747101e-05, 8.385528053622693e-05, 8.146627806127071e-05, 7.772455137455836e-05, 8.087336755124852e-05, 7.950882718432695e-05, 8.711822010809556e-05, 7.644441211596131e-05, 8.332415745826438e-05, 7.686588651267812e-05, 7.575737981824204e-05, 7.81347043812275e-05, 8.029051969060674e-05, 7.715887477388605e-05, 7.609528256580234e-05, 7.849391840863973e-05, 7.520882354583591e-05, 7.709432247793302e-05, 7.656448724446818e-05, 7.515317702200264e-05, 8.012786565814167e-05, 7.900443597463891e-05, 7.608791929669678e-05, 7.664444274269044e-05, 7.544221443822607e-05, 8.167349005816504e-05, 7.707924669375643e-05, 7.809772796463221e-05, 7.625648868270218e-05, 7.50324543332681e-05, 8.0050878750626e-05, 7.736484258202836e-05, 7.398784509859979e-05, 7.531960727646947e-05, 7.530679431511089e-05, 7.189144525909796e-05, 8.725251973373815e-05, 7.612982881255448e-05, 7.790929521434009e-05, 7.740057480987161e-05, 7.495685713365674e-05, 7.068997365422547e-05, 8.33541271276772e-05, 7.129083678591996e-05, 8.626090129837394e-05, 7.408091187244281e-05, 7.424929208355024e-05, 8.07090473244898e-05, 7.196013029897586e-05, 7.389501115540043e-05, 7.04271369613707e-05, 8.81345258676447e-05, 7.642098353244364e-05, 7.499045750591904e-05, 7.168221054598689e-05, 7.079337956383824e-05, 7.867117528803647e-05, 8.503071148879826e-05, 7.691985956626013e-05, 7.399854803225026e-05, 7.092818850651383e-05],