{"loss": [0.004914813209325075, 0.004481020383536816, 0.004318940453231335, 0.004193611443042755, 0.004116141702979803, 0.00399541761726141, 0.003901589661836624, 0.0037996270693838596, 0.003718354506418109, 0.0036084377206861973, 0.0035132437478750944, 0.003403727663680911, 0.003315544221550226, 0.003202690975740552, 0.003158182604238391, 0.0030562246683984995, 0.003008774248883128, 0.0029792466666549444, 0.0029335629660636187, 0.0028760076966136694, 0.002845591166988015, 0.0027880463749170303, 0.00277291820384562, 0.0027151587419211864, 0.002670645248144865, 0.0026396592147648335, 0.0026379486080259085, 0.002605004236102104, 0.0025450692046433687, 0.0025239023379981518, 0.0025316050741821527, 0.002493445063009858, 0.0024385126307606697, 0.002433059737086296, 0.0023927479051053524], "mse": [0.0049148136749863625, 0.004481019917875528, 0.004318940453231335, 0.004193611443042755, 0.004116141702979803, 0.00399541761726141, 0.003901589661836624, 0.0037996270693838596, 0.003718354506418109, 0.0036084377206861973, 0.0035132437478750944, 0.003403727663680911, 0.003315544221550226, 0.003202690975740552, 0.003158182604238391, 0.0030562246683984995, 0.003008774248883128, 0.0029792466666549444, 0.0029335629660636187, 0.0028760076966136694, 0.002845591166988015, 0.002788045909255743, 0.00277291820384562, 0.0027151587419211864, 0.002670645248144865, 0.0026396592147648335, 0.0026379486080259085, 0.0026050047017633915, 0.0025450692046433687, 0.0025239023379981518, 0.0025316050741821527, 0.002493445063009858, 0.0024385126307606697, 0.002433059737086296, 0.0023927479051053524], "val_loss": [0.008257746696472168, 0.008043532259762287, 0.007984844967722893, 0.007996561005711555, 0.007947089150547981, 0.007863447070121765, 0.007800830993801355, 0.00770362326875329, 0.0076071894727647305, 0.007497807033360004, 0.007382656447589397, 0.00725193228572607, 0.007102596573531628, 0.006980511359870434, 0.006860069930553436, 0.006777637638151646, 0.006700933910906315, 0.006658376660197973, 0.006665050983428955, 0.006615908350795507, 0.006618155632168055, 0.006619031075388193, 0.006605866365134716, 0.00660471897572279, 0.006558781955391169, 0.0065785422921180725, 0.006564387120306492, 0.0066397422924637794, 0.006624169647693634, 0.006565749645233154, 0.006730629596859217, 0.006741163320839405, 0.006643998436629772, 0.006636299192905426, 0.006660229526460171], "val_mse": [0.008257746696472168, 0.008043532259762287, 0.007984844967722893, 0.007996561005711555, 0.007947089150547981, 0.007863447070121765, 0.007800830993801355, 0.00770362326875329, 0.0076071894727647305, 0.007497807033360004, 0.007382656447589397, 0.00725193228572607, 0.007102596573531628, 0.006980511359870434, 0.006860069930553436, 0.006777637638151646, 0.006700933910906315, 0.006658376660197973, 0.00666505191475153, 0.006615908350795507, 0.006618155632168055, 0.006619031075388193, 0.006605866365134716, 0.00660471897572279, 0.006558781955391169, 0.0065785422921180725, 0.006564387120306492, 0.0066397422924637794, 0.006624169647693634, 0.006565749645233154, 0.006730629596859217, 0.006741163320839405, 0.006643998436629772, 0.006636299192905426, 0.006660229526460171]}