{"loss": [0.022531015798449516, 0.02098226733505726, 0.020530562847852707, 0.020237188786268234, 0.020155303180217743, 0.02003561705350876, 0.01992069184780121, 0.019784074276685715, 0.019782215356826782, 0.019639864563941956, 0.019642380997538567], "mse": [0.022531015798449516, 0.02098226733505726, 0.020530562847852707, 0.020237188786268234, 0.020155303180217743, 0.02003561705350876, 0.01992069184780121, 0.019784074276685715, 0.019782215356826782, 0.019639864563941956, 0.019642380997538567], "val_loss": [0.026380011811852455, 0.027969274669885635, 0.028293274343013763, 0.028685111552476883, 0.028018923476338387, 0.02890743501484394, 0.02889523096382618, 0.02887413464486599, 0.0274503231048584, 0.028282232582569122, 0.028330456465482712], "val_mse": [0.026380011811852455, 0.027969274669885635, 0.028293274343013763, 0.028685111552476883, 0.028018923476338387, 0.02890743501484394, 0.02889523096382618, 0.028874140232801437, 0.0274503231048584, 0.028282232582569122, 0.028330456465482712]}