{"loss": [0.004190413746982813, 0.0008209462976083159, 0.0003404210146982223, 0.00021176075097173452, 0.00016628669982310385, 0.00014595547690987587, 0.00012793089263141155, 0.00011187812924617901, 0.0001208801259053871, 0.0001093385653803125, 0.00010397299047326669, 8.681127656018361e-05, 9.057517308974639e-05, 8.491091284668073e-05, 8.115801028907299e-05, 8.19662309368141e-05, 7.566777640022337e-05, 6.976469740038738e-05, 7.145458221202716e-05, 7.427987293340266e-05, 7.222130079753697e-05, 6.92086759954691e-05, 7.229024777188897e-05, 6.461455632233992e-05, 6.386993482010439e-05, 6.364748696796596e-05, 6.129622488515452e-05, 6.030368967913091e-05, 6.0242789913900197e-05, 6.331958866212517e-05, 6.148949614726007e-05, 6.894299440318719e-05, 5.937836249358952e-05, 5.3745301556773484e-05, 5.610861990135163e-05, 5.725814480683766e-05, 6.274763291003183e-05, 5.970780330244452e-05, 5.904199497308582e-05, 5.885963764740154e-05, 5.40025757800322e-05, 5.094620064483024e-05, 5.33366619492881e-05, 5.725901428377256e-05, 5.62836357858032e-05, 5.550284913624637e-05, 5.7871748140314594e-05, 5.159476859262213e-05, 4.982339305570349e-05, 5.258998498902656e-05, 5.2556730224750936e-05, 5.438615698949434e-05, 5.122631409903988e-05, 4.875669765169732e-05, 5.813846655655652e-05, 5.3660074627259746e-05, 4.511631414061412e-05, 4.8695437726564705e-05, 4.541752423392609e-05, 4.529438592726365e-05, 4.7857520257821307e-05, 6.129366374807432e-05, 4.736674964078702e-05, 4.754825931740925e-05, 4.4730521040037274e-05, 4.4769862142857164e-05, 4.7824811190366745e-05, 4.623834684025496e-05, 4.961939703207463e-05, 4.228127363603562e-05, 4.168272789684124e-05, 4.914746023132466e-05, 5.019704985897988e-05, 4.947395427734591e-05, 4.97215187351685e-05, 4.927604823024012e-05, 4.54142973467242e-05, 4.577957224682905e-05], "mse": [0.004190413746982813, 0.0008209462976083159, 0.0003404210146982223, 0.00021176075097173452, 0.00016628669982310385, 0.00014595547690987587, 0.00012793089263141155, 0.00011187812924617901, 0.0001208801259053871, 0.0001093385653803125, 0.00010397299047326669, 8.681127656018361e-05, 9.057517308974639e-05, 8.491091284668073e-05, 8.115801028907299e-05, 8.19662309368141e-05, 7.566777640022337e-05, 6.976469740038738e-05, 7.145458221202716e-05, 7.427987293340266e-05, 7.222130079753697e-05, 6.92086759954691e-05, 7.229024777188897e-05, 6.461455632233992e-05, 6.386993482010439e-05, 6.364748696796596e-05, 6.129622488515452e-05, 6.030368967913091e-05, 6.0242789913900197e-05, 6.331958866212517e-05, 6.148949614726007e-05, 6.89430016791448e-05, 5.937836249358952e-05, 5.3745301556773484e-05, 5.610861990135163e-05, 5.725814480683766e-05, 6.274763291003183e-05, 5.970780330244452e-05, 5.904199497308582e-05, 5.885963764740154e-05, 5.40025757800322e-05, 5.094620064483024e-05, 5.33366619492881e-05, 5.725901428377256e-05, 5.62836357858032e-05, 5.550284913624637e-05, 5.7871748140314594e-05, 5.159476859262213e-05, 4.982339305570349e-05, 5.258998498902656e-05, 5.2556730224750936e-05, 5.438615698949434e-05, 5.122631409903988e-05, 4.875669765169732e-05, 5.813846655655652e-05, 5.3660074627259746e-05, 4.511631414061412e-05, 4.8695437726564705e-05, 4.541752423392609e-05, 4.529438592726365e-05, 4.7857520257821307e-05, 6.129366374807432e-05, 4.736674964078702e-05, 4.754825567943044e-05, 4.4730521040037274e-05, 4.4769862142857164e-05, 4.7824811190366745e-05, 4.623834684025496e-05, 4.961939703207463e-05, 4.228127363603562e-05, 4.168272789684124e-05, 4.914746023132466e-05, 5.019704985897988e-05, 4.947395427734591e-05, 4.97215187351685e-05, 4.927604823024012e-05, 4.54142973467242e-05, 4.577957224682905e-05], "val_loss": [0.0013867953093722463, 0.0004111837188247591, 0.00019775982946157455, 0.0001480094506405294, 0.0001288174098590389, 0.00012453888484742492, 0.0001346493954770267, 0.00012316250649746507, 0.0001191646879306063, 0.00016898688045330346, 9.951434913091362e-05, 0.00010043697693618014, 0.00010494903835933656, 0.00010098437633132562, 8.558742410968989e-05, 9.480593143962324e-05, 8.39351923787035e-05, 9.431230137124658e-05, 9.344657883048058e-05, 8.859213266987354e-05, 8.193477697204798e-05, 8.038893429329619e-05, 9.625532402424142e-05, 9.813263750402257e-05, 8.161691948771477e-05, 7.788112998241559e-05, 8.313450962305069e-05, 7.818869926268235e-05, 7.895907037891448e-05, 7.664367876714095e-05, 7.248031033668667e-05, 7.421154441544786e-05, 7.031857239780948e-05, 7.430697587551549e-05, 8.40486609376967e-05, 7.469673437299207e-05, 7.574849587399513e-05, 7.6662479841616e-05, 8.708646782906726e-05, 7.433592691086233e-05, 7.964149699546397e-05, 7.954536704346538e-05, 6.878724525449798e-05, 7.172978803282604e-05, 6.71778543619439e-05, 0.00010533296153880656, 6.865544128231704e-05, 6.693552859360352e-05, 7.282882143044844e-05, 6.781164847780019e-05, 0.00010547032434260473, 6.864624447189271e-05, 6.663863314315677e-05, 8.247998630395159e-05, 7.394066778942943e-05, 6.670711445622146e-05, 6.681215745629743e-05, 6.998328171903268e-05, 6.49900539428927e-05, 7.293730595847592e-05, 9.58013697527349e-05, 7.834538700990379e-05, 6.573230348294601e-05, 7.198945968411863e-05, 6.628871051361784e-05, 7.131651364034042e-05, 6.91045424900949e-05, 6.416396354325116e-05, 7.044910307740793e-05, 7.045075471978635e-05, 8.102972060441971e-05, 6.424153980333358e-05, 6.800775008741766e-05, 6.705696432618424e-05, 6.823445437476039e-05, 7.696523243794218e-05, 6.963696796447039e-05, 6.88536383677274e-05], "val_mse": [0.0013867953093722463, 0.0004111837188247591, 0.00019775982946157455, 0.0001480094506405294, 0.0001288174098590389, 0.00012453888484742492, 0.0001346493954770267, 0.00012316250649746507, 0.0001191646879306063, 0.00016898688045330346, 9.951434913091362e-05, 0.00010043697693618014, 0.00010494903835933656, 0.00010098437633132562, 8.558742410968989e-05, 9.480593143962324e-05, 8.39351923787035e-05, 9.431230137124658e-05, 9.344657883048058e-05, 8.859213266987354e-05, 8.193477697204798e-05, 8.038893429329619e-05, 9.625532402424142e-05, 9.813263750402257e-05, 8.161691948771477e-05, 7.788112998241559e-05, 8.313450962305069e-05, 7.818869926268235e-05, 7.895907037891448e-05, 7.664367876714095e-05, 7.248031033668667e-05, 7.421154441544786e-05, 7.031857239780948e-05, 7.430697587551549e-05, 8.40486609376967e-05, 7.469673437299207e-05, 7.57484813220799e-05, 7.6662479841616e-05, 8.708646782906726e-05, 7.433592691086233e-05, 7.964149699546397e-05, 7.954536704346538e-05, 6.878724525449798e-05, 7.172978803282604e-05, 6.71778543619439e-05, 0.00010533296153880656, 6.865543400635943e-05, 6.693552859360352e-05, 7.282882143044844e-05, 6.781164847780019e-05, 0.00010547032434260473, 6.864624447189271e-05, 6.663863314315677e-05, 8.247998630395159e-05, 7.394066778942943e-05, 6.670711445622146e-05, 6.681215745629743e-05, 6.998328171903268e-05, 6.49900539428927e-05, 7.293730595847592e-05, 9.58013697527349e-05, 7.834538700990379e-05, 6.573230348294601e-05, 7.198945968411863e-05, 6.628871051361784e-05, 7.131651364034042e-05, 6.91045424900949e-05, 6.416396354325116e-05, 7.044910307740793e-05, 7.045075471978635e-05, 8.102972060441971e-05, 6.424153980333358e-05, 6.800775008741766e-05, 6.705696432618424e-05, 6.823445437476039e-05, 7.696523243794218e-05, 6.963696796447039e-05, 6.88536383677274e-05]}