{"loss": [0.0036208867095410824, 0.0007863148930482566, 0.0005118358531035483, 0.00038861006032675505, 0.00035148902679793537, 0.0003388711193110794, 0.0003317111113574356, 0.000321868690662086, 0.00030780400265939534, 0.00030591775430366397, 0.0002906516019720584, 0.0002856386126950383, 0.0002902214473579079, 0.0002790226135402918, 0.0002728496037889272, 0.00028077635215595365, 0.0002774044987745583, 0.00026113176136277616, 0.0002664712374098599, 0.00026522440020926297, 0.00024888047482818365, 0.0002615385747049004, 0.0002551547659095377, 0.00025435900897718966, 0.0002502751012798399, 0.0002474670181982219, 0.0002546034811530262, 0.0002510994963813573, 0.0002359602804062888, 0.00023620075080543756, 0.0002323857188457623, 0.0002396765339653939, 0.00023577369574923068, 0.00023396867618430406, 0.00023410726862493902, 0.00023227390192914754, 0.0002284167130710557, 0.00021787924924865365, 0.00021882027795072645, 0.0002439182426314801, 0.00021597184240818024, 0.00021643545187544078, 0.00021329274750314653, 0.0002086716121993959, 0.00021282199304550886, 0.00021099680452607572, 0.0002121529687428847, 0.00022027018712833524, 0.00022006921062711626, 0.0002105464955093339], "mse": [0.0036208867095410824, 0.0007863148930482566, 0.0005118358531035483, 0.00038861006032675505, 0.00035148902679793537, 0.0003388711193110794, 0.0003317111113574356, 0.000321868690662086, 0.00030780400265939534, 0.00030591775430366397, 0.0002906516019720584, 0.0002856386126950383, 0.0002902214473579079, 0.0002790226135402918, 0.0002728496037889272, 0.00028077635215595365, 0.0002774044987745583, 0.00026113176136277616, 0.0002664712374098599, 0.0002652244293130934, 0.00024888047482818365, 0.0002615385747049004, 0.0002551547659095377, 0.00025435900897718966, 0.0002502751012798399, 0.0002474670181982219, 0.0002546034811530262, 0.0002510994963813573, 0.0002359602804062888, 0.00023620075080543756, 0.0002323857188457623, 0.0002396765339653939, 0.00023577369574923068, 0.00023396867618430406, 0.00023410726862493902, 0.00023227390192914754, 0.0002284167130710557, 0.00021787924924865365, 0.00021882027795072645, 0.0002439182426314801, 0.00021597184240818024, 0.00021643545187544078, 0.00021329274750314653, 0.0002086716121993959, 0.00021282199304550886, 0.00021099680452607572, 0.0002121529687428847, 0.00022027018712833524, 0.00022006921062711626, 0.0002105465391650796], "val_loss": [0.0012098046718165278, 0.0005689301178790629, 0.0005152634694240987, 0.0004303485038690269, 0.0003906484926119447, 0.00036799299414269626, 0.0004117669886909425, 0.00038557301741093397, 0.0003999934997409582, 0.0003934223495889455, 0.00044874713057652116, 0.0004089752910658717, 0.00039807564462535083, 0.00036177641595713794, 0.0003651024308055639, 0.0004649633483495563, 0.00046113666030578315, 0.0003902947064489126, 0.00035833544097840786, 0.00035266822669655085, 0.0003567425301298499, 0.000360555830411613, 0.00035552040208131075, 0.00036863997229374945, 0.00037495020660571754, 0.00043803342850878835, 0.0003613451845012605, 0.00035903119714930654, 0.00034647659049369395, 0.00039525399915874004, 0.00039436877705156803, 0.00037061210605315864, 0.00036119145806878805, 0.00035458861384540796, 0.0003639994829427451, 0.0003757696249522269, 0.0003408519260119647, 0.000358372024493292, 0.0005648000515066087, 0.00033971574157476425, 0.00035785214276984334, 0.0003656776971183717, 0.0003779670223593712, 0.000344065047102049, 0.00036647552042268217, 0.00035239706630818546, 0.000371226342394948, 0.000359801750164479, 0.00036863036802969873, 0.0003458502469584346], "val_mse": [0.0012098046718165278, 0.0005689301178790629, 0.0005152634694240987, 0.0004303485038690269, 0.0003906484926119447, 0.00036799299414269626, 0.0004117669886909425, 0.00038557301741093397, 0.0003999934997409582, 0.0003934223495889455, 0.00044874713057652116, 0.0004089752910658717, 0.00039807564462535083, 0.00036177641595713794, 0.0003651024308055639, 0.0004649633483495563, 0.00046113666030578315, 0.0003902947064489126, 0.00035833544097840786, 0.00035266822669655085, 0.0003567425301298499, 0.00036055585951544344, 0.00035552040208131075, 0.00036863997229374945, 0.00037495020660571754, 0.00043803342850878835, 0.0003613451845012605, 0.00035903119714930654, 0.00034647659049369395, 0.00039525399915874004, 0.00039436877705156803, 0.00037061210605315864, 0.00036119145806878805, 0.00035458861384540796, 0.00036399945383891463, 0.0003757696249522269, 0.0003408519260119647, 0.000358372024493292, 0.0005648000515066087, 0.00033971574157476425, 0.00035785214276984334, 0.0003656776971183717, 0.0003779670223593712, 0.000344065047102049, 0.00036647552042268217, 0.00035239706630818546, 0.000371226342394948, 0.000359801750164479, 0.00036863036802969873, 0.0003458502469584346]}