{"loss": [0.21579861640930176, 0.20433330535888672, 0.19968722760677338, 0.19623059034347534, 0.19353069365024567, 0.1900104284286499, 0.19063375890254974, 0.18630585074424744, 0.18411697447299957, 0.18092060089111328, 0.17949315905570984], "mse": [0.21579861640930176, 0.20433330535888672, 0.19968722760677338, 0.19623059034347534, 0.19353069365024567, 0.1900104284286499, 0.19063375890254974, 0.18630585074424744, 0.18411697447299957, 0.18092060089111328, 0.17949315905570984], "val_loss": [0.2345351278781891, 0.23981785774230957, 0.24327805638313293, 0.24695177376270294, 0.24681811034679413, 0.24882130324840546, 0.25084275007247925, 0.2503150701522827, 0.2548430562019348, 0.2556368112564087, 0.261056125164032], "val_mse": [0.2345351278781891, 0.23981788754463196, 0.24327802658081055, 0.24695177376270294, 0.24681811034679413, 0.24882130324840546, 0.25084275007247925, 0.2503150701522827, 0.2548430562019348, 0.2556368112564087, 0.261056125164032]}