{"loss": [0.0013371381210163236, 0.00019900946062989533, 0.00013172421313356608, 0.00010381455649621785, 8.776254981057718e-05, 8.490131585858762e-05, 7.34164786990732e-05, 6.707236025249586e-05, 6.667302659479901e-05, 6.224303797353059e-05, 6.022645175107755e-05, 5.853834227309562e-05, 5.738238905905746e-05, 5.7704564824234694e-05, 5.525256347027607e-05, 5.428909935289994e-05, 5.262421109364368e-05, 4.92042709083762e-05, 4.9160458729602396e-05, 4.999500379199162e-05, 4.7510377044091e-05, 4.645339140552096e-05, 4.925140819977969e-05, 4.637315942090936e-05, 4.350370727479458e-05, 4.432304194779135e-05, 4.351662573753856e-05, 4.5078759285388514e-05, 4.3725958676077425e-05, 4.487541445996612e-05, 4.2344927351223305e-05, 4.339299994171597e-05, 4.225188968121074e-05, 4.160535172559321e-05, 3.985466901212931e-05, 4.0105165680870414e-05, 4.2990828660549596e-05, 3.89048655051738e-05, 3.925228520529345e-05, 4.136110146646388e-05, 4.024832378490828e-05, 3.706336792674847e-05, 3.856894181808457e-05, 3.851421570288949e-05, 3.9253536670003086e-05, 3.8674057577736676e-05, 3.919297887478024e-05], "mse": [0.0013371381210163236, 0.00019900946062989533, 0.00013172421313356608, 0.00010381455649621785, 8.776254981057718e-05, 8.490131585858762e-05, 7.34164786990732e-05, 6.707236025249586e-05, 6.667302659479901e-05, 6.224303797353059e-05, 6.022645175107755e-05, 5.853834227309562e-05, 5.738238905905746e-05, 5.7704564824234694e-05, 5.525256347027607e-05, 5.428909935289994e-05, 5.262421109364368e-05, 4.92042709083762e-05, 4.9160458729602396e-05, 4.999500379199162e-05, 4.7510377044091e-05, 4.645339140552096e-05, 4.925140819977969e-05, 4.637315942090936e-05, 4.350370727479458e-05, 4.4323038309812546e-05, 4.351662573753856e-05, 4.5078759285388514e-05, 4.3725958676077425e-05, 4.487541809794493e-05, 4.2344927351223305e-05, 4.339299994171597e-05, 4.225188968121074e-05, 4.1605355363572016e-05, 3.985466901212931e-05, 4.0105165680870414e-05, 4.299083593650721e-05, 3.89048655051738e-05, 3.925228520529345e-05, 4.136110146646388e-05, 4.024832378490828e-05, 3.706336792674847e-05, 3.856894181808457e-05, 3.851421570288949e-05, 3.9253536670003086e-05, 3.8674057577736676e-05, 3.919297887478024e-05], "val_loss": [0.0003788793401326984, 0.00017734077118802816, 0.00015105160127859563, 0.00013190209574531764, 0.00011409241415094584, 0.00011694941349560395, 0.00010573730105534196, 0.00010152487084269524, 0.00010211402695858851, 9.54256029217504e-05, 9.279742516810074e-05, 9.217597835231572e-05, 9.08264919416979e-05, 9.408422920387238e-05, 9.488961950410157e-05, 9.110154496738687e-05, 8.547955076210201e-05, 8.999070269055665e-05, 8.887950389180332e-05, 0.00010378599836258218, 8.677102596266195e-05, 0.00010439357720315456, 9.38509838306345e-05, 8.486228762194514e-05, 8.291707490570843e-05, 8.508306927978992e-05, 8.258435991592705e-05, 8.657572470838204e-05, 9.263941319659352e-05, 8.509954204782844e-05, 8.199899457395077e-05, 8.209729276131839e-05, 9.698183566797525e-05, 8.13940932857804e-05, 8.219710434786975e-05, 8.4424733358901e-05, 7.964962424011901e-05, 8.076990343397483e-05, 8.137270924635231e-05, 8.86070920387283e-05, 8.216689457185566e-05, 8.169831562554464e-05, 8.564345625927672e-05, 8.594771497882903e-05, 8.374138997169212e-05, 8.066037844400853e-05, 7.972213643370196e-05], "val_mse": [0.0003788793401326984, 0.00017734077118802816, 0.00015105160127859563, 0.00013190209574531764, 0.00011409241415094584, 0.00011694941349560395, 0.00010573730105534196, 0.00010152487084269524, 0.00010211402695858851, 9.54256029217504e-05, 9.279742516810074e-05, 9.217597835231572e-05, 9.08264919416979e-05, 9.408422920387238e-05, 9.488961950410157e-05, 9.110154496738687e-05, 8.54795434861444e-05, 8.999070269055665e-05, 8.887950389180332e-05, 0.00010378599836258218, 8.677102596266195e-05, 0.00010439357720315456, 9.38509838306345e-05, 8.486228762194514e-05, 8.291707490570843e-05, 8.508306927978992e-05, 8.258435991592705e-05, 8.657572470838204e-05, 9.263941319659352e-05, 8.509954204782844e-05, 8.199898729799315e-05, 8.209729276131839e-05, 9.698183566797525e-05, 8.13940932857804e-05, 8.219710434786975e-05, 8.4424733358901e-05, 7.964962424011901e-05, 8.076990343397483e-05, 8.137270924635231e-05, 8.86070920387283e-05, 8.216689457185566e-05, 8.169831562554464e-05, 8.564345625927672e-05, 8.594771497882903e-05, 8.374138997169212e-05, 8.066037844400853e-05, 7.972213643370196e-05]}