{"loss": [0.006141143385320902, 0.003496809396892786, 0.001886791200377047, 0.001419778447598219, 0.0009701453382149339, 0.0006976663134992123, 0.0005428785225376487, 0.00043974918662570417, 0.00040401547448709607, 0.0003375638334546238, 0.00030569033697247505, 0.0002862909168470651, 0.00027456542011350393, 0.00028498662868514657, 0.0002454092900734395, 0.00024004567239899188, 0.0002151629887521267, 0.00020004037651233375, 0.00019367288041394204, 0.00019269647600594908], "mse": [0.006141143385320902, 0.003496809396892786, 0.001886791200377047, 0.001419778447598219, 0.0009701453382149339, 0.0006976663134992123, 0.0005428785225376487, 0.00043974918662570417, 0.00040401547448709607, 0.0003375638334546238, 0.00030569033697247505, 0.0002862909168470651, 0.00027456542011350393, 0.00028498662868514657, 0.0002454092900734395, 0.00024004567239899188, 0.0002151629887521267, 0.00020004037651233375, 0.00019367288041394204, 0.0001926964905578643], "val_loss": [0.005581351928412914, 0.002011909382417798, 0.0011569171911105514, 0.0007398754823952913, 0.0004968432476744056, 0.00041829660767689347, 0.000398768053855747, 0.0005275633302517235, 0.000349499168805778, 0.00034544983645901084, 0.00034689693711698055, 0.0004292074008844793, 0.00035335574648343027, 0.0003576774033717811, 0.00039483344880864024, 0.00035849359119310975, 0.00036511645885184407, 0.0003579373296815902, 0.00036981774610467255, 0.0004123625694774091], "val_mse": [0.005581351928412914, 0.002011909382417798, 0.0011569171911105514, 0.0007398754823952913, 0.0004968432476744056, 0.00041829660767689347, 0.000398768053855747, 0.0005275633302517235, 0.000349499168805778, 0.00034544983645901084, 0.00034689693711698055, 0.0004292074008844793, 0.00035335574648343027, 0.0003576774033717811, 0.00039483344880864024, 0.00035849359119310975, 0.00036511645885184407, 0.00035793730057775974, 0.00036981774610467255, 0.0004123625694774091]}