{"loss": [0.08080602437257767, 0.0793723613023758, 0.0788746327161789, 0.07861990481615067, 0.07808811962604523, 0.07790828496217728, 0.07753796130418777, 0.07739429175853729, 0.07716028392314911, 0.0767778605222702, 0.07656855881214142, 0.0761779323220253], "mse": [0.08080602437257767, 0.0793723613023758, 0.0788746327161789, 0.07861990481615067, 0.07808811962604523, 0.07790828496217728, 0.07753796130418777, 0.07739429175853729, 0.07716028392314911, 0.0767778605222702, 0.07656855881214142, 0.0761779323220253], "val_loss": [0.09533130377531052, 0.09463409334421158, 0.09579382836818695, 0.09477592259645462, 0.0954875499010086, 0.0949559137225151, 0.09614194929599762, 0.0954068973660469, 0.09517159312963486, 0.09656932950019836, 0.09549325704574585, 0.09602997452020645], "val_mse": [0.09533131867647171, 0.09463409334421158, 0.09579382836818695, 0.09477592259645462, 0.0954875499010086, 0.0949559137225151, 0.09614194929599762, 0.0954068973660469, 0.09517159312963486, 0.09656932950019836, 0.09549325704574585, 0.09602997452020645]}