{"loss": [0.00189593608956784, 0.0005656555877067149, 0.00047532800817862153, 0.0004508047131821513, 0.00043604031088761985, 0.0004285543109290302, 0.0004090785514563322, 0.0004014501755591482, 0.00039864389691501856, 0.0003956739092245698, 0.0003794162767007947, 0.0003778852988034487, 0.0003890154475811869, 0.0003715038183145225, 0.00037408643402159214, 0.0003685953561216593, 0.000358377059455961, 0.0003530121175572276, 0.00035083157126791775, 0.0003476114070508629, 0.00034209302975796163, 0.0003396021493244916, 0.0003358217654749751, 0.00033312957384623587, 0.00033183410414494574, 0.00033003135467879474, 0.0003206557303201407, 0.00032060695230029523, 0.0003175112360622734], "mse": [0.00189593608956784, 0.0005656555877067149, 0.00047532800817862153, 0.0004508047131821513, 0.00043604031088761985, 0.0004285543109290302, 0.0004090785514563322, 0.0004014501755591482, 0.00039864389691501856, 0.0003956739092245698, 0.0003794162767007947, 0.0003778852988034487, 0.0003890154475811869, 0.0003715038183145225, 0.00037408643402159214, 0.0003685953561216593, 0.000358377059455961, 0.0003530121175572276, 0.00035083157126791775, 0.0003476114070508629, 0.00034209302975796163, 0.0003396021493244916, 0.0003358217654749751, 0.00033312957384623587, 0.00033183410414494574, 0.00033003135467879474, 0.0003206557303201407, 0.00032060695230029523, 0.0003175112360622734], "val_loss": [0.0007959720678627491, 0.0004872793215326965, 0.0004563287948258221, 0.00043534059659577906, 0.0004768180369865149, 0.0004360804450698197, 0.0004438198229763657, 0.00043794483644887805, 0.0004204973520245403, 0.00042754437890835106, 0.00041762564796954393, 0.000422306708060205, 0.00041556847281754017, 0.00041472044540569186, 0.00041676813270896673, 0.00044062756933271885, 0.00041822585626505315, 0.0004435571318026632, 0.000410752953030169, 0.00042536930413916707, 0.00044058155617676675, 0.00042049557669088244, 0.0004233595391269773, 0.0004474898159969598, 0.0004235998203512281, 0.0004215140361338854, 0.000433794513810426, 0.00046921841567382216, 0.00042516549001447856], "val_mse": [0.0007959720678627491, 0.0004872793215326965, 0.0004563287948258221, 0.00043534059659577906, 0.0004768180369865149, 0.0004360804450698197, 0.0004438198229763657, 0.00043794483644887805, 0.0004204973520245403, 0.00042754437890835106, 0.0004176256770733744, 0.000422306708060205, 0.00041556847281754017, 0.00041472044540569186, 0.00041676813270896673, 0.00044062756933271885, 0.00041822585626505315, 0.0004435571318026632, 0.000410752953030169, 0.00042536930413916707, 0.00044058155617676675, 0.00042049551848322153, 0.0004233595391269773, 0.0004474898159969598, 0.0004235998203512281, 0.0004215140361338854, 0.000433794513810426, 0.00046921841567382216, 0.00042516549001447856]}