{"loss": [0.002757738344371319, 0.002193173859268427, 0.001589814550243318, 0.001061742310412228, 0.0007125554839149117, 0.00045242131454870105, 0.0003503201878629625, 0.00030240483465604484, 0.0002688859240151942, 0.0002542106085456908, 0.00023334045545198023, 0.0002214252745034173, 0.00021588007803075016, 0.00020828603010158986, 0.000207398014026694, 0.0001885667588794604, 0.000193008643691428, 0.000198601366719231, 0.0001942338712979108, 0.00017844728427007794, 0.0001751474046614021, 0.00017336939345113933, 0.00016902052448131144, 0.0001651799539104104, 0.00016106010298244655, 0.00015544172492809594, 0.00015445768076460809, 0.000152909939060919, 0.0001513812894700095, 0.0001502156228525564, 0.00014441512757912278, 0.00014071431360207498, 0.0001426267554052174, 0.0001382176560582593, 0.0001385475043207407, 0.0001381108013447374, 0.0001426620437996462, 0.00013337962445802987, 0.00013548647984862328, 0.00013468968973029405, 0.00013086776016280055, 0.00013298404519446194, 0.00014213200483936816, 0.00013365159975364804, 0.00013300344289746135, 0.000124987680464983], "mse": [0.002757738344371319, 0.002193173859268427, 0.001589814550243318, 0.001061742310412228, 0.0007125554839149117, 0.00045242131454870105, 0.0003503201878629625, 0.0003024048055522144, 0.0002688859240151942, 0.0002542106085456908, 0.00023334045545198023, 0.0002214252745034173, 0.00021588007803075016, 0.00020828603010158986, 0.000207398014026694, 0.0001885667588794604, 0.000193008643691428, 0.000198601366719231, 0.0001942338712979108, 0.00017844728427007794, 0.0001751474046614021, 0.00017336940800305456, 0.00016902052448131144, 0.0001651799539104104, 0.00016106010298244655, 0.00015544172492809594, 0.00015445768076460809, 0.000152909939060919, 0.0001513812894700095, 0.0001502156228525564, 0.00014441512757912278, 0.00014071431360207498, 0.0001426267554052174, 0.00013821764150634408, 0.0001385475043207407, 0.0001381108013447374, 0.0001426620437996462, 0.00013337962445802987, 0.00013548647984862328, 0.00013468968973029405, 0.00013086776016280055, 0.00013298404519446194, 0.00014213200483936816, 0.00013365159975364804, 0.00013300344289746135, 0.000124987680464983], "val_loss": [0.002448409330099821, 0.0018933394458144903, 0.0013192741898819804, 0.0009336507064290345, 0.000678805576171726, 0.0005280555924400687, 0.0004445601662155241, 0.0003942135372199118, 0.00040518856258131564, 0.0003528892411850393, 0.00033818441443145275, 0.00032620845013298094, 0.0003414476232137531, 0.0002989968052133918, 0.00031913910061120987, 0.00029118312522768974, 0.00038746854988858104, 0.0002849159645847976, 0.0002680992765817791, 0.0002922296989709139, 0.00026213639648631215, 0.00030132816755212843, 0.0002731106651481241, 0.00026145283482037485, 0.0002563917660154402, 0.0002580713771749288, 0.00024641267373226583, 0.0002831216552294791, 0.0002464794088155031, 0.0002467601152602583, 0.00023954334028530866, 0.0002453258784953505, 0.0002394121402176097, 0.00023699253506492823, 0.00024483236484229565, 0.0002308678813278675, 0.0002660888130776584, 0.0002366571716265753, 0.0002749188570305705, 0.00023984532163012773, 0.00024398425011895597, 0.00025555447791703045, 0.0002575510588940233, 0.00024518341524526477, 0.00025364308385178447, 0.0002680946490727365], "val_mse": [0.002448409330099821, 0.0018933394458144903, 0.0013192741898819804, 0.0009336507064290345, 0.000678805576171726, 0.0005280555924400687, 0.0004445601662155241, 0.00039421356632374227, 0.00040518856258131564, 0.0003528892411850393, 0.00033818441443145275, 0.00032620845013298094, 0.0003414476232137531, 0.0002989968052133918, 0.00031913910061120987, 0.00029118312522768974, 0.00038746854988858104, 0.0002849159645847976, 0.0002680992765817791, 0.0002922296989709139, 0.0002621364255901426, 0.00030132816755212843, 0.0002731106651481241, 0.00026145283482037485, 0.0002563917660154402, 0.0002580713771749288, 0.00024641267373226583, 0.0002831216552294791, 0.00024647937971167266, 0.0002467601152602583, 0.00023954334028530866, 0.0002453258784953505, 0.0002394121402176097, 0.000236992520513013, 0.00024483236484229565, 0.0002308678813278675, 0.0002660888130776584, 0.0002366571716265753, 0.0002749188570305705, 0.00023984532163012773, 0.00024398425011895597, 0.00025555447791703045, 0.0002575510588940233, 0.00024518341524526477, 0.00025364308385178447, 0.0002680946490727365]}