{"loss": [0.0026034084148705006, 0.0019759400747716427, 0.001332758110947907, 0.0008703659405000508, 0.0006033984245732427, 0.00043943244963884354, 0.0003290214226581156, 0.0002756104222498834, 0.00024971331004053354, 0.0002350132417632267, 0.00021655895397998393, 0.00020973342179786414, 0.0002033454366028309, 0.00018837771494872868, 0.00018007935432251543, 0.00017509536701254547, 0.0001718951534712687, 0.0001747359783621505, 0.00016371006495319307, 0.0001571895700180903, 0.0001612706109881401, 0.00016385804337915033, 0.0001636553934076801, 0.00015462498413398862, 0.0001483554660808295, 0.00014524231664836407, 0.0001513477909611538, 0.00015308582806028426, 0.00013955924077890813, 0.0001360675087198615, 0.00014421669766306877, 0.0001490483118686825, 0.00013471473357640207, 0.00013382028555497527, 0.00013436833978630602, 0.00013669779582414776, 0.0001361245958833024, 0.00013378517178352922, 0.0001280410069739446, 0.000125807142467238, 0.00012553451233543456, 0.0001245708263013512, 0.00012162737402832136, 0.00012137884186813608, 0.00013116770423948765, 0.00012408982729539275, 0.0001338912406936288, 0.00013137706264387816, 0.00012245717516634613, 0.00012661954679060727, 0.00011977609392488375, 0.00011946784798055887, 0.00011952035129070282, 0.00011596312106121331, 0.00011731700215023011, 0.00011438308138167486], "mse": [0.0026034084148705006, 0.0019759400747716427, 0.001332758110947907, 0.0008703659405000508, 0.0006033984245732427, 0.00043943244963884354, 0.0003290214226581156, 0.0002756104222498834, 0.00024971331004053354, 0.0002350132417632267, 0.00021655892487615347, 0.00020973342179786414, 0.0002033454366028309, 0.00018837771494872868, 0.0001800793397706002, 0.00017509536701254547, 0.0001718951534712687, 0.0001747359783621505, 0.00016371006495319307, 0.0001571895700180903, 0.0001612706109881401, 0.00016385804337915033, 0.0001636553934076801, 0.00015462498413398862, 0.0001483554660808295, 0.0001452423312002793, 0.0001513477909611538, 0.00015308582806028426, 0.00013955924077890813, 0.0001360675087198615, 0.00014421669766306877, 0.0001490483118686825, 0.00013471473357640207, 0.00013382028555497527, 0.00013436833978630602, 0.00013669779582414776, 0.0001361245958833024, 0.00013378517178352922, 0.0001280410069739446, 0.000125807142467238, 0.00012553451233543456, 0.0001245708263013512, 0.00012162737402832136, 0.00012137884186813608, 0.00013116770423948765, 0.00012408982729539275, 0.0001338912406936288, 0.00013137706264387816, 0.00012245717516634613, 0.00012661954679060727, 0.00011977609392488375, 0.00011946784798055887, 0.00011952036584261805, 0.00011596312106121331, 0.00011731700215023011, 0.00011438308138167486], "val_loss": [0.0024805341381579638, 0.001861085882410407, 0.0011896619107574224, 0.0008076870581135154, 0.000608673901297152, 0.00043187933624722064, 0.00034392692032270133, 0.0003329449100419879, 0.0003230792353861034, 0.0003238897188566625, 0.00033656563027761877, 0.0003029319050256163, 0.0003106679650954902, 0.00029165210435166955, 0.00030249101109802723, 0.00028840606682933867, 0.00029227137565612793, 0.0002984523889608681, 0.0002781805524136871, 0.0002849001029971987, 0.0002931728959083557, 0.0002900196996051818, 0.00028030495741404593, 0.00029171493952162564, 0.00029328319942578673, 0.0002864605630747974, 0.0002781132934615016, 0.00028092009597457945, 0.0002752563450485468, 0.0002768021367955953, 0.000309022085275501, 0.00028119012131355703, 0.0002710121334530413, 0.0002750579151324928, 0.00028983340598642826, 0.0002799925277940929, 0.0002959843259304762, 0.0002645212516654283, 0.00026445151888765395, 0.00027126222266815603, 0.0002696396841201931, 0.0002644842315930873, 0.00026963124400936067, 0.00027313854661770165, 0.00028280619881115854, 0.0002625410561449826, 0.00027606458752416074, 0.000273900426691398, 0.0002804688992910087, 0.0002706467639654875, 0.000269831798505038, 0.0002847104915417731, 0.0002639387093950063, 0.0002746543032117188, 0.0002667896042112261, 0.0002782602095976472], "val_mse": [0.0024805341381579638, 0.001861085882410407, 0.0011896619107574224, 0.0008076870581135154, 0.000608673901297152, 0.00043187933624722064, 0.00034392692032270133, 0.0003329449100419879, 0.0003230792353861034, 0.0003238897188566625, 0.00033656563027761877, 0.0003029319050256163, 0.0003106679650954902, 0.00029165210435166955, 0.00030249101109802723, 0.00028840606682933867, 0.00029227137565612793, 0.0002984523889608681, 0.0002781805524136871, 0.0002849001029971987, 0.0002931728959083557, 0.0002900196996051818, 0.00028030495741404593, 0.00029171493952162564, 0.00029328319942578673, 0.0002864605630747974, 0.0002781132934615016, 0.00028092009597457945, 0.0002752563450485468, 0.0002768021367955953, 0.000309022085275501, 0.00028119017952121794, 0.0002710121334530413, 0.0002750579151324928, 0.00028983340598642826, 0.0002799925277940929, 0.0002959843259304762, 0.0002645212516654283, 0.00026445151888765395, 0.00027126222266815603, 0.0002696396841201931, 0.0002644842315930873, 0.00026963124400936067, 0.00027313854661770165, 0.00028280619881115854, 0.0002625410561449826, 0.00027606458752416074, 0.000273900426691398, 0.0002804688992910087, 0.0002706467639654875, 0.000269831798505038, 0.0002847104915417731, 0.0002639387093950063, 0.0002746543032117188, 0.0002667896042112261, 0.0002782602095976472]}