{"loss": [0.0055922954343259335, 0.0020282568875700235, 0.001461439416743815, 0.0010078910272568464, 0.0007394780986942351, 0.0005283942446112633, 0.00044805355719290674, 0.00040017813444137573, 0.00038189307088032365, 0.000357432960299775, 0.00032319797901436687, 0.0003366406890563667, 0.0002929845650214702, 0.0002827594871632755, 0.0002826608542818576, 0.00027182401390746236, 0.00026289207744412124, 0.00026231614174321294, 0.0002726355742197484, 0.00027363805565983057, 0.0002443849225528538, 0.00024000780831556767, 0.00022489870025310665, 0.00023541072732768953, 0.00021295581245794892, 0.00022354615794029087, 0.00021630094852298498, 0.00021461299911607057, 0.00022485890076495707, 0.00021296624618116766, 0.00019765077740885317, 0.00021380800171755254, 0.00021686434047296643, 0.00020912870240863413, 0.00021237142209429294, 0.0002033594500971958, 0.00020141129789408296, 0.00019095803145319223, 0.0002043628628598526, 0.0002003545523621142, 0.00019308227638248354, 0.0001901502109831199, 0.00019646651344373822, 0.0001909841230371967, 0.00019406060164328665, 0.00020140543347224593, 0.00018356293730903417, 0.00020015932386741042, 0.00017811870202422142, 0.00017646040942054242, 0.00017531249613966793, 0.00018863158766180277, 0.00018620053015183657, 0.0001931789010995999, 0.00018578187155071646, 0.00018465390894562006, 0.00017755580483935773, 0.00018492675735615194, 0.00017857902275864035, 0.00017016741912811995, 0.00016494430019520223, 0.0001736773701850325, 0.00017180657596327364, 0.00016936371685005724, 0.00016797073476482183, 0.0001807266817195341, 0.00017392686277162284, 0.0001762769534252584, 0.00017487621516920626, 0.0001584593701409176, 0.00016137983766384423, 0.00016788521315902472, 0.00016123216482810676, 0.00016557081835344434, 0.00017161268624477088, 0.00016053584113251418, 0.00015411643835250288, 0.00015095964772626758, 0.00015685398830100894, 0.00016224230057559907, 0.00015959763550199568, 0.00016167924331966788, 0.00014723198546562344, 0.0001670444617047906, 0.00015449746570084244, 0.0001601803523954004, 0.00015292664465960115, 0.00016060379857663065], "mse": [0.0055922954343259335, 0.0020282568875700235, 0.001461439416743815, 0.0010078910272568464, 0.0007394780986942351, 0.0005283942446112633, 0.00044805355719290674, 0.00040017813444137573, 0.00038189307088032365, 0.000357432960299775, 0.00032319797901436687, 0.0003366406890563667, 0.0002929845650214702, 0.0002827594871632755, 0.0002826608542818576, 0.00027182401390746236, 0.00026289207744412124, 0.00026231614174321294, 0.0002726355742197484, 0.00027363805565983057, 0.0002443849225528538, 0.00024000780831556767, 0.00022489870025310665, 0.00023541072732768953, 0.00021295581245794892, 0.00022354615794029087, 0.00021630094852298498, 0.00021461299911607057, 0.00022485890076495707, 0.00021296624618116766, 0.00019765077740885317, 0.00021380800171755254, 0.00021686434047296643, 0.00020912870240863413, 0.00021237142209429294, 0.0002033594500971958, 0.00020141129789408296, 0.00019095803145319223, 0.0002043628628598526, 0.0002003545523621142, 0.00019308227638248354, 0.0001901502109831199, 0.00019646651344373822, 0.0001909841230371967, 0.00019406060164328665, 0.00020140543347224593, 0.00018356293730903417, 0.00020015932386741042, 0.00017811870202422142, 0.00017646040942054242, 0.00017531249613966793, 0.00018863158766180277, 0.00018620053015183657, 0.0001931789010995999, 0.00018578187155071646, 0.00018465390894562006, 0.00017755580483935773, 0.0001849267864599824, 0.00017857902275864035, 0.00017016741912811995, 0.00016494430019520223, 0.0001736773701850325, 0.00017180657596327364, 0.00016936371685005724, 0.00016797074931673706, 0.0001807266817195341, 0.00017392686277162284, 0.0001762769534252584, 0.00017487621516920626, 0.0001584593701409176, 0.00016137983766384423, 0.00016788521315902472, 0.00016123216482810676, 0.00016557081835344434, 0.00017161268624477088, 0.00016053584113251418, 0.00015411643835250288, 0.00015095964772626758, 0.00015685398830100894, 0.00016224230057559907, 0.00015959763550199568, 0.00016167924331966788, 0.00014723198546562344, 0.0001670444617047906, 0.00015449746570084244, 0.0001601803523954004, 0.00015292664465960115, 0.00016060379857663065], "val_loss": [0.0025155642069876194, 0.0017668477958068252, 0.0011802585795521736, 0.0007735969265922904, 0.000568534480407834, 0.000384726794436574, 0.0003479163278825581, 0.0003082304901909083, 0.0003210575960110873, 0.00025492956046946347, 0.0002990470384247601, 0.0002702755737118423, 0.00027281188522465527, 0.0002380426594754681, 0.00026092067128047347, 0.00020782789215445518, 0.00021336076315492392, 0.0002338728663744405, 0.0002612329844851047, 0.00024387557641603053, 0.0001959094952326268, 0.00022047525271773338, 0.00018786727741826326, 0.00022801337763667107, 0.000217068285564892, 0.00018758856458589435, 0.0002560808788985014, 0.00019171762687619776, 0.00019887860980816185, 0.0001762629544828087, 0.00017787232354748994, 0.0001992096076719463, 0.00024721905356273055, 0.00019199705275241286, 0.00018519459990784526, 0.00018111251119989902, 0.00018491923401597887, 0.00019948038971051574, 0.000185377910383977, 0.0001762244792189449, 0.00020101461268495768, 0.00017842046509031206, 0.00018358761735726148, 0.00018937313870992512, 0.00018345446733292192, 0.00017890160961542279, 0.0002117250842275098, 0.00016941229114308953, 0.00016807969950605184, 0.00016371691890526563, 0.0001657475222600624, 0.00017788029799703509, 0.00018209053087048233, 0.00017087318701669574, 0.00017026456771418452, 0.00018921606533695012, 0.0001942412054631859, 0.00017250431119464338, 0.00016384298214688897, 0.00016238275566138327, 0.0001709859207039699, 0.00016922643408179283, 0.00016238751413766295, 0.00018153026758227497, 0.00016675714869052172, 0.00017261516768485308, 0.00016948272241279483, 0.0001869260158855468, 0.00017527537420392036, 0.00015734255430288613, 0.00016582875105086714, 0.00018299376824870706, 0.00017487401783000678, 0.00018083557370118797, 0.0002039191749645397, 0.00017214393301401287, 0.00017278280574828386, 0.00015715941844973713, 0.00016117110499180853, 0.00019343243911862373, 0.0001587242295499891, 0.0001582699769642204, 0.0001694931270321831, 0.00015753220941405743, 0.00019480961782392114, 0.00017058764933608472, 0.00016722720465622842, 0.00016030205006245524],