{"loss": [0.007166204508394003, 0.006824010517448187, 0.006617337465286255, 0.006475574336946011, 0.006375825498253107, 0.00632396200671792, 0.006257673259824514, 0.006187121383845806, 0.0061851991340518, 0.006131549831479788, 0.006050304509699345, 0.00597265362739563, 0.005953043233603239, 0.005935202352702618, 0.0058728656731545925, 0.005823047365993261, 0.00577152892947197, 0.0057227713987231255, 0.0056775896809995174, 0.00570741156116128, 0.0055925301276147366, 0.005600041709840298, 0.005547288339585066, 0.005565383937209845, 0.00546437269076705, 0.005446659866720438, 0.005464737303555012, 0.0053258552215993404, 0.0052370973862707615, 0.0051873913034796715, 0.0052167316898703575, 0.005111656617373228, 0.005045976955443621, 0.005004751496016979, 0.004942244850099087], "mse": [0.007166204508394003, 0.006824010517448187, 0.006617337465286255, 0.006475574336946011, 0.006375825498253107, 0.00632396200671792, 0.006257673259824514, 0.006187121383845806, 0.0061851991340518, 0.006131549831479788, 0.006050304509699345, 0.00597265362739563, 0.005953043233603239, 0.005935202352702618, 0.0058728656731545925, 0.005823046900331974, 0.00577152892947197, 0.0057227713987231255, 0.0056775896809995174, 0.00570741156116128, 0.0055925301276147366, 0.005600041709840298, 0.005547288339585066, 0.005565383937209845, 0.005464373156428337, 0.005446659866720438, 0.005464737303555012, 0.0053258552215993404, 0.0052370973862707615, 0.0051873913034796715, 0.0052167316898703575, 0.005111656617373228, 0.005045976955443621, 0.005004751496016979, 0.004942244850099087], "val_loss": [0.011892757378518581, 0.012012653052806854, 0.011632746085524559, 0.011930903419852257, 0.01161540113389492, 0.011868635192513466, 0.011456879787147045, 0.011645547114312649, 0.011528397910296917, 0.011334172450006008, 0.011417645029723644, 0.011309919878840446, 0.011283252388238907, 0.011456305161118507, 0.011229745112359524, 0.011188553646206856, 0.011351232416927814, 0.011250758543610573, 0.011100558564066887, 0.011508846655488014, 0.01112996693700552, 0.011103728786110878, 0.01160252746194601, 0.011136666871607304, 0.011069593019783497, 0.011852242052555084, 0.011220978572964668, 0.011275261640548706, 0.011314110830426216, 0.011228473857045174, 0.011264899745583534, 0.011436606757342815, 0.01149256806820631, 0.011562386527657509, 0.011303871870040894], "val_mse": [0.011892758309841156, 0.012012653052806854, 0.011632745154201984, 0.011930903419852257, 0.01161540113389492, 0.011868635192513466, 0.011456879787147045, 0.011645547114312649, 0.011528397910296917, 0.011334172450006008, 0.011417645029723644, 0.011309919878840446, 0.011283252388238907, 0.011456305161118507, 0.011229745112359524, 0.011188553646206856, 0.011351232416927814, 0.011250758543610573, 0.011100558564066887, 0.011508846655488014, 0.01112996693700552, 0.011103728786110878, 0.01160252746194601, 0.011136666871607304, 0.011069593019783497, 0.011852242052555084, 0.011220978572964668, 0.011275261640548706, 0.011314110830426216, 0.011228473857045174, 0.011264899745583534, 0.011436606757342815, 0.01149256806820631, 0.011562386527657509, 0.011303871870040894]}