{"loss": [0.0014237387804314494, 0.00033752896706573665, 0.0002343693922739476, 0.00019705374143086374, 0.00017715543799567968, 0.0001654473162489012, 0.00015519963926635683, 0.0001563862169859931, 0.00014541632845066488, 0.00014154965174384415, 0.0001364767231279984, 0.00013624968414660543, 0.00012845666788052768, 0.0001281086151720956, 0.00012786677689291537, 0.00012461963342502713, 0.0001215488591697067, 0.00012063307804055512, 0.00011730244295904413], "mse": [0.0014237387804314494, 0.00033752890885807574, 0.0002343693922739476, 0.00019705374143086374, 0.00017715543799567968, 0.0001654473162489012, 0.00015519963926635683, 0.0001563862169859931, 0.00014541632845066488, 0.00014154965174384415, 0.0001364767231279984, 0.00013624968414660543, 0.00012845666788052768, 0.00012810860062018037, 0.00012786677689291537, 0.00012461963342502713, 0.0001215488591697067, 0.00012063307804055512, 0.00011730244295904413], "val_loss": [0.00042436461080797017, 0.0002192804095102474, 0.00016352010425180197, 0.00016763508028816432, 0.00013002172636333853, 0.00013162981485947967, 0.00012513597903307527, 0.00012794480426236987, 0.0001170960531453602, 0.00011897878721356392, 0.00012184453225927427, 0.0001228400506079197, 0.00012011041690129787, 0.00011967543832724914, 0.00012344089918769896, 0.00012043004244333133, 0.00012673735909629613, 0.00012450107897166163, 0.00012317213986534625], "val_mse": [0.00042436461080797017, 0.0002192804095102474, 0.00016352010425180197, 0.00016763508028816432, 0.00013002172636333853, 0.00013162981485947967, 0.00012513597903307527, 0.00012794480426236987, 0.0001170960531453602, 0.00011897878721356392, 0.00012184453225927427, 0.00012284006515983492, 0.00012011041690129787, 0.00011967543832724914, 0.00012344088463578373, 0.00012043004244333133, 0.00012673735909629613, 0.00012450107897166163, 0.00012317213986534625]}