{"loss": [0.002922308398410678, 0.002572449389845133, 0.002404645783826709, 0.00228283554315567, 0.0021841812413185835, 0.0020954397041350603, 0.0020112800411880016, 0.001943793147802353, 0.0018832773203030229, 0.0018028285121545196, 0.0017549023032188416, 0.001678172848187387, 0.001615282497368753, 0.0015874927630648017, 0.0015423266449943185, 0.0014859779039397836, 0.001432657241821289, 0.0014032823964953423, 0.0013708795886486769, 0.0013811655808240175, 0.0013535574544221163, 0.0013140778755769134, 0.0013396205613389611, 0.0013041439233347774, 0.0012684788089245558, 0.0012397740501910448, 0.0012322295224294066, 0.0012165945954620838, 0.0012002092553302646, 0.0012014299863949418, 0.0011764855589717627, 0.0011786995455622673, 0.0011810620781034231, 0.0011678540613502264, 0.0011565631721168756, 0.0011327543761581182, 0.0011643653269857168, 0.0011457159416750073, 0.0011234225239604712, 0.0011278137098997831, 0.001112497178837657, 0.0010951550211757421, 0.0010792266111820936, 0.001078381552360952, 0.0010674407240003347, 0.001056669862009585, 0.0010580335510894656], "mse": [0.002922308398410678, 0.002572449389845133, 0.002404645783826709, 0.00228283554315567, 0.0021841812413185835, 0.0020954397041350603, 0.0020112800411880016, 0.001943793147802353, 0.0018832770874723792, 0.0018028285121545196, 0.0017549023032188416, 0.001678172848187387, 0.001615282497368753, 0.0015874927630648017, 0.0015423266449943185, 0.0014859779039397836, 0.001432657241821289, 0.0014032821636646986, 0.0013708795886486769, 0.0013811655808240175, 0.0013535574544221163, 0.0013140778755769134, 0.001339620677754283, 0.0013041438069194555, 0.0012684788089245558, 0.0012397740501910448, 0.0012322295224294066, 0.0012165945954620838, 0.0012002092553302646, 0.0012014299863949418, 0.0011764855589717627, 0.0011786994291469455, 0.001181062194518745, 0.0011678540613502264, 0.0011565631721168756, 0.0011327543761581182, 0.0011643653269857168, 0.0011457159416750073, 0.0011234225239604712, 0.0011278137098997831, 0.001112497178837657, 0.0010951550211757421, 0.0010792266111820936, 0.001078381552360952, 0.0010674407240003347, 0.001056669862009585, 0.0010580334346741438], "val_loss": [0.004487931728363037, 0.0037467018701136112, 0.004170621279627085, 0.0040366435423493385, 0.003924187738448381, 0.0038364820647984743, 0.003642191644757986, 0.0035256005357950926, 0.003256394760683179, 0.003422919660806656, 0.0032219202257692814, 0.0029762708581984043, 0.0030051341746002436, 0.0030702699441462755, 0.002709659980610013, 0.002792652463540435, 0.00271749310195446, 0.0026949660386890173, 0.0024382290430366993, 0.00241231732070446, 0.002511991187930107, 0.002823254559189081, 0.0026419260539114475, 0.0024337549693882465, 0.0024024099111557007, 0.0024475459940731525, 0.00231185439042747, 0.002478380221873522, 0.0024750169832259417, 0.0024247881956398487, 0.0024065272882580757, 0.0023829620331525803, 0.002430204302072525, 0.0024526119232177734, 0.002429664134979248, 0.0022749267518520355, 0.0022612041793763638, 0.0023364389780908823, 0.002451687352731824, 0.0023273807018995285, 0.0023216032423079014, 0.0023479084484279156, 0.002462520031258464, 0.00244213012047112, 0.002363824751228094, 0.0024453799705952406, 0.0024380721151828766], "val_mse": [0.004487931728363037, 0.0037467018701136112, 0.004170621279627085, 0.0040366435423493385, 0.003924187738448381, 0.0038364820647984743, 0.003642191644757986, 0.0035256005357950926, 0.003256394760683179, 0.003422919660806656, 0.0032219202257692814, 0.002976271091029048, 0.0030051341746002436, 0.0030702699441462755, 0.002709659980610013, 0.002792652463540435, 0.00271749310195446, 0.0026949660386890173, 0.0024382290430366993, 0.00241231732070446, 0.002511991187930107, 0.002823254559189081, 0.0026419260539114475, 0.0024337549693882465, 0.0024024099111557007, 0.0024475459940731525, 0.00231185439042747, 0.002478380221873522, 0.0024750169832259417, 0.0024247881956398487, 0.0024065272882580757, 0.0023829620331525803, 0.002430204302072525, 0.0024526119232177734, 0.002429664134979248, 0.0022749267518520355, 0.0022612041793763638, 0.002336439210921526, 0.002451687352731824, 0.0023273807018995285, 0.0023216032423079014, 0.0023479084484279156, 0.002462520031258464, 0.00244213012047112, 0.002363824751228094, 0.0024453799705952406, 0.0024380721151828766]}