{"loss": [0.0011737510794773698, 0.000386713829357177, 0.00023724714992567897, 0.00019192654872313142, 0.00016292458167299628, 0.00014890181773807853, 0.00013526793918572366, 0.0001258535630768165, 0.00012114834680687636, 0.00011660595191642642, 0.00011396315676392987, 0.0001116263956646435, 0.00010978383215842769, 0.00011154499225085601, 0.00010532772284932435, 0.00010773702524602413, 0.00010484929953236133, 0.0001010152991511859, 0.00010132523311767727, 9.936871356330812e-05, 9.98721006908454e-05, 9.7201882454101e-05, 9.560081525705755e-05, 9.606644744053483e-05, 9.493521065451205e-05, 9.503031469648704e-05, 9.312856127507985e-05, 9.280897938879207e-05, 9.242504165740684e-05, 9.079394658328965e-05, 9.033532114699483e-05, 9.219471394317225e-05, 9.088400838663802e-05, 9.020820289151743e-05, 9.126859367825091e-05, 8.877297659637406e-05, 8.809348219074309e-05, 8.807284757494926e-05, 8.814323518890887e-05, 8.934793004300445e-05, 8.805405377643183e-05, 8.699015597812831e-05, 8.747968968236819e-05, 8.423576218774542e-05, 8.370794239453971e-05, 8.45713002490811e-05], "mse": [0.0011737510794773698, 0.000386713829357177, 0.00023724714992567897, 0.00019192654872313142, 0.00016292458167299628, 0.00014890181773807853, 0.00013526793918572366, 0.0001258535630768165, 0.00012114834680687636, 0.00011660595191642642, 0.00011396315676392987, 0.0001116263956646435, 0.00010978383215842769, 0.00011154499225085601, 0.00010532772284932435, 0.00010773702524602413, 0.00010484929953236133, 0.0001010152991511859, 0.00010132523311767727, 9.936871356330812e-05, 9.98721006908454e-05, 9.7201882454101e-05, 9.560081525705755e-05, 9.606644744053483e-05, 9.493521065451205e-05, 9.503031469648704e-05, 9.312855399912223e-05, 9.280897938879207e-05, 9.242504165740684e-05, 9.079394658328965e-05, 9.033532114699483e-05, 9.219471394317225e-05, 9.088400838663802e-05, 9.020820289151743e-05, 9.126859367825091e-05, 8.877299114828929e-05, 8.809348219074309e-05, 8.807284757494926e-05, 8.814323518890887e-05, 8.934793004300445e-05, 8.805405377643183e-05, 8.699015597812831e-05, 8.747968968236819e-05, 8.423576218774542e-05, 8.370794239453971e-05, 8.45713002490811e-05], "val_loss": [0.0007417476153932512, 0.00028707843739539385, 0.00023076729848980904, 0.00019585448899306357, 0.00014928118616808206, 0.00015346083091571927, 0.000141680589877069, 0.00013356655836105347, 0.0001234344090335071, 0.00013369822409003973, 0.000123228135635145, 0.00014040058886166662, 0.00013674356159754097, 0.00011790850112447515, 0.00012190313282189891, 0.00011897746298927814, 0.00011641511810012162, 0.00011170967627549544, 0.0001229270565090701, 0.00011696673755068332, 0.00012161806807853281, 0.0001153473203885369, 0.00011072384950239211, 0.00011002363316947594, 0.00010970262519549578, 0.00010960589861497283, 0.00011005332635249943, 0.00012247165432199836, 0.00010711390495998785, 0.00010701837891247123, 0.000108078915218357, 0.00011762993381125852, 0.0001102146488847211, 0.00010866981756407768, 0.00011140736751258373, 0.00010400169412605464, 0.00010662384011084214, 0.00010521285003051162, 0.00012646353570744395, 0.00010941283835563809, 0.00011499763786559924, 0.00012140109902247787, 0.00010824290802702308, 0.00010442929487908259, 0.00010756621486507356, 0.00010979787475662306], "val_mse": [0.0007417476153932512, 0.00028707843739539385, 0.0002307672839378938, 0.00019585448899306357, 0.00014928118616808206, 0.00015346083091571927, 0.000141680589877069, 0.00013356655836105347, 0.0001234344090335071, 0.00013369822409003973, 0.000123228135635145, 0.00014040058886166662, 0.00013674356159754097, 0.00011790850112447515, 0.00012190313282189891, 0.00011897746298927814, 0.00011641511810012162, 0.00011170967627549544, 0.0001229270565090701, 0.00011696673755068332, 0.00012161806807853281, 0.0001153473203885369, 0.00011072384950239211, 0.00011002362589351833, 0.00010970262519549578, 0.00010960589861497283, 0.00011005332635249943, 0.00012247165432199836, 0.00010711390495998785, 0.00010701837891247123, 0.000108078915218357, 0.00011762993381125852, 0.0001102146488847211, 0.00010866981756407768, 0.00011140736751258373, 0.00010400169412605464, 0.00010662384011084214, 0.00010521285003051162, 0.00012646353570744395, 0.00010941283835563809, 0.00011499764514155686, 0.00012140109902247787, 0.00010824290802702308, 0.00010442929487908259, 0.00010756621486507356, 0.00010979787475662306]}