{"loss": [0.0036540573928505182, 0.0028261954430490732, 0.0024586417712271214, 0.0021872983779758215, 0.0020646103657782078, 0.002015436766669154, 0.0019661877304315567, 0.001945547410286963, 0.0019383487524464726, 0.0018961313180625439, 0.0018847341416403651, 0.001874594483524561, 0.0018517907010391355, 0.001850439002737403, 0.001894619781523943, 0.0018614615546539426, 0.0018283325480297208, 0.001824040082283318, 0.0017997463000938296, 0.0018193768337368965, 0.0017923895502462983, 0.0017909768503159285, 0.0017848069546744227, 0.001814184826798737, 0.001767151989042759, 0.0017645806074142456, 0.001793710165657103, 0.001781153492629528], "mse": [0.0036540573928505182, 0.0028261954430490732, 0.0024586417712271214, 0.0021872983779758215, 0.0020646103657782078, 0.002015436766669154, 0.0019661877304315567, 0.001945547410286963, 0.0019383487524464726, 0.0018961314344778657, 0.0018847341416403651, 0.001874594483524561, 0.0018517907010391355, 0.001850439002737403, 0.001894619781523943, 0.0018614615546539426, 0.0018283325480297208, 0.001824040082283318, 0.0017997463000938296, 0.0018193768337368965, 0.0017923894338309765, 0.0017909768503159285, 0.0017848069546744227, 0.001814184826798737, 0.001767151989042759, 0.0017645806074142456, 0.001793710165657103, 0.001781153492629528], "val_loss": [0.0030513734091073275, 0.0025282276328653097, 0.0022244725842028856, 0.002084375824779272, 0.002069956623017788, 0.0019926175009459257, 0.0020663090981543064, 0.0020587744656950235, 0.0020041686948388815, 0.002010455820709467, 0.00200262269936502, 0.0020199802238494158, 0.002017821418121457, 0.002128018531948328, 0.002068009926006198, 0.0019912254065275192, 0.0019915986340492964, 0.001989084528759122, 0.002090162830427289, 0.002068296540528536, 0.0020184668246656656, 0.002021862892434001, 0.002077635610476136, 0.0020615202374756336, 0.0020323055796325207, 0.002052395371720195, 0.0020944825373589993, 0.0021971564274281263], "val_mse": [0.0030513734091073275, 0.0025282276328653097, 0.0022244725842028856, 0.002084375824779272, 0.002069956623017788, 0.0019926175009459257, 0.0020663090981543064, 0.0020587744656950235, 0.0020041686948388815, 0.002010455820709467, 0.00200262269936502, 0.0020199802238494158, 0.002017821418121457, 0.002128018531948328, 0.002068009926006198, 0.0019912254065275192, 0.0019915986340492964, 0.001989084528759122, 0.002090162830427289, 0.002068296540528536, 0.0020184670574963093, 0.002021862892434001, 0.002077635610476136, 0.0020615202374756336, 0.0020323055796325207, 0.002052395371720195, 0.0020944825373589993, 0.0021971564274281263]}