{"loss": [0.08428698778152466, 0.08192174136638641, 0.08152853697538376, 0.08110744506120682, 0.08071228861808777, 0.08054137229919434, 0.08044867217540741, 0.08015374094247818, 0.0800524652004242, 0.07993617653846741, 0.0796661227941513, 0.07943442463874817, 0.0791705995798111, 0.07921960949897766, 0.07875283807516098, 0.0784727931022644, 0.07819829881191254, 0.0779036432504654, 0.07728442549705505, 0.0771288052201271, 0.07657566666603088, 0.0760861188173294, 0.0756332129240036, 0.07573342323303223, 0.07521717250347137, 0.07420998066663742, 0.0737205520272255], "mse": [0.08428698778152466, 0.08192174136638641, 0.08152853697538376, 0.08110744506120682, 0.08071228861808777, 0.08054137229919434, 0.08044867217540741, 0.08015374094247818, 0.0800524652004242, 0.07993617653846741, 0.0796661227941513, 0.07943442463874817, 0.0791705995798111, 0.07921960204839706, 0.07875283807516098, 0.0784727931022644, 0.07819829881191254, 0.0779036432504654, 0.07728442549705505, 0.0771288052201271, 0.07657566666603088, 0.0760861188173294, 0.0756332129240036, 0.07573342323303223, 0.07521717250347137, 0.07420998066663742, 0.0737205520272255], "val_loss": [0.08586358278989792, 0.08405580371618271, 0.08469314873218536, 0.08541416376829147, 0.08416219055652618, 0.08359353244304657, 0.08451693505048752, 0.08431465923786163, 0.08477547019720078, 0.08477544039487839, 0.0841241329908371, 0.08352702111005783, 0.08551757782697678, 0.0848127007484436, 0.08377940207719803, 0.08401867747306824, 0.08339782804250717, 0.08382140845060349, 0.08370671421289444, 0.08386454731225967, 0.08466729521751404, 0.0842805877327919, 0.0854310616850853, 0.08528756350278854, 0.08517803251743317, 0.08434312045574188, 0.0845356211066246], "val_mse": [0.08586358278989792, 0.08405580371618271, 0.08469314873218536, 0.08541416376829147, 0.08416219055652618, 0.08359353244304657, 0.08451693505048752, 0.08431465923786163, 0.08477547019720078, 0.08477544039487839, 0.0841241329908371, 0.08352702111005783, 0.08551757782697678, 0.0848127007484436, 0.08377940207719803, 0.08401867747306824, 0.08339782804250717, 0.08382140845060349, 0.08370671421289444, 0.08386454731225967, 0.08466729521751404, 0.0842805877327919, 0.0854310616850853, 0.08528756350278854, 0.08517803251743317, 0.08434312045574188, 0.0845356285572052]}