{"loss": [0.024330060929059982, 0.023082135245203972, 0.022829866036772728, 0.022532140836119652, 0.022496437653899193, 0.022287242114543915, 0.022286849096417427, 0.022174866870045662, 0.02209082618355751, 0.022060614079236984, 0.02194990962743759, 0.02180587500333786, 0.021761655807495117, 0.021690119057893753], "mse": [0.024330060929059982, 0.023082135245203972, 0.022829866036772728, 0.022532140836119652, 0.022496437653899193, 0.022287242114543915, 0.022286849096417427, 0.022174866870045662, 0.02209082618355751, 0.022060614079236984, 0.02194990962743759, 0.02180587500333786, 0.021761655807495117, 0.021690119057893753], "val_loss": [0.021306827664375305, 0.021042833104729652, 0.02134656347334385, 0.020917611196637154, 0.021040547639131546, 0.021029997617006302, 0.021242521703243256, 0.0211641862988472, 0.021070489659905434, 0.021171147003769875, 0.021249867975711823, 0.021366573870182037, 0.021200217306613922, 0.0214034803211689], "val_mse": [0.021306827664375305, 0.021042831242084503, 0.0213465616106987, 0.020917611196637154, 0.021040547639131546, 0.021029997617006302, 0.021242521703243256, 0.0211641862988472, 0.021070489659905434, 0.021171147003769875, 0.021249867975711823, 0.021366573870182037, 0.021200217306613922, 0.0214034803211689]}