{"loss": [0.006599674932658672, 0.0034487310331314802, 0.0019326747860759497, 0.0014230840606614947, 0.0011414133477956057, 0.000989310210570693, 0.0008385035907849669, 0.0007483650697395205, 0.0006919325096532702, 0.0006414158851839602, 0.0006045724730938673, 0.0005907508311793208, 0.0005779663333669305, 0.0005389560246840119, 0.0005391326849348843, 0.0005393385654315352, 0.000514698913320899, 0.0004916222533211112, 0.00047989794984459877, 0.00047277373960241675, 0.0004737502313219011, 0.0004662830906454474, 0.00045573856914415956, 0.0004406909574754536, 0.00045124319149181247, 0.0004300831351429224, 0.0004269024939276278, 0.00042787828715518117, 0.00043869949877262115, 0.0004406586813274771, 0.0004284265451133251, 0.000415789894759655, 0.0004155617789365351, 0.0004016152524854988, 0.0003891591331921518, 0.00039761164225637913, 0.0003889143408741802, 0.00038349145324900746, 0.00038435158785432577, 0.00037569974665530026, 0.00037158039049245417, 0.0003840363642666489, 0.0003886680642608553, 0.0003990188124589622, 0.00038080665399320424, 0.00038198387483134866, 0.000361786806024611, 0.00036684665246866643, 0.00036829133750870824, 0.0003710392047651112, 0.0003571762063074857, 0.00035527217551134527, 0.0003602486685849726, 0.000347369525115937, 0.0003630666178651154, 0.0003691983292810619], "mse": [0.006599674932658672, 0.0034487310331314802, 0.0019326747860759497, 0.001423083944246173, 0.0011414133477956057, 0.000989310210570693, 0.0008385035907849669, 0.0007483650697395205, 0.0006919325096532702, 0.0006414158851839602, 0.0006045724730938673, 0.0005907508311793208, 0.0005779663333669305, 0.0005389560246840119, 0.0005391326849348843, 0.0005393385654315352, 0.000514698913320899, 0.0004916222533211112, 0.00047989794984459877, 0.00047277373960241675, 0.0004737502313219011, 0.0004662830906454474, 0.00045573856914415956, 0.0004406909574754536, 0.00045124319149181247, 0.0004300831351429224, 0.0004269024939276278, 0.00042787828715518117, 0.00043869949877262115, 0.0004406586813274771, 0.0004284265451133251, 0.000415789894759655, 0.0004155617789365351, 0.0004016152524854988, 0.0003891591331921518, 0.00039761164225637913, 0.0003889143408741802, 0.00038349145324900746, 0.00038435158785432577, 0.00037569974665530026, 0.00037158039049245417, 0.0003840363642666489, 0.0003886680642608553, 0.0003990188124589622, 0.00038080665399320424, 0.00038198387483134866, 0.000361786806024611, 0.00036684665246866643, 0.00036829133750870824, 0.0003710392047651112, 0.0003571762063074857, 0.00035527217551134527, 0.00036024863948114216, 0.000347369525115937, 0.0003630666178651154, 0.0003691983292810619], "val_loss": [0.0037811235524713993, 0.001660896698012948, 0.0010022431379184127, 0.0007753971731290221, 0.0007962849922478199, 0.000710185500793159, 0.0007275870884768665, 0.0007776838610880077, 0.0007310560322366655, 0.0007081391522660851, 0.0007239475380629301, 0.000761300150770694, 0.0007153841434046626, 0.0006981711485423148, 0.0006817559478804469, 0.0006836115499027073, 0.000711578584741801, 0.0006544413045048714, 0.0006947111105546355, 0.0006635825848206878, 0.0006659077480435371, 0.0006363928550854325, 0.000644957588519901, 0.0006405793828889728, 0.0006362747517414391, 0.0006323865382000804, 0.0006234780885279179, 0.0006623988738283515, 0.0006239904323592782, 0.0006613859441131353, 0.0006095963763073087, 0.0006055150297470391, 0.0006760547985322773, 0.0006061164895072579, 0.0005930706975050271, 0.0006290692836046219, 0.0006025467300787568, 0.0005919989780522883, 0.0005966589669696987, 0.0005939357215538621, 0.0006115203723311424, 0.0005952009232714772, 0.0005857172654941678, 0.0006118387100286782, 0.0006029291544109583, 0.0005777452606707811, 0.0006211792351678014, 0.0005901570548303425, 0.0006009374046698213, 0.0005923405406065285, 0.0005884735146537423, 0.0006123740458860993, 0.0005957471439614892, 0.0005796005134470761, 0.000626872933935374, 0.0006069884402677417], "val_mse": [0.0037811235524713993, 0.001660896698012948, 0.0010022431379184127, 0.0007753971731290221, 0.0007962849922478199, 0.000710185500793159, 0.0007275870884768665, 0.0007776838610880077, 0.0007310560322366655, 0.0007081391522660851, 0.0007239475380629301, 0.000761300150770694, 0.0007153841434046626, 0.0006981711485423148, 0.0006817559478804469, 0.0006836115499027073, 0.000711578584741801, 0.0006544413045048714, 0.0006947111105546355, 0.0006635825848206878, 0.0006659077480435371, 0.0006363928550854325, 0.000644957588519901, 0.0006405793828889728, 0.0006362747517414391, 0.0006323865382000804, 0.0006234780885279179, 0.0006623988738283515, 0.0006239904323592782, 0.0006613859441131353, 0.0006095963763073087, 0.0006055150297470391, 0.0006760547985322773, 0.0006061164895072579, 0.0005930706975050271, 0.0006290692836046219, 0.0006025467300787568, 0.0005919989780522883, 0.0005966589669696987, 0.0005939357215538621, 0.0006115203723311424, 0.0005952009232714772, 0.0005857172654941678, 0.0006118387100286782, 0.0006029291544109583, 0.0005777452606707811, 0.0006211792351678014, 0.0005901570548303425, 0.0006009374046698213, 0.0005923405406065285, 0.0005884735146537423, 0.0006123740458860993, 0.0005957471439614892, 0.0005796005134470761, 0.000626872933935374, 0.0006069884402677417]}