{"loss": [0.0014391439035534859, 0.00027126132044941187, 0.00018164482025895268, 0.0001435314043192193, 0.00012510153464972973, 0.0001126528368331492, 0.00010506362741580233, 0.0001039899725583382, 0.00010007584205595776, 9.906695049721748e-05, 9.398877591593191e-05, 9.197388862958178e-05, 9.288336150348186e-05, 9.021137520903721e-05, 8.789549610810354e-05, 8.730414265301079e-05, 8.60956497490406e-05, 8.444636478088796e-05, 8.412333409069106e-05, 8.820636867312714e-05, 8.544101729057729e-05, 8.50759242894128e-05, 8.197621355066076e-05, 8.128632180159912e-05, 8.001097739906982e-05, 8.106107998173684e-05, 7.888905383879319e-05, 7.806005305610597e-05, 8.251637336798012e-05, 7.714252569712698e-05, 7.654332875972614e-05, 7.791243842802942e-05, 7.75029111537151e-05, 7.564423867734149e-05, 7.659903349122033e-05, 7.562737300759181e-05, 7.570783782284707e-05, 7.895598537288606e-05, 7.423313218168914e-05, 7.358290895354003e-05, 7.371313404291868e-05, 7.128970901248977e-05, 7.324988109758124e-05, 7.226411980809644e-05, 7.19288073014468e-05, 7.487228867830709e-05, 7.177093357313424e-05, 7.21486794645898e-05, 7.683737203478813e-05, 7.262330473167822e-05, 7.1708534960635e-05, 6.921984459040686e-05, 7.109835132723674e-05, 6.847785698482767e-05, 7.099333743099123e-05, 6.829587073298171e-05, 6.94774862495251e-05], "mse": [0.0014391439035534859, 0.00027126132044941187, 0.00018164482025895268, 0.0001435314043192193, 0.00012510153464972973, 0.0001126528368331492, 0.00010506362741580233, 0.0001039899725583382, 0.00010007584205595776, 9.906695049721748e-05, 9.398877591593191e-05, 9.197388862958178e-05, 9.288336150348186e-05, 9.021137520903721e-05, 8.789549610810354e-05, 8.73041499289684e-05, 8.60956497490406e-05, 8.444636478088796e-05, 8.412333409069106e-05, 8.820636867312714e-05, 8.544101729057729e-05, 8.50759242894128e-05, 8.197621355066076e-05, 8.128630724968389e-05, 8.001097739906982e-05, 8.106108725769445e-05, 7.888905383879319e-05, 7.806005305610597e-05, 8.251637336798012e-05, 7.714252569712698e-05, 7.654332875972614e-05, 7.791243842802942e-05, 7.75029111537151e-05, 7.564423867734149e-05, 7.659902621526271e-05, 7.562737300759181e-05, 7.570783782284707e-05, 7.895598537288606e-05, 7.423313218168914e-05, 7.358290895354003e-05, 7.371313404291868e-05, 7.128970901248977e-05, 7.324988109758124e-05, 7.226411980809644e-05, 7.19288073014468e-05, 7.487228867830709e-05, 7.177093357313424e-05, 7.21486794645898e-05, 7.683737203478813e-05, 7.262330473167822e-05, 7.1708534960635e-05, 6.921984459040686e-05, 7.109835132723674e-05, 6.847785698482767e-05, 7.099333743099123e-05, 6.829587800893933e-05, 6.94774862495251e-05], "val_loss": [0.0004288801283109933, 0.00017033013864420354, 0.00013886572560295463, 0.00012181487545603886, 0.00010850696708075702, 0.0001013750588754192, 9.986863733502105e-05, 0.00011124886805191636, 9.555462747812271e-05, 9.012392547447234e-05, 8.837602945277467e-05, 9.846047760220245e-05, 8.686314686201513e-05, 9.014942042995244e-05, 9.454011888010427e-05, 8.993443771032616e-05, 8.720000187167898e-05, 8.448090375168249e-05, 8.786814578343183e-05, 9.4654991698917e-05, 8.683253690833226e-05, 8.203656761907041e-05, 8.458035154035315e-05, 9.134277934208512e-05, 8.09435368864797e-05, 8.300275658257306e-05, 8.366885595023632e-05, 8.049886673688889e-05, 8.16788524389267e-05, 8.18163898657076e-05, 8.100970444502309e-05, 8.367506961803883e-05, 8.048011659411713e-05, 8.066189184319228e-05, 8.621079177828506e-05, 8.02176000433974e-05, 8.205001358874142e-05, 8.107762550935149e-05, 7.782730244798586e-05, 7.872068090364337e-05, 8.012098260223866e-05, 8.007315773284063e-05, 7.899415504653007e-05, 8.670172974234447e-05, 8.335769962286577e-05, 8.325796807184815e-05, 7.762809400446713e-05, 8.841507951729e-05, 8.373257878702134e-05, 8.051683835219592e-05, 8.423531107837334e-05, 8.405734843108803e-05, 7.794670091243461e-05, 8.792247535893694e-05, 8.23257869342342e-05, 8.224810153478757e-05, 8.031774632399902e-05], "val_mse": [0.0004288801283109933, 0.00017033013864420354, 0.00013886572560295463, 0.00012181487545603886, 0.00010850696708075702, 0.0001013750588754192, 9.986863733502105e-05, 0.00011124886805191636, 9.555462747812271e-05, 9.012392547447234e-05, 8.837602945277467e-05, 9.846047760220245e-05, 8.686314686201513e-05, 9.014942042995244e-05, 9.454011888010427e-05, 8.993443771032616e-05, 8.720000187167898e-05, 8.448090375168249e-05, 8.786814578343183e-05, 9.4654991698917e-05, 8.683253690833226e-05, 8.203656761907041e-05, 8.458035154035315e-05, 9.134277934208512e-05, 8.09435368864797e-05, 8.300275658257306e-05, 8.366885595023632e-05, 8.049886673688889e-05, 8.16788524389267e-05, 8.18163898657076e-05, 8.100970444502309e-05, 8.367506961803883e-05, 8.048011659411713e-05, 8.066189184319228e-05, 8.621077722636983e-05, 8.02176000433974e-05, 8.205001358874142e-05, 8.107762550935149e-05, 7.782730244798586e-05, 7.872068090364337e-05, 8.012098260223866e-05, 8.007315773284063e-05, 7.899415504653007e-05, 8.670172974234447e-05, 8.335769962286577e-05, 8.325796807184815e-05, 7.762809400446713e-05, 8.841507951729e-05, 8.373257878702134e-05, 8.051683835219592e-05, 8.423531107837334e-05, 8.405734843108803e-05, 7.794670091243461e-05, 8.792247535893694e-05, 8.23257869342342e-05, 8.224810153478757e-05, 8.031774632399902e-05]}