{"loss": [0.006629421841353178, 0.002252330305054784, 0.0015210716519504786, 0.0010061066132038832, 0.0006620021304115653, 0.000462393305497244, 0.00039844520506449044, 0.00035302829928696156, 0.00035741261672228575, 0.00033714965684339404, 0.00031249134917743504, 0.0003234950127080083, 0.00028867163928225636, 0.00026556767988950014, 0.00024359923554584384, 0.000259960419498384, 0.00023464859987143427, 0.00023655715631321073, 0.00022515340242534876, 0.00022146904666442424, 0.00021725705300923437, 0.0002223733754362911, 0.0002598883584141731, 0.00023138229153119028, 0.00020281171600800008, 0.00019856567087117583, 0.00021795151405967772, 0.0002119891287293285, 0.0002020389074459672, 0.00022345472825691104, 0.0002145259641110897, 0.0001904755481518805, 0.00018308123981114477, 0.0001927979610627517, 0.000202484690817073, 0.000186619145097211, 0.0001810167304938659, 0.0001838445314206183, 0.00018877314869314432, 0.00019690004410222173, 0.00019146566046401858, 0.0001786358334356919, 0.0001751784438965842, 0.00017261556058656424, 0.00017518836830276996, 0.00018160612671636045, 0.00018051099323201925, 0.00017961741832550615, 0.00017891473544295877], "mse": [0.006629421841353178, 0.002252330305054784, 0.0015210716519504786, 0.0010061066132038832, 0.0006620021304115653, 0.000462393305497244, 0.00039844520506449044, 0.00035302829928696156, 0.00035741261672228575, 0.00033714965684339404, 0.00031249134917743504, 0.00032349504181183875, 0.00028867163928225636, 0.00026556767988950014, 0.00024359923554584384, 0.000259960419498384, 0.00023464859987143427, 0.00023655715631321073, 0.00022515340242534876, 0.00022146906121633947, 0.00021725705300923437, 0.0002223733754362911, 0.0002598883584141731, 0.00023138229153119028, 0.00020281171600800008, 0.00019856567087117583, 0.0002179514995077625, 0.0002119891287293285, 0.0002020389074459672, 0.00022345472825691104, 0.0002145259641110897, 0.0001904755481518805, 0.00018308123981114477, 0.0001927980047184974, 0.000202484690817073, 0.000186619145097211, 0.0001810167304938659, 0.0001838445314206183, 0.00018877311958931386, 0.00019690004410222173, 0.00019146566046401858, 0.0001786358334356919, 0.0001751784438965842, 0.00017261556058656424, 0.00017518836830276996, 0.00018160612671636045, 0.00018051099323201925, 0.00017961741832550615, 0.00017891473544295877], "val_loss": [0.0019089820561930537, 0.0013065413804724813, 0.0008556334068998694, 0.0004990275483578444, 0.0004193064523860812, 0.0003154473379254341, 0.0002837295178323984, 0.0002717795723583549, 0.0002700647455640137, 0.0002418596704956144, 0.0002825515402946621, 0.00028038269374519587, 0.0002200801100116223, 0.0002453118795529008, 0.0002330706629436463, 0.00020471416064538062, 0.00021447961626108736, 0.00023221156152430922, 0.00018746813293546438, 0.0001898041955428198, 0.0001961131056305021, 0.0001847209787229076, 0.00032972905319184065, 0.00018393099890090525, 0.00018215093587059528, 0.00023730589600745589, 0.0001843298668973148, 0.00018867471953853965, 0.00020216114353388548, 0.00017211637168657035, 0.0002611841191537678, 0.00018352495681028813, 0.00017981090059038252, 0.0001981459790840745, 0.00019582727691158652, 0.0001901315408758819, 0.0001829801476560533, 0.00022145165712572634, 0.00017164042219519615, 0.00018300290685147047, 0.0002037976373685524, 0.00017748608661349863, 0.00018256391922477633, 0.00017262643086723983, 0.00024571092217229307, 0.00019487651297822595, 0.00020089115423616022, 0.0001987997820833698, 0.00017373844457324594], "val_mse": [0.0019089820561930537, 0.0013065413804724813, 0.0008556334068998694, 0.0004990276065655053, 0.0004193064523860812, 0.0003154473379254341, 0.0002837295178323984, 0.0002717795723583549, 0.0002700647455640137, 0.0002418596704956144, 0.0002825515402946621, 0.00028038269374519587, 0.0002200801100116223, 0.0002453118795529008, 0.0002330706629436463, 0.00020471416064538062, 0.00021447961626108736, 0.00023221156152430922, 0.00018746813293546438, 0.0001898041955428198, 0.0001961131056305021, 0.0001847209787229076, 0.00032972905319184065, 0.00018393099890090525, 0.00018215093587059528, 0.00023730589600745589, 0.0001843298668973148, 0.00018867471953853965, 0.00020216114353388548, 0.00017211637168657035, 0.0002611841191537678, 0.00018352495681028813, 0.00017981090059038252, 0.00019814594998024404, 0.00019582727691158652, 0.0001901315408758819, 0.0001829801476560533, 0.00022145165712572634, 0.00017164042219519615, 0.00018300290685147047, 0.0002037976373685524, 0.00017748608661349863, 0.00018256391922477633, 0.00017262643086723983, 0.00024571092217229307, 0.00019487651297822595, 0.00020089115423616022, 0.0001987997820833698, 0.00017373844457324594]}