{"loss": [0.001219837344251573, 0.00021699434728361666, 0.00013680607662536204, 0.00010230133193545043, 8.44247842906043e-05, 7.492727308999747e-05, 6.84154438204132e-05, 6.461929297074676e-05, 6.0674479755107313e-05, 5.5919717851793393e-05, 5.304770456859842e-05, 5.2836920076515526e-05, 5.1499508117558435e-05, 5.0889757403638214e-05, 4.755014379043132e-05, 4.6018671127967536e-05, 4.715794784715399e-05, 4.4213273213244975e-05, 4.706396794063039e-05, 4.308090501581319e-05, 4.0676877688383684e-05, 4.074350363225676e-05, 3.896803900715895e-05, 3.9799018850317225e-05, 3.753126657102257e-05, 3.755844591069035e-05, 3.6274854210205376e-05, 3.835634561255574e-05, 3.934192136512138e-05, 3.551294867065735e-05, 3.561306948540732e-05, 3.670907244668342e-05, 3.4205055271741e-05, 3.3262636861763895e-05, 3.681799353216775e-05, 3.319657116662711e-05, 3.404759627301246e-05, 3.3073385566240177e-05, 3.163602377753705e-05, 3.156701859552413e-05, 3.205558459740132e-05, 3.90174645872321e-05, 3.084338823100552e-05, 3.22134728776291e-05], "mse": [0.001219837344251573, 0.00021699434728361666, 0.00013680607662536204, 0.00010230133193545043, 8.44247842906043e-05, 7.492727308999747e-05, 6.84154438204132e-05, 6.461929297074676e-05, 6.0674479755107313e-05, 5.5919717851793393e-05, 5.304770456859842e-05, 5.283691280055791e-05, 5.1499508117558435e-05, 5.0889757403638214e-05, 4.755014379043132e-05, 4.6018671127967536e-05, 4.715794784715399e-05, 4.4213273213244975e-05, 4.706396794063039e-05, 4.3080908653791994e-05, 4.0676877688383684e-05, 4.074350363225676e-05, 3.896803900715895e-05, 3.9799018850317225e-05, 3.753126657102257e-05, 3.755844591069035e-05, 3.6274854210205376e-05, 3.835634561255574e-05, 3.934192136512138e-05, 3.551294867065735e-05, 3.561306948540732e-05, 3.670907244668342e-05, 3.4205055271741e-05, 3.3262636861763895e-05, 3.681799353216775e-05, 3.319657116662711e-05, 3.404759627301246e-05, 3.3073385566240177e-05, 3.163602377753705e-05, 3.156701859552413e-05, 3.205558459740132e-05, 3.90174645872321e-05, 3.084338823100552e-05, 3.22134728776291e-05], "val_loss": [0.000362937746103853, 0.00015498697757720947, 0.0001130324526457116, 9.271089948015288e-05, 9.098243754124269e-05, 7.372308027697727e-05, 7.306531188078225e-05, 6.214206223376095e-05, 7.397809531539679e-05, 6.121084152255207e-05, 5.801002407679334e-05, 5.6370332458755e-05, 6.805093289585784e-05, 6.549716636072844e-05, 5.463157140184194e-05, 5.5949385568965226e-05, 6.190707790665329e-05, 5.895099093322642e-05, 4.963391984347254e-05, 5.512378629646264e-05, 5.015587521484122e-05, 4.8582769522909075e-05, 4.891341450274922e-05, 4.834055289393291e-05, 4.7620251280022785e-05, 4.77285502711311e-05, 4.6080804168013856e-05, 8.247131336247548e-05, 4.708462438429706e-05, 6.376715464284644e-05, 4.738010102300905e-05, 4.380593600217253e-05, 4.882558641838841e-05, 4.329876901465468e-05, 4.64858821942471e-05, 4.693571099778637e-05, 4.478629125514999e-05, 4.6740668040001765e-05, 4.807345612789504e-05, 5.101224087411538e-05, 5.744399823015556e-05, 4.4905234972247854e-05, 4.525293115875684e-05, 4.4696858822135255e-05], "val_mse": [0.000362937746103853, 0.00015498697757720947, 0.0001130324526457116, 9.271089948015288e-05, 9.098243754124269e-05, 7.372308027697727e-05, 7.306531188078225e-05, 6.214206223376095e-05, 7.397809531539679e-05, 6.121084152255207e-05, 5.801002407679334e-05, 5.6370332458755e-05, 6.805093289585784e-05, 6.549716636072844e-05, 5.463157140184194e-05, 5.5949385568965226e-05, 6.190707790665329e-05, 5.895099093322642e-05, 4.963391984347254e-05, 5.512378629646264e-05, 5.015587521484122e-05, 4.8582769522909075e-05, 4.891341450274922e-05, 4.834055289393291e-05, 4.7620251280022785e-05, 4.77285502711311e-05, 4.608080780599266e-05, 8.247131336247548e-05, 4.708462438429706e-05, 6.376715464284644e-05, 4.738010102300905e-05, 4.380593600217253e-05, 4.882558641838841e-05, 4.329876901465468e-05, 4.6485885832225904e-05, 4.693570372182876e-05, 4.478629125514999e-05, 4.6740668040001765e-05, 4.807345612789504e-05, 5.101224087411538e-05, 5.744399823015556e-05, 4.4905234972247854e-05, 4.525293115875684e-05, 4.4696858822135255e-05]}