{"loss": [0.003536749165505171, 0.0032164021395146847, 0.0029653680976480246, 0.0027093919925391674, 0.002429616404697299, 0.002181683201342821, 0.0019549869466573, 0.0017438869690522552, 0.0015960091259330511, 0.0014803450321778655, 0.0013888065004721284, 0.0013021394843235612, 0.0012620387133210897, 0.0011916535440832376, 0.0011504717404022813, 0.0011401548981666565, 0.0011064443970099092, 0.00106748566031456, 0.0010516069596633315, 0.0010276960674673319, 0.001005126046948135, 0.0009967854712158442, 0.00096102524548769, 0.0009667378035373986, 0.0009246094268746674, 0.0009458914282731712, 0.000923154060728848, 0.0009055676055140793], "mse": [0.003536749165505171, 0.0032164021395146847, 0.0029653680976480246, 0.0027093919925391674, 0.002429616404697299, 0.002181683201342821, 0.0019549869466573, 0.0017438869690522552, 0.0015960091259330511, 0.0014803450321778655, 0.0013888065004721284, 0.0013021394843235612, 0.0012620388297364116, 0.0011916535440832376, 0.0011504717404022813, 0.0011401548981666565, 0.0011064443970099092, 0.00106748566031456, 0.0010516069596633315, 0.0010276960674673319, 0.001005126046948135, 0.0009967854712158442, 0.00096102524548769, 0.0009667378035373986, 0.0009246094268746674, 0.0009458914282731712, 0.000923154060728848, 0.0009055676055140793], "val_loss": [0.0020337929017841816, 0.0018203544896095991, 0.0017135475063696504, 0.001547837513498962, 0.0013954422902315855, 0.001228106440976262, 0.0011117130052298307, 0.0010625782888382673, 0.0009334638598375022, 0.0008105892920866609, 0.0007562011014670134, 0.0007475136080756783, 0.0007583349943161011, 0.0008580069988965988, 0.0009712033206596971, 0.000985964317806065, 0.0007710475474596024, 0.0006836581160314381, 0.0006843105657026172, 0.0008229625527746975, 0.000903855194337666, 0.0008998966077342629, 0.0008212983375415206, 0.0007690574857406318, 0.0006978184683248401, 0.0007699193665757775, 0.0008456725627183914, 0.0007258240948431194], "val_mse": [0.0020337929017841816, 0.0018203544896095991, 0.0017135475063696504, 0.001547837513498962, 0.0013954422902315855, 0.001228106440976262, 0.0011117130052298307, 0.0010625782888382673, 0.0009334638598375022, 0.0008105892920866609, 0.0007562011014670134, 0.0007475136080756783, 0.0007583349943161011, 0.0008580069988965988, 0.0009712033206596971, 0.000985964317806065, 0.0007710475474596024, 0.0006836581160314381, 0.0006843105657026172, 0.0008229625527746975, 0.000903855194337666, 0.0008998966077342629, 0.0008212983375415206, 0.0007690574857406318, 0.0006978184683248401, 0.0007699193665757775, 0.0008456725627183914, 0.0007258240948431194]}