{"loss": [0.0031769603956490755, 0.0005176516715437174, 0.0002568891504779458, 0.00017702877812553197, 0.0001459661143599078, 0.00012307304132264107, 0.00010628608288243413, 0.00010011575795942917, 9.048604988493025e-05, 8.368380076717585e-05, 8.130462083499879e-05, 7.018001633696258e-05, 7.003651262493804e-05, 6.785106961615384e-05, 6.29140340606682e-05, 6.486623169621453e-05, 6.503302574856207e-05, 6.727533764205873e-05, 6.829557241871953e-05, 5.6396998843410984e-05, 5.6713724916335195e-05, 5.924261131440289e-05, 5.3326184570323676e-05, 5.806866101920605e-05, 5.563921149587259e-05, 5.562219303101301e-05, 5.354203312890604e-05, 5.1355906180106103e-05, 5.1740593335125595e-05, 5.4730397096136585e-05, 5.1331273425603285e-05, 4.803713454748504e-05, 4.9188769480679184e-05, 4.8227364459307864e-05, 5.1960138080175966e-05, 5.039734605816193e-05, 4.685591557063162e-05, 4.8328925913665444e-05, 4.873328725807369e-05, 4.555110717774369e-05, 4.473750595934689e-05, 5.0158254452981055e-05, 5.153132224222645e-05, 4.661317143472843e-05, 4.840707697439939e-05, 4.4206317397765815e-05, 4.5445685827871785e-05, 4.4950429582968354e-05, 4.627688031177968e-05, 4.450442429515533e-05], "mse": [0.0031769603956490755, 0.0005176516715437174, 0.0002568891504779458, 0.00017702873446978629, 0.0001459661143599078, 0.00012307304132264107, 0.00010628608288243413, 0.00010011575795942917, 9.048604988493025e-05, 8.368380076717585e-05, 8.130462083499879e-05, 7.018001633696258e-05, 7.003651262493804e-05, 6.785106961615384e-05, 6.29140340606682e-05, 6.486623169621453e-05, 6.503302574856207e-05, 6.727533764205873e-05, 6.829557241871953e-05, 5.6396998843410984e-05, 5.6713724916335195e-05, 5.924261131440289e-05, 5.3326184570323676e-05, 5.806866101920605e-05, 5.563921149587259e-05, 5.562219303101301e-05, 5.354203312890604e-05, 5.1355906180106103e-05, 5.1740593335125595e-05, 5.4730397096136585e-05, 5.1331273425603285e-05, 4.803713454748504e-05, 4.9188769480679184e-05, 4.8227364459307864e-05, 5.1960138080175966e-05, 5.039734605816193e-05, 4.685591557063162e-05, 4.8328925913665444e-05, 4.873328725807369e-05, 4.555110717774369e-05, 4.473750595934689e-05, 5.0158254452981055e-05, 5.153132224222645e-05, 4.661317143472843e-05, 4.840707697439939e-05, 4.4206317397765815e-05, 4.5445685827871785e-05, 4.4950429582968354e-05, 4.627688031177968e-05, 4.450442429515533e-05], "val_loss": [0.0009373476495966315, 0.00042057345854118466, 0.0002100871060974896, 0.0001823725615395233, 0.00015133721171878278, 0.00012473962851800025, 0.00011180713045177981, 9.985129145206884e-05, 9.211145516019315e-05, 9.514664998278022e-05, 8.545208402210847e-05, 8.578997221775353e-05, 8.477503433823586e-05, 8.116671961033717e-05, 8.028696902329102e-05, 7.646300218766555e-05, 8.606586925452575e-05, 0.00010299716086592525, 7.913769513834268e-05, 7.718567212577909e-05, 7.15263158781454e-05, 7.010316767264158e-05, 7.07314393366687e-05, 8.082815475063398e-05, 8.056890510488302e-05, 7.266601460287347e-05, 7.25986174074933e-05, 7.093173189787194e-05, 7.505234680138528e-05, 7.498236664105207e-05, 7.190222095232457e-05, 6.948953523533419e-05, 6.931999087100849e-05, 6.677187775494531e-05, 7.56175650167279e-05, 6.87022038619034e-05, 7.914379966678098e-05, 6.837586261099204e-05, 6.759644747944549e-05, 6.349152681650594e-05, 6.921403837623075e-05, 6.427532935049385e-05, 7.579380326205865e-05, 6.702213431708515e-05, 6.899696018081158e-05, 6.572887650690973e-05, 6.486880738520995e-05, 6.953768752282485e-05, 6.482567550847307e-05, 6.576506712008268e-05], "val_mse": [0.0009373476495966315, 0.00042057345854118466, 0.0002100871060974896, 0.0001823725615395233, 0.00015133721171878278, 0.00012473962851800025, 0.00011180713045177981, 9.985129145206884e-05, 9.211145516019315e-05, 9.514664998278022e-05, 8.545208402210847e-05, 8.578997221775353e-05, 8.477503433823586e-05, 8.116671961033717e-05, 8.028696902329102e-05, 7.646300218766555e-05, 8.606587653048337e-05, 0.00010299716086592525, 7.913769513834268e-05, 7.718567212577909e-05, 7.15263158781454e-05, 7.010316767264158e-05, 7.07314393366687e-05, 8.082815475063398e-05, 8.056890510488302e-05, 7.266601460287347e-05, 7.25986174074933e-05, 7.093173189787194e-05, 7.505234680138528e-05, 7.498236664105207e-05, 7.190222095232457e-05, 6.948953523533419e-05, 6.931999087100849e-05, 6.677187775494531e-05, 7.561757956864312e-05, 6.87022038619034e-05, 7.914379966678098e-05, 6.837586261099204e-05, 6.759644747944549e-05, 6.349152681650594e-05, 6.921403837623075e-05, 6.427532935049385e-05, 7.579380326205865e-05, 6.702213431708515e-05, 6.899696018081158e-05, 6.572887650690973e-05, 6.486880738520995e-05, 6.953768752282485e-05, 6.482567550847307e-05, 6.576506712008268e-05]}