{"loss": [0.0015439796261489391, 0.00030463264556601644, 0.00010311936785001308, 7.12975233909674e-05, 5.396382766775787e-05, 4.860185435973108e-05, 3.597854811232537e-05, 3.177379403496161e-05, 2.846639290510211e-05, 2.6632933440851048e-05, 2.5343171728309244e-05, 2.3632861484657042e-05, 2.337983823963441e-05, 2.095035233651288e-05, 2.1897347323829308e-05, 2.051764568022918e-05, 1.7396938346792012e-05, 1.7297326849075034e-05, 1.6131536540342495e-05, 1.6142595995916054e-05, 1.4948525858926587e-05, 1.4671325516246725e-05, 1.4019004083820619e-05, 1.3663337085745297e-05, 1.5192855244094972e-05, 1.383976632496342e-05, 1.31963124658796e-05, 1.2864634300058242e-05, 1.3214341379352845e-05, 1.3597354154626373e-05, 1.1936988812522031e-05, 1.1770273886213545e-05, 1.1227128197788261e-05, 1.1002470273524523e-05, 1.1217111023142934e-05, 1.050267292157514e-05, 1.117590545618441e-05, 9.781781955098268e-06, 1.0165440471610054e-05, 1.0506799299037084e-05, 1.0659158760972787e-05, 1.020267609419534e-05, 9.59413682721788e-06, 1.0404581189504825e-05, 9.109749953495339e-06, 9.413554835191462e-06, 9.151048288913444e-06, 8.507144229952246e-06, 8.701884326001164e-06, 9.095249879464973e-06, 9.927786777552683e-06, 9.024202881846577e-06, 1.0181975085288286e-05, 9.657600458012894e-06, 9.608434993424453e-06, 7.855236617615446e-06, 8.718340723135043e-06, 7.889022526796907e-06, 8.042231456784066e-06, 8.340222848346457e-06, 8.291205631394405e-06, 7.624941190442769e-06, 8.105118467938155e-06, 7.346661732299253e-06, 7.86033251642948e-06, 8.442028047284111e-06, 9.261227205570322e-06, 7.707065378781408e-06, 7.340227512031561e-06, 7.031467248452827e-06, 6.966276941966498e-06, 7.224733508337522e-06, 7.26691041563754e-06], "mse": [0.0015439796261489391, 0.00030463264556601644, 0.00010311936785001308, 7.12975233909674e-05, 5.396382766775787e-05, 4.860185435973108e-05, 3.597854811232537e-05, 3.177379403496161e-05, 2.846639290510211e-05, 2.6632938897819258e-05, 2.5343173547298647e-05, 2.3632861484657042e-05, 2.337983823963441e-05, 2.095035233651288e-05, 2.1897347323829308e-05, 2.051764568022918e-05, 1.7396938346792012e-05, 1.7297326849075034e-05, 1.6131536540342495e-05, 1.6142595995916054e-05, 1.4948525858926587e-05, 1.4671325516246725e-05, 1.4019004083820619e-05, 1.3663337085745297e-05, 1.5192855244094972e-05, 1.383976632496342e-05, 1.31963124658796e-05, 1.2864634300058242e-05, 1.3214341379352845e-05, 1.3597354154626373e-05, 1.1936988812522031e-05, 1.1770273886213545e-05, 1.1227128197788261e-05, 1.1002470273524523e-05, 1.1217111023142934e-05, 1.050267292157514e-05, 1.117590545618441e-05, 9.781783774087671e-06, 1.0165440471610054e-05, 1.0506799299037084e-05, 1.0659158760972787e-05, 1.020267609419534e-05, 9.59413682721788e-06, 1.0404581189504825e-05, 9.109749953495339e-06, 9.413554835191462e-06, 9.151048288913444e-06, 8.507144229952246e-06, 8.701884326001164e-06, 9.095249879464973e-06, 9.927786777552683e-06, 9.024202881846577e-06, 1.0181975085288286e-05, 9.657600458012894e-06, 9.608434993424453e-06, 7.855236617615446e-06, 8.718340723135043e-06, 7.889022526796907e-06, 8.042231456784066e-06, 8.340222848346457e-06, 8.291205631394405e-06, 7.624941190442769e-06, 8.105118467938155e-06, 7.346662641793955e-06, 7.86033251642948e-06, 8.442028047284111e-06, 9.261227205570322e-06, 7.707065378781408e-06, 7.340227512031561e-06, 7.031467248452827e-06, 6.966276941966498e-06, 7.224733508337522e-06, 7.26691041563754e-06], "val_loss": [0.0005786790861748159, 0.0001445879170205444, 8.925718429964036e-05, 5.96020145167131e-05, 7.087729318300262e-05, 4.281751171220094e-05, 3.680133886518888e-05, 3.426258990657516e-05, 3.3049269404727966e-05, 3.069249578402378e-05, 2.9050517696305178e-05, 2.7501540898811072e-05, 2.6559417165117338e-05, 2.887027403630782e-05, 2.4920129362726584e-05, 2.2819340301794e-05, 2.51552410190925e-05, 2.488799873390235e-05, 2.1499599824892357e-05, 2.1273666789056733e-05, 2.0705761926365085e-05, 1.9965000319643877e-05, 1.912370316858869e-05, 2.196224704675842e-05, 2.4323615434695967e-05, 2.2834701667306945e-05, 1.8789909518091008e-05, 1.9404065824346617e-05, 2.1471154468599707e-05, 1.7036369172274135e-05, 2.3124106519389898e-05, 1.725712172628846e-05, 1.8956117855850607e-05, 1.7225707779289223e-05, 1.916109431476798e-05, 2.0121187844779342e-05, 1.7478478184784763e-05, 1.6193540432141162e-05, 1.7532003766973503e-05, 1.64581597346114e-05, 1.5861751307966188e-05, 1.536879972263705e-05, 1.4843788449070416e-05, 1.8146285583497956e-05, 1.4934381397324614e-05, 1.6154051991179585e-05, 1.5161034752964042e-05, 1.4517400813929271e-05, 1.4807558727625292e-05, 1.60387899086345e-05, 1.5455076209036633e-05, 1.4563605873263441e-05, 1.6761945516918786e-05, 1.7102605852414854e-05, 1.978788714041002e-05, 1.4452780305873603e-05, 1.4620142792409752e-05, 1.4312615348899271e-05, 1.656913991610054e-05, 1.486698238295503e-05, 1.4660854503745213e-05, 1.5204912415356375e-05, 1.3637717529491056e-05, 1.5215969142445829e-05, 1.4521629964292515e-05, 1.3998934264236595e-05, 1.5503293980145827e-05, 1.4308515346783679e-05, 1.4347006072057411e-05, 1.396424340782687e-05, 1.4622680282627698e-05, 1.4019527043274138e-05, 1.5461473594768904e-05], "val_mse": [0.0005786790861748159, 0.0001445879170205444, 8.925718429964036e-05, 5.96020145167131e-05, 7.087729318300262e-05, 4.281751171220094e-05, 3.680133886518888e-05, 3.426258990657516e-05, 3.3049269404727966e-05, 3.069249578402378e-05, 2.9050517696305178e-05, 2.7501540898811072e-05, 2.6559417165117338e-05, 2.887027403630782e-05, 2.4920129362726584e-05, 2.2819340301794e-05, 2.5155244657071307e-05, 2.488799873390235e-05, 2.1499599824892357e-05, 2.1273666789056733e-05, 2.0705761926365085e-05, 1.9965000319643877e-05, 1.912370316858869e-05, 2.196224704675842e-05, 2.4323615434695967e-05, 2.2834701667306945e-05, 1.8789909518091008e-05, 1.9404065824346617e-05, 2.1471154468599707e-05, 1.7036369172274135e-05, 2.3124106519389898e-05, 1.7257123545277864e-05, 1.8956116036861204e-05, 1.7225707779289223e-05, 1.916109431476798e-05, 2.0121187844779342e-05, 1.7478478184784763e-05, 1.6193540432141162e-05, 1.7532003766973503e-05, 1.64581597346114e-05, 1.5861751307966188e-05, 1.536879972263705e-05, 1.4843788449070416e-05, 1.8146285583497956e-05, 1.4934381397324614e-05, 1.6154051991179585e-05, 1.5161036571953446e-05, 1.4517398994939867e-05, 1.4807558727625292e-05, 1.60387899086345e-05, 1.5455076209036633e-05, 1.4563605873263441e-05, 1.6761945516918786e-05, 1.7102605852414854e-05, 1.978788714041002e-05, 1.4452780305873603e-05, 1.4620142792409752e-05, 1.4312615348899271e-05, 1.656913991610054e-05, 1.486698238295503e-05, 1.4660854503745213e-05, 1.5204912415356375e-05, 1.3637717529491056e-05, 1.5215969142445829e-05, 1.4521629964292515e-05, 1.3998934264236595e-05, 1.5503293980145827e-05, 1.4308515346783679e-05, 1.4347006072057411e-05, 1.396424340782687e-05, 1.4622680282627698e-05, 1.4019527043274138e-05, 1.5461473594768904e-05]}