{"loss": [0.002400598954409361, 0.0020976136438548565, 0.001814554096199572, 0.0015236191684380174, 0.0012258270289748907, 0.0009458294371142983, 0.0007388851372525096, 0.0006001171423122287, 0.0005010781460441649, 0.00045103966840542853, 0.00038697890704497695, 0.00034328195033594966, 0.0002947218017652631, 0.0002705638762563467, 0.00025873136473819613, 0.0002439786185277626, 0.00023160269483923912, 0.00021758730872534215, 0.00020470160234253854, 0.0002073220384772867, 0.00019364173931535333, 0.00018614824512042105, 0.00018694803293328732, 0.00017871455929707736, 0.0001825538056436926, 0.0001710224023554474, 0.00016450395924039185, 0.00015568410162813962, 0.00015036077820695937, 0.00014718870806973428, 0.0001473565207561478, 0.00014681744505651295, 0.0001420187036274001, 0.00014176240074448287, 0.00013745609612669796, 0.00013341664453037083, 0.00013062494690530002, 0.0001300707517657429, 0.00013079117343295366, 0.00013190333265811205, 0.0001270158973056823, 0.00012628838885575533, 0.00013154761109035462, 0.000128032494103536, 0.00012127860827604309, 0.0001226717431563884, 0.00011608683416852728, 0.00011870940215885639, 0.00011515200458234176, 0.00011296939192106947, 0.00011629248911049217, 0.0001100631634471938, 0.00010797865979839116, 0.00010957811173284426, 0.00010937413753708825, 0.00010513056622585282, 0.00010344865586375818, 0.00010364454647060484, 0.00010719669808167964, 0.00010813344124471769, 0.0001069972277036868, 0.00010546323755988851, 9.606672392692417e-05, 9.493895777268335e-05, 9.908268839353696e-05, 9.573345596436411e-05, 9.529256203677505e-05, 0.00010808970546349883, 0.00010900765482801944, 9.763803973328322e-05, 9.778847743291408e-05, 9.617854084353894e-05, 9.112840052694082e-05, 8.925100701162592e-05, 9.006611071527004e-05, 9.149360994342715e-05, 9.190986020257697e-05, 8.69549548951909e-05, 8.289147808682173e-05, 8.288101525977254e-05, 8.514539513271302e-05, 8.870141755323857e-05, 8.64395042299293e-05, 8.562116272514686e-05, 7.985324191395193e-05, 8.099066326394677e-05, 7.944183744257316e-05], "mse": [0.002400598954409361, 0.0020976136438548565, 0.001814554096199572, 0.0015236191684380174, 0.0012258271453902125, 0.0009458294371142983, 0.0007388851372525096, 0.0006001171423122287, 0.0005010781460441649, 0.00045103966840542853, 0.0003869789361488074, 0.00034328195033594966, 0.0002947218017652631, 0.0002705638762563467, 0.00025873136473819613, 0.0002439786185277626, 0.00023160269483923912, 0.00021758730872534215, 0.00020470160234253854, 0.0002073220384772867, 0.00019364173931535333, 0.00018614824512042105, 0.00018694803293328732, 0.00017871455929707736, 0.0001825538056436926, 0.0001710224023554474, 0.00016450395924039185, 0.00015568410162813962, 0.00015036077820695937, 0.00014718870806973428, 0.0001473565207561478, 0.00014681744505651295, 0.00014201868907548487, 0.00014176240074448287, 0.00013745609612669796, 0.00013341664453037083, 0.00013062494690530002, 0.0001300707517657429, 0.00013079117343295366, 0.00013190333265811205, 0.0001270158973056823, 0.00012628838885575533, 0.00013154761109035462, 0.000128032494103536, 0.00012127860827604309, 0.0001226717431563884, 0.00011608683416852728, 0.00011870940215885639, 0.00011515200458234176, 0.00011296939192106947, 0.00011629248911049217, 0.0001100631634471938, 0.00010797865979839116, 0.00010957811173284426, 0.00010937413753708825, 0.00010513056622585282, 0.00010344865586375818, 0.00010364453919464722, 0.00010719669808167964, 0.00010813344124471769, 0.0001069972277036868, 0.00010546323755988851, 9.606672392692417e-05, 9.493895777268335e-05, 9.908268839353696e-05, 9.573345596436411e-05, 9.529256203677505e-05, 0.00010808970546349883, 0.00010900765482801944, 9.763803973328322e-05, 9.778847743291408e-05, 9.617854084353894e-05, 9.112840052694082e-05, 8.925100701162592e-05, 9.006611071527004e-05, 9.149360994342715e-05, 9.190986020257697e-05, 8.69549548951909e-05, 8.289147808682173e-05, 8.288101525977254e-05, 8.514539513271302e-05, 8.870141755323857e-05, 8.64395042299293e-05, 8.562116272514686e-05, 7.985324191395193e-05, 8.099066326394677e-05, 7.944183744257316e-05], "val_loss": [0.0032503127586096525, 0.002867561997845769, 0.0024612401612102985, 0.002097753342241049, 0.0016869973624125123, 0.0012484451290220022, 0.0010375292040407658, 0.0008690656977705657, 0.0008350994321517646, 0.0007950977305881679, 0.0006238220958039165, 0.000618231832049787, 0.0006704630213789642, 0.0006791335763409734, 0.0006997408927418292, 0.0005882072146050632, 0.0005437409854494035, 0.0005891298060305417, 0.0005106691969558597, 0.0005723775248043239, 0.0006225305842235684, 0.0006197432521730661, 0.0005987054901197553, 0.0005238797748461366, 0.0004936786717735231, 0.000546706432942301, 0.0006338196690194309, 0.000576058984734118, 0.0005757909384556115, 0.00052685069385916, 0.0005681418697349727, 0.0004871355486102402, 0.00045779923675581813, 0.000508890429046005, 0.0005109737394377589, 0.0004823448252864182, 0.0004727106133941561, 0.000513459206558764, 0.00045305705862119794, 0.00046549394028261304, 0.00048358202911913395, 0.000460365874459967, 0.0004224189033266157, 0.00047006417298689485, 0.0004261826688889414, 0.0004233505460433662, 0.0004394381830934435, 0.00043289372115395963, 0.0004337723948992789, 0.00042766780825331807, 0.0003976297448389232, 0.00044593107304535806, 0.00042274099541828036, 0.00045198871521279216, 0.0003975799190811813, 0.00041798222810029984, 0.0003959037421736866, 0.00040356573299504817, 0.0004384396015666425, 0.00039176660357043147, 0.00040926720248535275, 0.0004127359134145081, 0.0004094005562365055, 0.00042514875531196594, 0.0003964416100643575, 0.0004063071683049202, 0.0004458987095858902, 0.00037504086503759027, 0.0004357729048933834, 0.00037814589450135827, 0.00041849902481772006, 0.00043380988063290715, 0.00040774597437120974, 0.00040272079058922827, 0.0003954515850637108, 0.00041710009099915624, 0.0003663102106656879, 0.0003981830959673971, 0.0003976471780333668, 0.0003789161564782262, 0.0004563043767120689, 0.0003768947208300233, 0.00040305210859514773, 0.0003732935874722898, 0.0003784433356486261, 0.00039950423524715006, 0.00039634984568692744],