{"loss": [0.0022901964839547873, 0.0015601059421896935, 0.0011560242855921388, 0.0008137569529935718, 0.000517394975759089, 0.00031165554537437856, 0.0001823326019803062, 0.00011776030441978946, 9.414160740561783e-05, 8.264541247626767e-05, 6.725006824126467e-05, 5.9585705457720906e-05, 4.980348239769228e-05, 4.562793765217066e-05, 4.070916475029662e-05, 3.4694829082582146e-05, 3.2077896321425214e-05, 2.951517490146216e-05, 2.7018973923986778e-05, 2.4833982024574652e-05, 2.33697792282328e-05, 2.232529004686512e-05, 2.1415313312900253e-05, 1.9209419406251982e-05, 1.7924745407071896e-05, 1.635115586395841e-05, 1.5921543308650143e-05, 1.6441181287518702e-05, 1.4764346815354656e-05, 1.5285677363863215e-05, 1.6415175196016207e-05, 1.4716702935402282e-05, 1.3975734873383772e-05, 1.2696243175014388e-05, 1.1541093954292592e-05, 1.163585238828091e-05, 1.2057531421305612e-05, 1.2443500054359902e-05, 1.0690084309317172e-05, 1.0023173672379926e-05, 9.995406799134798e-06, 9.429178135178518e-06, 9.006978871184401e-06, 9.247808520740364e-06, 8.457607691525482e-06, 7.940258910821285e-06, 7.824350177543238e-06, 8.669947419548407e-06, 7.614775768161053e-06, 8.314238584716804e-06, 9.651151231082622e-06, 1.007721402856987e-05, 8.746140338189434e-06, 8.65067067934433e-06, 7.655678928131238e-06, 7.3171540861949325e-06, 6.624493835261092e-06, 6.550421858264599e-06, 5.995163519401103e-06, 5.925575806031702e-06, 5.392604180087801e-06, 5.455867267301073e-06, 5.5017076192598324e-06, 5.306967523210915e-06, 5.218578735366464e-06, 5.579047865467146e-06, 5.483980658027576e-06, 5.711818630516063e-06, 4.673492639994947e-06, 5.287747626425698e-06, 4.748940227727871e-06, 4.7488515519944485e-06, 4.210531187709421e-06, 4.41110978499637e-06, 4.584971520671388e-06, 4.0694017116038594e-06, 3.9188735172501765e-06, 4.307809376769001e-06, 5.039534698880743e-06, 4.039647137688007e-06, 3.650067355920328e-06, 4.088842615601607e-06, 4.588052888720995e-06, 4.21396271121921e-06, 4.4744310798705555e-06, 3.494488282740349e-06, 3.363589712535031e-06, 3.3497988169983728e-06, 3.945727712562075e-06, 3.932814706786303e-06, 3.5059965739492327e-06, 3.2424482014903333e-06, 3.0809194413450314e-06, 2.976844825752778e-06, 3.096917453149217e-06, 3.181736246915534e-06, 3.674951130960835e-06, 3.5411369481153088e-06, 4.022335815534461e-06, 4.62694515590556e-06, 3.7787133351230295e-06, 3.7924717162240995e-06, 3.5384523471293505e-06, 4.166367034486029e-06], "mse": [0.0022901962511241436, 0.0015601059421896935, 0.0011560242855921388, 0.0008137569529935718, 0.000517394975759089, 0.00031165554537437856, 0.0001823326019803062, 0.00011776030441978946, 9.414160740561783e-05, 8.264541247626767e-05, 6.725006824126467e-05, 5.9585705457720906e-05, 4.980348239769228e-05, 4.562793765217066e-05, 4.070916475029662e-05, 3.4694829082582146e-05, 3.2077896321425214e-05, 2.951517490146216e-05, 2.7018973923986778e-05, 2.4833982024574652e-05, 2.33697792282328e-05, 2.232529004686512e-05, 2.1415313312900253e-05, 1.9209419406251982e-05, 1.7924745407071896e-05, 1.6351154044969007e-05, 1.5921543308650143e-05, 1.6441181287518702e-05, 1.4764346815354656e-05, 1.5285677363863215e-05, 1.6415175196016207e-05, 1.4716702935402282e-05, 1.3975734873383772e-05, 1.2696243175014388e-05, 1.1541093954292592e-05, 1.163585238828091e-05, 1.2057531421305612e-05, 1.2443500054359902e-05, 1.0690084309317172e-05, 1.0023173672379926e-05, 9.9954077086295e-06, 9.429178135178518e-06, 9.006978871184401e-06, 9.247808520740364e-06, 8.457607691525482e-06, 7.940258910821285e-06, 7.824350177543238e-06, 8.669947419548407e-06, 7.614775768161053e-06, 8.314238584716804e-06, 9.651151231082622e-06, 1.007721402856987e-05, 8.746140338189434e-06, 8.65067067934433e-06, 7.655678928131238e-06, 7.3171540861949325e-06, 6.624493835261092e-06, 6.550421858264599e-06, 5.995163519401103e-06, 5.925575806031702e-06, 5.392604180087801e-06, 5.455867267301073e-06, 5.5017076192598324e-06, 5.306967523210915e-06, 5.218578735366464e-06, 5.579047865467146e-06, 5.483980203280225e-06, 5.711818630516063e-06, 4.673492639994947e-06, 5.287748081173049e-06, 4.748940227727871e-06, 4.7488515519944485e-06, 4.210531187709421e-06, 4.41110978499637e-06, 4.584971520671388e-06, 4.0694017116038594e-06, 3.9188735172501765e-06, 4.307809376769001e-06, 5.039534698880743e-06, 4.039647137688007e-06, 3.650067355920328e-06, 4.088842615601607e-06, 4.588052888720995e-06, 4.21396271121921e-06, 4.4744310798705555e-06, 3.494488282740349e-06, 3.363589712535031e-06, 3.3497988169983728e-06, 3.945727257814724e-06, 3.932814252038952e-06, 3.5059965739492327e-06, 3.2424482014903333e-06, 3.0809194413450314e-06, 2.976844825752778e-06, 3.096917453149217e-06, 3.181736246915534e-06, 3.674951130960835e-06, 3.5411369481153088e-06, 4.022335815534461e-06, 4.62694515590556e-06, 3.7787133351230295e-06, 3.7924717162240995e-06, 3.5384523471293505e-06, 4.166367034486029e-06], "val_loss": [0.0017063930863514543, 0.001535884104669094, 0.0011485237628221512, 0.0007763711619190872, 0.0004834422725252807, 0.000329173868522048, 0.00015988931409083307, 0.00012131415132898837, 0.00010919411579379812, 9.786347800400108e-05, 8.60511208884418e-05, 7.942592492327094e-05, 7.038813055260107e-05, 6.357621168717742e-05, 5.98146507400088e-05, 5.995964238536544e-05, 5.6801876780809835e-05, 6.149537512101233e-05, 5.094365405966528e-05, 5.070756742497906e-05, 4.9568428948987275e-05, 5.241814142209478e-05, 4.770412851939909e-05, 4.7976733185350895e-05, 4.660424019675702e-05, 4.4872122089145705e-05, 4.748263017972931e-05, 4.5801527448929846e-05, 4.298247586120851e-05, 4.249439007253386e-05, 4.616703881765716e-05, 4.898743281955831e-05, 4.273588638170622e-05, 4.263023947714828e-05, 4.050282223033719e-05, 4.143839032622054e-05, 4.626347072189674e-05, 4.374718992039561e-05, 3.94001035601832e-05, 4.363257176009938e-05, 4.046925459988415e-05, 3.967025986639783e-05, 3.968565215473063e-05, 4.027847899124026e-05, 3.7990328564774245e-05, 3.8875066820764914e-05, 4.1153882193611935e-05, 3.872894012602046e-05, 3.759259925573133e-05, 3.6556222767103463e-05, 3.578208270482719e-05, 4.055502358824015e-05, 3.940013630199246e-05, 3.681244561448693e-05, 3.656053013401106e-05, 3.764013308682479e-05, 3.453890167293139e-05, 3.5913872125092894e-05, 3.4367581974947825e-05, 3.666187694761902e-05, 3.5715365811483935e-05, 3.469365037744865e-05, 3.481118619674817e-05, 3.522665429045446e-05, 3.452807868598029e-05, 3.3575448469491675e-05, 3.395313615328632e-05, 3.2966385333565995e-05, 3.632249718066305e-05, 3.3811644243542105e-05, 3.367452518432401e-05, 3.293748159194365e-05, 3.3246949897147715e-05, 3.347337042214349e-05, 3.274292248534039e-05, 3.23826570820529e-05, 3.296082286396995e-05, 3.294385896879248e-05, 3.2524116249987856e-05, 3.139637192361988e-05, 3.087454751948826e-05, 3.404171366128139e-05, 3.233775350963697e-05, 3.098789238720201e-05, 3.1869622034719214e-05, 3.071349783567712e-05, 3.256058698752895e-05, 3.131388803012669e-05, 3.242953243898228e-05, 3.121099871350452e-05, 3.087303412030451e-05, 3.125921284663491e-05, 2.9793474823236465e-05, 2.9490442102542147e-05, 3.083069532294758e-05, 3.1106610549613833e-05, 2.989839413203299e-05, 2.9853832529624924e-05, 3.2813688449095935e-05, 3.257389471400529e-05, 3.0305596737889573e-05, 3.1052433769218624e-05, 3.263081453042105e-05, 2.9807833925588056e-05],