{"loss": [0.00268711824901402, 0.0015003070002421737, 0.00079368642764166, 0.0005433308542706072, 0.0005077345413155854, 0.0004936342593282461, 0.0004625906003639102, 0.00044722497113980353, 0.0004477485781535506, 0.0004339765291661024, 0.00043844321044161916, 0.0004267976910341531, 0.0004142094112467021, 0.0004275231040082872, 0.00041776205762289464, 0.0004258046392351389, 0.0004117298813071102, 0.000410776148783043, 0.00040972913848236203, 0.00040801617433317006, 0.00040790633647702634, 0.00039356719935312867, 0.00039816705975681543, 0.00038705006591044366, 0.0004015975573565811, 0.0003974880964960903, 0.0003986575175076723, 0.00038912546006031334, 0.00037799763958901167, 0.0003876101691275835, 0.0003774800570681691, 0.00038479192880913615, 0.0003918081638403237, 0.000380365556338802, 0.0003798151738010347, 0.0003738632658496499, 0.00037674521445296705, 0.0003724675625562668, 0.00036256961175240576], "mse": [0.00268711824901402, 0.0015003070002421737, 0.00079368642764166, 0.0005433308542706072, 0.0005077345413155854, 0.0004936342593282461, 0.0004625906003639102, 0.00044722497113980353, 0.0004477485781535506, 0.0004339765291661024, 0.00043844321044161916, 0.0004267976910341531, 0.00041420935303904116, 0.0004275231040082872, 0.00041776205762289464, 0.0004258046392351389, 0.0004117298813071102, 0.000410776148783043, 0.00040972913848236203, 0.00040801617433317006, 0.00040790633647702634, 0.00039356719935312867, 0.00039816705975681543, 0.00038705006591044366, 0.0004015975573565811, 0.0003974880964960903, 0.0003986575175076723, 0.00038912546006031334, 0.00037799763958901167, 0.0003876101691275835, 0.0003774800570681691, 0.00038479192880913615, 0.0003918081638403237, 0.000380365556338802, 0.0003798151738010347, 0.0003738632658496499, 0.00037674521445296705, 0.0003724675625562668, 0.00036256961175240576], "val_loss": [0.0017913494957610965, 0.0011014625197276473, 0.0006662379018962383, 0.0006812207284383476, 0.0006656575133092701, 0.0006121730548329651, 0.0005906146252527833, 0.000610112736467272, 0.0005826503620482981, 0.0005806513363495469, 0.0006126798689365387, 0.0005733962752856314, 0.000575823534745723, 0.0005946635501459241, 0.0005765995592810214, 0.0005652886466123164, 0.0006068781367503107, 0.0005583043675869703, 0.0006174902664497495, 0.0005666244542226195, 0.0005685733049176633, 0.0005500747356563807, 0.0005554548115469515, 0.0005655083805322647, 0.0006094384007155895, 0.0005658791051246226, 0.000559245003387332, 0.0005513919750228524, 0.0005486310692504048, 0.0005566601175814867, 0.0005492846830748022, 0.0005525030428543687, 0.0005520246340893209, 0.00055907410569489, 0.000570569362025708, 0.0005799915525130928, 0.0005758696934208274, 0.0005525941378436983, 0.0005552183138206601], "val_mse": [0.0017913494957610965, 0.0011014625197276473, 0.0006662379018962383, 0.0006812207284383476, 0.0006656575133092701, 0.0006121730548329651, 0.0005906146252527833, 0.0006101126782596111, 0.0005826503620482981, 0.0005806513363495469, 0.0006126798689365387, 0.0005733962752856314, 0.000575823534745723, 0.0005946635501459241, 0.0005765995592810214, 0.0005652886466123164, 0.0006068781367503107, 0.0005583043675869703, 0.0006174902664497495, 0.0005666244542226195, 0.0005685732467100024, 0.0005500747356563807, 0.0005554548115469515, 0.0005655083805322647, 0.0006094384007155895, 0.0005658791051246226, 0.000559245003387332, 0.0005513919750228524, 0.0005486310692504048, 0.0005566601757891476, 0.0005492846830748022, 0.0005525030428543687, 0.0005520246340893209, 0.00055907410569489, 0.000570569362025708, 0.0005799915525130928, 0.0005758696934208274, 0.0005525941378436983, 0.000555218372028321]}