{"loss": [0.004335151985287666, 0.0011925926664844155, 0.0006770778563804924, 0.000504904892295599, 0.00043099012691527605, 0.00037959666224196553, 0.00036620476748794317, 0.0003518234589137137, 0.0003421516448725015, 0.0003094973508268595, 0.0002938997058663517, 0.0002932027564384043, 0.00028902138001285493, 0.00027261022478342056, 0.0002699703327380121, 0.0002674064598977566, 0.0002647730289027095, 0.0002527223841752857, 0.00025761258439160883, 0.0002742580836638808, 0.0002485483419150114, 0.00025802679010666907, 0.00025361881125718355, 0.0002389588044025004, 0.000237330881645903, 0.0002474506909493357, 0.00023716680880170316, 0.00024065104662440717, 0.00023121833510231227, 0.00023601474822498858, 0.00022714327496942133, 0.0002240505418740213, 0.00022369610087480396, 0.0002225097850896418, 0.0002316465979674831], "mse": [0.004335151985287666, 0.0011925926664844155, 0.0006770778563804924, 0.000504904892295599, 0.00043099012691527605, 0.00037959666224196553, 0.00036620476748794317, 0.0003518234589137137, 0.0003421516448725015, 0.0003094973508268595, 0.0002938997058663517, 0.0002932027564384043, 0.00028902138001285493, 0.00027261022478342056, 0.0002699703327380121, 0.0002674064598977566, 0.0002647730289027095, 0.0002527223841752857, 0.00025761258439160883, 0.0002742580836638808, 0.0002485483419150114, 0.00025802679010666907, 0.00025361881125718355, 0.0002389588044025004, 0.000237330881645903, 0.0002474506909493357, 0.00023716680880170316, 0.00024065104662440717, 0.00023121833510231227, 0.00023601474822498858, 0.00022714327496942133, 0.0002240505418740213, 0.00022369610087480396, 0.0002225097850896418, 0.0002316465979674831], "val_loss": [0.00153538363520056, 0.0007800822495482862, 0.0005780987557955086, 0.00043783607543446124, 0.00037785348831675947, 0.0003726576396729797, 0.0004078124475199729, 0.0003890126827172935, 0.0002613885735627264, 0.0003035022527910769, 0.0002988546621054411, 0.00027454871451482177, 0.00026578514371067286, 0.0002567312913015485, 0.00026949975290335715, 0.00029823131626471877, 0.0002617466379888356, 0.0002675590803846717, 0.00035777833545580506, 0.0002602370223030448, 0.0002558232517912984, 0.0002701941120903939, 0.0002507828758098185, 0.00027902613510377705, 0.00022457484737969935, 0.00023413238523062319, 0.0002643412444740534, 0.0003030357474926859, 0.00025499120238237083, 0.00027275626780465245, 0.0002578153507784009, 0.00024080328876152635, 0.00026245691697113216, 0.0002506870951037854, 0.0002648835361469537], "val_mse": [0.00153538363520056, 0.0007800822495482862, 0.0005780987557955086, 0.00043783607543446124, 0.00037785348831675947, 0.0003726576396729797, 0.0004078124475199729, 0.0003890126827172935, 0.0002613885735627264, 0.0003035022527910769, 0.0002988546621054411, 0.00027454871451482177, 0.00026578514371067286, 0.0002567312913015485, 0.00026949975290335715, 0.00029823131626471877, 0.0002617466379888356, 0.0002675590803846717, 0.00035777833545580506, 0.0002602370223030448, 0.0002558232517912984, 0.0002701941120903939, 0.0002507828758098185, 0.00027902613510377705, 0.00022457484737969935, 0.00023413238523062319, 0.0002643412444740534, 0.0003030357474926859, 0.00025499120238237083, 0.00027275626780465245, 0.00025781532167457044, 0.00024080328876152635, 0.00026245691697113216, 0.0002506870951037854, 0.0002648835361469537]}