{"loss": [0.20977279543876648, 0.20048761367797852, 0.19604580104351044, 0.1936497539281845, 0.1906135231256485, 0.18915927410125732, 0.18771179020404816, 0.185495525598526, 0.18432681262493134, 0.18258579075336456, 0.1814640462398529], "mse": [0.20977279543876648, 0.20048761367797852, 0.19604580104351044, 0.1936497539281845, 0.1906135231256485, 0.18915927410125732, 0.18771179020404816, 0.185495525598526, 0.18432681262493134, 0.18258579075336456, 0.1814640462398529], "val_loss": [0.26592668890953064, 0.2676367163658142, 0.2757459580898285, 0.28036266565322876, 0.28322482109069824, 0.284858763217926, 0.29085683822631836, 0.29254651069641113, 0.2945098578929901, 0.29441121220588684, 0.29579371213912964], "val_mse": [0.26592668890953064, 0.2676367163658142, 0.2757459580898285, 0.28036266565322876, 0.28322482109069824, 0.284858763217926, 0.29085683822631836, 0.29254651069641113, 0.2945098578929901, 0.29441121220588684, 0.29579371213912964]}