{"loss": [0.005187907721847296, 0.004269423894584179, 0.004049035720527172, 0.003993314690887928, 0.003950019367039204, 0.003918441943824291, 0.00390641251578927, 0.00387761602178216, 0.003871867898851633, 0.003857047064229846, 0.0038768770173192024, 0.0038559194654226303, 0.003839183133095503, 0.0038239944260567427, 0.0038279301952570677], "mse": [0.005187907721847296, 0.004269423894584179, 0.004049035720527172, 0.003993314690887928, 0.003950019367039204, 0.003918441943824291, 0.00390641251578927, 0.00387761602178216, 0.003871867898851633, 0.003857047064229846, 0.0038768770173192024, 0.0038559194654226303, 0.0038391833659261465, 0.0038239944260567427, 0.0038279301952570677], "val_loss": [0.00490152183920145, 0.004574830178171396, 0.004474635701626539, 0.004472819156944752, 0.004431614652276039, 0.00460762670263648, 0.004475507885217667, 0.004457613453269005, 0.004450670443475246, 0.004538496024906635, 0.004497789777815342, 0.004468600265681744, 0.004464628640562296, 0.004680298734456301, 0.004487517289817333], "val_mse": [0.00490152183920145, 0.004574830178171396, 0.004474635701626539, 0.004472818691283464, 0.004431614652276039, 0.00460762670263648, 0.004475507885217667, 0.0044576129876077175, 0.004450670443475246, 0.004538496024906635, 0.004497789777815342, 0.004468600265681744, 0.004464628640562296, 0.004680298734456301, 0.004487517289817333]}