{"loss": [0.0012870817445218563, 0.0002001848624786362, 0.00010101655789185315, 7.132413156796247e-05, 5.9302652516635135e-05, 5.1926854212069884e-05, 4.51654486823827e-05, 4.6312710765050724e-05, 4.1087110730586573e-05, 3.683502654894255e-05, 3.524997009662911e-05, 3.439571082708426e-05, 3.389787889318541e-05, 3.205559914931655e-05, 2.9662340239156038e-05, 2.9866361728636548e-05, 3.0017983590369113e-05, 2.8980111892451532e-05, 2.7073081582784653e-05, 2.6648905986803584e-05, 2.5088749680435285e-05, 2.8667236620094627e-05, 2.527006290620193e-05, 2.379219040449243e-05, 2.4830742404446937e-05, 2.2509066184284166e-05, 2.295550802955404e-05, 2.1865596863790415e-05, 2.279120235471055e-05, 2.18954446609132e-05, 2.109227170876693e-05, 2.349894020881038e-05, 2.201746065111365e-05, 2.0423602109076455e-05, 1.9759812857955694e-05, 1.9206610886612907e-05, 2.035510988207534e-05, 2.234678322565742e-05, 2.280293483636342e-05, 1.8917673514806665e-05, 1.8998931409441866e-05, 1.8168944734497927e-05, 1.8778659068630077e-05, 1.7878715880215168e-05, 1.8061447917716578e-05, 1.695465289230924e-05, 1.974885890376754e-05, 1.9963998056482524e-05, 1.6993550161714666e-05, 1.6333238818333484e-05, 1.747797978168819e-05, 1.700065149634611e-05, 1.7224696421180852e-05, 1.869152401923202e-05, 1.663486000325065e-05, 1.6388390577048995e-05, 1.5415967936860397e-05, 1.5783050912432373e-05, 1.6125561160151847e-05, 1.6138965293066576e-05, 1.6030917322495952e-05, 1.546411840536166e-05, 1.7765616576070897e-05, 1.5037875527923461e-05, 1.5088849067979027e-05, 1.4942113921279088e-05, 1.433147735951934e-05, 1.4533275134454016e-05, 1.5417957911267877e-05, 1.6351394151570275e-05, 1.3993785614729859e-05, 1.6826226783450693e-05, 1.4762626051378902e-05, 1.3661183402291499e-05, 1.4760409612790681e-05, 1.4178879609971773e-05, 1.5152259948081337e-05, 1.3703739568882156e-05, 1.4511294466501568e-05, 1.3784026123175863e-05, 1.5989562598406337e-05, 1.3888744433643296e-05, 1.4262040167523082e-05], "mse": [0.0012870817445218563, 0.0002001848624786362, 0.00010101655789185315, 7.132413156796247e-05, 5.9302652516635135e-05, 5.1926854212069884e-05, 4.51654486823827e-05, 4.6312710765050724e-05, 4.1087110730586573e-05, 3.683502654894255e-05, 3.524997009662911e-05, 3.439571082708426e-05, 3.38978752552066e-05, 3.205559914931655e-05, 2.9662340239156038e-05, 2.9866361728636548e-05, 3.0017983590369113e-05, 2.8980111892451532e-05, 2.7073081582784653e-05, 2.6648905986803584e-05, 2.5088749680435285e-05, 2.8667236620094627e-05, 2.527006290620193e-05, 2.379219040449243e-05, 2.4830742404446937e-05, 2.2509066184284166e-05, 2.295550802955404e-05, 2.1865596863790415e-05, 2.279120235471055e-05, 2.18954446609132e-05, 2.109227170876693e-05, 2.349894020881038e-05, 2.2017462470103055e-05, 2.0423602109076455e-05, 1.9759812857955694e-05, 1.9206610886612907e-05, 2.035510988207534e-05, 2.234677958767861e-05, 2.280293483636342e-05, 1.8917673514806665e-05, 1.8998931409441866e-05, 1.8168944734497927e-05, 1.8778659068630077e-05, 1.7878715880215168e-05, 1.8061447917716578e-05, 1.695465289230924e-05, 1.9748860722756945e-05, 1.996399623749312e-05, 1.6993553799693473e-05, 1.6333238818333484e-05, 1.747797978168819e-05, 1.700065149634611e-05, 1.7224696421180852e-05, 1.869152401923202e-05, 1.663486000325065e-05, 1.6388390577048995e-05, 1.5415967936860397e-05, 1.5783050912432373e-05, 1.6125561160151847e-05, 1.6138965293066576e-05, 1.6030917322495952e-05, 1.546411840536166e-05, 1.7765616576070897e-05, 1.5037875527923461e-05, 1.5088849067979027e-05, 1.4942113921279088e-05, 1.433147735951934e-05, 1.4533275134454016e-05, 1.5417957911267877e-05, 1.6351394151570275e-05, 1.3993785614729859e-05, 1.6826226783450693e-05, 1.4762626051378902e-05, 1.3661183402291499e-05, 1.4760409612790681e-05, 1.4178879609971773e-05, 1.5152259948081337e-05, 1.3703739568882156e-05, 1.4511294466501568e-05, 1.3784026123175863e-05, 1.5989562598406337e-05, 1.3888744433643296e-05, 1.4262040167523082e-05], "val_loss": [0.0004969775909557939, 0.0001560010714456439, 0.00011553936928976327, 8.12442522146739e-05, 7.618682138854638e-05, 6.74077746225521e-05, 5.648268052027561e-05, 5.68333052797243e-05, 5.2267136197770014e-05, 5.2928662626072764e-05, 5.431041063275188e-05, 4.882169741904363e-05, 4.648243702831678e-05, 4.5410361053654924e-05, 4.666134191211313e-05, 4.509477366809733e-05, 4.477115726331249e-05, 4.434403672348708e-05, 4.4927386625204235e-05, 4.283302041585557e-05, 4.6716198994545266e-05, 4.7178844397421926e-05, 4.102616003365256e-05, 4.352075848146342e-05, 3.8794056308688596e-05, 4.061163781443611e-05, 3.8783964555477723e-05, 4.0095270378515124e-05, 4.3598829506663606e-05, 3.977357846451923e-05, 3.742553963093087e-05, 4.507870471570641e-05, 4.089102003490552e-05, 3.7242214602883905e-05, 3.755019133677706e-05, 3.7061785405967385e-05, 3.6114764952799305e-05, 3.8468533603008837e-05, 3.8661575672449544e-05, 3.827553882729262e-05, 4.185865691397339e-05, 3.6188368540024385e-05, 3.754743011086248e-05, 3.594528607209213e-05, 3.5242450394434854e-05, 3.5758308513322845e-05, 3.7486617657123134e-05, 3.607580583775416e-05, 3.642078809207305e-05, 3.48281319020316e-05, 3.489628579700366e-05, 3.499376543913968e-05, 3.5437427868600935e-05, 3.5839853808283806e-05, 3.764615030377172e-05, 3.5182980354875326e-05, 3.748150629689917e-05, 3.442971137701534e-05, 4.147654908592813e-05, 3.677099084598012e-05, 3.4862539905589074e-05, 3.625481258495711e-05, 3.3396783692296594e-05, 3.640044087660499e-05, 3.360087430337444e-05, 3.5333014238858595e-05, 3.814616138697602e-05, 3.55010197381489e-05, 3.928676596842706e-05, 3.5710461816051975e-05, 3.373446816112846e-05, 3.7435616832226515e-05, 3.320229734526947e-05, 3.5071800084551796e-05, 3.583833313314244e-05, 3.575107621145435e-05, 3.538712553563528e-05, 3.427934643696062e-05, 3.8422065699705854e-05, 4.259038178133778e-05, 3.516913056955673e-05, 3.381004717084579e-05, 3.466707858024165e-05], "val_mse": [0.0004969775909557939, 0.0001560010714456439, 0.00011553936928976327, 8.12442522146739e-05, 7.618682138854638e-05, 6.74077746225521e-05, 5.648268052027561e-05, 5.68333052797243e-05, 5.2267136197770014e-05, 5.2928662626072764e-05, 5.431041063275188e-05, 4.882169741904363e-05, 4.648243702831678e-05, 4.5410361053654924e-05, 4.666134191211313e-05, 4.509477366809733e-05, 4.477115726331249e-05, 4.434403672348708e-05, 4.4927386625204235e-05, 4.283302041585557e-05, 4.6716198994545266e-05, 4.7178844397421926e-05, 4.102616003365256e-05, 4.352075848146342e-05, 3.8794056308688596e-05, 4.061163781443611e-05, 3.8783964555477723e-05, 4.0095270378515124e-05, 4.3598829506663606e-05, 3.977357846451923e-05, 3.742553963093087e-05, 4.507870471570641e-05, 4.089102003490552e-05, 3.7242214602883905e-05, 3.755019133677706e-05, 3.7061785405967385e-05, 3.6114764952799305e-05, 3.8468533603008837e-05, 3.8661575672449544e-05, 3.827553882729262e-05, 4.185865691397339e-05, 3.6188368540024385e-05, 3.7547422834904864e-05, 3.594528607209213e-05, 3.5242450394434854e-05, 3.5758308513322845e-05, 3.7486617657123134e-05, 3.607580583775416e-05, 3.642078809207305e-05, 3.48281319020316e-05, 3.489628579700366e-05, 3.499376543913968e-05, 3.5437427868600935e-05, 3.5839853808283806e-05, 3.764615030377172e-05, 3.5182980354875326e-05, 3.748150629689917e-05, 3.442971137701534e-05, 4.147654908592813e-05, 3.677099084598012e-05, 3.4862539905589074e-05, 3.625481258495711e-05, 3.3396783692296594e-05, 3.640044087660499e-05, 3.360087066539563e-05, 3.5333014238858595e-05, 3.814616138697602e-05, 3.55010197381489e-05, 3.928676596842706e-05, 3.5710461816051975e-05, 3.373446816112846e-05, 3.7435616832226515e-05, 3.320229734526947e-05, 3.5071800084551796e-05, 3.583833313314244e-05, 3.575107621145435e-05, 3.538712553563528e-05, 3.427934643696062e-05, 3.8422065699705854e-05, 4.259038178133778e-05, 3.516913056955673e-05, 3.381004717084579e-05, 3.466707858024165e-05]}