{"loss": [0.001774034695699811, 0.0005724457441829145, 0.0004898307961411774, 0.00045785645488649607, 0.00042843195842579007, 0.00041105932905338705, 0.0004019782645627856, 0.00039294935413636267, 0.00038852772559039295, 0.00039516124525107443, 0.00037114295992068946, 0.000371159432688728, 0.0003639154601842165, 0.00035147351445630193, 0.00035674963146448135, 0.0003516590513754636, 0.0003423455636948347, 0.0003387009783182293, 0.0003330118488520384, 0.00033384733251295984, 0.00032861370709724724, 0.00032209802884608507, 0.0003255363553762436, 0.0003209414426237345, 0.00032681110315024853, 0.0003134758153464645], "mse": [0.001774034695699811, 0.0005724457441829145, 0.0004898307961411774, 0.00045785645488649607, 0.00042843195842579007, 0.00041105932905338705, 0.0004019782645627856, 0.00039294935413636267, 0.00038852772559039295, 0.0003951612743549049, 0.00037114295992068946, 0.000371159432688728, 0.0003639154601842165, 0.00035147351445630193, 0.00035674963146448135, 0.0003516590513754636, 0.0003423455636948347, 0.0003387009783182293, 0.0003330118488520384, 0.00033384733251295984, 0.00032861370709724724, 0.00032209802884608507, 0.0003255363553762436, 0.0003209414426237345, 0.00032681110315024853, 0.0003134758153464645], "val_loss": [0.0007723546586930752, 0.0005452106124721467, 0.000511431775521487, 0.0005197391728870571, 0.0004923687665723264, 0.0004974029143340886, 0.00048222800251096487, 0.00048748700646683574, 0.0004887907416559756, 0.0004757210845127702, 0.0004827767552342266, 0.00047988322330638766, 0.0004646077286452055, 0.0004802514740731567, 0.00047289716894738376, 0.000459572154795751, 0.0004749932559207082, 0.00046882464084774256, 0.00048506102757528424, 0.00046764410217292607, 0.0004738004645332694, 0.0004828085657209158, 0.00047952623572200537, 0.0004905605455860496, 0.0004666709282901138, 0.0005013793124817312], "val_mse": [0.0007723546586930752, 0.0005452106706798077, 0.000511431775521487, 0.0005197391728870571, 0.0004923687665723264, 0.0004974029143340886, 0.00048222800251096487, 0.00048748700646683574, 0.0004887907416559756, 0.0004757210845127702, 0.0004827767552342266, 0.00047988322330638766, 0.0004646077286452055, 0.0004802514740731567, 0.00047289716894738376, 0.000459572154795751, 0.0004749932559207082, 0.00046882464084774256, 0.00048506102757528424, 0.00046764410217292607, 0.0004738004645332694, 0.0004828085657209158, 0.00047952623572200537, 0.0004905605455860496, 0.0004666709282901138, 0.0005013793124817312]}