{"loss": [0.002471542451530695, 0.0021263703238219023, 0.001863959594629705, 0.0015652067959308624, 0.0012677543563768268, 0.0009793046629056334, 0.0007647286402061582, 0.0005904446006752551, 0.0004434439761098474, 0.0003237991768401116, 0.00024131890677381307, 0.0001979205262614414, 0.00016292213695123792, 0.00013670588668901473, 0.0001269599742954597, 0.00011287515371805057, 0.00011134306259918958, 0.00010776283306768164, 0.0001007245882647112, 9.267950372304767e-05, 8.000459638424218e-05, 7.612579793203622e-05, 6.830323400208727e-05, 6.491411477327347e-05, 6.034252146491781e-05, 5.769821655121632e-05, 5.6176337238866836e-05, 5.2202976803528145e-05, 4.81766983284615e-05, 4.6463479520753026e-05, 4.4075284677091986e-05, 4.2662981286412105e-05, 3.9877901144791394e-05, 3.82362850359641e-05, 3.634126187535003e-05, 4.1296170820714906e-05, 4.006683229818009e-05, 3.292132169008255e-05, 3.0576364224543795e-05, 2.9372391509241425e-05, 2.8835880584665574e-05, 2.8369700885377824e-05, 2.6138517569052055e-05], "mse": [0.002471542451530695, 0.0021263703238219023, 0.001863959594629705, 0.0015652067959308624, 0.0012677543563768268, 0.0009793046629056334, 0.0007647285237908363, 0.0005904446006752551, 0.0004434439761098474, 0.0003237991768401116, 0.00024131890677381307, 0.00019792051170952618, 0.00016292213695123792, 0.00013670588668901473, 0.0001269599742954597, 0.00011287515371805057, 0.00011134306259918958, 0.00010776283306768164, 0.0001007245882647112, 9.267950372304767e-05, 8.000459638424218e-05, 7.612579793203622e-05, 6.830323400208727e-05, 6.491411477327347e-05, 6.034252146491781e-05, 5.769821655121632e-05, 5.6176337238866836e-05, 5.2202976803528145e-05, 4.81766983284615e-05, 4.6463479520753026e-05, 4.4075284677091986e-05, 4.26629776484333e-05, 3.9877901144791394e-05, 3.82362850359641e-05, 3.634126187535003e-05, 4.1296170820714906e-05, 4.006683229818009e-05, 3.292132169008255e-05, 3.0576364224543795e-05, 2.9372391509241425e-05, 2.8835882403654978e-05, 2.8369700885377824e-05, 2.6138517569052055e-05], "val_loss": [0.001964764203876257, 0.0016607828438282013, 0.0015298184007406235, 0.001402563415467739, 0.001163787441328168, 0.0009918917203322053, 0.0007873672293499112, 0.000574420322664082, 0.000406609004130587, 0.0002856446080841124, 0.00022348095080815256, 0.0001622141571715474, 0.00012844374577980489, 0.00010749197099357843, 0.00010825030039995909, 9.964437049347907e-05, 9.328178566647694e-05, 0.00012723980762530118, 9.24111736821942e-05, 8.126629109028727e-05, 7.996871863724664e-05, 7.464281225111336e-05, 8.341588545590639e-05, 7.256663229782134e-05, 7.34896311769262e-05, 6.906002090545371e-05, 7.339034345932305e-05, 7.247061148518696e-05, 6.62531383568421e-05, 6.998511526035145e-05, 6.689618749078363e-05, 6.796664092689753e-05, 6.529269012389705e-05, 6.62313905195333e-05, 7.089184509823099e-05, 6.822046270826831e-05, 6.988934183027595e-05, 6.743182893842459e-05, 6.853330705780536e-05, 6.6924279963132e-05, 7.24767887732014e-05, 6.79091754136607e-05, 7.186328730313107e-05], "val_mse": [0.001964764203876257, 0.0016607828438282013, 0.0015298184007406235, 0.001402563415467739, 0.001163787441328168, 0.0009918917203322053, 0.0007873672293499112, 0.000574420322664082, 0.000406609004130587, 0.0002856446080841124, 0.00022348093625623733, 0.0001622141571715474, 0.00012844374577980489, 0.00010749197099357843, 0.00010825030039995909, 9.964437049347907e-05, 9.328177839051932e-05, 0.00012723980762530118, 9.241118095815182e-05, 8.126629109028727e-05, 7.996871863724664e-05, 7.464281225111336e-05, 8.341588545590639e-05, 7.256663229782134e-05, 7.34896311769262e-05, 6.906002090545371e-05, 7.339034345932305e-05, 7.247061148518696e-05, 6.625313108088449e-05, 6.998511526035145e-05, 6.689618749078363e-05, 6.796664092689753e-05, 6.529269012389705e-05, 6.62313905195333e-05, 7.089184509823099e-05, 6.822046998422593e-05, 6.988934910623357e-05, 6.743182893842459e-05, 6.853330705780536e-05, 6.692427268717438e-05, 7.24767887732014e-05, 6.790918268961832e-05, 7.186328730313107e-05]}