{"loss": [0.002033623168244958, 0.0006094485870562494, 0.00019494383013807237, 0.00011445871496107429, 8.736643212614581e-05, 6.549780664499849e-05, 5.5572301789652556e-05, 4.453666042536497e-05, 4.209195321891457e-05, 3.939947418984957e-05, 3.221858787583187e-05, 2.7946172849624418e-05, 2.685032995941583e-05, 2.6449712095200084e-05, 2.8200403903611004e-05, 2.4363396732951514e-05, 2.2716638341080397e-05, 2.0109755496378057e-05, 1.964232615137007e-05, 1.7961327102966607e-05, 1.863576289906632e-05, 1.7398488125763834e-05, 1.6995287296595052e-05, 1.61826337716775e-05, 1.6230398614425212e-05, 1.6484196748933755e-05, 1.4730334441992454e-05, 1.4144956367090344e-05, 1.53178334585391e-05, 1.3376685274124611e-05, 1.3133603715687059e-05, 1.2973568118468393e-05, 1.1677469956339337e-05, 1.2721014172711875e-05, 1.2495932423917111e-05, 1.2082425200787839e-05, 1.1354946764186025e-05, 1.0845344149856828e-05, 1.1560911843844224e-05, 1.1330313100188505e-05, 1.0800111340358853e-05, 1.001984128379263e-05, 1.1129740414617117e-05, 1.033415537676774e-05, 9.947154467226937e-06, 9.001684702525381e-06, 9.605385457689408e-06, 1.0465837476658635e-05, 1.0729851965152193e-05, 9.548115485813469e-06, 8.77073125593597e-06, 8.724655344849452e-06, 9.512565156910568e-06, 8.664625966048334e-06, 9.657785085437354e-06, 8.883355803845916e-06, 8.221814823627938e-06, 1.0201822988165077e-05, 8.106515451800078e-06, 7.815439857949968e-06], "mse": [0.002033623168244958, 0.0006094485870562494, 0.00019494383013807237, 0.00011445871496107429, 8.736643212614581e-05, 6.549780664499849e-05, 5.5572301789652556e-05, 4.453666042536497e-05, 4.209195321891457e-05, 3.939947418984957e-05, 3.221858787583187e-05, 2.7946172849624418e-05, 2.685032995941583e-05, 2.6449712095200084e-05, 2.8200403903611004e-05, 2.4363396732951514e-05, 2.2716638341080397e-05, 2.0109755496378057e-05, 1.964232615137007e-05, 1.7961327102966607e-05, 1.863576289906632e-05, 1.7398488125763834e-05, 1.6995287296595052e-05, 1.61826337716775e-05, 1.6230398614425212e-05, 1.6484196748933755e-05, 1.4730334441992454e-05, 1.4144956367090344e-05, 1.53178334585391e-05, 1.3376685274124611e-05, 1.3133603715687059e-05, 1.2973568118468393e-05, 1.1677469956339337e-05, 1.2721014172711875e-05, 1.2495932423917111e-05, 1.2082425200787839e-05, 1.1354946764186025e-05, 1.0845344149856828e-05, 1.1560911843844224e-05, 1.1330313100188505e-05, 1.0800111340358853e-05, 1.001984128379263e-05, 1.112974132411182e-05, 1.033415537676774e-05, 9.947154467226937e-06, 9.001684702525381e-06, 9.605385457689408e-06, 1.0465837476658635e-05, 1.0729851965152193e-05, 9.548115485813469e-06, 8.77073125593597e-06, 8.724655344849452e-06, 9.512565156910568e-06, 8.664625966048334e-06, 9.657785085437354e-06, 8.883355803845916e-06, 8.221814823627938e-06, 1.0201822988165077e-05, 8.106515451800078e-06, 7.815439857949968e-06], "val_loss": [0.0011198406573385, 0.0003617637266870588, 0.0001699712738627568, 0.00012680487998295575, 0.00010439346806379035, 8.606089249951765e-05, 7.889555854490027e-05, 7.591271423734725e-05, 7.1927068347577e-05, 6.118198507465422e-05, 5.4771149734733626e-05, 5.136526306159794e-05, 5.412716564023867e-05, 5.8832039940170944e-05, 4.4817956222686917e-05, 4.151914254180156e-05, 4.294687823858112e-05, 3.9466591260861605e-05, 3.759185710805468e-05, 3.661925802589394e-05, 3.57100143446587e-05, 3.6641369661083445e-05, 3.679294968605973e-05, 3.8260521250776947e-05, 3.2348329114029184e-05, 3.798939724219963e-05, 3.225751788704656e-05, 3.7185225664870813e-05, 3.1952469726093113e-05, 3.4009786759270355e-05, 2.980528188345488e-05, 3.212233423255384e-05, 3.172733340761624e-05, 3.148901669192128e-05, 3.413870945223607e-05, 2.9068922231090255e-05, 2.7532671083463356e-05, 2.7096166377305053e-05, 2.984036473208107e-05, 2.7707928893505596e-05, 2.7068768758908845e-05, 2.5980658392654732e-05, 2.751554893620778e-05, 2.6021436497103423e-05, 2.654299169080332e-05, 2.847456926247105e-05, 2.621370367705822e-05, 2.461365693307016e-05, 2.5097993784584105e-05, 2.3930542738526128e-05, 2.4852270144037902e-05, 2.4422279238933697e-05, 2.4370239771087654e-05, 2.513539766368922e-05, 3.910227314918302e-05, 2.6175139282713644e-05, 2.4997636501211673e-05, 2.4366157958866097e-05, 2.6354777219239622e-05, 2.55576305789873e-05], "val_mse": [0.0011198406573385, 0.0003617637266870588, 0.0001699712738627568, 0.00012680487998295575, 0.00010439346806379035, 8.606089249951765e-05, 7.889555854490027e-05, 7.591271423734725e-05, 7.1927068347577e-05, 6.118198507465422e-05, 5.4771149734733626e-05, 5.136526306159794e-05, 5.412716564023867e-05, 5.8832039940170944e-05, 4.4817956222686917e-05, 4.151914254180156e-05, 4.294687823858112e-05, 3.9466591260861605e-05, 3.759185710805468e-05, 3.661925802589394e-05, 3.57100143446587e-05, 3.6641369661083445e-05, 3.679294968605973e-05, 3.8260521250776947e-05, 3.2348329114029184e-05, 3.798939724219963e-05, 3.225751788704656e-05, 3.7185225664870813e-05, 3.1952469726093113e-05, 3.4009786759270355e-05, 2.980528188345488e-05, 3.212233423255384e-05, 3.172733340761624e-05, 3.148901669192128e-05, 3.413870945223607e-05, 2.9068922231090255e-05, 2.7532671083463356e-05, 2.7096166377305053e-05, 2.984036473208107e-05, 2.7707928893505596e-05, 2.7068768758908845e-05, 2.5980658392654732e-05, 2.751554893620778e-05, 2.6021436497103423e-05, 2.654299169080332e-05, 2.847456926247105e-05, 2.621370367705822e-05, 2.461365693307016e-05, 2.5097993784584105e-05, 2.3930542738526128e-05, 2.4852270144037902e-05, 2.4422279238933697e-05, 2.4370239771087654e-05, 2.513539766368922e-05, 3.910227314918302e-05, 2.6175139282713644e-05, 2.4997636501211673e-05, 2.4366157958866097e-05, 2.6354777219239622e-05, 2.55576305789873e-05]}