{"loss": [0.0011003821855410933, 0.00019668629101943225, 9.244105604011565e-05, 6.725682760588825e-05, 4.984370025340468e-05, 3.977803862653673e-05, 3.303905759821646e-05, 2.9425280445138924e-05, 2.7265896278549917e-05, 2.3967317247297615e-05, 2.346705696254503e-05, 1.9339768186910078e-05, 1.783570223778952e-05, 1.6674994185450487e-05, 1.6152092939591967e-05, 1.5695311958552338e-05, 1.4590124919777736e-05, 1.314877317781793e-05, 1.2629030607058667e-05, 1.229103327204939e-05, 1.1404007636883762e-05, 1.2451242582756095e-05, 1.0893098078668118e-05, 1.128965141106164e-05, 1.0883713912335224e-05, 9.988524652726483e-06, 9.498040526523255e-06, 8.968882866611239e-06, 9.351879270980135e-06, 9.040074473887216e-06, 7.996378371899482e-06, 9.753431186254602e-06, 9.338542440673336e-06, 8.36021536088083e-06, 7.528054993599653e-06, 8.789425919530913e-06, 8.557602996006608e-06, 6.766733349650167e-06, 7.060630196065176e-06, 8.315992090501823e-06, 6.859920631541172e-06, 6.762735210941173e-06, 7.4120798672083765e-06, 8.57208033266943e-06, 6.604581358260475e-06, 6.697741810057778e-06, 6.36912636764464e-06, 5.636756668536691e-06, 6.594643309654202e-06, 7.259272479132051e-06, 6.190990006871289e-06, 6.994837349338923e-06, 6.962720817682566e-06, 5.602948931482388e-06, 5.13263057655422e-06, 4.8034639803518075e-06, 5.225382210483076e-06, 6.870465767860878e-06, 5.963803687336622e-06, 5.442903329822002e-06, 6.787903657823335e-06, 6.621296506637009e-06, 4.505242486629868e-06, 5.44623162568314e-06, 5.493489879881963e-06, 5.481311745825224e-06, 5.120654350321274e-06, 4.699819328379817e-06, 5.01043632539222e-06, 5.0258076953468844e-06, 4.8069446165754925e-06, 5.986098130961182e-06, 4.858841293753358e-06, 5.166142273083096e-06, 3.914728949894197e-06, 4.084870852238964e-06, 4.880379492533393e-06, 4.5014548959443346e-06, 5.042380507802591e-06, 5.456482085719472e-06], "mse": [0.0011003821855410933, 0.00019668629101943225, 9.244105604011565e-05, 6.725682760588825e-05, 4.984370025340468e-05, 3.977803862653673e-05, 3.303905759821646e-05, 2.9425280445138924e-05, 2.7265896278549917e-05, 2.3967317247297615e-05, 2.346705696254503e-05, 1.9339768186910078e-05, 1.783570223778952e-05, 1.6674994185450487e-05, 1.6152092939591967e-05, 1.5695311958552338e-05, 1.4590124919777736e-05, 1.314877317781793e-05, 1.2629030607058667e-05, 1.229103327204939e-05, 1.1404007636883762e-05, 1.2451242582756095e-05, 1.0893098078668118e-05, 1.128965141106164e-05, 1.0883713912335224e-05, 9.988524652726483e-06, 9.498040526523255e-06, 8.96888377610594e-06, 9.351879270980135e-06, 9.040074473887216e-06, 7.996378371899482e-06, 9.753431186254602e-06, 9.338542440673336e-06, 8.36021536088083e-06, 7.528054993599653e-06, 8.789425919530913e-06, 8.557602996006608e-06, 6.766733349650167e-06, 7.060630196065176e-06, 8.315992090501823e-06, 6.859920631541172e-06, 6.762735210941173e-06, 7.4120798672083765e-06, 8.57208033266943e-06, 6.604581358260475e-06, 6.697741810057778e-06, 6.36912636764464e-06, 5.636756668536691e-06, 6.594643309654202e-06, 7.259272479132051e-06, 6.190990006871289e-06, 6.994837349338923e-06, 6.962720817682566e-06, 5.602948931482388e-06, 5.13263057655422e-06, 4.8034639803518075e-06, 5.225382210483076e-06, 6.870465767860878e-06, 5.963803687336622e-06, 5.442903329822002e-06, 6.787903657823335e-06, 6.621296506637009e-06, 4.505242486629868e-06, 5.44623162568314e-06, 5.493489879881963e-06, 5.481311745825224e-06, 5.120654350321274e-06, 4.699819328379817e-06, 5.01043632539222e-06, 5.0258076953468844e-06, 4.8069446165754925e-06, 5.986098130961182e-06, 4.858841293753358e-06, 5.166142273083096e-06, 3.914728949894197e-06, 4.084870852238964e-06, 4.880379492533393e-06, 4.501454441196984e-06, 5.04238005305524e-06, 5.456482085719472e-06], "val_loss": [0.00043192534940317273, 0.0001335370325250551, 0.00013441944611258805, 6.964720523683354e-05, 5.3749841754324734e-05, 4.8994053940987214e-05, 3.8983620470389724e-05, 3.799328624154441e-05, 3.322423799545504e-05, 3.7447087379405275e-05, 2.8095497327740304e-05, 2.6451614758116193e-05, 2.6294763301848434e-05, 2.784706884995103e-05, 2.3110022084438242e-05, 2.3869557480793446e-05, 2.049307840934489e-05, 2.1542808099184185e-05, 1.8797521988744847e-05, 1.8103710317518562e-05, 2.0767660316778347e-05, 1.8071161321131513e-05, 2.56528419413371e-05, 1.9744296878343448e-05, 1.9461574993329123e-05, 1.552351204736624e-05, 1.650267222430557e-05, 1.6236073861364275e-05, 1.8680810171645135e-05, 1.4629930774390232e-05, 1.514877294539474e-05, 1.6327143384842202e-05, 1.4985107554821298e-05, 1.4030737474968191e-05, 1.4989600458648056e-05, 2.083860272250604e-05, 1.4984887457103468e-05, 1.2914896615257021e-05, 1.2261704796401318e-05, 1.3166395547159482e-05, 1.2693610187852755e-05, 1.4168017514748499e-05, 1.7498809029348195e-05, 1.2028992387058679e-05, 1.3383867553784512e-05, 1.1728311619663145e-05, 1.2538350347313099e-05, 1.1868301044160035e-05, 1.5314670235966332e-05, 1.1734145118680317e-05, 1.4039515917829704e-05, 1.2578782843775116e-05, 1.4130524505162612e-05, 1.1157980225107167e-05, 1.0462357749929652e-05, 1.256975156138651e-05, 1.2696505109488498e-05, 1.1553481272130739e-05, 1.0506845683266874e-05, 1.4166234905133024e-05, 1.609212631592527e-05, 1.0338778338336851e-05, 9.943501027009916e-06, 1.1734702638932504e-05, 1.0424832908029202e-05, 1.0625653885654174e-05, 1.0125801964022685e-05, 1.0073329576698598e-05, 1.1389325663913041e-05, 9.287768989452161e-06, 1.1764019291149452e-05, 1.0513452252780553e-05, 1.3960820979264099e-05, 1.062743740476435e-05, 9.599828445061576e-06, 9.91991601040354e-06, 1.1168427590746433e-05, 1.0581400601950008e-05, 1.0108832611877006e-05, 1.0362943612562958e-05], "val_mse": [0.00043192534940317273, 0.0001335370325250551, 0.00013441944611258805, 6.964720523683354e-05, 5.3749841754324734e-05, 4.8994053940987214e-05, 3.898362410836853e-05, 3.799328624154441e-05, 3.322423799545504e-05, 3.7447087379405275e-05, 2.8095497327740304e-05, 2.6451614758116193e-05, 2.6294763301848434e-05, 2.7847067030961625e-05, 2.3110022084438242e-05, 2.3869557480793446e-05, 2.049307840934489e-05, 2.1542808099184185e-05, 1.8797521988744847e-05, 1.8103710317518562e-05, 2.0767660316778347e-05, 1.8071161321131513e-05, 2.56528419413371e-05, 1.9744296878343448e-05, 1.9461574993329123e-05, 1.552351204736624e-05, 1.650267222430557e-05, 1.6236073861364275e-05, 1.8680810171645135e-05, 1.4629930774390232e-05, 1.514877294539474e-05, 1.6327143384842202e-05, 1.4985107554821298e-05, 1.4030737474968191e-05, 1.4989600458648056e-05, 2.083860272250604e-05, 1.4984887457103468e-05, 1.2914896615257021e-05, 1.2261704796401318e-05, 1.3166395547159482e-05, 1.2693610187852755e-05, 1.4168017514748499e-05, 1.7498809029348195e-05, 1.2028992387058679e-05, 1.3383867553784512e-05, 1.1728311619663145e-05, 1.2538350347313099e-05, 1.1868301044160035e-05, 1.5314670235966332e-05, 1.1734145118680317e-05, 1.4039515917829704e-05, 1.2578782843775116e-05, 1.4130524505162612e-05, 1.1157980225107167e-05, 1.0462357749929652e-05, 1.256975156138651e-05, 1.2696505109488498e-05, 1.1553481272130739e-05, 1.0506845683266874e-05, 1.4166234905133024e-05, 1.609212631592527e-05, 1.0338778338336851e-05, 9.943501027009916e-06, 1.1734702638932504e-05, 1.0424832908029202e-05, 1.0625653885654174e-05, 1.0125801964022685e-05, 1.0073329576698598e-05, 1.1389325663913041e-05, 9.287768079957459e-06, 1.1764019291149452e-05, 1.0513452252780553e-05, 1.3960820979264099e-05, 1.062743740476435e-05, 9.599828445061576e-06, 9.91991601040354e-06, 1.1168427590746433e-05, 1.0581400601950008e-05, 1.0108832611877006e-05, 1.0362943612562958e-05]}