{"loss": [0.001323956879787147, 0.000198327426915057, 0.00011317639291519299, 7.998739602044225e-05, 6.403551378753036e-05, 5.651501487591304e-05, 5.094972948427312e-05, 4.864712536800653e-05, 4.443236321094446e-05, 4.3515170546015725e-05, 3.9695558371022344e-05, 3.6995897971792147e-05, 3.52654060407076e-05, 3.397522232262418e-05, 3.614534216467291e-05, 3.240179648855701e-05, 3.225992259103805e-05, 3.0067933039390482e-05, 3.0137640351313166e-05, 2.9673967219423503e-05, 2.7495545509736985e-05, 2.8130662030889653e-05, 2.921722079918254e-05, 2.839906665030867e-05, 2.8167274649604224e-05, 2.849620796041563e-05, 2.587457129266113e-05, 2.6717585569713265e-05, 2.5323925001430325e-05, 2.455059984640684e-05, 2.4144539565895684e-05, 2.3463067918783054e-05, 2.4241977371275425e-05, 2.392533679085318e-05, 2.3754017092869617e-05, 2.4640217816340737e-05, 2.239692912553437e-05, 2.4406805096077733e-05, 2.3700920792180113e-05, 2.418550502625294e-05, 2.478577516740188e-05, 2.2531685317517258e-05, 2.1193789507378824e-05, 2.243727067252621e-05, 2.6603460355545394e-05, 2.0649040379794315e-05, 2.0548033717204817e-05, 2.0432877136045136e-05, 1.985509334190283e-05, 1.989291195059195e-05, 1.960476947715506e-05, 1.9699424228747375e-05, 1.9712193534360267e-05, 1.8856890164897777e-05, 1.9638900994323194e-05, 2.685719846340362e-05, 1.9288232579128817e-05], "mse": [0.0013239566469565034, 0.000198327426915057, 0.00011317639291519299, 7.998739602044225e-05, 6.403552106348798e-05, 5.651501487591304e-05, 5.094972948427312e-05, 4.864712536800653e-05, 4.443236321094446e-05, 4.3515170546015725e-05, 3.9695558371022344e-05, 3.699589433381334e-05, 3.52654060407076e-05, 3.397522232262418e-05, 3.614534216467291e-05, 3.240179648855701e-05, 3.225992259103805e-05, 3.0067933039390482e-05, 3.0137640351313166e-05, 2.9673967219423503e-05, 2.7495545509736985e-05, 2.8130662030889653e-05, 2.921722079918254e-05, 2.839906665030867e-05, 2.8167274649604224e-05, 2.849620796041563e-05, 2.587457129266113e-05, 2.6717585569713265e-05, 2.5323925001430325e-05, 2.455059984640684e-05, 2.4144539565895684e-05, 2.3463067918783054e-05, 2.4241977371275425e-05, 2.392533679085318e-05, 2.3754017092869617e-05, 2.4640217816340737e-05, 2.239692912553437e-05, 2.4406805096077733e-05, 2.3700920792180113e-05, 2.418550502625294e-05, 2.478577516740188e-05, 2.2531685317517258e-05, 2.1193789507378824e-05, 2.243727067252621e-05, 2.6603460355545394e-05, 2.0649040379794315e-05, 2.0548033717204817e-05, 2.0432877136045136e-05, 1.985509334190283e-05, 1.989291195059195e-05, 1.960476947715506e-05, 1.9699424228747375e-05, 1.9712193534360267e-05, 1.8856890164897777e-05, 1.9638900994323194e-05, 2.685719846340362e-05, 1.9288232579128817e-05], "val_loss": [0.00039568395004607737, 0.000121191973448731, 8.958940452430397e-05, 7.792001269990578e-05, 6.532468250952661e-05, 6.256218330236152e-05, 7.062949589453638e-05, 6.208378908922896e-05, 5.466903166961856e-05, 5.345078534446657e-05, 5.4420535889221355e-05, 5.245711508905515e-05, 5.3208637837087736e-05, 5.3127478167880327e-05, 4.970109148416668e-05, 4.69582446385175e-05, 4.6897817810531706e-05, 4.9464215408079326e-05, 4.8288406105712056e-05, 4.786739737028256e-05, 4.428686588653363e-05, 4.980077937943861e-05, 4.701667057815939e-05, 5.471022450365126e-05, 5.4360181820811704e-05, 4.1823303035926074e-05, 4.605388312484138e-05, 4.3845182517543435e-05, 4.534397885436192e-05, 4.7170353354886174e-05, 4.120210724067874e-05, 4.118020297028124e-05, 4.4034644815837964e-05, 4.260371133568697e-05, 4.039259147248231e-05, 3.9815655327402055e-05, 3.953090708819218e-05, 4.1952658648369834e-05, 4.1392464481759816e-05, 5.046600927016698e-05, 4.168294253759086e-05, 4.20309224864468e-05, 4.7110435843933374e-05, 4.412536873132922e-05, 4.6543413191102445e-05, 4.7945621190592647e-05, 3.7434441765071824e-05, 3.744665809790604e-05, 3.919559458154254e-05, 3.930005186703056e-05, 4.0553924918640405e-05, 3.851809015031904e-05, 3.920066592399962e-05, 4.099638317711651e-05, 3.829007619060576e-05, 3.82486468879506e-05, 4.382667611935176e-05], "val_mse": [0.00039568395004607737, 0.000121191973448731, 8.958940452430397e-05, 7.792001269990578e-05, 6.532468250952661e-05, 6.256218330236152e-05, 7.062949589453638e-05, 6.208378908922896e-05, 5.466903166961856e-05, 5.345078534446657e-05, 5.4420535889221355e-05, 5.245711508905515e-05, 5.320864875102416e-05, 5.3127478167880327e-05, 4.970109148416668e-05, 4.69582446385175e-05, 4.6897817810531706e-05, 4.9464215408079326e-05, 4.8288406105712056e-05, 4.786739737028256e-05, 4.428686588653363e-05, 4.980077937943861e-05, 4.701667057815939e-05, 5.471022450365126e-05, 5.4360181820811704e-05, 4.1823303035926074e-05, 4.6053886762820184e-05, 4.3845182517543435e-05, 4.534397885436192e-05, 4.7170353354886174e-05, 4.120210724067874e-05, 4.118020297028124e-05, 4.4034644815837964e-05, 4.260371133568697e-05, 4.039259147248231e-05, 3.9815655327402055e-05, 3.953090708819218e-05, 4.1952658648369834e-05, 4.1392464481759816e-05, 5.046600927016698e-05, 4.168294253759086e-05, 4.20309224864468e-05, 4.7110435843933374e-05, 4.412536873132922e-05, 4.6543413191102445e-05, 4.7945621190592647e-05, 3.7434441765071824e-05, 3.744665809790604e-05, 3.919559458154254e-05, 3.930005186703056e-05, 4.0553924918640405e-05, 3.8518082874361426e-05, 3.920066592399962e-05, 4.099638317711651e-05, 3.829007619060576e-05, 3.82486468879506e-05, 4.382667611935176e-05]}