{"loss": [0.0021861190907657146, 0.0017364232335239649, 0.0013082526857033372, 0.0009331192704848945, 0.000685483799315989, 0.0004984323168173432, 0.00036007436574436724, 0.00028563174419105053, 0.0002400621015112847, 0.00021305431437212974, 0.00019344929023645818, 0.00018413318321108818, 0.00017470800958108157, 0.0001675110252108425, 0.0001571416069054976, 0.00015595181321259588, 0.00014300299517344683, 0.00014467770233750343, 0.0001297841954510659, 0.0001276957627851516, 0.0001224088337039575, 0.00012658086779993027, 0.00011807050032075495, 0.00012020797294098884, 0.00012327059812378138, 0.00012186467938590795, 0.00011905755673069507, 0.00011328844266245142, 0.00011093610373791307, 0.00010453716095071286, 0.0001062803203240037, 0.00010295677930116653, 0.00010061122156912461, 9.785416477825493e-05, 9.767756273504347e-05, 0.00010779439617181197, 0.00010168573498958722, 9.637026960263029e-05, 9.22713807085529e-05, 9.284206316806376e-05, 9.141983900917694e-05, 8.948183676693588e-05, 8.862305548973382e-05, 9.00135055417195e-05, 9.401133138453588e-05, 8.839062502374873e-05, 8.440102828899398e-05, 8.608336793258786e-05, 8.959565457189456e-05, 8.672240073792636e-05, 8.389214053750038e-05, 8.781005453784019e-05, 8.493409404763952e-05, 8.051055192481726e-05, 8.04781520855613e-05, 7.971891318447888e-05, 8.298495959024876e-05, 7.919258496258408e-05, 7.748121424810961e-05, 8.364561654161662e-05, 8.363991946680471e-05, 8.180701115634292e-05, 7.782455941196531e-05, 7.680989074287936e-05, 7.805947097949684e-05, 8.201129821827635e-05, 8.084025466814637e-05], "mse": [0.0021861190907657146, 0.0017364232335239649, 0.0013082526857033372, 0.0009331192704848945, 0.000685483799315989, 0.0004984323168173432, 0.00036007436574436724, 0.00028563174419105053, 0.0002400621015112847, 0.00021305431437212974, 0.00019344929023645818, 0.00018413318321108818, 0.00017470800958108157, 0.0001675110252108425, 0.0001571416069054976, 0.00015595181321259588, 0.00014300299517344683, 0.00014467770233750343, 0.0001297841954510659, 0.0001276957627851516, 0.0001224088337039575, 0.00012658086779993027, 0.00011807050032075495, 0.00012020797294098884, 0.00012327059812378138, 0.00012186467938590795, 0.00011905755673069507, 0.00011328842811053619, 0.00011093610373791307, 0.00010453716095071286, 0.0001062803203240037, 0.00010295677930116653, 0.00010061122156912461, 9.785416477825493e-05, 9.767756273504347e-05, 0.00010779439617181197, 0.00010168573498958722, 9.637026960263029e-05, 9.22713807085529e-05, 9.284206316806376e-05, 9.141983900917694e-05, 8.948183676693588e-05, 8.862305548973382e-05, 9.00135055417195e-05, 9.401133138453588e-05, 8.839062502374873e-05, 8.440102828899398e-05, 8.608336793258786e-05, 8.959566184785217e-05, 8.672240073792636e-05, 8.389214053750038e-05, 8.781005453784019e-05, 8.493409404763952e-05, 8.051055192481726e-05, 8.04781520855613e-05, 7.971891318447888e-05, 8.298495959024876e-05, 7.919258496258408e-05, 7.748121424810961e-05, 8.364561654161662e-05, 8.363991946680471e-05, 8.180701115634292e-05, 7.782455941196531e-05, 7.680989074287936e-05, 7.805946370353922e-05, 8.201129094231874e-05, 8.084025466814637e-05], "val_loss": [0.0021206545643508434, 0.0016065251547843218, 0.0011676627909764647, 0.0009227126138284802, 0.0006288856384344399, 0.0004317459533922374, 0.0003477862919680774, 0.00026587050524540246, 0.0002386280830251053, 0.00021245493553578854, 0.00023164255253504962, 0.0001995560305658728, 0.00017933441267814487, 0.0001539756340207532, 0.00020236703858245164, 0.00014208567154128104, 0.000151398271555081, 0.00013173194020055234, 0.00014014545013196766, 0.00011973329674219713, 0.0001337023131782189, 0.0001221267448272556, 0.00010864871001103893, 0.00011657972208922729, 0.00011961156269535422, 0.00010681916319299489, 0.00013699998089578003, 0.00011647173960227519, 0.00012036545376759022, 0.00010928076517302543, 9.786937152966857e-05, 0.00010217622912023216, 9.5851079095155e-05, 0.00011285390792181715, 9.507730283075944e-05, 0.0001329916121903807, 9.359738032799214e-05, 9.268094436265528e-05, 9.459648572374135e-05, 9.829884220380336e-05, 9.792584751266986e-05, 9.31958420551382e-05, 9.642936493037269e-05, 9.88851097645238e-05, 9.707680874271318e-05, 9.215489262714982e-05, 8.982999133877456e-05, 9.83289210125804e-05, 9.647936531109735e-05, 8.754117152420804e-05, 9.253158350475132e-05, 0.00011920583347091451, 9.386074816575274e-05, 8.800646173767745e-05, 8.934295328799635e-05, 8.752114081289619e-05, 8.482580597046763e-05, 8.481911208946258e-05, 9.02722604223527e-05, 0.00010803145414683968, 8.742683712625876e-05, 8.966694440459833e-05, 8.734386938158423e-05, 9.216090256813914e-05, 8.754154259804636e-05, 9.554090502206236e-05, 0.00010334768012398854], "val_mse": [0.0021206545643508434, 0.0016065251547843218, 0.0011676627909764647, 0.0009227126138284802, 0.0006288856384344399, 0.00043174601159989834, 0.0003477862919680774, 0.00026587050524540246, 0.0002386280830251053, 0.00021245493553578854, 0.00023164255253504962, 0.0001995560305658728, 0.00017933441267814487, 0.0001539756340207532, 0.00020236703858245164, 0.00014208567154128104, 0.000151398271555081, 0.00013173194020055234, 0.00014014545013196766, 0.00011973329674219713, 0.0001337023131782189, 0.0001221267448272556, 0.00010864871001103893, 0.00011657972208922729, 0.00011961156269535422, 0.00010681916319299489, 0.00013699998089578003, 0.00011647173960227519, 0.00012036545376759022, 0.00010928076517302543, 9.786937152966857e-05, 0.00010217622912023216, 9.5851079095155e-05, 0.00011285390792181715, 9.507730283075944e-05, 0.0001329916121903807, 9.359738032799214e-05, 9.26809516386129e-05, 9.459648572374135e-05, 9.829884220380336e-05, 9.792584751266986e-05, 9.31958420551382e-05, 9.642936493037269e-05, 9.88851097645238e-05, 9.707680874271318e-05, 9.215489262714982e-05, 8.982999861473218e-05, 9.83289210125804e-05, 9.647935803513974e-05, 8.754117152420804e-05, 9.253158350475132e-05, 0.00011920583347091451, 9.386074816575274e-05, 8.800646173767745e-05, 8.934295328799635e-05, 8.752114081289619e-05, 8.482580597046763e-05, 8.481911208946258e-05, 9.02722604223527e-05, 0.00010803145414683968, 8.742683712625876e-05, 8.966694440459833e-05, 8.734386938158423e-05, 9.216090256813914e-05, 8.754154987400398e-05, 9.554090502206236e-05, 0.00010334766557207331]}